-------------
-- SEQUENCES
-------------
CREATE SEQUENCE	IF NOT EXISTS setting_seq START WITH 8;
ALTER SEQUENCE setting_seq RESTART WITH 8;

CREATE SEQUENCE	IF NOT EXISTS sec_user_seq START WITH 8;
ALTER SEQUENCE sec_user_seq RESTART WITH 8;

CREATE SEQUENCE	IF NOT EXISTS sec_role_seq START WITH 8;
ALTER SEQUENCE sec_role_seq RESTART WITH 8;

CREATE SEQUENCE	IF NOT EXISTS sec_permission_seq START WITH 140;
ALTER SEQUENCE sec_permission_seq RESTART WITH 140;

CREATE SEQUENCE	IF NOT EXISTS password_seq START WITH 8;
ALTER SEQUENCE password_seq RESTART WITH 8;

CREATE SEQUENCE	IF NOT EXISTS country_seq START WITH 1000;
ALTER SEQUENCE country_seq RESTART WITH 1000;

CREATE SEQUENCE	IF NOT EXISTS service_received_type_seq START WITH 100;
ALTER SEQUENCE service_received_type_seq RESTART WITH 100;

CREATE SEQUENCE	IF NOT EXISTS address_seq START WITH 3167;
ALTER SEQUENCE address_seq RESTART WITH 3167;

CREATE SEQUENCE	IF NOT EXISTS billing_scenario_seq START WITH 101;
ALTER SEQUENCE billing_scenario_seq RESTART WITH 101;

CREATE SEQUENCE	IF NOT EXISTS customer_seq START WITH 2484;
ALTER SEQUENCE customer_seq RESTART WITH 2484;

CREATE SEQUENCE	IF NOT EXISTS currency_seq START WITH 6;
ALTER SEQUENCE currency_seq RESTART WITH 6;

CREATE SEQUENCE	IF NOT EXISTS company_seq START WITH 22;
ALTER SEQUENCE company_seq RESTART WITH 22;

CREATE SEQUENCE	IF NOT EXISTS batch_seq START WITH 10;
ALTER SEQUENCE batch_seq RESTART WITH 10;

CREATE SEQUENCE	IF NOT EXISTS batch_log_seq START WITH 8;
ALTER SEQUENCE batch_log_seq RESTART WITH 8;

CREATE SEQUENCE	IF NOT EXISTS batch_customer_seq START WITH 7;
ALTER SEQUENCE batch_customer_seq RESTART WITH 7;

CREATE SEQUENCE	IF NOT EXISTS tin_validation_seq START WITH 39;
ALTER SEQUENCE tin_validation_seq RESTART WITH 39;

CREATE SEQUENCE	IF NOT EXISTS invoice_type_seq START WITH 100;
ALTER SEQUENCE invoice_type_seq RESTART WITH 100;

CREATE SEQUENCE	IF NOT EXISTS invoice_seq START WITH 3000;
ALTER SEQUENCE invoice_seq RESTART WITH 3000;

CREATE SEQUENCE	IF NOT EXISTS invoice_line_seq START WITH 5000;
ALTER SEQUENCE invoice_line_seq RESTART WITH 5000;

CREATE SEQUENCE	IF NOT EXISTS transmission_order_seq START WITH 4562;
ALTER SEQUENCE transmission_order_seq RESTART WITH 4562;

CREATE SEQUENCE	IF NOT EXISTS transm_order_line_seq START WITH 1;
ALTER SEQUENCE transm_order_line_seq RESTART WITH 1;

CREATE SEQUENCE	IF NOT EXISTS geography_seq START WITH 2;
ALTER SEQUENCE geography_seq RESTART WITH 2;

CREATE SEQUENCE	IF NOT EXISTS platform_seq START WITH 5;
ALTER SEQUENCE platform_seq RESTART WITH 5;

CREATE SEQUENCE	IF NOT EXISTS account_seq START WITH 17;
ALTER SEQUENCE account_seq RESTART WITH 17;

CREATE SEQUENCE	IF NOT EXISTS profit_center_seq START WITH 45;
ALTER SEQUENCE profit_center_seq RESTART WITH 45;

CREATE SEQUENCE	IF NOT EXISTS cost_center_seq START WITH 9;
ALTER SEQUENCE cost_center_seq RESTART WITH 9;

CREATE SEQUENCE	IF NOT EXISTS coa_transaction_mapping_seq START WITH 201;
ALTER SEQUENCE coa_transaction_mapping_seq RESTART WITH 201;

CREATE SEQUENCE	IF NOT EXISTS journal_seq START WITH 5;
ALTER SEQUENCE journal_seq RESTART WITH 5;

CREATE SEQUENCE	IF NOT EXISTS journal_line_seq START WITH 10;
ALTER SEQUENCE journal_line_seq RESTART WITH 10;

CREATE SEQUENCE	IF NOT EXISTS commission_seq START WITH 10000;
ALTER SEQUENCE commission_seq RESTART WITH 10000;

CREATE SEQUENCE	IF NOT EXISTS journal_entry_rule_seq START WITH 300;
ALTER SEQUENCE journal_entry_rule_seq RESTART WITH 300;

CREATE SEQUENCE	IF NOT EXISTS erp_log_seq START WITH 2;
ALTER SEQUENCE erp_log_seq RESTART WITH 2;

CREATE SEQUENCE	IF NOT EXISTS email_seq START WITH 1;
ALTER SEQUENCE email_seq RESTART WITH 1000;

CREATE SEQUENCE	IF NOT EXISTS telephone_seq START WITH 1;
ALTER SEQUENCE telephone_seq RESTART WITH 1000;

CREATE SEQUENCE	IF NOT EXISTS region_seq START WITH 10000;
ALTER SEQUENCE region_seq RESTART WITH 10000;

CREATE SEQUENCE	IF NOT EXISTS tax_status_seq START WITH 2000;
ALTER SEQUENCE tax_status_seq RESTART WITH 2000;

CREATE SEQUENCE	IF NOT EXISTS email_type_seq START WITH 1000;
ALTER SEQUENCE email_type_seq RESTART WITH 1000;

CREATE SEQUENCE	IF NOT EXISTS telephone_type_seq START WITH 1000;
ALTER SEQUENCE telephone_type_seq RESTART WITH 1000;

CREATE SEQUENCE	IF NOT EXISTS street_type_seq START WITH 1000;
ALTER SEQUENCE street_type_seq RESTART WITH 1000;

CREATE SEQUENCE	IF NOT EXISTS street_seq START WITH 1000;
ALTER SEQUENCE street_seq RESTART WITH 1000;

CREATE SEQUENCE	IF NOT EXISTS payment_method_seq START WITH 1000;
ALTER SEQUENCE payment_method_seq RESTART WITH 1000;

CREATE SEQUENCE	IF NOT EXISTS payment_term_seq START WITH 1000;
ALTER SEQUENCE payment_term_seq RESTART WITH 1000;

CREATE SEQUENCE	IF NOT EXISTS invoice_type_mapping_seq START WITH 1000;
ALTER SEQUENCE invoice_type_mapping_seq RESTART WITH 1000;

CREATE SEQUENCE	IF NOT EXISTS transmission_order_split_seq START WITH 1000;
ALTER SEQUENCE transmission_order_split_seq RESTART WITH 1000;

-------------
-- DELETES --
-------------

--DELETE FROM COMMISSION;
--DELETE FROM TRANSMISSION_ORDER_LINE;
--DELETE FROM SALES_CHANNEL;
--DELETE FROM SALES_REPRESENTATIVES;
--DELETE FROM TRANSMISSION_PRODUCT;
--DELETE FROM TRANSMISSION_ORDER;
--DELETE FROM JOURNAL_LINE;
--DELETE FROM JOURNAL;
--DELETE FROM INVOICE_LINE;
--DELETE FROM INVOICE;
--DELETE FROM COA_TRANSACTION_MAPPING;
--DELETE FROM JOURNAL_ENTRY_RULE;
--DELETE FROM INVOICE_SUBTYPE_CUSTOMER;
--DELETE FROM INVOICE_SUBTYPE;
--DELETE FROM PLATFORM;
--DELETE FROM GEOGRAPHY;
--DELETE FROM "AIS"."ACCOUNT";
--DELETE FROM INVOICE_TYPE;
--DELETE FROM TIN_VALIDATION;
--DELETE FROM SERVICE_RECEIVED_TYPE_CUSTOMER;
--DELETE FROM CUSTOMER_CROSS_REFERENCE;
--DELETE FROM BILLING_CONTACT;
--DELETE FROM REPORT_CONTACT;
--DELETE FROM ADVERTISERS_CUSTOMER;
--DELETE FROM CUSTOMER;
--DELETE FROM ADDRESS;
--DELETE FROM BATCH_CUSTOMER;
--DELETE FROM SERVICE_RECEIVED_TYPE;
--DELETE FROM BILLING_SCENARIO;
--DELETE FROM BATCH_LOG;
--DELETE FROM BATCH;
--DELETE FROM ERP_LOG;
--DELETE FROM ERP_LOG_TYPE;
--DELETE FROM BATCH_LOG_TYPE;
--DELETE FROM USER_COMPANY;
--DELETE FROM SEC_ROLE_PERMISSION;
--DELETE FROM SEC_PERMISSION;
--DELETE FROM SEC_USER_ROLE;
--DELETE FROM SEC_ROLE;
--DELETE FROM PASSWORD;
--DELETE FROM SEC_USER;
--DELETE FROM CHANNEL;
--DELETE FROM PROFIT_CENTER;
--DELETE FROM COST_CENTER;
--DELETE FROM COMPANY;
--DELETE FROM CURRENCY;
--DELETE FROM ERP_TYPE;
--DELETE FROM DELAY_REASON;
--DELETE FROM TAX_STATUS;
--DELETE FROM COUNTRY;
--DELETE FROM LANGUAGE;
--DELETE FROM SETTING;
--DELETE FROM ENTITY_CACHE;
--
--DELETE FROM INVOICE_NUMBER;
--DELETE FROM TRANSACTION_TYPE;


-------------
-- inserts --
-------------

insert into SETTING (SETTING_ID, SETTING_NAME, SETTING_VALUE) values (1, 'MAXIMUM_NBR_OF_LOGIN_ATTEMPTS', '5');
insert into SETTING (SETTING_ID, SETTING_NAME, SETTING_VALUE) values (2, 'MAXIMUM_NBR_OF_DAYS_BETWEEN_PASSWORD_CHANGE', '90');
insert into SETTING (SETTING_ID, SETTING_NAME, SETTING_VALUE) values (3, 'PASSWORD_MINIMUM_LENGTH', '8');
insert into SETTING (SETTING_ID, SETTING_NAME, SETTING_VALUE) values (4, 'PASSWORD_MINIMUM_NBR_OF_LOWERCASE_LETTERS', '1');
insert into SETTING (SETTING_ID, SETTING_NAME, SETTING_VALUE) values (5, 'PASSWORD_MINIMUM_NBR_OF_UPPERCASE_LETTERS', '1');
insert into SETTING (SETTING_ID, SETTING_NAME, SETTING_VALUE) values (6, 'PASSWORD_MINIMUM_NBR_OF_NUMBERS', '1');
insert into SETTING (SETTING_ID, SETTING_NAME, SETTING_VALUE) values (7, 'PASSWORD_MINIMUM_NBR_OF_SPECIAL_CHARACTERS', '1');

-- LANGUAGE
insert into LANGUAGE (ISO_2_CODE,NAME,MODIFIED_BY) values ('ES','Spanish','dgarcia');
insert into LANGUAGE (ISO_2_CODE,NAME,MODIFIED_BY) values ('EN','English','dgarcia');
insert into LANGUAGE (ISO_2_CODE,NAME,MODIFIED_BY) values ('PT','Portuguese','dgarcia');

-- COUNTRY
insert into COUNTRY (COUNTRY_ID,COUNTRY_NAME,ISO_ALPHA_2_CODE,ISO_ALPHA_3_CODE,ISO_NUMERIC_CODE,TIN_VERIFICATION,ACTIVE,EU_MEMBER,VAT_PERCENTAGE,MODIFIED_BY) values (7,'Colombia','CO','COL','170',1,1,0,16,'dgarcia');
insert into COUNTRY (COUNTRY_ID,COUNTRY_NAME,ISO_ALPHA_2_CODE,ISO_ALPHA_3_CODE,ISO_NUMERIC_CODE,TIN_VERIFICATION,ACTIVE,EU_MEMBER,VAT_PERCENTAGE,MODIFIED_BY) values (8,'South Africa','ZA','ZAF','710',0,1,0,14,'dgarcia');
insert into COUNTRY (COUNTRY_ID,COUNTRY_NAME,ISO_ALPHA_2_CODE,ISO_ALPHA_3_CODE,ISO_NUMERIC_CODE,TIN_VERIFICATION,ACTIVE,EU_MEMBER,VAT_PERCENTAGE,MODIFIED_BY) values (9,'Germany','DE','DEU','276',0,1,0,19,'dgarcia');
insert into COUNTRY (COUNTRY_ID,COUNTRY_NAME,ISO_ALPHA_2_CODE,ISO_ALPHA_3_CODE,ISO_NUMERIC_CODE,TIN_VERIFICATION,ACTIVE,EU_MEMBER,VAT_PERCENTAGE,MODIFIED_BY) values (1,'Argentina','AR','ARG','032',1,1,0,21,'dgarcia');
insert into COUNTRY (COUNTRY_ID,COUNTRY_NAME,ISO_ALPHA_2_CODE,ISO_ALPHA_3_CODE,ISO_NUMERIC_CODE,TIN_VERIFICATION,ACTIVE,EU_MEMBER,VAT_PERCENTAGE,MODIFIED_BY) values (2,'Bolivia','BO','BOL','068',0,1,0,21,'dgarcia');
insert into COUNTRY (COUNTRY_ID,COUNTRY_NAME,ISO_ALPHA_2_CODE,ISO_ALPHA_3_CODE,ISO_NUMERIC_CODE,TIN_VERIFICATION,ACTIVE,EU_MEMBER,VAT_PERCENTAGE,MODIFIED_BY) values (3,'Brazil','BR','BRA','076',0,1,0,21,'dgarcia');
insert into COUNTRY (COUNTRY_ID,COUNTRY_NAME,ISO_ALPHA_2_CODE,ISO_ALPHA_3_CODE,ISO_NUMERIC_CODE,TIN_VERIFICATION,ACTIVE,EU_MEMBER,VAT_PERCENTAGE,MODIFIED_BY) values (4,'Chile','CL','CHL','152',0,1,0,10,'emlopez');
insert into COUNTRY (COUNTRY_ID,COUNTRY_NAME,ISO_ALPHA_2_CODE,ISO_ALPHA_3_CODE,ISO_NUMERIC_CODE,TIN_VERIFICATION,ACTIVE,EU_MEMBER,VAT_PERCENTAGE,MODIFIED_BY) values (5,'Paraguay','PY','PRY','595',0,1,0,21,'emlopez');
insert into COUNTRY (COUNTRY_ID,COUNTRY_NAME,ISO_ALPHA_2_CODE,ISO_ALPHA_3_CODE,ISO_NUMERIC_CODE,TIN_VERIFICATION,ACTIVE,EU_MEMBER,VAT_PERCENTAGE,MODIFIED_BY) values (6,'Uruguay','UY','URY','858',0,1,0,21,'dgarcia');
insert into COUNTRY (COUNTRY_ID,COUNTRY_NAME,ISO_ALPHA_2_CODE,ISO_ALPHA_3_CODE,ISO_NUMERIC_CODE,TIN_VERIFICATION,ACTIVE,EU_MEMBER,VAT_PERCENTAGE,MODIFIED_BY) values (10,'United States','US','USA','840',0,1,0,0,'dgarcia');
insert into COUNTRY (COUNTRY_ID,COUNTRY_NAME,ISO_ALPHA_2_CODE,ISO_ALPHA_3_CODE,ISO_NUMERIC_CODE,TIN_VERIFICATION,ACTIVE,EU_MEMBER,VAT_PERCENTAGE,MODIFIED_BY) values (11,'Spain','ES','ESP','724',0,1,1,0,'dgarcia');
insert into COUNTRY (COUNTRY_ID,COUNTRY_NAME,ISO_ALPHA_2_CODE,ISO_ALPHA_3_CODE,ISO_NUMERIC_CODE,TIN_VERIFICATION,ACTIVE,EU_MEMBER,VAT_PERCENTAGE,MODIFIED_BY) values (12,'Barbados','BB','BRB','052',0,1,0,0,'dgarcia');
insert into COUNTRY (COUNTRY_ID,COUNTRY_NAME,ISO_ALPHA_2_CODE,ISO_ALPHA_3_CODE,ISO_NUMERIC_CODE,TIN_VERIFICATION,ACTIVE,EU_MEMBER,VAT_PERCENTAGE,MODIFIED_BY) values (13,'Bermuda','BM','BMU','060',0,1,0,0,'dgarcia'); --Sin validacion
insert into COUNTRY (COUNTRY_ID,COUNTRY_NAME,ISO_ALPHA_2_CODE,ISO_ALPHA_3_CODE,ISO_NUMERIC_CODE,TIN_VERIFICATION,ACTIVE,EU_MEMBER,VAT_PERCENTAGE,MODIFIED_BY) values (14,'Costa Rica','CR','CRI','188',0,1,0,0,'dgarcia');
insert into COUNTRY (COUNTRY_ID,COUNTRY_NAME,ISO_ALPHA_2_CODE,ISO_ALPHA_3_CODE,ISO_NUMERIC_CODE,TIN_VERIFICATION,ACTIVE,EU_MEMBER,VAT_PERCENTAGE,MODIFIED_BY) values (15,'Dominica','DM','DMA','212',0,1,0,0,'dgarcia');
insert into COUNTRY (COUNTRY_ID,COUNTRY_NAME,ISO_ALPHA_2_CODE,ISO_ALPHA_3_CODE,ISO_NUMERIC_CODE,TIN_VERIFICATION,ACTIVE,EU_MEMBER,VAT_PERCENTAGE,MODIFIED_BY) values (16,'Ecuador','EC','ECU','218',0,1,0,0,'dgarcia');
insert into COUNTRY (COUNTRY_ID,COUNTRY_NAME,ISO_ALPHA_2_CODE,ISO_ALPHA_3_CODE,ISO_NUMERIC_CODE,TIN_VERIFICATION,ACTIVE,EU_MEMBER,VAT_PERCENTAGE,MODIFIED_BY) values (17,'El Salvador','SV','SLV','222',0,1,0,0,'dgarcia');
insert into COUNTRY (COUNTRY_ID,COUNTRY_NAME,ISO_ALPHA_2_CODE,ISO_ALPHA_3_CODE,ISO_NUMERIC_CODE,TIN_VERIFICATION,ACTIVE,EU_MEMBER,VAT_PERCENTAGE,MODIFIED_BY) values (18,'Grand Cayman','KY','CYM','136',0,1,0,0,'dgarcia'); --Sin validacion
insert into COUNTRY (COUNTRY_ID,COUNTRY_NAME,ISO_ALPHA_2_CODE,ISO_ALPHA_3_CODE,ISO_NUMERIC_CODE,TIN_VERIFICATION,ACTIVE,EU_MEMBER,VAT_PERCENTAGE,MODIFIED_BY) values (19,'Guatemala','GT','GTM','320',0,1,0,0,'dgarcia');
insert into COUNTRY (COUNTRY_ID,COUNTRY_NAME,ISO_ALPHA_2_CODE,ISO_ALPHA_3_CODE,ISO_NUMERIC_CODE,TIN_VERIFICATION,ACTIVE,EU_MEMBER,VAT_PERCENTAGE,MODIFIED_BY) values (20,'Jamaica','JM','JAM','388',1,0,0,0,'dgarcia');
insert into COUNTRY (COUNTRY_ID,COUNTRY_NAME,ISO_ALPHA_2_CODE,ISO_ALPHA_3_CODE,ISO_NUMERIC_CODE,TIN_VERIFICATION,ACTIVE,EU_MEMBER,VAT_PERCENTAGE,MODIFIED_BY) values (21,'Mexico','MX','MEX','484',1,1,0,0,'dgarcia');
insert into COUNTRY (COUNTRY_ID,COUNTRY_NAME,ISO_ALPHA_2_CODE,ISO_ALPHA_3_CODE,ISO_NUMERIC_CODE,TIN_VERIFICATION,ACTIVE,EU_MEMBER,VAT_PERCENTAGE,MODIFIED_BY) values (22,'Nicaragua','NI','NIC','558',0,1,0,0,'dgarcia');
insert into COUNTRY (COUNTRY_ID,COUNTRY_NAME,ISO_ALPHA_2_CODE,ISO_ALPHA_3_CODE,ISO_NUMERIC_CODE,TIN_VERIFICATION,ACTIVE,EU_MEMBER,VAT_PERCENTAGE,MODIFIED_BY) values (23,'Panamá','PA','PAN','591',0,1,0,0,'dgarcia');
insert into COUNTRY (COUNTRY_ID,COUNTRY_NAME,ISO_ALPHA_2_CODE,ISO_ALPHA_3_CODE,ISO_NUMERIC_CODE,TIN_VERIFICATION,ACTIVE,EU_MEMBER,VAT_PERCENTAGE,MODIFIED_BY) values (24,'Peru','PE','PER','604',0,1,0,0,'dgarcia');
insert into COUNTRY (COUNTRY_ID,COUNTRY_NAME,ISO_ALPHA_2_CODE,ISO_ALPHA_3_CODE,ISO_NUMERIC_CODE,TIN_VERIFICATION,ACTIVE,EU_MEMBER,VAT_PERCENTAGE,MODIFIED_BY) values (25,'Puerto Rico','PR','PRI','630',0,1,0,0,'dgarcia'); --Ver
insert into COUNTRY (COUNTRY_ID,COUNTRY_NAME,ISO_ALPHA_2_CODE,ISO_ALPHA_3_CODE,ISO_NUMERIC_CODE,TIN_VERIFICATION,ACTIVE,EU_MEMBER,VAT_PERCENTAGE,MODIFIED_BY) values (26,'República Dominicana','DO','DOM','214',0,1,0,0,'dgarcia');
insert into COUNTRY (COUNTRY_ID,COUNTRY_NAME,ISO_ALPHA_2_CODE,ISO_ALPHA_3_CODE,ISO_NUMERIC_CODE,TIN_VERIFICATION,ACTIVE,EU_MEMBER,VAT_PERCENTAGE,MODIFIED_BY) values (27,'Venezuela','VE','VEN','862',0,1,0,0,'dgarcia');
insert into COUNTRY (COUNTRY_ID,COUNTRY_NAME,ISO_ALPHA_2_CODE,ISO_ALPHA_3_CODE,ISO_NUMERIC_CODE,TIN_VERIFICATION,ACTIVE,EU_MEMBER,VAT_PERCENTAGE,MODIFIED_BY) values (28,'Australia','AU','AUS','036',0,1,0,0,null);
insert into COUNTRY (COUNTRY_ID,COUNTRY_NAME,ISO_ALPHA_2_CODE,ISO_ALPHA_3_CODE,ISO_NUMERIC_CODE,TIN_VERIFICATION,ACTIVE,EU_MEMBER,VAT_PERCENTAGE,MODIFIED_BY) values (29,'France','FR','FRA','250',0,1,0,0,null);

-- DELAY REASON
insert into DELAY_REASON (DELAY_REASON_CODE,DESCRIPTION,MODIFIED_BY) values ('MISSINGINFO','Need info from Sales','dgarcia');
insert into DELAY_REASON (DELAY_REASON_CODE,DESCRIPTION,MODIFIED_BY) values ('MISSINGPO','Need Client PO','dgarcia');
insert into DELAY_REASON (DELAY_REASON_CODE,DESCRIPTION,MODIFIED_BY) values ('INVEND','Invoice at end of campaign','dgarcia');
insert into DELAY_REASON (DELAY_REASON_CODE,DESCRIPTION,MODIFIED_BY) values ('ADJREQ','Invoice adjustment required','dgarcia');
insert into DELAY_REASON (DELAY_REASON_CODE,DESCRIPTION,MODIFIED_BY) values ('PCTXREC','Pending Client Transmission Reconciliation (Pending Client TX Recon)','dgarcia');
insert into DELAY_REASON (DELAY_REASON_CODE,DESCRIPTION,MODIFIED_BY) values ('CODE1','DESC1','dgarcia');
insert into DELAY_REASON (DELAY_REASON_CODE,DESCRIPTION,MODIFIED_BY) values ('CODE2','DESC2','dgarcia');

-- ERP TYPE
insert into ERP_TYPE (ERP_TYPE_CODE,DESCRIPTION,AUTO_NUMBERING,MODIFIED_BY) values ('TANGO','Tango', 0,'LAIS');
insert into ERP_TYPE (ERP_TYPE_CODE,DESCRIPTION,AUTO_NUMBERING,MODIFIED_BY) values ('SAGE','Sage', 1,'LAIS');
insert into ERP_TYPE (ERP_TYPE_CODE,DESCRIPTION,AUTO_NUMBERING,MODIFIED_BY) values ('MSDYNAMICS', 'MS Dynamics',0, 'LAIS');


-- CURRENCY
insert into CURRENCY (CURRENCY_ID,DESCRIPTION,ISO_3_CODE,SYMBOL,ACTIVE,MODIFIED_BY) values (1,'Argentine Pesos','ARS','ARS$',1,'dgarcia');
insert into CURRENCY (CURRENCY_ID,DESCRIPTION,ISO_3_CODE,SYMBOL,ACTIVE,MODIFIED_BY) values (2,'US Dollar','USD','U$S',1,'dgarcia');
insert into CURRENCY (CURRENCY_ID,DESCRIPTION,ISO_3_CODE,SYMBOL,ACTIVE,MODIFIED_BY) values (3,'Mexican Pesos','MXN','MXN$',1,'dgarcia');
insert into CURRENCY (CURRENCY_ID,DESCRIPTION,ISO_3_CODE,SYMBOL,ACTIVE,MODIFIED_BY) values (4,'Brasilian Real','BRL','BRL$',1,'dgarcia');
insert into CURRENCY (CURRENCY_ID,DESCRIPTION,ISO_3_CODE,SYMBOL,ACTIVE,MODIFIED_BY) values (5,'Canadian Dollar','CAN','CAN$',1,'dgarcia');
insert into CURRENCY (CURRENCY_ID,DESCRIPTION,ISO_3_CODE,SYMBOL,ACTIVE,MODIFIED_BY) values (6,'United Kingdom Pound Sterling','GBR','£GBR',1,'dgarcia');

insert into CURRENCY (CURRENCY_ID,DESCRIPTION,ISO_3_CODE,SYMBOL,ACTIVE) values (9,'Colombian Peso','COP','COP$',1);

-- COMPANY
-- Company 331 - ARG
insert into COMPANY (COMPANY_ID,COMPANY_CODE,DESCRIPTION,ERP_TYPE_CODE,ENABLED,COUNTRY,TAX_ID,CURRENCY,TAX_STATUS_ID,MODIFIED_BY) values (1,'331','Discovery Argentina','TANGO',1,1,'30709503517',1,null,'dgarcia');
-- Company 315 - MEX
insert into COMPANY (COMPANY_ID,COMPANY_CODE,DESCRIPTION,ERP_TYPE_CODE,ENABLED,COUNTRY,TAX_ID,CURRENCY,TAX_STATUS_ID,MODIFIED_BY) values (2,'315','Discovery Mexico','SAGE',1,21,'DNM040531KG4',3,null,'dgarcia');
-- Company 318 - COL
insert into COMPANY (COMPANY_ID,COMPANY_CODE,DESCRIPTION,ERP_TYPE_CODE,ENABLED,COUNTRY,TAX_ID,CURRENCY,TAX_STATUS_ID) values (3,'318','Discovery Colombia','MSDYNAMICS',1,7,'900.440.663-5',9,null);




-- GEOGRAPHY
insert into GEOGRAPHY(GEOGRAPHY_ID,GEOGRAPHY_CODE,DESCRIPTION,COMPANY_ID,ACTIVE) values (1,'AR','Argentina',1,1);
insert into GEOGRAPHY(GEOGRAPHY_ID,GEOGRAPHY_CODE,DESCRIPTION,COMPANY_ID,ACTIVE) values (2,'MX','Mexico',2,1);
insert into GEOGRAPHY(GEOGRAPHY_ID,GEOGRAPHY_CODE,DESCRIPTION,COMPANY_ID,ACTIVE) values (3,'CO','Colombia',3,1);

-- COMPANY SETTINGS
insert into COMPANY_SETTINGS (COMPANY_SETTINGS_ID,SAME_PO_VALIDATION,INVOICE_DATE_VALIDATION,SPLITTING_TO,DEFAULT_GEOGRAPHY_ID,ADDITIONAL_INVOICE_COMMENTS,INV_H_AND_INV_L_DESC_REQ,ADDITIONAL_INVOICE_FIELDS,WITHHOLDING_APPLICABLE) values (1,1,1,1,1,0,1,0,1);
insert into COMPANY_SETTINGS (COMPANY_SETTINGS_ID,SAME_PO_VALIDATION,INVOICE_DATE_VALIDATION,SPLITTING_TO,DEFAULT_GEOGRAPHY_ID,ADDITIONAL_INVOICE_COMMENTS,INV_H_AND_INV_L_DESC_REQ,ADDITIONAL_INVOICE_FIELDS,WITHHOLDING_APPLICABLE) values (2,1,0,1,2,1,0,1,1);
insert into COMPANY_SETTINGS (COMPANY_SETTINGS_ID,SAME_PO_VALIDATION,INVOICE_DATE_VALIDATION,SPLITTING_TO,DEFAULT_GEOGRAPHY_ID,ADDITIONAL_INVOICE_COMMENTS,INV_H_AND_INV_L_DESC_REQ,ADDITIONAL_INVOICE_FIELDS,WITHHOLDING_APPLICABLE) values (3,1,0,1,3,1,0,1,1);


-- EMAIL TYPE
-- Company 331 - ARG
insert into EMAIL_TYPE (EMAIL_TYPE_ID,COMPANY_ID,CODE,DESCRIPTION,MODIFIED_BY) values (11,1,'DELIVERY','Default Customer Email','dgarcia');
insert into EMAIL_TYPE (EMAIL_TYPE_ID,COMPANY_ID,CODE,DESCRIPTION,MODIFIED_BY) values (12,1,'BILLING_CONTACT','Accounting Clerk Email','dgarcia');
insert into EMAIL_TYPE (EMAIL_TYPE_ID,COMPANY_ID,CODE,DESCRIPTION,MODIFIED_BY) values (13,1,'REPORT_CONTACT','Report Contact Email','dgarcia');
insert into EMAIL_TYPE (EMAIL_TYPE_ID,COMPANY_ID,CODE,DESCRIPTION,MODIFIED_BY) values (14,1,'OTHER','Other Email','dgarcia');
-- Company 315 - MEX
insert into EMAIL_TYPE (EMAIL_TYPE_ID,COMPANY_ID,CODE,DESCRIPTION,MODIFIED_BY) values (21,2,'DELIVERY','Default Customer Email','dgarcia');
insert into EMAIL_TYPE (EMAIL_TYPE_ID,COMPANY_ID,CODE,DESCRIPTION,MODIFIED_BY) values (22,2,'BILLING_CONTACT','Accounting Clerk Email','dgarcia');
insert into EMAIL_TYPE (EMAIL_TYPE_ID,COMPANY_ID,CODE,DESCRIPTION,MODIFIED_BY) values (23,2,'REPORT_CONTACT','Report Contact Email','dgarcia');
insert into EMAIL_TYPE (EMAIL_TYPE_ID,COMPANY_ID,CODE,DESCRIPTION,MODIFIED_BY) values (24,2,'OTHER','Other Email','dgarcia');

-- TELEPHONE TYPE
-- Company 331 - ARG
insert into TELEPHONE_TYPE (TELEPHONE_TYPE_ID,COMPANY_ID,CODE,DESCRIPTION,MODIFIED_BY) values (1,1,'DEFAULT','Default Customer Telephone','dgarcia');
insert into TELEPHONE_TYPE (TELEPHONE_TYPE_ID,COMPANY_ID,CODE,DESCRIPTION,MODIFIED_BY) values (2,1,'DEFAULT_FAX','Default Customer Fax','dgarcia');
insert into TELEPHONE_TYPE (TELEPHONE_TYPE_ID,COMPANY_ID,CODE,DESCRIPTION,MODIFIED_BY) values (3,1,'BILLING_CONTACT','Accounting Clerk Telephone','dgarcia');
insert into TELEPHONE_TYPE (TELEPHONE_TYPE_ID,COMPANY_ID,CODE,DESCRIPTION,MODIFIED_BY) values (4,1,'BILLING_CONTACT_FAX','Accounting Clerk Fax','dgarcia');
insert into TELEPHONE_TYPE (TELEPHONE_TYPE_ID,COMPANY_ID,CODE,DESCRIPTION,MODIFIED_BY) values (5,1,'REPORT_CONTACT','Report Contact Telephone','dgarcia');
insert into TELEPHONE_TYPE (TELEPHONE_TYPE_ID,COMPANY_ID,CODE,DESCRIPTION,MODIFIED_BY) values (6,1,'OTHER','Other Telephone','dgarcia');

--STREET TYPE
-- Company 331 - ARG
insert into STREET_TYPE (STREET_TYPE_ID,COMPANY_ID,CODE,DESCRIPTION,MODIFIED_BY) values (11,1,'STREET','Full Address','dgarcia');
-- Company 315 - MEX
insert into STREET_TYPE (STREET_TYPE_ID,COMPANY_ID,CODE,DESCRIPTION,MODIFIED_BY) values (21,2,'CALLE','Calle','dgarcia');
insert into STREET_TYPE (STREET_TYPE_ID,COMPANY_ID,CODE,DESCRIPTION,MODIFIED_BY) values (22,2,'MUNICIPIO','Municipio','dgarcia');
insert into STREET_TYPE (STREET_TYPE_ID,COMPANY_ID,CODE,DESCRIPTION,MODIFIED_BY) values (23,2,'COLONIA','Colonia','dgarcia');
-- Company 318 - COL
insert into STREET_TYPE (STREET_TYPE_ID,COMPANY_ID,CODE,DESCRIPTION,MODIFIED_BY) values (31,3,'CALLE','Direccion1','LAIS');
insert into STREET_TYPE (STREET_TYPE_ID,COMPANY_ID,CODE,DESCRIPTION,MODIFIED_BY) values (32,3,'STREET02','Direccion2','LAIS');
insert into STREET_TYPE (STREET_TYPE_ID,COMPANY_ID,CODE,DESCRIPTION,MODIFIED_BY) values (33,3,'STREET03','Direccion3','LAIS');



-- PAYMENT_METHODS
-- Company 331 - ARG
insert into PAYMENT_METHOD (PAYMENT_METHOD_ID,PAYMENT_METHOD_CODE,DESCRIPTION,COMPANY_ID,MODIFIED_BY) values (11,'WIRE','Bank Transfer',1,'dgarcia');
insert into PAYMENT_METHOD (PAYMENT_METHOD_ID,PAYMENT_METHOD_CODE,DESCRIPTION,COMPANY_ID,MODIFIED_BY) values (12,'CHECK','Check',1,'dgarcia');
insert into PAYMENT_METHOD (PAYMENT_METHOD_ID,PAYMENT_METHOD_CODE,DESCRIPTION,COMPANY_ID,MODIFIED_BY) values (13,'CASH','Cash',1,'dgarcia');
-- Company 315 - MEX
insert into PAYMENT_METHOD (PAYMENT_METHOD_ID,PAYMENT_METHOD_CODE,DESCRIPTION,COMPANY_ID,MODIFIED_BY) values (21,'WIRE','Bank Transfer',2,'dgarcia');
insert into PAYMENT_METHOD (PAYMENT_METHOD_ID,PAYMENT_METHOD_CODE,DESCRIPTION,COMPANY_ID,MODIFIED_BY) values (22,'CASH','Cash',2,'dgarcia');
insert into PAYMENT_METHOD (PAYMENT_METHOD_ID,PAYMENT_METHOD_CODE,DESCRIPTION,COMPANY_ID,MODIFIED_BY) values (23,'CHECK','Check',2,'dgarcia');

insert into PAYMENT_METHOD (PAYMENT_METHOD_ID,PAYMENT_METHOD_CODE,DESCRIPTION,COMPANY_ID,MODIFIED_BY) values (204,'CREDIT_CARD','Credit Card',2,'LAIS');
--insert into PAYMENT_METHOD (PAYMENT_METHOD_ID,PAYMENT_METHOD_CODE,DESCRIPTION,COMPANY_ID,MODIFIED_BY) values (205,'ECTRONIC_WALLET','Electronic Wallet',2,'LAIS');
--insert into PAYMENT_METHOD (PAYMENT_METHOD_ID,PAYMENT_METHOD_CODE,DESCRIPTION,COMPANY_ID,MODIFIED_BY) values (206,'ECTRONIC_MONEY','Electronic Money',2,'LAIS');
--insert into PAYMENT_METHOD (PAYMENT_METHOD_ID,PAYMENT_METHOD_CODE,DESCRIPTION,COMPANY_ID,MODIFIED_BY) values (207,'DIGITAL_CARD','Digital Card',2,'LAIS');
--insert into PAYMENT_METHOD (PAYMENT_METHOD_ID,PAYMENT_METHOD_CODE,DESCRIPTION,COMPANY_ID,MODIFIED_BY) values (208,'FOOD_VOUCHER','Food Voucher',2,'LAIS');
--insert into PAYMENT_METHOD (PAYMENT_METHOD_ID,PAYMENT_METHOD_CODE,DESCRIPTION,COMPANY_ID,MODIFIED_BY) values (209,'GOODS','Goods',2,'LAIS');
insert into PAYMENT_METHOD (PAYMENT_METHOD_ID,PAYMENT_METHOD_CODE,DESCRIPTION,COMPANY_ID,MODIFIED_BY) values (210,'SERVICE','Service',2,'LAIS');
insert into PAYMENT_METHOD (PAYMENT_METHOD_ID,PAYMENT_METHOD_CODE,DESCRIPTION,COMPANY_ID,MODIFIED_BY) values (211,'THIRD_PARTY','On Account of Third Party',2,'LAIS');
--insert into PAYMENT_METHOD (PAYMENT_METHOD_ID,PAYMENT_METHOD_CODE,DESCRIPTION,COMPANY_ID,MODIFIED_BY) values (212,'NONRECOURSE_DEBT','Nonrecourse Debt',2,'LAIS');
--insert into PAYMENT_METHOD (PAYMENT_METHOD_ID,PAYMENT_METHOD_CODE,DESCRIPTION,COMPANY_ID,MODIFIED_BY) values (213,'SUBROGATION','Subrogation Payment',2,'LAIS');
--insert into PAYMENT_METHOD (PAYMENT_METHOD_ID,PAYMENT_METHOD_CODE,DESCRIPTION,COMPANY_ID,MODIFIED_BY) values (214,'APPROPRIATION','Payment Appropriation',2,'LAIS');
--insert into PAYMENT_METHOD (PAYMENT_METHOD_ID,PAYMENT_METHOD_CODE,DESCRIPTION,COMPANY_ID,MODIFIED_BY) values (215,'CONDONATION','Condonation',2,'LAIS');
insert into PAYMENT_METHOD (PAYMENT_METHOD_ID,PAYMENT_METHOD_CODE,DESCRIPTION,COMPANY_ID,MODIFIED_BY) values (216,'CANCELLATION','Cancellation',2,'LAIS');
insert into PAYMENT_METHOD (PAYMENT_METHOD_ID,PAYMENT_METHOD_CODE,DESCRIPTION,COMPANY_ID,MODIFIED_BY) values (217,'COMPENSATION','Compensation',2,'LAIS');
insert into PAYMENT_METHOD (PAYMENT_METHOD_ID,PAYMENT_METHOD_CODE,DESCRIPTION,COMPANY_ID,MODIFIED_BY) values (218,'NOT_APPLICABLE','N/A',2,'LAIS');
insert into PAYMENT_METHOD (PAYMENT_METHOD_ID,PAYMENT_METHOD_CODE,DESCRIPTION,COMPANY_ID,MODIFIED_BY) values (219,'OTHER','Other',2,'LAIS');
-- Company 318 - COL
insert into PAYMENT_METHOD (PAYMENT_METHOD_ID,PAYMENT_METHOD_CODE,DESCRIPTION,COMPANY_ID,MODIFIED_BY) values (301,'WIRE','Bank Transfer',3,'LAIS');
insert into PAYMENT_METHOD (PAYMENT_METHOD_ID,PAYMENT_METHOD_CODE,DESCRIPTION,COMPANY_ID,MODIFIED_BY) values (302,'CASH','Cash',3,'LAIS');
insert into PAYMENT_METHOD (PAYMENT_METHOD_ID,PAYMENT_METHOD_CODE,DESCRIPTION,COMPANY_ID,MODIFIED_BY) values (303,'CHECK','Check',3,'LAIS');


-- PAYMENT TERMS
-- Company 331 - ARG
insert into PAYMENT_TERM (PAYMENT_TERM_ID,COMPANY_ID,PAYMENT_TERM_CODE,DESCRIPTION,DAYS_NUMBER,MODIFIED_BY) values (11,1,'NT00','0 days from Invoice Date',0,'dgarcia');
insert into PAYMENT_TERM (PAYMENT_TERM_ID,COMPANY_ID,PAYMENT_TERM_CODE,DESCRIPTION,DAYS_NUMBER,MODIFIED_BY) values (12,1,'NT30','30 days from Invoice Date',30,'dgarcia');
insert into PAYMENT_TERM (PAYMENT_TERM_ID,COMPANY_ID,PAYMENT_TERM_CODE,DESCRIPTION,DAYS_NUMBER,MODIFIED_BY) values (13,1,'NT60','60 days from Invoice Date',60,'dgarcia');
insert into PAYMENT_TERM (PAYMENT_TERM_ID,COMPANY_ID,PAYMENT_TERM_CODE,DESCRIPTION,DAYS_NUMBER,MODIFIED_BY) values (14,1,'NT90','90 days from Invoice Date',90,'dgarcia');
-- Company 315 - MEX
insert into PAYMENT_TERM (PAYMENT_TERM_ID,COMPANY_ID,PAYMENT_TERM_CODE,DESCRIPTION,DAYS_NUMBER,MODIFIED_BY) values (21,2,'NT00','0 days from Invoice Date',0,'dgarcia');
insert into PAYMENT_TERM (PAYMENT_TERM_ID,COMPANY_ID,PAYMENT_TERM_CODE,DESCRIPTION,DAYS_NUMBER,MODIFIED_BY) values (22,2,'NT30','30 days from Invoice Date',30,'dgarcia');
insert into PAYMENT_TERM (PAYMENT_TERM_ID,COMPANY_ID,PAYMENT_TERM_CODE,DESCRIPTION,DAYS_NUMBER,MODIFIED_BY) values (23,2,'NT60','60 days from Invoice Date',60,'dgarcia');
insert into PAYMENT_TERM (PAYMENT_TERM_ID,COMPANY_ID,PAYMENT_TERM_CODE,DESCRIPTION,DAYS_NUMBER,MODIFIED_BY) values (24,2,'NT90','90 days from Invoice Date',90,'dgarcia');
-- Company 318 - MEX
insert into PAYMENT_TERM (PAYMENT_TERM_ID,COMPANY_ID,PAYMENT_TERM_CODE,DESCRIPTION,DAYS_NUMBER,MODIFIED_BY) values (31,3,'NT00','0 days from Invoice Date',0,'dgarcia');
insert into PAYMENT_TERM (PAYMENT_TERM_ID,COMPANY_ID,PAYMENT_TERM_CODE,DESCRIPTION,DAYS_NUMBER,MODIFIED_BY) values (32,3,'NT30','30 days from Invoice Date',30,'dgarcia');
insert into PAYMENT_TERM (PAYMENT_TERM_ID,COMPANY_ID,PAYMENT_TERM_CODE,DESCRIPTION,DAYS_NUMBER,MODIFIED_BY) values (33,3,'NT60','60 days from Invoice Date',60,'dgarcia');
insert into PAYMENT_TERM (PAYMENT_TERM_ID,COMPANY_ID,PAYMENT_TERM_CODE,DESCRIPTION,DAYS_NUMBER,MODIFIED_BY) values (34,3,'NT90','90 days from Invoice Date',90,'dgarcia');



-- TAX STATUS
-- Company 331 - ARG
insert into TAX_STATUS (TAX_STATUS_ID, COMPANY_CODE,TAX_STATUS_CODE,DESCRIPTION,ACTIVE,MODIFIED_BY) values (11,'331','TAXABLE','IVA Responsable Inscripto',1,'dgarcia');
insert into TAX_STATUS (TAX_STATUS_ID, COMPANY_CODE,TAX_STATUS_CODE,DESCRIPTION,ACTIVE,MODIFIED_BY) values (12,'331','NON_TAXABLE','IVA Responsable Monotributo',1,'dgarcia');
insert into TAX_STATUS (TAX_STATUS_ID, COMPANY_CODE,TAX_STATUS_CODE,DESCRIPTION,ACTIVE,MODIFIED_BY) values (13,'331','EXEMPT','IVA Exento',1,'dgarcia');
insert into TAX_STATUS (TAX_STATUS_ID, COMPANY_CODE,TAX_STATUS_CODE,DESCRIPTION,ACTIVE,MODIFIED_BY) values (14,'331','FOREIGN','Sujeto del Exterior',1,'dgarcia');
-- Company 315 - MEX
insert into TAX_STATUS (TAX_STATUS_ID, COMPANY_CODE,TAX_STATUS_CODE,DESCRIPTION,ACTIVE,MODIFIED_BY) values (21,'315','TAXABLE','Responsable Inscripto MX',1,'dgarcia');
insert into TAX_STATUS (TAX_STATUS_ID, COMPANY_CODE,TAX_STATUS_CODE,DESCRIPTION,ACTIVE,MODIFIED_BY) values (22,'315','NON_TAXABLE','Responsable Monotributo MX',0,'dgarcia');
insert into TAX_STATUS (TAX_STATUS_ID, COMPANY_CODE,TAX_STATUS_CODE,DESCRIPTION,ACTIVE,MODIFIED_BY) values (23,'315','EXEMPT','Exempt MX',0,'dgarcia');
insert into TAX_STATUS (TAX_STATUS_ID, COMPANY_CODE,TAX_STATUS_CODE,DESCRIPTION,ACTIVE,MODIFIED_BY) values (24,'315','FOREIGN','Sujeto del Exterior MX',1,'dgarcia');
-- Company 318 - COL
insert into TAX_STATUS (TAX_STATUS_ID, COMPANY_CODE,TAX_STATUS_CODE,DESCRIPTION,ACTIVE) values (31,'318','TAXABLE','Responsable Inscripto COL',1);
insert into TAX_STATUS (TAX_STATUS_ID, COMPANY_CODE,TAX_STATUS_CODE,DESCRIPTION,ACTIVE) values (32,'318','NON_TAXABLE','Responsable Monotributo COL',0);
insert into TAX_STATUS (TAX_STATUS_ID, COMPANY_CODE,TAX_STATUS_CODE,DESCRIPTION,ACTIVE) values (33,'318','EXEMPT','Exempt COL',0);
insert into TAX_STATUS (TAX_STATUS_ID, COMPANY_CODE,TAX_STATUS_CODE,DESCRIPTION,ACTIVE) values (34,'318','FOREIGN','Sujeto del Exterior COL',1);




update COMPANY set TAX_STATUS_ID = 11 where COMPANY_ID = 1;
update COMPANY set TAX_STATUS_ID = 21 where COMPANY_ID = 2;
update COMPANY set TAX_STATUS_ID = 31 where COMPANY_ID = 3;

-- Cost Centers
-- Company 331 - ARG
insert into COST_CENTER (COST_CENTER_ID,COMPANY_ID,COST_CENTER_NUMBER,DESCRIPTION,ACTIVE,MODIFIED_BY) values (11,1,'15931012','15931012',1,'admin');
insert into COST_CENTER (COST_CENTER_ID,COMPANY_ID,COST_CENTER_NUMBER,DESCRIPTION,ACTIVE,MODIFIED_BY) values (12,1,'15931026','15931026',1,'emlopez');
insert into COST_CENTER (COST_CENTER_ID,COMPANY_ID,COST_CENTER_NUMBER,DESCRIPTION,ACTIVE,MODIFIED_BY) values (13,1,'15931010','15931010',1,'admin');
insert into COST_CENTER (COST_CENTER_ID,COMPANY_ID,COST_CENTER_NUMBER,DESCRIPTION,ACTIVE,MODIFIED_BY) values (14,1,'15931011','15931011',1,'admin');
insert into COST_CENTER (COST_CENTER_ID,COMPANY_ID,COST_CENTER_NUMBER,DESCRIPTION,ACTIVE,MODIFIED_BY) values (15,1,'15931013','15931013',1,'admin');
insert into COST_CENTER (COST_CENTER_ID,COMPANY_ID,COST_CENTER_NUMBER,DESCRIPTION,ACTIVE,MODIFIED_BY) values (16,1,'15931021','15931021',1,'admin');
insert into COST_CENTER (COST_CENTER_ID,COMPANY_ID,COST_CENTER_NUMBER,DESCRIPTION,ACTIVE,MODIFIED_BY) values (17,1,'15931042','15931042',1,'emlopez');
insert into COST_CENTER (COST_CENTER_ID,COMPANY_ID,COST_CENTER_NUMBER,DESCRIPTION,ACTIVE,MODIFIED_BY) values (18,1,'15931046','15931046',1,'admin');
-- Company 315 - MEX
insert into COST_CENTER (COST_CENTER_ID,COMPANY_ID,COST_CENTER_NUMBER,DESCRIPTION,ACTIVE,MODIFIED_BY) values (21,2,'15931012','15931012',1,'admin');
insert into COST_CENTER (COST_CENTER_ID,COMPANY_ID,COST_CENTER_NUMBER,DESCRIPTION,ACTIVE,MODIFIED_BY) values (22,2,'15931026','15931026',1,'emlopez');
insert into COST_CENTER (COST_CENTER_ID,COMPANY_ID,COST_CENTER_NUMBER,DESCRIPTION,ACTIVE,MODIFIED_BY) values (23,2,'15931010','15931010',1,'admin');
insert into COST_CENTER (COST_CENTER_ID,COMPANY_ID,COST_CENTER_NUMBER,DESCRIPTION,ACTIVE,MODIFIED_BY) values (24,2,'15931011','15931011',1,'admin');
insert into COST_CENTER (COST_CENTER_ID,COMPANY_ID,COST_CENTER_NUMBER,DESCRIPTION,ACTIVE,MODIFIED_BY) values (25,2,'15931013','15931013',1,'admin');
insert into COST_CENTER (COST_CENTER_ID,COMPANY_ID,COST_CENTER_NUMBER,DESCRIPTION,ACTIVE,MODIFIED_BY) values (26,2,'15931021','15931021',1,'admin');
insert into COST_CENTER (COST_CENTER_ID,COMPANY_ID,COST_CENTER_NUMBER,DESCRIPTION,ACTIVE,MODIFIED_BY) values (27,2,'15931042','15931042',1,'emlopez');
insert into COST_CENTER (COST_CENTER_ID,COMPANY_ID,COST_CENTER_NUMBER,DESCRIPTION,ACTIVE,MODIFIED_BY) values (28,2,'15931046','15931046',1,'admin');

-- Company 318 - COL
Insert into COST_CENTER (COST_CENTER_ID,COMPANY_ID,COST_CENTER_NUMBER,DESCRIPTION,ACTIVE,MODIFIED_BY) values (31,3,'15931037','15931037',1,'LAIS');
Insert into COST_CENTER (COST_CENTER_ID,COMPANY_ID,COST_CENTER_NUMBER,DESCRIPTION,ACTIVE,MODIFIED_BY) values (32,3,'15931040','15931040',1,'LAIS');
Insert into COST_CENTER (COST_CENTER_ID,COMPANY_ID,COST_CENTER_NUMBER,DESCRIPTION,ACTIVE,MODIFIED_BY) values (33,3,'15931018','15931018',1,'LAIS');
Insert into COST_CENTER (COST_CENTER_ID,COMPANY_ID,COST_CENTER_NUMBER,DESCRIPTION,ACTIVE,MODIFIED_BY) values (34,3,'15931019','15931019',1,'LAIS');
Insert into COST_CENTER (COST_CENTER_ID,COMPANY_ID,COST_CENTER_NUMBER,DESCRIPTION,ACTIVE,MODIFIED_BY) values (35,3,'15931038','15931038',1,'LAIS');
Insert into COST_CENTER (COST_CENTER_ID,COMPANY_ID,COST_CENTER_NUMBER,DESCRIPTION,ACTIVE,MODIFIED_BY) values (36,3,'15931039','15931039',1,'LAIS');
Insert into COST_CENTER (COST_CENTER_ID,COMPANY_ID,COST_CENTER_NUMBER,DESCRIPTION,ACTIVE,MODIFIED_BY) values (37,3,'15931017','15931017',1,'LAIS');
Insert into COST_CENTER (COST_CENTER_ID,COMPANY_ID,COST_CENTER_NUMBER,DESCRIPTION,ACTIVE,MODIFIED_BY) values (38,3,'15931045','15931045',1,'LAIS');

-- Profit Centers
-- Company 331 - ARG
insert into PROFIT_CENTER (PROFIT_CENTER_ID,IBMS_CHANNEL,DESCRIPTION,COMPANY_ID,PROFIT_CENTER_NUMBER,COST_CENTER_ID,ACTIVE,MODIFIED_BY) values (11,null,'No Brand (only for non-IBMS transactions)',1,'9910',17,1,null);
insert into PROFIT_CENTER (PROFIT_CENTER_ID,IBMS_CHANNEL,DESCRIPTION,COMPANY_ID,PROFIT_CENTER_NUMBER,COST_CENTER_ID,ACTIVE,MODIFIED_BY) values (12,'APAR','DLA Animal Planet Argentina',1,'1000',11,1,null);
insert into PROFIT_CENTER (PROFIT_CENTER_ID,IBMS_CHANNEL,DESCRIPTION,COMPANY_ID,PROFIT_CENTER_NUMBER,COST_CENTER_ID,ACTIVE,MODIFIED_BY) values (13,'DHAR','DLA Disc Home Health Argentina',1,'3200',12,1,null);
insert into PROFIT_CENTER (PROFIT_CENTER_ID,IBMS_CHANNEL,DESCRIPTION,COMPANY_ID,PROFIT_CENTER_NUMBER,COST_CENTER_ID,ACTIVE,MODIFIED_BY) values (14,'DCAR','DLA Discovery Argentina',1,'1700',13,1,null);
insert into PROFIT_CENTER (PROFIT_CENTER_ID,IBMS_CHANNEL,DESCRIPTION,COMPANY_ID,PROFIT_CENTER_NUMBER,COST_CENTER_ID,ACTIVE,MODIFIED_BY) values (15,'DKAR','DLA Discovery Kids Argentina',1,'2400',14,1,null);
insert into PROFIT_CENTER (PROFIT_CENTER_ID,IBMS_CHANNEL,DESCRIPTION,COMPANY_ID,PROFIT_CENTER_NUMBER,COST_CENTER_ID,ACTIVE,MODIFIED_BY) values (16,'IDAR','DLA ID Argentina',1,'3400',15,1,null);
insert into PROFIT_CENTER (PROFIT_CENTER_ID,IBMS_CHANNEL,DESCRIPTION,COMPANY_ID,PROFIT_CENTER_NUMBER,COST_CENTER_ID,ACTIVE,MODIFIED_BY) values (17,'TLCA','DLA TLC Argentina',1,'4800',16,1,null);
insert into PROFIT_CENTER (PROFIT_CENTER_ID,IBMS_CHANNEL,DESCRIPTION,COMPANY_ID,PROFIT_CENTER_NUMBER,COST_CENTER_ID,ACTIVE,MODIFIED_BY) values (19,'APBR','DLA Animal Planet Brazil',1,'1000',11,1,null);
insert into PROFIT_CENTER (PROFIT_CENTER_ID,IBMS_CHANNEL,DESCRIPTION,COMPANY_ID,PROFIT_CENTER_NUMBER,COST_CENTER_ID,ACTIVE,MODIFIED_BY) values (110,'APLA','DLA Animal Planet Latin',1,'1000',11,1,null);
insert into PROFIT_CENTER (PROFIT_CENTER_ID,IBMS_CHANNEL,DESCRIPTION,COMPANY_ID,PROFIT_CENTER_NUMBER,COST_CENTER_ID,ACTIVE,MODIFIED_BY) values (111,'APMX','DLA Animal Planet Mexico',1,'1000',11,1,null);
insert into PROFIT_CENTER (PROFIT_CENTER_ID,IBMS_CHANNEL,DESCRIPTION,COMPANY_ID,PROFIT_CENTER_NUMBER,COST_CENTER_ID,ACTIVE,MODIFIED_BY) values (112,'CVLA','DLA Disc Civilization Latin',1,'1700',13,1,null);
insert into PROFIT_CENTER (PROFIT_CENTER_ID,IBMS_CHANNEL,DESCRIPTION,COMPANY_ID,PROFIT_CENTER_NUMBER,COST_CENTER_ID,ACTIVE,MODIFIED_BY) values (113,'DCBR','DLA Discovery Brazil',1,'1700',13,1,null);
insert into PROFIT_CENTER (PROFIT_CENTER_ID,IBMS_CHANNEL,DESCRIPTION,COMPANY_ID,PROFIT_CENTER_NUMBER,COST_CENTER_ID,ACTIVE,MODIFIED_BY) values (114,'DCEE','DLA Discovery En Espanol 30',1,'1700',13,1,null);
insert into PROFIT_CENTER (PROFIT_CENTER_ID,IBMS_CHANNEL,DESCRIPTION,COMPANY_ID,PROFIT_CENTER_NUMBER,COST_CENTER_ID,ACTIVE,MODIFIED_BY) values (115,'DCIB','DLA Discovery Iberia',1,'1700',13,1,null);
insert into PROFIT_CENTER (PROFIT_CENTER_ID,IBMS_CHANNEL,DESCRIPTION,COMPANY_ID,PROFIT_CENTER_NUMBER,COST_CENTER_ID,ACTIVE,MODIFIED_BY) values (116,'DCLA','DLA Discovery Latin',1,'1700',13,1,null);
insert into PROFIT_CENTER (PROFIT_CENTER_ID,IBMS_CHANNEL,DESCRIPTION,COMPANY_ID,PROFIT_CENTER_NUMBER,COST_CENTER_ID,ACTIVE,MODIFIED_BY) values (117,'DCME','DLA Discovery Mexico',1,'1700',13,1,null);
insert into PROFIT_CENTER (PROFIT_CENTER_ID,IBMS_CHANNEL,DESCRIPTION,COMPANY_ID,PROFIT_CENTER_NUMBER,COST_CENTER_ID,ACTIVE,MODIFIED_BY) values (118,'DCSP','DLA Discovery Sao Paulo',1,'1700',13,1,null);
insert into PROFIT_CENTER (PROFIT_CENTER_ID,IBMS_CHANNEL,DESCRIPTION,COMPANY_ID,PROFIT_CENTER_NUMBER,COST_CENTER_ID,ACTIVE,MODIFIED_BY) values (119,'DCVA','DLA Discovery HD CHARVZ',1,'1700',13,1,null);
insert into PROFIT_CENTER (PROFIT_CENTER_ID,IBMS_CHANNEL,DESCRIPTION,COMPANY_ID,PROFIT_CENTER_NUMBER,COST_CENTER_ID,ACTIVE,MODIFIED_BY) values (120,'DCVE','DLA Discovery Venezuela',1,'1700',13,1,null);
insert into PROFIT_CENTER (PROFIT_CENTER_ID,IBMS_CHANNEL,DESCRIPTION,COMPANY_ID,PROFIT_CENTER_NUMBER,COST_CENTER_ID,ACTIVE,MODIFIED_BY) values (121,'DHBR','DLA Disc Home Health Argentina',1,'3200',12,1,null);
insert into PROFIT_CENTER (PROFIT_CENTER_ID,IBMS_CHANNEL,DESCRIPTION,COMPANY_ID,PROFIT_CENTER_NUMBER,COST_CENTER_ID,ACTIVE,MODIFIED_BY) values (122,'DHCO','DLA Disc Home Health Colombia',1,'3200',12,1,null);
insert into PROFIT_CENTER (PROFIT_CENTER_ID,IBMS_CHANNEL,DESCRIPTION,COMPANY_ID,PROFIT_CENTER_NUMBER,COST_CENTER_ID,ACTIVE,MODIFIED_BY) values (123,'DHLA','DLA Disc Home Health Latin',1,'3200',12,1,null);
insert into PROFIT_CENTER (PROFIT_CENTER_ID,IBMS_CHANNEL,DESCRIPTION,COMPANY_ID,PROFIT_CENTER_NUMBER,COST_CENTER_ID,ACTIVE,MODIFIED_BY) values (124,'DHME','DLA Disc Home Health Mexico',1,'3200',12,1,null);
insert into PROFIT_CENTER (PROFIT_CENTER_ID,IBMS_CHANNEL,DESCRIPTION,COMPANY_ID,PROFIT_CENTER_NUMBER,COST_CENTER_ID,ACTIVE,MODIFIED_BY) values (125,'DHSP','DLA Disc Home Health Sao Paulo',1,'3200',12,1,null);
insert into PROFIT_CENTER (PROFIT_CENTER_ID,IBMS_CHANNEL,DESCRIPTION,COMPANY_ID,PROFIT_CENTER_NUMBER,COST_CENTER_ID,ACTIVE,MODIFIED_BY) values (126,'DHTV','DLA Home Health Venezuela Chile',1,'3200',12,1,null);
insert into PROFIT_CENTER (PROFIT_CENTER_ID,IBMS_CHANNEL,DESCRIPTION,COMPANY_ID,PROFIT_CENTER_NUMBER,COST_CENTER_ID,ACTIVE,MODIFIED_BY) values (127,'DKBR','DLA Discovery Kids Brazil',1,'2400',14,1,null);
insert into PROFIT_CENTER (PROFIT_CENTER_ID,IBMS_CHANNEL,DESCRIPTION,COMPANY_ID,PROFIT_CENTER_NUMBER,COST_CENTER_ID,ACTIVE,MODIFIED_BY) values (128,'DKCO','DLA Discovery Kids Colombia',1,'2400',14,1,null);
insert into PROFIT_CENTER (PROFIT_CENTER_ID,IBMS_CHANNEL,DESCRIPTION,COMPANY_ID,PROFIT_CENTER_NUMBER,COST_CENTER_ID,ACTIVE,MODIFIED_BY) values (129,'DKLA','DLA Discovery Kids Latin',1,'2400',14,1,null);
insert into PROFIT_CENTER (PROFIT_CENTER_ID,IBMS_CHANNEL,DESCRIPTION,COMPANY_ID,PROFIT_CENTER_NUMBER,COST_CENTER_ID,ACTIVE,MODIFIED_BY) values (130,'DKMX','DLA Discovery Kids Mexico',1,'2400',14,1,null);
insert into PROFIT_CENTER (PROFIT_CENTER_ID,IBMS_CHANNEL,DESCRIPTION,COMPANY_ID,PROFIT_CENTER_NUMBER,COST_CENTER_ID,ACTIVE,MODIFIED_BY) values (131,'HHHL','DLA Disc Home Health HD Latin',1,'3200',12,1,null);
insert into PROFIT_CENTER (PROFIT_CENTER_ID,IBMS_CHANNEL,DESCRIPTION,COMPANY_ID,PROFIT_CENTER_NUMBER,COST_CENTER_ID,ACTIVE,MODIFIED_BY) values (132,'IDBR','DLA ID Brazil',1,'3400',15,1,null);
insert into PROFIT_CENTER (PROFIT_CENTER_ID,IBMS_CHANNEL,DESCRIPTION,COMPANY_ID,PROFIT_CENTER_NUMBER,COST_CENTER_ID,ACTIVE,MODIFIED_BY) values (133,'IDHL','DLA ID HD Latin',1,'3400',15,1,null);
insert into PROFIT_CENTER (PROFIT_CENTER_ID,IBMS_CHANNEL,DESCRIPTION,COMPANY_ID,PROFIT_CENTER_NUMBER,COST_CENTER_ID,ACTIVE,MODIFIED_BY) values (134,'IDLA','DLA ID Latin',1,'3400',15,1,null);
insert into PROFIT_CENTER (PROFIT_CENTER_ID,IBMS_CHANNEL,DESCRIPTION,COMPANY_ID,PROFIT_CENTER_NUMBER,COST_CENTER_ID,ACTIVE,MODIFIED_BY) values (135,'IDME','DLA ID Mexico',1,'3400',15,1,null);
insert into PROFIT_CENTER (PROFIT_CENTER_ID,IBMS_CHANNEL,DESCRIPTION,COMPANY_ID,PROFIT_CENTER_NUMBER,COST_CENTER_ID,ACTIVE,MODIFIED_BY) values (136,'KHDL','DLA Disc Kids HD Latin',1,'2400',14,1,null);
insert into PROFIT_CENTER (PROFIT_CENTER_ID,IBMS_CHANNEL,DESCRIPTION,COMPANY_ID,PROFIT_CENTER_NUMBER,COST_CENTER_ID,ACTIVE,MODIFIED_BY) values (137,'LVBR','DLA LIV Brazil',1,'3400',15,1,null);
insert into PROFIT_CENTER (PROFIT_CENTER_ID,IBMS_CHANNEL,DESCRIPTION,COMPANY_ID,PROFIT_CENTER_NUMBER,COST_CENTER_ID,ACTIVE,MODIFIED_BY) values (138,'LVLA','DLA LIV Latin',1,'3400',15,1,null);
insert into PROFIT_CENTER (PROFIT_CENTER_ID,IBMS_CHANNEL,DESCRIPTION,COMPANY_ID,PROFIT_CENTER_NUMBER,COST_CENTER_ID,ACTIVE,MODIFIED_BY) values (139,'LVME','DLA LIV Mexico',1,'3400',15,1,null);
insert into PROFIT_CENTER (PROFIT_CENTER_ID,IBMS_CHANNEL,DESCRIPTION,COMPANY_ID,PROFIT_CENTER_NUMBER,COST_CENTER_ID,ACTIVE,MODIFIED_BY) values (140,'THDB','DLA Disc Turbo HD Brazil',1,'5300',18,1,null);
insert into PROFIT_CENTER (PROFIT_CENTER_ID,IBMS_CHANNEL,DESCRIPTION,COMPANY_ID,PROFIT_CENTER_NUMBER,COST_CENTER_ID,ACTIVE,MODIFIED_BY) values (141,'TLCB','DLA TLC Brazil',1,'4800',16,1,null);
insert into PROFIT_CENTER (PROFIT_CENTER_ID,IBMS_CHANNEL,DESCRIPTION,COMPANY_ID,PROFIT_CENTER_NUMBER,COST_CENTER_ID,ACTIVE,MODIFIED_BY) values (142,'TLCL','DLA TLC Latin',1,'4800',16,1,null);
insert into PROFIT_CENTER (PROFIT_CENTER_ID,IBMS_CHANNEL,DESCRIPTION,COMPANY_ID,PROFIT_CENTER_NUMBER,COST_CENTER_ID,ACTIVE,MODIFIED_BY) values (143,'TLME','DLA TLC Mexico',1,'4800',16,1,null);
insert into PROFIT_CENTER (PROFIT_CENTER_ID,IBMS_CHANNEL,DESCRIPTION,COMPANY_ID,PROFIT_CENTER_NUMBER,COST_CENTER_ID,ACTIVE,MODIFIED_BY) values (144,'TULA','DLA Disc Turbo Latin',1,'5300',18,1,null);
-- Company 315 - MEX
insert into PROFIT_CENTER (PROFIT_CENTER_ID,IBMS_CHANNEL,DESCRIPTION,COMPANY_ID,PROFIT_CENTER_NUMBER,COST_CENTER_ID,ACTIVE,MODIFIED_BY) values (21,null,'No Brand (only for non-IBMS transactions)',2,'9910',27,1,null);
insert into PROFIT_CENTER (PROFIT_CENTER_ID,IBMS_CHANNEL,DESCRIPTION,COMPANY_ID,PROFIT_CENTER_NUMBER,COST_CENTER_ID,ACTIVE,MODIFIED_BY) values (22,'APAR','DLA Animal Planet Argentina',2,'1000',21,1,null);
insert into PROFIT_CENTER (PROFIT_CENTER_ID,IBMS_CHANNEL,DESCRIPTION,COMPANY_ID,PROFIT_CENTER_NUMBER,COST_CENTER_ID,ACTIVE,MODIFIED_BY) values (23,'DHAR','DLA Disc Home Health Argentina',2,'3200',22,1,null);
insert into PROFIT_CENTER (PROFIT_CENTER_ID,IBMS_CHANNEL,DESCRIPTION,COMPANY_ID,PROFIT_CENTER_NUMBER,COST_CENTER_ID,ACTIVE,MODIFIED_BY) values (24,'DCAR','DLA Discovery Argentina',2,'1700',23,1,null);
insert into PROFIT_CENTER (PROFIT_CENTER_ID,IBMS_CHANNEL,DESCRIPTION,COMPANY_ID,PROFIT_CENTER_NUMBER,COST_CENTER_ID,ACTIVE,MODIFIED_BY) values (25,'DKAR','DLA Discovery Kids Argentina',2,'2400',24,1,null);
insert into PROFIT_CENTER (PROFIT_CENTER_ID,IBMS_CHANNEL,DESCRIPTION,COMPANY_ID,PROFIT_CENTER_NUMBER,COST_CENTER_ID,ACTIVE,MODIFIED_BY) values (26,'IDAR','DLA ID Argentina',2,'3400',25,1,null);
insert into PROFIT_CENTER (PROFIT_CENTER_ID,IBMS_CHANNEL,DESCRIPTION,COMPANY_ID,PROFIT_CENTER_NUMBER,COST_CENTER_ID,ACTIVE,MODIFIED_BY) values (27,'TLCA','DLA TLC Argentina',2,'4800',26,1,null);
insert into PROFIT_CENTER (PROFIT_CENTER_ID,IBMS_CHANNEL,DESCRIPTION,COMPANY_ID,PROFIT_CENTER_NUMBER,COST_CENTER_ID,ACTIVE,MODIFIED_BY) values (29,'APBR','DLA Animal Planet Brazil',2,'1000',21,1,null);
insert into PROFIT_CENTER (PROFIT_CENTER_ID,IBMS_CHANNEL,DESCRIPTION,COMPANY_ID,PROFIT_CENTER_NUMBER,COST_CENTER_ID,ACTIVE,MODIFIED_BY) values (210,'APLA','DLA Animal Planet Latin',2,'1000',21,1,null);
insert into PROFIT_CENTER (PROFIT_CENTER_ID,IBMS_CHANNEL,DESCRIPTION,COMPANY_ID,PROFIT_CENTER_NUMBER,COST_CENTER_ID,ACTIVE,MODIFIED_BY) values (211,'APMX','DLA Animal Planet Mexico',2,'1000',21,1,null);
insert into PROFIT_CENTER (PROFIT_CENTER_ID,IBMS_CHANNEL,DESCRIPTION,COMPANY_ID,PROFIT_CENTER_NUMBER,COST_CENTER_ID,ACTIVE,MODIFIED_BY) values (212,'CVLA','DLA Disc Civilization Latin',2,'1700',23,1,null);
insert into PROFIT_CENTER (PROFIT_CENTER_ID,IBMS_CHANNEL,DESCRIPTION,COMPANY_ID,PROFIT_CENTER_NUMBER,COST_CENTER_ID,ACTIVE,MODIFIED_BY) values (213,'DCBR','DLA Discovery Brazil',2,'1700',23,1,null);
insert into PROFIT_CENTER (PROFIT_CENTER_ID,IBMS_CHANNEL,DESCRIPTION,COMPANY_ID,PROFIT_CENTER_NUMBER,COST_CENTER_ID,ACTIVE,MODIFIED_BY) values (214,'DCEE','DLA Discovery En Espanol 30',2,'1700',23,1,null);
insert into PROFIT_CENTER (PROFIT_CENTER_ID,IBMS_CHANNEL,DESCRIPTION,COMPANY_ID,PROFIT_CENTER_NUMBER,COST_CENTER_ID,ACTIVE,MODIFIED_BY) values (215,'DCIB','DLA Discovery Iberia',2,'1700',23,1,null);
insert into PROFIT_CENTER (PROFIT_CENTER_ID,IBMS_CHANNEL,DESCRIPTION,COMPANY_ID,PROFIT_CENTER_NUMBER,COST_CENTER_ID,ACTIVE,MODIFIED_BY) values (216,'DCLA','DLA Discovery Latin',2,'1700',23,1,null);
insert into PROFIT_CENTER (PROFIT_CENTER_ID,IBMS_CHANNEL,DESCRIPTION,COMPANY_ID,PROFIT_CENTER_NUMBER,COST_CENTER_ID,ACTIVE,MODIFIED_BY) values (217,'DCME','DLA Discovery Mexico',2,'1700',23,1,null);
insert into PROFIT_CENTER (PROFIT_CENTER_ID,IBMS_CHANNEL,DESCRIPTION,COMPANY_ID,PROFIT_CENTER_NUMBER,COST_CENTER_ID,ACTIVE,MODIFIED_BY) values (218,'DCSP','DLA Discovery Sao Paulo',2,'1700',23,1,null);
insert into PROFIT_CENTER (PROFIT_CENTER_ID,IBMS_CHANNEL,DESCRIPTION,COMPANY_ID,PROFIT_CENTER_NUMBER,COST_CENTER_ID,ACTIVE,MODIFIED_BY) values (219,'DCVA','DLA Discovery HD CHARVZ',2,'1700',23,1,null);
insert into PROFIT_CENTER (PROFIT_CENTER_ID,IBMS_CHANNEL,DESCRIPTION,COMPANY_ID,PROFIT_CENTER_NUMBER,COST_CENTER_ID,ACTIVE,MODIFIED_BY) values (220,'DCVE','DLA Discovery Venezuela',2,'1700',23,1,null);
insert into PROFIT_CENTER (PROFIT_CENTER_ID,IBMS_CHANNEL,DESCRIPTION,COMPANY_ID,PROFIT_CENTER_NUMBER,COST_CENTER_ID,ACTIVE,MODIFIED_BY) values (221,'DHBR','DLA Disc Home Health Argentina',2,'3200',22,1,null);
insert into PROFIT_CENTER (PROFIT_CENTER_ID,IBMS_CHANNEL,DESCRIPTION,COMPANY_ID,PROFIT_CENTER_NUMBER,COST_CENTER_ID,ACTIVE,MODIFIED_BY) values (222,'DHCO','DLA Disc Home Health Colombia',2,'3200',22,1,null);
insert into PROFIT_CENTER (PROFIT_CENTER_ID,IBMS_CHANNEL,DESCRIPTION,COMPANY_ID,PROFIT_CENTER_NUMBER,COST_CENTER_ID,ACTIVE,MODIFIED_BY) values (223,'DHLA','DLA Disc Home Health Latin',2,'3200',22,1,null);
insert into PROFIT_CENTER (PROFIT_CENTER_ID,IBMS_CHANNEL,DESCRIPTION,COMPANY_ID,PROFIT_CENTER_NUMBER,COST_CENTER_ID,ACTIVE,MODIFIED_BY) values (224,'DHME','DLA Disc Home Health Mexico',2,'3200',22,1,null);
insert into PROFIT_CENTER (PROFIT_CENTER_ID,IBMS_CHANNEL,DESCRIPTION,COMPANY_ID,PROFIT_CENTER_NUMBER,COST_CENTER_ID,ACTIVE,MODIFIED_BY) values (225,'DHSP','DLA Disc Home Health Sao Paulo',2,'3200',22,1,null);
insert into PROFIT_CENTER (PROFIT_CENTER_ID,IBMS_CHANNEL,DESCRIPTION,COMPANY_ID,PROFIT_CENTER_NUMBER,COST_CENTER_ID,ACTIVE,MODIFIED_BY) values (226,'DHTV','DLA Home Health Venezuela Chile',2,'3200',22,1,null);
insert into PROFIT_CENTER (PROFIT_CENTER_ID,IBMS_CHANNEL,DESCRIPTION,COMPANY_ID,PROFIT_CENTER_NUMBER,COST_CENTER_ID,ACTIVE,MODIFIED_BY) values (227,'DKBR','DLA Discovery Kids Brazil',2,'2400',24,1,null);
insert into PROFIT_CENTER (PROFIT_CENTER_ID,IBMS_CHANNEL,DESCRIPTION,COMPANY_ID,PROFIT_CENTER_NUMBER,COST_CENTER_ID,ACTIVE,MODIFIED_BY) values (228,'DKCO','DLA Discovery Kids Colombia',2,'2400',24,1,null);
insert into PROFIT_CENTER (PROFIT_CENTER_ID,IBMS_CHANNEL,DESCRIPTION,COMPANY_ID,PROFIT_CENTER_NUMBER,COST_CENTER_ID,ACTIVE,MODIFIED_BY) values (229,'DKLA','DLA Discovery Kids Latin',2,'2400',24,1,null);
insert into PROFIT_CENTER (PROFIT_CENTER_ID,IBMS_CHANNEL,DESCRIPTION,COMPANY_ID,PROFIT_CENTER_NUMBER,COST_CENTER_ID,ACTIVE,MODIFIED_BY) values (230,'DKMX','DLA Discovery Kids Mexico',2,'2400',24,1,null);
insert into PROFIT_CENTER (PROFIT_CENTER_ID,IBMS_CHANNEL,DESCRIPTION,COMPANY_ID,PROFIT_CENTER_NUMBER,COST_CENTER_ID,ACTIVE,MODIFIED_BY) values (231,'HHHL','DLA Disc Home Health HD Latin',2,'3200',22,1,null);
insert into PROFIT_CENTER (PROFIT_CENTER_ID,IBMS_CHANNEL,DESCRIPTION,COMPANY_ID,PROFIT_CENTER_NUMBER,COST_CENTER_ID,ACTIVE,MODIFIED_BY) values (232,'IDBR','DLA ID Brazil',2,'3400',25,1,null);
insert into PROFIT_CENTER (PROFIT_CENTER_ID,IBMS_CHANNEL,DESCRIPTION,COMPANY_ID,PROFIT_CENTER_NUMBER,COST_CENTER_ID,ACTIVE,MODIFIED_BY) values (233,'IDHL','DLA ID HD Latin',2,'3400',25,1,null);
insert into PROFIT_CENTER (PROFIT_CENTER_ID,IBMS_CHANNEL,DESCRIPTION,COMPANY_ID,PROFIT_CENTER_NUMBER,COST_CENTER_ID,ACTIVE,MODIFIED_BY) values (234,'IDLA','DLA ID Latin',2,'3400',25,1,null);
insert into PROFIT_CENTER (PROFIT_CENTER_ID,IBMS_CHANNEL,DESCRIPTION,COMPANY_ID,PROFIT_CENTER_NUMBER,COST_CENTER_ID,ACTIVE,MODIFIED_BY) values (235,'IDME','DLA ID Mexico',2,'3400',25,1,null);
insert into PROFIT_CENTER (PROFIT_CENTER_ID,IBMS_CHANNEL,DESCRIPTION,COMPANY_ID,PROFIT_CENTER_NUMBER,COST_CENTER_ID,ACTIVE,MODIFIED_BY) values (236,'KHDL','DLA Disc Kids HD Latin',2,'2400',24,1,null);
insert into PROFIT_CENTER (PROFIT_CENTER_ID,IBMS_CHANNEL,DESCRIPTION,COMPANY_ID,PROFIT_CENTER_NUMBER,COST_CENTER_ID,ACTIVE,MODIFIED_BY) values (237,'LVBR','DLA LIV Brazil',2,'3400',25,1,null);
insert into PROFIT_CENTER (PROFIT_CENTER_ID,IBMS_CHANNEL,DESCRIPTION,COMPANY_ID,PROFIT_CENTER_NUMBER,COST_CENTER_ID,ACTIVE,MODIFIED_BY) values (238,'LVLA','DLA LIV Latin',2,'3400',25,1,null);
insert into PROFIT_CENTER (PROFIT_CENTER_ID,IBMS_CHANNEL,DESCRIPTION,COMPANY_ID,PROFIT_CENTER_NUMBER,COST_CENTER_ID,ACTIVE,MODIFIED_BY) values (239,'LVME','DLA LIV Mexico',2,'3400',25,1,null);
insert into PROFIT_CENTER (PROFIT_CENTER_ID,IBMS_CHANNEL,DESCRIPTION,COMPANY_ID,PROFIT_CENTER_NUMBER,COST_CENTER_ID,ACTIVE,MODIFIED_BY) values (240,'THDB','DLA Disc Turbo HD Brazil',2,'5300',28,1,null);
insert into PROFIT_CENTER (PROFIT_CENTER_ID,IBMS_CHANNEL,DESCRIPTION,COMPANY_ID,PROFIT_CENTER_NUMBER,COST_CENTER_ID,ACTIVE,MODIFIED_BY) values (241,'TLCB','DLA TLC Brazil',2,'4800',26,1,null);
insert into PROFIT_CENTER (PROFIT_CENTER_ID,IBMS_CHANNEL,DESCRIPTION,COMPANY_ID,PROFIT_CENTER_NUMBER,COST_CENTER_ID,ACTIVE,MODIFIED_BY) values (242,'TLCL','DLA TLC Latin',2,'4800',26,1,null);
insert into PROFIT_CENTER (PROFIT_CENTER_ID,IBMS_CHANNEL,DESCRIPTION,COMPANY_ID,PROFIT_CENTER_NUMBER,COST_CENTER_ID,ACTIVE,MODIFIED_BY) values (243,'TLME','DLA TLC Mexico',2,'4800',26,1,null);
insert into PROFIT_CENTER (PROFIT_CENTER_ID,IBMS_CHANNEL,DESCRIPTION,COMPANY_ID,PROFIT_CENTER_NUMBER,COST_CENTER_ID,ACTIVE,MODIFIED_BY) values (244,'TULA','DLA Disc Turbo Latin',2,'5300',28,1,null);

-- Company 318 - COL
Insert into PROFIT_CENTER (PROFIT_CENTER_ID,COMPANY_ID,IBMS_CHANNEL,DESCRIPTION,PROFIT_CENTER_NUMBER,COST_CENTER_ID,ACTIVE,MODIFIED_BY) values (301,3,'-','No Brand (only for non-IBMS transactions)','9910',37,1,null);
Insert into PROFIT_CENTER (PROFIT_CENTER_ID,COMPANY_ID,IBMS_CHANNEL,DESCRIPTION,PROFIT_CENTER_NUMBER,COST_CENTER_ID,ACTIVE,MODIFIED_BY) values (302,3,'APAR','DLA Animal Planet Argentina','1000',31,1,null);
Insert into PROFIT_CENTER (PROFIT_CENTER_ID,COMPANY_ID,IBMS_CHANNEL,DESCRIPTION,PROFIT_CENTER_NUMBER,COST_CENTER_ID,ACTIVE,MODIFIED_BY) values (303,3,'DHAR','DLA Disc Home Health Argentina','3200',32,1,null);
Insert into PROFIT_CENTER (PROFIT_CENTER_ID,COMPANY_ID,IBMS_CHANNEL,DESCRIPTION,PROFIT_CENTER_NUMBER,COST_CENTER_ID,ACTIVE,MODIFIED_BY) values (304,3,'DCAR','DLA Discovery Argentina','1700',33,1,null);
Insert into PROFIT_CENTER (PROFIT_CENTER_ID,COMPANY_ID,IBMS_CHANNEL,DESCRIPTION,PROFIT_CENTER_NUMBER,COST_CENTER_ID,ACTIVE,MODIFIED_BY) values (305,3,'DKAR','DLA Discovery Kids Argentina','2400',34,1,null);
Insert into PROFIT_CENTER (PROFIT_CENTER_ID,COMPANY_ID,IBMS_CHANNEL,DESCRIPTION,PROFIT_CENTER_NUMBER,COST_CENTER_ID,ACTIVE,MODIFIED_BY) values (306,3,'IDAR','DLA ID Argentina','3400',35,1,null);
Insert into PROFIT_CENTER (PROFIT_CENTER_ID,COMPANY_ID,IBMS_CHANNEL,DESCRIPTION,PROFIT_CENTER_NUMBER,COST_CENTER_ID,ACTIVE,MODIFIED_BY) values (307,3,'TLCA','DLA TLC Argentina','4800',36,1,null);
Insert into PROFIT_CENTER (PROFIT_CENTER_ID,COMPANY_ID,IBMS_CHANNEL,DESCRIPTION,PROFIT_CENTER_NUMBER,COST_CENTER_ID,ACTIVE,MODIFIED_BY) values (309,3,'APBR','DLA Animal Planet Brazil','1000',31,1,null);
Insert into PROFIT_CENTER (PROFIT_CENTER_ID,COMPANY_ID,IBMS_CHANNEL,DESCRIPTION,PROFIT_CENTER_NUMBER,COST_CENTER_ID,ACTIVE,MODIFIED_BY) values (310,3,'APLA','DLA Animal Planet Latin','1000',31,1,null);
Insert into PROFIT_CENTER (PROFIT_CENTER_ID,COMPANY_ID,IBMS_CHANNEL,DESCRIPTION,PROFIT_CENTER_NUMBER,COST_CENTER_ID,ACTIVE,MODIFIED_BY) values (311,3,'APMX','DLA Animal Planet Mexico','1000',31,1,null);
Insert into PROFIT_CENTER (PROFIT_CENTER_ID,COMPANY_ID,IBMS_CHANNEL,DESCRIPTION,PROFIT_CENTER_NUMBER,COST_CENTER_ID,ACTIVE,MODIFIED_BY) values (312,3,'CVLA','DLA Disc Civilization Latin','1700',33,1,null);
Insert into PROFIT_CENTER (PROFIT_CENTER_ID,COMPANY_ID,IBMS_CHANNEL,DESCRIPTION,PROFIT_CENTER_NUMBER,COST_CENTER_ID,ACTIVE,MODIFIED_BY) values (313,3,'DCBR','DLA Discovery Brazil','1700',33,1,null);
Insert into PROFIT_CENTER (PROFIT_CENTER_ID,COMPANY_ID,IBMS_CHANNEL,DESCRIPTION,PROFIT_CENTER_NUMBER,COST_CENTER_ID,ACTIVE,MODIFIED_BY) values (314,3,'DCEE','DLA Discovery En Espanol 30','1700',33,1,null);
Insert into PROFIT_CENTER (PROFIT_CENTER_ID,COMPANY_ID,IBMS_CHANNEL,DESCRIPTION,PROFIT_CENTER_NUMBER,COST_CENTER_ID,ACTIVE,MODIFIED_BY) values (315,3,'DCIB','DLA Discovery Iberia','1700',33,1,null);
Insert into PROFIT_CENTER (PROFIT_CENTER_ID,COMPANY_ID,IBMS_CHANNEL,DESCRIPTION,PROFIT_CENTER_NUMBER,COST_CENTER_ID,ACTIVE,MODIFIED_BY) values (316,3,'DCLA','DLA Discovery Latin','1700',33,1,null);
Insert into PROFIT_CENTER (PROFIT_CENTER_ID,COMPANY_ID,IBMS_CHANNEL,DESCRIPTION,PROFIT_CENTER_NUMBER,COST_CENTER_ID,ACTIVE,MODIFIED_BY) values (317,3,'DCME','DLA Discovery Mexico','1700',33,1,null);
Insert into PROFIT_CENTER (PROFIT_CENTER_ID,COMPANY_ID,IBMS_CHANNEL,DESCRIPTION,PROFIT_CENTER_NUMBER,COST_CENTER_ID,ACTIVE,MODIFIED_BY) values (318,3,'DCSP','DLA Discovery Sao Paulo','1700',33,1,null);
Insert into PROFIT_CENTER (PROFIT_CENTER_ID,COMPANY_ID,IBMS_CHANNEL,DESCRIPTION,PROFIT_CENTER_NUMBER,COST_CENTER_ID,ACTIVE,MODIFIED_BY) values (319,3,'DCVA','DLA Discovery HD CHARVZ','1700',33,1,null);
Insert into PROFIT_CENTER (PROFIT_CENTER_ID,COMPANY_ID,IBMS_CHANNEL,DESCRIPTION,PROFIT_CENTER_NUMBER,COST_CENTER_ID,ACTIVE,MODIFIED_BY) values (320,3,'DCVE','DLA Discovery Venezuela','1700',33,1,null);
Insert into PROFIT_CENTER (PROFIT_CENTER_ID,COMPANY_ID,IBMS_CHANNEL,DESCRIPTION,PROFIT_CENTER_NUMBER,COST_CENTER_ID,ACTIVE,MODIFIED_BY) values (321,3,'DHBR','DLA Disc Home Health Argentina','3200',32,1,null);
Insert into PROFIT_CENTER (PROFIT_CENTER_ID,COMPANY_ID,IBMS_CHANNEL,DESCRIPTION,PROFIT_CENTER_NUMBER,COST_CENTER_ID,ACTIVE,MODIFIED_BY) values (322,3,'DHCO','DLA Disc Home Health Colombia','3200',32,1,null);
Insert into PROFIT_CENTER (PROFIT_CENTER_ID,COMPANY_ID,IBMS_CHANNEL,DESCRIPTION,PROFIT_CENTER_NUMBER,COST_CENTER_ID,ACTIVE,MODIFIED_BY) values (323,3,'DHLA','DLA Disc Home Health Latin','3200',32,1,null);
Insert into PROFIT_CENTER (PROFIT_CENTER_ID,COMPANY_ID,IBMS_CHANNEL,DESCRIPTION,PROFIT_CENTER_NUMBER,COST_CENTER_ID,ACTIVE,MODIFIED_BY) values (324,3,'DHME','DLA Disc Home Health Mexico','3200',32,1,null);
Insert into PROFIT_CENTER (PROFIT_CENTER_ID,COMPANY_ID,IBMS_CHANNEL,DESCRIPTION,PROFIT_CENTER_NUMBER,COST_CENTER_ID,ACTIVE,MODIFIED_BY) values (325,3,'DHSP','DLA Disc Home Health Sao Paulo','3200',32,1,null);
Insert into PROFIT_CENTER (PROFIT_CENTER_ID,COMPANY_ID,IBMS_CHANNEL,DESCRIPTION,PROFIT_CENTER_NUMBER,COST_CENTER_ID,ACTIVE,MODIFIED_BY) values (326,3,'DHTV','DLA Home Health Venezuela Chile','3200',32,1,null);
Insert into PROFIT_CENTER (PROFIT_CENTER_ID,COMPANY_ID,IBMS_CHANNEL,DESCRIPTION,PROFIT_CENTER_NUMBER,COST_CENTER_ID,ACTIVE,MODIFIED_BY) values (327,3,'DKBR','DLA Discovery Kids Brazil','2400',34,1,null);
Insert into PROFIT_CENTER (PROFIT_CENTER_ID,COMPANY_ID,IBMS_CHANNEL,DESCRIPTION,PROFIT_CENTER_NUMBER,COST_CENTER_ID,ACTIVE,MODIFIED_BY) values (328,3,'DKCO','DLA Discovery Kids Colombia','2400',34,1,null);
Insert into PROFIT_CENTER (PROFIT_CENTER_ID,COMPANY_ID,IBMS_CHANNEL,DESCRIPTION,PROFIT_CENTER_NUMBER,COST_CENTER_ID,ACTIVE,MODIFIED_BY) values (329,3,'DKLA','DLA Discovery Kids Latin','2400',34,1,null);
Insert into PROFIT_CENTER (PROFIT_CENTER_ID,COMPANY_ID,IBMS_CHANNEL,DESCRIPTION,PROFIT_CENTER_NUMBER,COST_CENTER_ID,ACTIVE,MODIFIED_BY) values (330,3,'DKMX','DLA Discovery Kids Mexico','2400',34,1,null);
Insert into PROFIT_CENTER (PROFIT_CENTER_ID,COMPANY_ID,IBMS_CHANNEL,DESCRIPTION,PROFIT_CENTER_NUMBER,COST_CENTER_ID,ACTIVE,MODIFIED_BY) values (331,3,'HHHL','DLA Disc Home Health HD Latin','3200',32,1,null);
Insert into PROFIT_CENTER (PROFIT_CENTER_ID,COMPANY_ID,IBMS_CHANNEL,DESCRIPTION,PROFIT_CENTER_NUMBER,COST_CENTER_ID,ACTIVE,MODIFIED_BY) values (332,3,'IDBR','DLA ID Brazil','3400',35,1,null);
Insert into PROFIT_CENTER (PROFIT_CENTER_ID,COMPANY_ID,IBMS_CHANNEL,DESCRIPTION,PROFIT_CENTER_NUMBER,COST_CENTER_ID,ACTIVE,MODIFIED_BY) values (333,3,'IDHL','DLA ID HD Latin','3400',35,1,null);
Insert into PROFIT_CENTER (PROFIT_CENTER_ID,COMPANY_ID,IBMS_CHANNEL,DESCRIPTION,PROFIT_CENTER_NUMBER,COST_CENTER_ID,ACTIVE,MODIFIED_BY) values (334,3,'IDLA','DLA ID Latin','3400',35,1,null);
Insert into PROFIT_CENTER (PROFIT_CENTER_ID,COMPANY_ID,IBMS_CHANNEL,DESCRIPTION,PROFIT_CENTER_NUMBER,COST_CENTER_ID,ACTIVE,MODIFIED_BY) values (335,3,'IDME','DLA ID Mexico','3400',35,1,null);
Insert into PROFIT_CENTER (PROFIT_CENTER_ID,COMPANY_ID,IBMS_CHANNEL,DESCRIPTION,PROFIT_CENTER_NUMBER,COST_CENTER_ID,ACTIVE,MODIFIED_BY) values (336,3,'KHDL','DLA Disc Kids HD Latin','2400',34,1,null);
Insert into PROFIT_CENTER (PROFIT_CENTER_ID,COMPANY_ID,IBMS_CHANNEL,DESCRIPTION,PROFIT_CENTER_NUMBER,COST_CENTER_ID,ACTIVE,MODIFIED_BY) values (337,3,'LVBR','DLA LIV Brazil','3400',35,1,null);
Insert into PROFIT_CENTER (PROFIT_CENTER_ID,COMPANY_ID,IBMS_CHANNEL,DESCRIPTION,PROFIT_CENTER_NUMBER,COST_CENTER_ID,ACTIVE,MODIFIED_BY) values (338,3,'LVLA','DLA LIV Latin','3400',35,1,null);
Insert into PROFIT_CENTER (PROFIT_CENTER_ID,COMPANY_ID,IBMS_CHANNEL,DESCRIPTION,PROFIT_CENTER_NUMBER,COST_CENTER_ID,ACTIVE,MODIFIED_BY) values (339,3,'LVME','DLA LIV Mexico','3400',35,1,null);
Insert into PROFIT_CENTER (PROFIT_CENTER_ID,COMPANY_ID,IBMS_CHANNEL,DESCRIPTION,PROFIT_CENTER_NUMBER,COST_CENTER_ID,ACTIVE,MODIFIED_BY) values (340,3,'THDB','DLA Disc Turbo HD Brazil','5300',38,1,null);
Insert into PROFIT_CENTER (PROFIT_CENTER_ID,COMPANY_ID,IBMS_CHANNEL,DESCRIPTION,PROFIT_CENTER_NUMBER,COST_CENTER_ID,ACTIVE,MODIFIED_BY) values (341,3,'TLCB','DLA TLC Brazil','4800',36,1,null);
Insert into PROFIT_CENTER (PROFIT_CENTER_ID,COMPANY_ID,IBMS_CHANNEL,DESCRIPTION,PROFIT_CENTER_NUMBER,COST_CENTER_ID,ACTIVE,MODIFIED_BY) values (342,3,'TLCL','DLA TLC Latin','4800',36,1,null);
Insert into PROFIT_CENTER (PROFIT_CENTER_ID,COMPANY_ID,IBMS_CHANNEL,DESCRIPTION,PROFIT_CENTER_NUMBER,COST_CENTER_ID,ACTIVE,MODIFIED_BY) values (343,3,'TLME','DLA TLC Mexico','4800',36,1,null);
Insert into PROFIT_CENTER (PROFIT_CENTER_ID,COMPANY_ID,IBMS_CHANNEL,DESCRIPTION,PROFIT_CENTER_NUMBER,COST_CENTER_ID,ACTIVE,MODIFIED_BY) values (344,3,'TULA','DLA Disc Turbo Latin','5300',38,1,null);
Insert into PROFIT_CENTER (PROFIT_CENTER_ID,COMPANY_ID,IBMS_CHANNEL,DESCRIPTION,PROFIT_CENTER_NUMBER,COST_CENTER_ID,ACTIVE,MODIFIED_BY) values (345,3,'DKCL','DLA Discovery Kids Chile','2400',34,1,'LAIS');


-- CHANNEL
insert into CHANNEL (CHANNEL_CODE,DESCRIPTION,PROFIT_CENTER_ID,MODIFIED_BY) values ('APBR','DLA Animal Planet Brazil',19,null);
insert into CHANNEL (CHANNEL_CODE,DESCRIPTION,PROFIT_CENTER_ID,MODIFIED_BY) values ('APLA','DLA Animal Planet Latin',110,null);
insert into CHANNEL (CHANNEL_CODE,DESCRIPTION,PROFIT_CENTER_ID,MODIFIED_BY) values ('APMX','DLA Animal Planet Mexico',111,null);
insert into CHANNEL (CHANNEL_CODE,DESCRIPTION,PROFIT_CENTER_ID,MODIFIED_BY) values ('CVLA','DLA Disc Civilization Latin',112,null);
insert into CHANNEL (CHANNEL_CODE,DESCRIPTION,PROFIT_CENTER_ID,MODIFIED_BY) values ('DCBR','DLA Discovery Brazil',113,null);
insert into CHANNEL (CHANNEL_CODE,DESCRIPTION,PROFIT_CENTER_ID,MODIFIED_BY) values ('DCEE','DLA Discovery En Espanol 30',114,null);
insert into CHANNEL (CHANNEL_CODE,DESCRIPTION,PROFIT_CENTER_ID,MODIFIED_BY) values ('DCIB','DLA Discovery Iberia',115,null);
insert into CHANNEL (CHANNEL_CODE,DESCRIPTION,PROFIT_CENTER_ID,MODIFIED_BY) values ('DCLA','DLA Discovery Latin',116,null);
insert into CHANNEL (CHANNEL_CODE,DESCRIPTION,PROFIT_CENTER_ID,MODIFIED_BY) values ('DCME','DLA Discovery Mexico',117,null);
insert into CHANNEL (CHANNEL_CODE,DESCRIPTION,PROFIT_CENTER_ID,MODIFIED_BY) values ('DCSP','DLA Discovery Sao Paulo',118,null);
insert into CHANNEL (CHANNEL_CODE,DESCRIPTION,PROFIT_CENTER_ID,MODIFIED_BY) values ('DCVA','DLA Discovery HD CHARVZ',119,null);
insert into CHANNEL (CHANNEL_CODE,DESCRIPTION,PROFIT_CENTER_ID,MODIFIED_BY) values ('DCVE','DLA Discovery Venezuela',120,null);
insert into CHANNEL (CHANNEL_CODE,DESCRIPTION,PROFIT_CENTER_ID,MODIFIED_BY) values ('DHBR','DLA Disc Home Health Argentina',121,null);
insert into CHANNEL (CHANNEL_CODE,DESCRIPTION,PROFIT_CENTER_ID,MODIFIED_BY) values ('DHCO','DLA Disc Home Health Colombia',122,null);
insert into CHANNEL (CHANNEL_CODE,DESCRIPTION,PROFIT_CENTER_ID,MODIFIED_BY) values ('DHLA','DLA Disc Home Health Latin',123,null);
insert into CHANNEL (CHANNEL_CODE,DESCRIPTION,PROFIT_CENTER_ID,MODIFIED_BY) values ('DHME','DLA Disc Home Health Mexico',124,null);
insert into CHANNEL (CHANNEL_CODE,DESCRIPTION,PROFIT_CENTER_ID,MODIFIED_BY) values ('DHSP','DLA Disc Home Health Sao Paulo',125,null);
insert into CHANNEL (CHANNEL_CODE,DESCRIPTION,PROFIT_CENTER_ID,MODIFIED_BY) values ('DHTV','DLA Home Health Venezuela Chile',126,null);
insert into CHANNEL (CHANNEL_CODE,DESCRIPTION,PROFIT_CENTER_ID,MODIFIED_BY) values ('DKBR','DLA Discovery Kids Brazil',127,null);
insert into CHANNEL (CHANNEL_CODE,DESCRIPTION,PROFIT_CENTER_ID,MODIFIED_BY) values ('DKCO','DLA Discovery Kids Colombia',128,null);
insert into CHANNEL (CHANNEL_CODE,DESCRIPTION,PROFIT_CENTER_ID,MODIFIED_BY) values ('DKLA','DLA Discovery Kids Latin',129,null);
insert into CHANNEL (CHANNEL_CODE,DESCRIPTION,PROFIT_CENTER_ID,MODIFIED_BY) values ('DKMX','DLA Discovery Kids Mexico',130,null);
insert into CHANNEL (CHANNEL_CODE,DESCRIPTION,PROFIT_CENTER_ID,MODIFIED_BY) values ('HHHL','DLA Disc Home Health HD Latin',131,null);
insert into CHANNEL (CHANNEL_CODE,DESCRIPTION,PROFIT_CENTER_ID,MODIFIED_BY) values ('IDBR','DLA ID Brazil',132,null);
insert into CHANNEL (CHANNEL_CODE,DESCRIPTION,PROFIT_CENTER_ID,MODIFIED_BY) values ('IDHL','DLA ID HD Latin',133,null);
insert into CHANNEL (CHANNEL_CODE,DESCRIPTION,PROFIT_CENTER_ID,MODIFIED_BY) values ('IDLA','DLA ID Latin',134,null);
insert into CHANNEL (CHANNEL_CODE,DESCRIPTION,PROFIT_CENTER_ID,MODIFIED_BY) values ('IDME','DLA ID Mexico',135,null);
insert into CHANNEL (CHANNEL_CODE,DESCRIPTION,PROFIT_CENTER_ID,MODIFIED_BY) values ('KHDL','DLA Disc Kids HD Latin',136,null);
insert into CHANNEL (CHANNEL_CODE,DESCRIPTION,PROFIT_CENTER_ID,MODIFIED_BY) values ('LVBR','DLA LIV Brazil',137,null);
insert into CHANNEL (CHANNEL_CODE,DESCRIPTION,PROFIT_CENTER_ID,MODIFIED_BY) values ('LVLA','DLA LIV Latin',138,null);
insert into CHANNEL (CHANNEL_CODE,DESCRIPTION,PROFIT_CENTER_ID,MODIFIED_BY) values ('LVME','DLA LIV Mexico',139,null);
insert into CHANNEL (CHANNEL_CODE,DESCRIPTION,PROFIT_CENTER_ID,MODIFIED_BY) values ('THDB','DLA Disc Turbo HD Brazil',140,null);
insert into CHANNEL (CHANNEL_CODE,DESCRIPTION,PROFIT_CENTER_ID,MODIFIED_BY) values ('TLCB','DLA TLC Brazil',141,null);
insert into CHANNEL (CHANNEL_CODE,DESCRIPTION,PROFIT_CENTER_ID,MODIFIED_BY) values ('TLCL','DLA TLC Latin',142,null);
insert into CHANNEL (CHANNEL_CODE,DESCRIPTION,PROFIT_CENTER_ID,MODIFIED_BY) values ('TLME','DLA TLC Mexico',143,null);
insert into CHANNEL (CHANNEL_CODE,DESCRIPTION,PROFIT_CENTER_ID,MODIFIED_BY) values ('TULA','DLA Disc Turbo Latin',144,null);
insert into CHANNEL (CHANNEL_CODE,DESCRIPTION,PROFIT_CENTER_ID,MODIFIED_BY) values ('APAR','DLA Animal Planet Latin',12,null);
insert into CHANNEL (CHANNEL_CODE,DESCRIPTION,PROFIT_CENTER_ID,MODIFIED_BY) values ('DHAR','DLA Disc Home Health Latin',13,null);
insert into CHANNEL (CHANNEL_CODE,DESCRIPTION,PROFIT_CENTER_ID,MODIFIED_BY) values ('DCAR','DLA Discovery Latin',14,null);
insert into CHANNEL (CHANNEL_CODE,DESCRIPTION,PROFIT_CENTER_ID,MODIFIED_BY) values ('DKAR','DLA Discovery Kids Latin',15,null);
insert into CHANNEL (CHANNEL_CODE,DESCRIPTION,PROFIT_CENTER_ID,MODIFIED_BY) values ('IDAR','DLA ID Latin',16,null);
insert into CHANNEL (CHANNEL_CODE,DESCRIPTION,PROFIT_CENTER_ID,MODIFIED_BY) values ('TLCA','DLA TLC Latin',17,null);
insert into CHANNEL (CHANNEL_CODE,DESCRIPTION,PROFIT_CENTER_ID,MODIFIED_BY) values ('-','No Brand (only for non-IBMS transactions)',11,null);

-- Password = Welcome1_
insert into SEC_USER (USER_ID, USERNAME, PASSWORD,LOCAL_AUTHENTICATION,FIRSTNAME,LASTNAME,EMAIL,LANGUAGE_ID,LAST_PASSWORD_CHANGE,LAST_LOGIN,LOCK_COUNT,LOCKED,EXPIRED,INACTIVE,DISABLED,DEFAULT_COMPANY_ID) values (1, 'admin','dFhpwEj0gva0O8O+gheIpYcvTnI=', 0,	'User',		'Admin',		'andres.tachis@une-consulting.com','EN',TO_DATE('2015-10-14 7:00:00','YYYY-MM-DD HH24:MI:SS')	,TO_DATE('2015-04-01 7:00:00','YYYY-MM-DD HH24:MI:SS'),0,0,0,0,0,1);
insert into SEC_USER (USER_ID, USERNAME, PASSWORD,LOCAL_AUTHENTICATION,FIRSTNAME,LASTNAME,EMAIL,LANGUAGE_ID,LAST_PASSWORD_CHANGE,LAST_LOGIN,LOCK_COUNT,LOCKED,EXPIRED,INACTIVE,DISABLED) values (2, 'auditor', 'dFhpwEj0gva0O8O+gheIpYcvTnI=',	0,	'User',		'Auditor',	'andres.tachis1@une-consulting.com','ES',null,null,0,0,1,0,0);
insert into SEC_USER (USER_ID, USERNAME, PASSWORD,LOCAL_AUTHENTICATION,FIRSTNAME,LASTNAME,EMAIL,LANGUAGE_ID,LAST_PASSWORD_CHANGE,LAST_LOGIN,LOCK_COUNT,LOCKED,EXPIRED,INACTIVE,DISABLED,DEFAULT_COMPANY_ID) values (3, 'userCCB', 	'dFhpwEj0gva0O8O+gheIpYcvTnI=',	0,	'User',	'Credit and Collections Billing','andres.tachis2@une-consulting.com','ES',TO_DATE('2015-10-14 7:00:00','YYYY-MM-DD HH24:MI:SS')	,null,0,0,0,0,0, 1);
insert into SEC_USER (USER_ID, USERNAME, PASSWORD,LOCAL_AUTHENTICATION,FIRSTNAME,LASTNAME,EMAIL,LANGUAGE_ID,LAST_PASSWORD_CHANGE,LAST_LOGIN,LOCK_COUNT,LOCKED,EXPIRED,INACTIVE,DISABLED,DEFAULT_COMPANY_ID) values (4, 'userBA', 		'dFhpwEj0gva0O8O+gheIpYcvTnI=',	0,	'User',	'Billing Analyst',	'andres.tachis3@une-consulting.com','ES',TO_DATE('2015-10-14 7:00:00','YYYY-MM-DD HH24:MI:SS')	,TO_DATE('2015-04-01 7:00:00','YYYY-MM-DD HH24:MI:SS')	,0,0,0,1,0,2);
insert into SEC_USER (USER_ID, USERNAME, PASSWORD,LOCAL_AUTHENTICATION,FIRSTNAME,LASTNAME,EMAIL,LANGUAGE_ID,LAST_PASSWORD_CHANGE,LAST_LOGIN,LOCK_COUNT,LOCKED,EXPIRED,INACTIVE,DISABLED) values (5, 'userBM', 		'dFhpwEj0gva0O8O+gheIpYcvTnI=',		0,	'User',		'Billing Manager',		'andres.tachis4@une-consulting.com','ES',TO_DATE('2015-10-14 7:00:00','YYYY-MM-DD HH24:MI:SS')	,TO_DATE('2015-04-01 7:00:00','YYYY-MM-DD HH24:MI:SS')	,0,0,1,0,0);
insert into SEC_USER (USER_ID, USERNAME, PASSWORD,LOCAL_AUTHENTICATION,FIRSTNAME,LASTNAME,EMAIL,LANGUAGE_ID,LAST_PASSWORD_CHANGE,LAST_LOGIN,LOCK_COUNT,LOCKED,EXPIRED,INACTIVE,DISABLED) values (6, 'userVR', 	'dFhpwEj0gva0O8O+gheIpYcvTnI=',		0,	'User',		'View and Reporting','andres.tachis5@une-consulting.com', 'ES',TO_DATE('2015-10-14 7:00:00','YYYY-MM-DD HH24:MI:SS')	,TO_DATE('2015-04-01 7:00:00','YYYY-MM-DD HH24:MI:SS')	,5,1,0,0,1);
insert into SEC_USER (USER_ID, USERNAME, PASSWORD,LOCAL_AUTHENTICATION,FIRSTNAME,LASTNAME,EMAIL,LANGUAGE_ID,LAST_PASSWORD_CHANGE,LAST_LOGIN,LOCK_COUNT,LOCKED,EXPIRED,INACTIVE,DISABLED,DEFAULT_COMPANY_ID) values (7, 'superman','dFhpwEj0gva0O8O+gheIpYcvTnI=', 0,	'User',		'Super',		'super@une-consulting.com','EN',TO_DATE('2020-10-14 7:00:00','YYYY-MM-DD HH24:MI:SS')	,TO_DATE('2020-07-01 7:00:00','YYYY-MM-DD HH24:MI:SS'),0,0,0,0,0,1);

insert into PASSWORD (PASSWORD_ID, USER_ID, PASSWORD_CODE) values (1, 1, 'dFhpwEj0gva0O8O+gheIpYcvTnI=');
insert into PASSWORD (PASSWORD_ID, USER_ID, PASSWORD_CODE) values (2, 2, 'dFhpwEj0gva0O8O+gheIpYcvTnI=');
insert into PASSWORD (PASSWORD_ID, USER_ID, PASSWORD_CODE) values (3, 3, 'dFhpwEj0gva0O8O+gheIpYcvTnI=');
insert into PASSWORD (PASSWORD_ID, USER_ID, PASSWORD_CODE) values (4, 4, 'dFhpwEj0gva0O8O+gheIpYcvTnI=');
insert into PASSWORD (PASSWORD_ID, USER_ID, PASSWORD_CODE) values (5, 5, 'dFhpwEj0gva0O8O+gheIpYcvTnI=');
insert into PASSWORD (PASSWORD_ID, USER_ID, PASSWORD_CODE) values (6, 6, 'dFhpwEj0gva0O8O+gheIpYcvTnI=');
insert into PASSWORD (PASSWORD_ID, USER_ID, PASSWORD_CODE) values (7, 7, 'dFhpwEj0gva0O8O+gheIpYcvTnI=');

insert into SEC_ROLE (ROLE_ID, ROLENAME, DESCRIPTION) values (1, 'SYSTEM_ADMINISTRATOR', 'System Administrator Role');
insert into SEC_ROLE (ROLE_ID, ROLENAME, DESCRIPTION) values (2, 'AUDITOR', 'Auditor Role');
insert into SEC_ROLE (ROLE_ID, ROLENAME, DESCRIPTION) values (3, 'C&C_BILLING', 'Credit and Collections Billing Role');
insert into SEC_ROLE (ROLE_ID, ROLENAME, DESCRIPTION) values (4, 'BILLING_ANALYST', 'Billing Analyst Role');
insert into SEC_ROLE (ROLE_ID, ROLENAME, DESCRIPTION) values (5, 'BILLING_MANAGER', 'Billing Manager Role');
insert into SEC_ROLE (ROLE_ID, ROLENAME, DESCRIPTION) values (6, 'VIEW_AND_REPORTING', 'View and Reporting Role');
insert into SEC_ROLE (ROLE_ID, ROLENAME, DESCRIPTION) values (7, 'MEX_CUSTOMER_TO_SAGE', 'MEX Customer to SAGE');


insert into SEC_USER_ROLE (USER_ID, ROLE_ID) values (1,1);
insert into SEC_USER_ROLE (USER_ID, ROLE_ID) values (2,2);
insert into SEC_USER_ROLE (USER_ID, ROLE_ID) values (3,3);
insert into SEC_USER_ROLE (USER_ID, ROLE_ID) values (4,4);
insert into SEC_USER_ROLE (USER_ID, ROLE_ID) values (5,5);
insert into SEC_USER_ROLE (USER_ID, ROLE_ID) values (6,6);

insert into SEC_USER_ROLE (USER_ID, ROLE_ID) values (7,1);
insert into SEC_USER_ROLE (USER_ID, ROLE_ID) values (7,2);
insert into SEC_USER_ROLE (USER_ID, ROLE_ID) values (7,3);
insert into SEC_USER_ROLE (USER_ID, ROLE_ID) values (7,4);
insert into SEC_USER_ROLE (USER_ID, ROLE_ID) values (7,5);
insert into SEC_USER_ROLE (USER_ID, ROLE_ID) values (7,6);
insert into SEC_USER_ROLE (USER_ID, ROLE_ID) values (7,7);

--All
-- insert into SEC_PERMISSION (PERMISSION_ID, PERMISSION_STRING, DESCRIPTION) values (1, '*', 'Full Access');

--Interfaces
insert into SEC_PERMISSION (PERMISSION_ID, PERMISSION_STRING, DESCRIPTION) values (11, 'interface:ibms:batch:view' , 'Review access to IBMS Batchs');
insert into SEC_PERMISSION (PERMISSION_ID, PERMISSION_STRING, DESCRIPTION) values (12, 'interface:ibms:batch:accept' , 'Accept access to IBMS Batchs');
insert into SEC_PERMISSION (PERMISSION_ID, PERMISSION_STRING, DESCRIPTION) values (13, 'interface:erp:view' , 'Review access to ERP interfaces');

--Customers
insert into SEC_PERMISSION (PERMISSION_ID, PERMISSION_STRING, DESCRIPTION) values (21, 'customer:view' , 'Review access to Customers');
insert into SEC_PERMISSION (PERMISSION_ID, PERMISSION_STRING, DESCRIPTION) values (22, 'customer:create' , 'Create access to Customers');
insert into SEC_PERMISSION (PERMISSION_ID, PERMISSION_STRING, DESCRIPTION) values (23, 'customer:update' , 'Update access to Customers');

--Transmission Orders
insert into SEC_PERMISSION (PERMISSION_ID, PERMISSION_STRING, DESCRIPTION) values (31, 'transmissionOrder:view' , 'Review access to Transmission Orders from IBMS');
insert into SEC_PERMISSION (PERMISSION_ID, PERMISSION_STRING, DESCRIPTION) values (32, 'transmissionOrder:process' , 'Process access to Transmission Orders from IBMS');

--Invoices
insert into SEC_PERMISSION (PERMISSION_ID, PERMISSION_STRING, DESCRIPTION) values (50, 'invoice:view' , 'Review access to invoice');
insert into SEC_PERMISSION (PERMISSION_ID, PERMISSION_STRING, DESCRIPTION) values (51, 'invoice:view:created' , 'Review access to invoice created');
insert into SEC_PERMISSION (PERMISSION_ID, PERMISSION_STRING, DESCRIPTION) values (52, 'invoice:view:edited' , 'Review access to invoice edited');
insert into SEC_PERMISSION (PERMISSION_ID, PERMISSION_STRING, DESCRIPTION) values (53, 'invoice:view:pending_app' , 'Review access to invoice pending_app');
insert into SEC_PERMISSION (PERMISSION_ID, PERMISSION_STRING, DESCRIPTION) values (54, 'invoice:view:refused' , 'Review access to invoice refused');
insert into SEC_PERMISSION (PERMISSION_ID, PERMISSION_STRING, DESCRIPTION) values (55, 'invoice:view:approved' , 'Review access to invoice approved');
insert into SEC_PERMISSION (PERMISSION_ID, PERMISSION_STRING, DESCRIPTION) values (56, 'invoice:view:transmitted' , 'Review access to invoice transmitted');
insert into SEC_PERMISSION (PERMISSION_ID, PERMISSION_STRING, DESCRIPTION) values (57, 'invoice:view:posted' , 'Review access to invoice posted');
insert into SEC_PERMISSION (PERMISSION_ID, PERMISSION_STRING, DESCRIPTION) values (58, 'invoice:view:denied' , 'Review access to invoice denied');
insert into SEC_PERMISSION (PERMISSION_ID, PERMISSION_STRING, DESCRIPTION) values (59, 'invoice:view:canceled' , 'Review access to invoice canceled');
insert into SEC_PERMISSION (PERMISSION_ID, PERMISSION_STRING, DESCRIPTION) values (60, 'invoice:view:transmission_error' , 'Review access to invoice transmission error');
insert into SEC_PERMISSION (PERMISSION_ID, PERMISSION_STRING, DESCRIPTION) values (130, 'invoice:view:transmission_ignored' , 'Review access to invoice transmission ignored');
insert into SEC_PERMISSION (PERMISSION_ID, PERMISSION_STRING, DESCRIPTION) values (132, 'invoice:view:transmission_in_progress' , 'Review access to invoice transmission in progress');

insert into SEC_PERMISSION (PERMISSION_ID, PERMISSION_STRING, DESCRIPTION) values (61, 'invoice:update:created' , 'Update access to invoice created');
insert into SEC_PERMISSION (PERMISSION_ID, PERMISSION_STRING, DESCRIPTION) values (62, 'invoice:update:edited' , 'Update access to invoice edited');
insert into SEC_PERMISSION (PERMISSION_ID, PERMISSION_STRING, DESCRIPTION) values (63, 'invoice:update:pending_app' , 'Update access to invoice pending_app');
insert into SEC_PERMISSION (PERMISSION_ID, PERMISSION_STRING, DESCRIPTION) values (64, 'invoice:update:refused' , 'Update access to invoice refused');
insert into SEC_PERMISSION (PERMISSION_ID, PERMISSION_STRING, DESCRIPTION) values (65, 'invoice:update:approved' , 'Update access to invoice approved');
insert into SEC_PERMISSION (PERMISSION_ID, PERMISSION_STRING, DESCRIPTION) values (66, 'invoice:update:transmitted' , 'Update access to invoice transmitted');
insert into SEC_PERMISSION (PERMISSION_ID, PERMISSION_STRING, DESCRIPTION) values (67, 'invoice:update:transmission_error' , 'Update access to invoice in transmission error');
insert into SEC_PERMISSION (PERMISSION_ID, PERMISSION_STRING, DESCRIPTION) values (68, 'invoice:update:posted' , 'Update access to invoice posted');
insert into SEC_PERMISSION (PERMISSION_ID, PERMISSION_STRING, DESCRIPTION) values (69, 'invoice:update:denied' , 'Update access to invoice denied');
insert into SEC_PERMISSION (PERMISSION_ID, PERMISSION_STRING, DESCRIPTION) values (70, 'invoice:update:canceled' , 'Update access to invoice canceled');

insert into SEC_PERMISSION (PERMISSION_ID, PERMISSION_STRING, DESCRIPTION) values (71, 'invoice:create' , 'Create access to Invoices');
insert into SEC_PERMISSION (PERMISSION_ID, PERMISSION_STRING, DESCRIPTION) values (72, 'invoice:submit' , 'Submit for approval access to Invoices');
insert into SEC_PERMISSION (PERMISSION_ID, PERMISSION_STRING, DESCRIPTION) values (73, 'invoice:approve' , 'Approve access to Invoices');
insert into SEC_PERMISSION (PERMISSION_ID, PERMISSION_STRING, DESCRIPTION) values (74, 'invoice:transmit' , 'Transmit access to Invoices');
insert into SEC_PERMISSION (PERMISSION_ID, PERMISSION_STRING, DESCRIPTION) values (75, 'invoice:cancel' , 'Cancel access to Invoices');
insert into SEC_PERMISSION (PERMISSION_ID, PERMISSION_STRING, DESCRIPTION) values (76, 'invoice:unify_lines' , 'Unify/Separate acces to Invoice Lines');
insert into SEC_PERMISSION (PERMISSION_ID, PERMISSION_STRING, DESCRIPTION) values (77, 'invoice:deny' , 'Deny access to Invoices');
insert into SEC_PERMISSION (PERMISSION_ID, PERMISSION_STRING, DESCRIPTION) values (78, 'invoice:post' , 'Post access to Invoices');

-- Reports
insert into SEC_PERMISSION (PERMISSION_ID, PERMISSION_STRING, DESCRIPTION) values (81, 'report:run' , 'Run access to Reports - All');
insert into SEC_PERMISSION (PERMISSION_ID, PERMISSION_STRING, DESCRIPTION) values (82, 'report:export' , 'Export access to Reports - All');
insert into SEC_PERMISSION (PERMISSION_ID, PERMISSION_STRING, DESCRIPTION) values (83, 'report:sage:export' , 'Export access to Reports SAGE- All');

-- Configurator Permissions
insert into SEC_PERMISSION (PERMISSION_ID, PERMISSION_STRING, DESCRIPTION) values (91, 'user:setup' , 'Setup access to Users');
insert into SEC_PERMISSION (PERMISSION_ID, PERMISSION_STRING, DESCRIPTION) values (92, 'role:setup' , 'Setup access to Roles');
insert into SEC_PERMISSION (PERMISSION_ID, PERMISSION_STRING, DESCRIPTION) values (93, 'permission:view' , 'Review access to Permissions');
insert into SEC_PERMISSION (PERMISSION_ID, PERMISSION_STRING, DESCRIPTION) values (94, 'setting:setup' , 'Setup access to General Configuration');
insert into SEC_PERMISSION (PERMISSION_ID, PERMISSION_STRING, DESCRIPTION) values (95, 'passwordStandard:setup' , 'Setup access to Password Controls');
insert into SEC_PERMISSION (PERMISSION_ID, PERMISSION_STRING, DESCRIPTION) values (96, 'account:setup' , 'Setup access to account setup');
insert into SEC_PERMISSION (PERMISSION_ID, PERMISSION_STRING, DESCRIPTION) values (97, 'platform:setup' , 'Setup access to platform setup');
insert into SEC_PERMISSION (PERMISSION_ID, PERMISSION_STRING, DESCRIPTION) values (98, 'geography:setup' , 'Setup access to geography setup');
insert into SEC_PERMISSION (PERMISSION_ID, PERMISSION_STRING, DESCRIPTION) values (99, 'profitCenter:setup' , 'Setup access to profit center setup');
insert into SEC_PERMISSION (PERMISSION_ID, PERMISSION_STRING, DESCRIPTION) values (100, 'costCenter:setup' , 'Setup access to cost center setup');

-- COAs
insert into SEC_PERMISSION (PERMISSION_ID, PERMISSION_STRING, DESCRIPTION) values (101, 'coaMapping:view' , 'Review access to coa Mapping');
insert into SEC_PERMISSION (PERMISSION_ID, PERMISSION_STRING, DESCRIPTION) values (102, 'coaMapping:setup' , 'Access to coa Mapping setup');

-- Journals
insert into SEC_PERMISSION (PERMISSION_ID, PERMISSION_STRING, DESCRIPTION) values (111, 'journal:view' , 'Review access to Journals');
insert into SEC_PERMISSION (PERMISSION_ID, PERMISSION_STRING, DESCRIPTION) values (112, 'journal:update' , 'Update access to Journals');

-- Billing Scenarios
insert into SEC_PERMISSION (PERMISSION_ID, PERMISSION_STRING, DESCRIPTION) values (121, 'billingScenario:view' , 'Review access to Billing Scenarios');

-- Companies
insert into SEC_PERMISSION (PERMISSION_ID, PERMISSION_STRING, DESCRIPTION) values (131, 'companies:setup' , 'update access to Companies');

-- Consumption
insert into SEC_PERMISSION (PERMISSION_ID, PERMISSION_STRING, DESCRIPTION) values (141, 'consumption:view' , 'Review access to Consumption');

-- Taxes
insert into SEC_PERMISSION (PERMISSION_ID, PERMISSION_STRING, DESCRIPTION) values (151, 'withholding:setup' , 'Setup access to withholding setup');

-- Channels
insert into SEC_PERMISSION (PERMISSION_ID, PERMISSION_STRING, DESCRIPTION) values (161, 'channel:setup' , 'Setup access to channel setup');

-- Countries
insert into SEC_PERMISSION (PERMISSION_ID, PERMISSION_STRING, DESCRIPTION) values (171, 'country:setup' , 'Setup access to country setup');


-- SYSTEM_ADMINISTRATOR
insert into SEC_ROLE_PERMISSION (ROLE_ID, PERMISSION_ID) values (1,76);
insert into SEC_ROLE_PERMISSION (ROLE_ID, PERMISSION_ID) values (1,91);
insert into SEC_ROLE_PERMISSION (ROLE_ID, PERMISSION_ID) values (1,92);
insert into SEC_ROLE_PERMISSION (ROLE_ID, PERMISSION_ID) values (1,93);
insert into SEC_ROLE_PERMISSION (ROLE_ID, PERMISSION_ID) values (1,94);
insert into SEC_ROLE_PERMISSION (ROLE_ID, PERMISSION_ID) values (1,95);
insert into SEC_ROLE_PERMISSION (ROLE_ID, PERMISSION_ID) values (1,131);

-- AUDITOR

-- C&C_BILLING
insert into SEC_ROLE_PERMISSION (ROLE_ID, PERMISSION_ID) values (3,11);
insert into SEC_ROLE_PERMISSION (ROLE_ID, PERMISSION_ID) values (3,12);
insert into SEC_ROLE_PERMISSION (ROLE_ID, PERMISSION_ID) values (3,13);

insert into SEC_ROLE_PERMISSION (ROLE_ID, PERMISSION_ID) values (3,21);
insert into SEC_ROLE_PERMISSION (ROLE_ID, PERMISSION_ID) values (3,22);
insert into SEC_ROLE_PERMISSION (ROLE_ID, PERMISSION_ID) values (3,23);

insert into SEC_ROLE_PERMISSION (ROLE_ID, PERMISSION_ID) values (3,31);
insert into SEC_ROLE_PERMISSION (ROLE_ID, PERMISSION_ID) values (3,32);

insert into SEC_ROLE_PERMISSION (ROLE_ID, PERMISSION_ID) values (3,50);
insert into SEC_ROLE_PERMISSION (ROLE_ID, PERMISSION_ID) values (3,51);
insert into SEC_ROLE_PERMISSION (ROLE_ID, PERMISSION_ID) values (3,52);
insert into SEC_ROLE_PERMISSION (ROLE_ID, PERMISSION_ID) values (3,53);
insert into SEC_ROLE_PERMISSION (ROLE_ID, PERMISSION_ID) values (3,54);
insert into SEC_ROLE_PERMISSION (ROLE_ID, PERMISSION_ID) values (3,55);
insert into SEC_ROLE_PERMISSION (ROLE_ID, PERMISSION_ID) values (3,56);
insert into SEC_ROLE_PERMISSION (ROLE_ID, PERMISSION_ID) values (3,57);
insert into SEC_ROLE_PERMISSION (ROLE_ID, PERMISSION_ID) values (3,58);
insert into SEC_ROLE_PERMISSION (ROLE_ID, PERMISSION_ID) values (3,59);
insert into SEC_ROLE_PERMISSION (ROLE_ID, PERMISSION_ID) values (3,60);
insert into SEC_ROLE_PERMISSION (ROLE_ID, PERMISSION_ID) values (3,130);
insert into SEC_ROLE_PERMISSION (ROLE_ID, PERMISSION_ID) values (3,132);

insert into SEC_ROLE_PERMISSION (ROLE_ID, PERMISSION_ID) values (3,61);
insert into SEC_ROLE_PERMISSION (ROLE_ID, PERMISSION_ID) values (3,62);
insert into SEC_ROLE_PERMISSION (ROLE_ID, PERMISSION_ID) values (3,63);
insert into SEC_ROLE_PERMISSION (ROLE_ID, PERMISSION_ID) values (3,64);

insert into SEC_ROLE_PERMISSION (ROLE_ID, PERMISSION_ID) values (3,71);
insert into SEC_ROLE_PERMISSION (ROLE_ID, PERMISSION_ID) values (3,72);
insert into SEC_ROLE_PERMISSION (ROLE_ID, PERMISSION_ID) values (3,75);
insert into SEC_ROLE_PERMISSION (ROLE_ID, PERMISSION_ID) values (3,76);
insert into SEC_ROLE_PERMISSION (ROLE_ID, PERMISSION_ID) values (3,77);
insert into SEC_ROLE_PERMISSION (ROLE_ID, PERMISSION_ID) values (3,78);

insert into SEC_ROLE_PERMISSION (ROLE_ID, PERMISSION_ID) values (3,81);
insert into SEC_ROLE_PERMISSION (ROLE_ID, PERMISSION_ID) values (3,82);

insert into SEC_ROLE_PERMISSION (ROLE_ID, PERMISSION_ID) values (3,111);

insert into SEC_ROLE_PERMISSION (ROLE_ID, PERMISSION_ID) values (3,141);

-- BILLING_ANALYST
insert into SEC_ROLE_PERMISSION (ROLE_ID, PERMISSION_ID) values (4,11);
insert into SEC_ROLE_PERMISSION (ROLE_ID, PERMISSION_ID) values (4,12);
insert into SEC_ROLE_PERMISSION (ROLE_ID, PERMISSION_ID) values (4,13);

insert into SEC_ROLE_PERMISSION (ROLE_ID, PERMISSION_ID) values (4,21);
insert into SEC_ROLE_PERMISSION (ROLE_ID, PERMISSION_ID) values (4,22);
insert into SEC_ROLE_PERMISSION (ROLE_ID, PERMISSION_ID) values (4,23);

insert into SEC_ROLE_PERMISSION (ROLE_ID, PERMISSION_ID) values (4,31);
insert into SEC_ROLE_PERMISSION (ROLE_ID, PERMISSION_ID) values (4,32);

insert into SEC_ROLE_PERMISSION (ROLE_ID, PERMISSION_ID) values (4,50);
insert into SEC_ROLE_PERMISSION (ROLE_ID, PERMISSION_ID) values (4,51);
insert into SEC_ROLE_PERMISSION (ROLE_ID, PERMISSION_ID) values (4,52);
insert into SEC_ROLE_PERMISSION (ROLE_ID, PERMISSION_ID) values (4,53);
insert into SEC_ROLE_PERMISSION (ROLE_ID, PERMISSION_ID) values (4,54);
insert into SEC_ROLE_PERMISSION (ROLE_ID, PERMISSION_ID) values (4,55);
insert into SEC_ROLE_PERMISSION (ROLE_ID, PERMISSION_ID) values (4,56);
insert into SEC_ROLE_PERMISSION (ROLE_ID, PERMISSION_ID) values (4,57);
insert into SEC_ROLE_PERMISSION (ROLE_ID, PERMISSION_ID) values (4,58);
insert into SEC_ROLE_PERMISSION (ROLE_ID, PERMISSION_ID) values (4,59);
insert into SEC_ROLE_PERMISSION (ROLE_ID, PERMISSION_ID) values (4,60);
insert into SEC_ROLE_PERMISSION (ROLE_ID, PERMISSION_ID) values (4,130);
insert into SEC_ROLE_PERMISSION (ROLE_ID, PERMISSION_ID) values (4,132);

insert into SEC_ROLE_PERMISSION (ROLE_ID, PERMISSION_ID) values (4,61);
insert into SEC_ROLE_PERMISSION (ROLE_ID, PERMISSION_ID) values (4,62);
insert into SEC_ROLE_PERMISSION (ROLE_ID, PERMISSION_ID) values (4,63);
insert into SEC_ROLE_PERMISSION (ROLE_ID, PERMISSION_ID) values (4,64);

insert into SEC_ROLE_PERMISSION (ROLE_ID, PERMISSION_ID) values (4,71);
insert into SEC_ROLE_PERMISSION (ROLE_ID, PERMISSION_ID) values (4,72);
insert into SEC_ROLE_PERMISSION (ROLE_ID, PERMISSION_ID) values (4,75);
insert into SEC_ROLE_PERMISSION (ROLE_ID, PERMISSION_ID) values (4,76);
insert into SEC_ROLE_PERMISSION (ROLE_ID, PERMISSION_ID) values (4,77);
insert into SEC_ROLE_PERMISSION (ROLE_ID, PERMISSION_ID) values (4,78);

insert into SEC_ROLE_PERMISSION (ROLE_ID, PERMISSION_ID) values (4,81);
insert into SEC_ROLE_PERMISSION (ROLE_ID, PERMISSION_ID) values (4,82);

insert into SEC_ROLE_PERMISSION (ROLE_ID, PERMISSION_ID) values (4,111);

insert into SEC_ROLE_PERMISSION (ROLE_ID, PERMISSION_ID) values (4,141);

-- BILLING_MANAGER
insert into SEC_ROLE_PERMISSION (ROLE_ID, PERMISSION_ID) values (5,11);
insert into SEC_ROLE_PERMISSION (ROLE_ID, PERMISSION_ID) values (5,12);
insert into SEC_ROLE_PERMISSION (ROLE_ID, PERMISSION_ID) values (5,13);

insert into SEC_ROLE_PERMISSION (ROLE_ID, PERMISSION_ID) values (5,21);
insert into SEC_ROLE_PERMISSION (ROLE_ID, PERMISSION_ID) values (5,22);
insert into SEC_ROLE_PERMISSION (ROLE_ID, PERMISSION_ID) values (5,23);

insert into SEC_ROLE_PERMISSION (ROLE_ID, PERMISSION_ID) values (5,31);
insert into SEC_ROLE_PERMISSION (ROLE_ID, PERMISSION_ID) values (5,32);

insert into SEC_ROLE_PERMISSION (ROLE_ID, PERMISSION_ID) values (5,50);
insert into SEC_ROLE_PERMISSION (ROLE_ID, PERMISSION_ID) values (5,51);
insert into SEC_ROLE_PERMISSION (ROLE_ID, PERMISSION_ID) values (5,52);
insert into SEC_ROLE_PERMISSION (ROLE_ID, PERMISSION_ID) values (5,53);
insert into SEC_ROLE_PERMISSION (ROLE_ID, PERMISSION_ID) values (5,54);
insert into SEC_ROLE_PERMISSION (ROLE_ID, PERMISSION_ID) values (5,55);
insert into SEC_ROLE_PERMISSION (ROLE_ID, PERMISSION_ID) values (5,56);
insert into SEC_ROLE_PERMISSION (ROLE_ID, PERMISSION_ID) values (5,57);
insert into SEC_ROLE_PERMISSION (ROLE_ID, PERMISSION_ID) values (5,58);
insert into SEC_ROLE_PERMISSION (ROLE_ID, PERMISSION_ID) values (5,59);
insert into SEC_ROLE_PERMISSION (ROLE_ID, PERMISSION_ID) values (5,60);
insert into SEC_ROLE_PERMISSION (ROLE_ID, PERMISSION_ID) values (5,130);
insert into SEC_ROLE_PERMISSION (ROLE_ID, PERMISSION_ID) values (5,131);
insert into SEC_ROLE_PERMISSION (ROLE_ID, PERMISSION_ID) values (5,132);


insert into SEC_ROLE_PERMISSION (ROLE_ID, PERMISSION_ID) values (5,61);
insert into SEC_ROLE_PERMISSION (ROLE_ID, PERMISSION_ID) values (5,62);
insert into SEC_ROLE_PERMISSION (ROLE_ID, PERMISSION_ID) values (5,63);
insert into SEC_ROLE_PERMISSION (ROLE_ID, PERMISSION_ID) values (5,64);
insert into SEC_ROLE_PERMISSION (ROLE_ID, PERMISSION_ID) values (5,65);
insert into SEC_ROLE_PERMISSION (ROLE_ID, PERMISSION_ID) values (5,66);
insert into SEC_ROLE_PERMISSION (ROLE_ID, PERMISSION_ID) values (5,67);
insert into SEC_ROLE_PERMISSION (ROLE_ID, PERMISSION_ID) values (5,68);
insert into SEC_ROLE_PERMISSION (ROLE_ID, PERMISSION_ID) values (5,69);
insert into SEC_ROLE_PERMISSION (ROLE_ID, PERMISSION_ID) values (5,70);

insert into SEC_ROLE_PERMISSION (ROLE_ID, PERMISSION_ID) values (5,71);
insert into SEC_ROLE_PERMISSION (ROLE_ID, PERMISSION_ID) values (5,72);
insert into SEC_ROLE_PERMISSION (ROLE_ID, PERMISSION_ID) values (5,73);
insert into SEC_ROLE_PERMISSION (ROLE_ID, PERMISSION_ID) values (5,74);
insert into SEC_ROLE_PERMISSION (ROLE_ID, PERMISSION_ID) values (5,75);
insert into SEC_ROLE_PERMISSION (ROLE_ID, PERMISSION_ID) values (5,76);
insert into SEC_ROLE_PERMISSION (ROLE_ID, PERMISSION_ID) values (5,77);
insert into SEC_ROLE_PERMISSION (ROLE_ID, PERMISSION_ID) values (5,78);

insert into SEC_ROLE_PERMISSION (ROLE_ID, PERMISSION_ID) values (5,81);
insert into SEC_ROLE_PERMISSION (ROLE_ID, PERMISSION_ID) values (5,82);

insert into SEC_ROLE_PERMISSION (ROLE_ID, PERMISSION_ID) values (5,96);
insert into SEC_ROLE_PERMISSION (ROLE_ID, PERMISSION_ID) values (5,97);
insert into SEC_ROLE_PERMISSION (ROLE_ID, PERMISSION_ID) values (5,98);
insert into SEC_ROLE_PERMISSION (ROLE_ID, PERMISSION_ID) values (5,99);
insert into SEC_ROLE_PERMISSION (ROLE_ID, PERMISSION_ID) values (5,100);
insert into SEC_ROLE_PERMISSION (ROLE_ID, PERMISSION_ID) values (5,101);
insert into SEC_ROLE_PERMISSION (ROLE_ID, PERMISSION_ID) values (5,102);

insert into SEC_ROLE_PERMISSION (ROLE_ID, PERMISSION_ID) values (5,111);
insert into SEC_ROLE_PERMISSION (ROLE_ID, PERMISSION_ID) values (5,112);

insert into SEC_ROLE_PERMISSION (ROLE_ID, PERMISSION_ID) values (5,121);

insert into SEC_ROLE_PERMISSION (ROLE_ID, PERMISSION_ID) values (5,141);

insert into SEC_ROLE_PERMISSION (ROLE_ID, PERMISSION_ID) values (5,151);

insert into SEC_ROLE_PERMISSION (ROLE_ID, PERMISSION_ID) values (5,161);

insert into SEC_ROLE_PERMISSION (ROLE_ID, PERMISSION_ID) values (5,171);



-- VIEW_AND_REPORTING
insert into SEC_ROLE_PERMISSION (ROLE_ID, PERMISSION_ID) values (6,11);
insert into SEC_ROLE_PERMISSION (ROLE_ID, PERMISSION_ID) values (6,13);

insert into SEC_ROLE_PERMISSION (ROLE_ID, PERMISSION_ID) values (6,21);

insert into SEC_ROLE_PERMISSION (ROLE_ID, PERMISSION_ID) values (6,31);

insert into SEC_ROLE_PERMISSION (ROLE_ID, PERMISSION_ID) values (6,50);
insert into SEC_ROLE_PERMISSION (ROLE_ID, PERMISSION_ID) values (6,51);
insert into SEC_ROLE_PERMISSION (ROLE_ID, PERMISSION_ID) values (6,52);
insert into SEC_ROLE_PERMISSION (ROLE_ID, PERMISSION_ID) values (6,53);
insert into SEC_ROLE_PERMISSION (ROLE_ID, PERMISSION_ID) values (6,54);
insert into SEC_ROLE_PERMISSION (ROLE_ID, PERMISSION_ID) values (6,55);
insert into SEC_ROLE_PERMISSION (ROLE_ID, PERMISSION_ID) values (6,56);
insert into SEC_ROLE_PERMISSION (ROLE_ID, PERMISSION_ID) values (6,57);
insert into SEC_ROLE_PERMISSION (ROLE_ID, PERMISSION_ID) values (6,58);
insert into SEC_ROLE_PERMISSION (ROLE_ID, PERMISSION_ID) values (6,59);
insert into SEC_ROLE_PERMISSION (ROLE_ID, PERMISSION_ID) values (6,60);
insert into SEC_ROLE_PERMISSION (ROLE_ID, PERMISSION_ID) values (6,130);
insert into SEC_ROLE_PERMISSION (ROLE_ID, PERMISSION_ID) values (6,132);

insert into SEC_ROLE_PERMISSION (ROLE_ID, PERMISSION_ID) values (6,81);
insert into SEC_ROLE_PERMISSION (ROLE_ID, PERMISSION_ID) values (6,82);

insert into SEC_ROLE_PERMISSION (ROLE_ID, PERMISSION_ID) values (6,101);

insert into SEC_ROLE_PERMISSION (ROLE_ID, PERMISSION_ID) values (6,111);

insert into SEC_ROLE_PERMISSION (ROLE_ID, PERMISSION_ID) values (6,121);

insert into SEC_ROLE_PERMISSION (ROLE_ID, PERMISSION_ID) values (6,141);

insert into SEC_ROLE_PERMISSION (ROLE_ID, PERMISSION_ID) values (7,83);

-- COMPANY <-> USER
insert into USER_COMPANY (USER_ID,COMPANY_ID,PREBILL_AUTHORIZATION) values (1,1,0);
insert into USER_COMPANY (USER_ID,COMPANY_ID,PREBILL_AUTHORIZATION) values (2,1,0);
insert into USER_COMPANY (USER_ID,COMPANY_ID,PREBILL_AUTHORIZATION) values (3,1,0);
insert into USER_COMPANY (USER_ID,COMPANY_ID,PREBILL_AUTHORIZATION) values (3,2,0);
insert into USER_COMPANY (USER_ID,COMPANY_ID,PREBILL_AUTHORIZATION) values (4,1,0);
insert into USER_COMPANY (USER_ID,COMPANY_ID,PREBILL_AUTHORIZATION) values (5,1,0);
insert into USER_COMPANY (USER_ID,COMPANY_ID,PREBILL_AUTHORIZATION) values (6,1,0);
insert into USER_COMPANY (USER_ID,COMPANY_ID,PREBILL_AUTHORIZATION) values (7,1,0);
insert into USER_COMPANY (USER_ID,COMPANY_ID,PREBILL_AUTHORIZATION) values (7,2,0);
insert into USER_COMPANY (USER_ID,COMPANY_ID,PREBILL_AUTHORIZATION) values (7,3,0);

-- REGION
-- Company 331 - ARG
insert into REGION (REGION_ID, COMPANY_CODE, COUNTRY_ID, DESCRIPTION, REGION_CODE) values (100,'331',1,'Capital Federal','00');
insert into REGION (REGION_ID, COMPANY_CODE, COUNTRY_ID, DESCRIPTION, REGION_CODE) values (101,'331',1,'Buenos Aires','01');
insert into REGION (REGION_ID, COMPANY_CODE, COUNTRY_ID, DESCRIPTION, REGION_CODE) values (102,'331',1,'Catamarca','02');
insert into REGION (REGION_ID, COMPANY_CODE, COUNTRY_ID, DESCRIPTION, REGION_CODE) values (103,'331',1,'Córdoba','03');
insert into REGION (REGION_ID, COMPANY_CODE, COUNTRY_ID, DESCRIPTION, REGION_CODE) values (104,'331',1,'Corrientes','04');
insert into REGION (REGION_ID, COMPANY_CODE, COUNTRY_ID, DESCRIPTION, REGION_CODE) values (105,'331',1,'Entre Ríos','05');
insert into REGION (REGION_ID, COMPANY_CODE, COUNTRY_ID, DESCRIPTION, REGION_CODE) values (106,'331',1,'Jujuy','06');
insert into REGION (REGION_ID, COMPANY_CODE, COUNTRY_ID, DESCRIPTION, REGION_CODE) values (107,'331',1,'Mendoza','07');
insert into REGION (REGION_ID, COMPANY_CODE, COUNTRY_ID, DESCRIPTION, REGION_CODE) values (108,'331',1,'La Rioja','08');
insert into REGION (REGION_ID, COMPANY_CODE, COUNTRY_ID, DESCRIPTION, REGION_CODE) values (109,'331',1,'Salta','09');
insert into REGION (REGION_ID, COMPANY_CODE, COUNTRY_ID, DESCRIPTION, REGION_CODE) values (110,'331',1,'San Juan','10');
insert into REGION (REGION_ID, COMPANY_CODE, COUNTRY_ID, DESCRIPTION, REGION_CODE) values (111,'331',1,'San Luis','11');
insert into REGION (REGION_ID, COMPANY_CODE, COUNTRY_ID, DESCRIPTION, REGION_CODE) values (12,'331',1,'Santa Fe','12');
insert into REGION (REGION_ID, COMPANY_CODE, COUNTRY_ID, DESCRIPTION, REGION_CODE) values (113,'331',1,'Santiago del Estero','13');
insert into REGION (REGION_ID, COMPANY_CODE, COUNTRY_ID, DESCRIPTION, REGION_CODE) values (114,'331',1,'Tucuman','14');
insert into REGION (REGION_ID, COMPANY_CODE, COUNTRY_ID, DESCRIPTION, REGION_CODE) values (116,'331',1,'Chaco','16');
insert into REGION (REGION_ID, COMPANY_CODE, COUNTRY_ID, DESCRIPTION, REGION_CODE) values (117,'331',1,'Chubut','17');
insert into REGION (REGION_ID, COMPANY_CODE, COUNTRY_ID, DESCRIPTION, REGION_CODE) values (118,'331',1,'Formosa','18');
insert into REGION (REGION_ID, COMPANY_CODE, COUNTRY_ID, DESCRIPTION, REGION_CODE) values (119,'331',1,'Misiones','19');
insert into REGION (REGION_ID, COMPANY_CODE, COUNTRY_ID, DESCRIPTION, REGION_CODE) values (120,'331',1,'Neuquén','20');
insert into REGION (REGION_ID, COMPANY_CODE, COUNTRY_ID, DESCRIPTION, REGION_CODE) values (121,'331',1,'La Pampa','21');
insert into REGION (REGION_ID, COMPANY_CODE, COUNTRY_ID, DESCRIPTION, REGION_CODE) values (122,'331',1,'Río Negro','22');
insert into REGION (REGION_ID, COMPANY_CODE, COUNTRY_ID, DESCRIPTION, REGION_CODE) values (123,'331',1,'Santa Cruz', '23');
insert into REGION (REGION_ID, COMPANY_CODE, COUNTRY_ID, DESCRIPTION, REGION_CODE) values (124,'331',1,'Tierra del Fuego' ,'24');
insert into REGION (REGION_ID, COMPANY_CODE, COUNTRY_ID, DESCRIPTION, REGION_CODE) values (190,'331',10,'ESTADOS UNIDOS' ,'90');
insert into REGION (REGION_ID, COMPANY_CODE, COUNTRY_ID, DESCRIPTION, REGION_CODE) values (191,'331',29,'FRANCIA', '91');
insert into REGION (REGION_ID, COMPANY_CODE, COUNTRY_ID, DESCRIPTION, REGION_CODE) values (192,'331',21,'MEXICO', '92');
insert into REGION (REGION_ID, COMPANY_CODE, COUNTRY_ID, DESCRIPTION, REGION_CODE) values (199,'331',null,'OTRA', '99');
-- Company 315 - MEX
insert into REGION (REGION_ID, COMPANY_CODE, COUNTRY_ID, DESCRIPTION, REGION_CODE) values (2000,'315',21, 'Aguascalientes','Ags.');
insert into REGION (REGION_ID, COMPANY_CODE, COUNTRY_ID, DESCRIPTION, REGION_CODE) values (2001,'315',21, 'Baja California','B.C.');
insert into REGION (REGION_ID, COMPANY_CODE, COUNTRY_ID, DESCRIPTION, REGION_CODE) values (2002,'315',21, 'Baja California Sur','B.C.S.');
insert into REGION (REGION_ID, COMPANY_CODE, COUNTRY_ID, DESCRIPTION, REGION_CODE) values (2003,'315',21, 'Campeche','Camp.');
insert into REGION (REGION_ID, COMPANY_CODE, COUNTRY_ID, DESCRIPTION, REGION_CODE) values (2004,'315',21, 'Coahuila','Chis.');
insert into REGION (REGION_ID, COMPANY_CODE, COUNTRY_ID, DESCRIPTION, REGION_CODE) values (2005,'315',21, 'Colima','Chih.');
insert into REGION (REGION_ID, COMPANY_CODE, COUNTRY_ID, DESCRIPTION, REGION_CODE) values (2006,'315',21, 'Chiapas','Coah.');
insert into REGION (REGION_ID, COMPANY_CODE, COUNTRY_ID, DESCRIPTION, REGION_CODE) values (2007,'315',21, 'Chihuahua','Col.');
insert into REGION (REGION_ID, COMPANY_CODE, COUNTRY_ID, DESCRIPTION, REGION_CODE) values (2008,'315',21, 'Distrito Federal','D.F.');
insert into REGION (REGION_ID, COMPANY_CODE, COUNTRY_ID, DESCRIPTION, REGION_CODE) values (2009,'315',21, 'Durango','Dgo.');
insert into REGION (REGION_ID, COMPANY_CODE, COUNTRY_ID, DESCRIPTION, REGION_CODE) values (2010,'315',21, 'Guanajuato','Gto.');
insert into REGION (REGION_ID, COMPANY_CODE, COUNTRY_ID, DESCRIPTION, REGION_CODE) values (2011,'315',21, 'Guerrero','Gro.');
insert into REGION (REGION_ID, COMPANY_CODE, COUNTRY_ID, DESCRIPTION, REGION_CODE) values (2012,'315',21, 'Hidalgo','Hgo.');
insert into REGION (REGION_ID, COMPANY_CODE, COUNTRY_ID, DESCRIPTION, REGION_CODE) values (2013,'315',21, 'Jalisco','Jal.');
insert into REGION (REGION_ID, COMPANY_CODE, COUNTRY_ID, DESCRIPTION, REGION_CODE) values (2014,'315',21, 'México','Méx.');
insert into REGION (REGION_ID, COMPANY_CODE, COUNTRY_ID, DESCRIPTION, REGION_CODE) values (2015,'315',21, 'Michoacán','Mich.');
insert into REGION (REGION_ID, COMPANY_CODE, COUNTRY_ID, DESCRIPTION, REGION_CODE) values (2016,'315',21, 'Morelos','Mor.');
insert into REGION (REGION_ID, COMPANY_CODE, COUNTRY_ID, DESCRIPTION, REGION_CODE) values (2017,'315',21, 'Nayarit','Nay.');
insert into REGION (REGION_ID, COMPANY_CODE, COUNTRY_ID, DESCRIPTION, REGION_CODE) values (2018,'315',21, 'Nuevo León','N.L.');
insert into REGION (REGION_ID, COMPANY_CODE, COUNTRY_ID, DESCRIPTION, REGION_CODE) values (2019,'315',21, 'Oaxaca','Oax.');
insert into REGION (REGION_ID, COMPANY_CODE, COUNTRY_ID, DESCRIPTION, REGION_CODE) values (2020,'315',21, 'Puebla','Pue.');
insert into REGION (REGION_ID, COMPANY_CODE, COUNTRY_ID, DESCRIPTION, REGION_CODE) values (2021,'315',21, 'Querétaro','Qro.');
insert into REGION (REGION_ID, COMPANY_CODE, COUNTRY_ID, DESCRIPTION, REGION_CODE) values (2022,'315',21, 'Quintana Roo','Q. Roo.');
insert into REGION (REGION_ID, COMPANY_CODE, COUNTRY_ID, DESCRIPTION, REGION_CODE) values (2023,'315',21, 'San Luis Potosí','S.L.P.');
insert into REGION (REGION_ID, COMPANY_CODE, COUNTRY_ID, DESCRIPTION, REGION_CODE) values (2024,'315',21, 'Sinaloa','Sin.');
insert into REGION (REGION_ID, COMPANY_CODE, COUNTRY_ID, DESCRIPTION, REGION_CODE) values (2025,'315',21, 'Sonora','Son.');
insert into REGION (REGION_ID, COMPANY_CODE, COUNTRY_ID, DESCRIPTION, REGION_CODE) values (2026,'315',21, 'Tabasco','Tab.');
insert into REGION (REGION_ID, COMPANY_CODE, COUNTRY_ID, DESCRIPTION, REGION_CODE) values (2027,'315',21, 'Tamaulipas','Tamps.');
insert into REGION (REGION_ID, COMPANY_CODE, COUNTRY_ID, DESCRIPTION, REGION_CODE) values (2028,'315',21, 'Tlaxcala','Tlax.');
insert into REGION (REGION_ID, COMPANY_CODE, COUNTRY_ID, DESCRIPTION, REGION_CODE) values (2029,'315',21, 'Veracruz','Ver.');
insert into REGION (REGION_ID, COMPANY_CODE, COUNTRY_ID, DESCRIPTION, REGION_CODE) values (2030,'315',21, 'Yucatán','Yuc.');
insert into REGION (REGION_ID, COMPANY_CODE, COUNTRY_ID, DESCRIPTION, REGION_CODE) values (2031,'315',21, 'Zacatecas','Zac.');
insert into REGION (REGION_ID, COMPANY_CODE, COUNTRY_ID, DESCRIPTION, REGION_CODE) values (2032,'315',null,'N/A', 'N/A');

-- Company 318 - COL
insert into REGION (REGION_ID, COMPANY_CODE, COUNTRY_ID, DESCRIPTION, REGION_CODE) values (3000,'318',7, 'Bogotá, D. C','00');
insert into REGION (REGION_ID, COMPANY_CODE, COUNTRY_ID, DESCRIPTION, REGION_CODE) values (3001,'318',7, 'Amazonas','01');
insert into REGION (REGION_ID, COMPANY_CODE, COUNTRY_ID, DESCRIPTION, REGION_CODE) values (3002,'318',7, 'Antioquia','02');
insert into REGION (REGION_ID, COMPANY_CODE, COUNTRY_ID, DESCRIPTION, REGION_CODE) values (3003,'318',7, 'Arauca','03');
insert into REGION (REGION_ID, COMPANY_CODE, COUNTRY_ID, DESCRIPTION, REGION_CODE) values (3004,'318',7, 'Atlántico','04');
insert into REGION (REGION_ID, COMPANY_CODE, COUNTRY_ID, DESCRIPTION, REGION_CODE) values (3005,'318',7, 'Bolívar','05');
insert into REGION (REGION_ID, COMPANY_CODE, COUNTRY_ID, DESCRIPTION, REGION_CODE) values (3006,'318',7, 'Boyacá','06');
insert into REGION (REGION_ID, COMPANY_CODE, COUNTRY_ID, DESCRIPTION, REGION_CODE) values (3007,'318',7, 'Caldas','07');
insert into REGION (REGION_ID, COMPANY_CODE, COUNTRY_ID, DESCRIPTION, REGION_CODE) values (3008,'318',7, 'Caquetá','08');
insert into REGION (REGION_ID, COMPANY_CODE, COUNTRY_ID, DESCRIPTION, REGION_CODE) values (3009,'318',7, 'Casanare','09');
insert into REGION (REGION_ID, COMPANY_CODE, COUNTRY_ID, DESCRIPTION, REGION_CODE) values (3010,'318',7, 'Cauca','10');
insert into REGION (REGION_ID, COMPANY_CODE, COUNTRY_ID, DESCRIPTION, REGION_CODE) values (3011,'318',7, 'Cesar','11');
insert into REGION (REGION_ID, COMPANY_CODE, COUNTRY_ID, DESCRIPTION, REGION_CODE) values (3012,'318',7, 'Chocó','12');
insert into REGION (REGION_ID, COMPANY_CODE, COUNTRY_ID, DESCRIPTION, REGION_CODE) values (3013,'318',7, 'Córdoba','13');
insert into REGION (REGION_ID, COMPANY_CODE, COUNTRY_ID, DESCRIPTION, REGION_CODE) values (3014,'318',7, 'Cundinamarca','14');
insert into REGION (REGION_ID, COMPANY_CODE, COUNTRY_ID, DESCRIPTION, REGION_CODE) values (3015,'318',7, 'Guainía','15');
insert into REGION (REGION_ID, COMPANY_CODE, COUNTRY_ID, DESCRIPTION, REGION_CODE) values (3016,'318',7, 'Guaviare','16');
insert into REGION (REGION_ID, COMPANY_CODE, COUNTRY_ID, DESCRIPTION, REGION_CODE) values (3017,'318',7, 'Huila','17');
insert into REGION (REGION_ID, COMPANY_CODE, COUNTRY_ID, DESCRIPTION, REGION_CODE) values (3018,'318',7, 'La Guajira','18');
insert into REGION (REGION_ID, COMPANY_CODE, COUNTRY_ID, DESCRIPTION, REGION_CODE) values (3019,'318',7, 'Magdalena','19');
insert into REGION (REGION_ID, COMPANY_CODE, COUNTRY_ID, DESCRIPTION, REGION_CODE) values (3020,'318',7, 'Meta','20');
insert into REGION (REGION_ID, COMPANY_CODE, COUNTRY_ID, DESCRIPTION, REGION_CODE) values (3021,'318',7, 'Nariño','21');
insert into REGION (REGION_ID, COMPANY_CODE, COUNTRY_ID, DESCRIPTION, REGION_CODE) values (3022,'318',7, 'Norte de Santander','22');
insert into REGION (REGION_ID, COMPANY_CODE, COUNTRY_ID, DESCRIPTION, REGION_CODE) values (3023,'318',7, 'Putumayo','23');
insert into REGION (REGION_ID, COMPANY_CODE, COUNTRY_ID, DESCRIPTION, REGION_CODE) values (3024,'318',7, 'Quindío','24');
insert into REGION (REGION_ID, COMPANY_CODE, COUNTRY_ID, DESCRIPTION, REGION_CODE) values (3025,'318',7, 'Risaralda','25');
insert into REGION (REGION_ID, COMPANY_CODE, COUNTRY_ID, DESCRIPTION, REGION_CODE) values (3026,'318',7, 'San Andrés y Providencia','26');
insert into REGION (REGION_ID, COMPANY_CODE, COUNTRY_ID, DESCRIPTION, REGION_CODE) values (3027,'318',7, 'Santander','27');
insert into REGION (REGION_ID, COMPANY_CODE, COUNTRY_ID, DESCRIPTION, REGION_CODE) values (3028,'318',7, 'Sucre','28');
insert into REGION (REGION_ID, COMPANY_CODE, COUNTRY_ID, DESCRIPTION, REGION_CODE) values (3029,'318',7, 'Tolima','29');
insert into REGION (REGION_ID, COMPANY_CODE, COUNTRY_ID, DESCRIPTION, REGION_CODE) values (3030,'318',7, 'Valle del Cauca','30');
insert into REGION (REGION_ID, COMPANY_CODE, COUNTRY_ID, DESCRIPTION, REGION_CODE) values (3031,'318',7, 'Vaupés','31');
insert into REGION (REGION_ID, COMPANY_CODE, COUNTRY_ID, DESCRIPTION, REGION_CODE) values (3032,'318',7, 'Vichada','32');
insert into REGION (REGION_ID, COMPANY_CODE, COUNTRY_ID, DESCRIPTION, REGION_CODE) values (3099,'318',null,'OTRA', '99');


-- BATCH LOG TYPE
insert into BATCH_LOG_TYPE(BATCH_LOG_TYPE_CODE,DESCRIPTION,ERROR) values ('LOG','LOG Description',0);
insert into BATCH_LOG_TYPE(BATCH_LOG_TYPE_CODE,DESCRIPTION,ERROR) values ('ERROR','ERROR Description',1);
insert into BATCH_LOG_TYPE(BATCH_LOG_TYPE_CODE,DESCRIPTION,ERROR) values ('BUSINESS_ERROR','BUSINESS_ERROR Description',1);
insert into BATCH_LOG_TYPE(BATCH_LOG_TYPE_CODE,DESCRIPTION,ERROR) values ('BATCH_VALIDATION_ERROR','BATCH_VALIDATION_ERROR Description',1);
insert into BATCH_LOG_TYPE(BATCH_LOG_TYPE_CODE,DESCRIPTION,ERROR) values ('BATCH_IMPORT_ERROR','BATCH_IMPORT_ERROR Description',1);
insert into BATCH_LOG_TYPE(BATCH_LOG_TYPE_CODE,DESCRIPTION,ERROR) values ('DUPLICATE_TIN_ERROR','DUPLICATE TIN ERROR Description',1);
insert into BATCH_LOG_TYPE(BATCH_LOG_TYPE_CODE,DESCRIPTION,ERROR) values ('INVALID_TIN_ERROR','INVALID TIN ERROR Description',1);
insert into BATCH_LOG_TYPE(BATCH_LOG_TYPE_CODE,DESCRIPTION,ERROR) values ('INVALID_TRANSMISSION_ORDER_ERROR','INVALID TRANSMISSION ORDER ERROR Description',1);

-- ERP LOG TYPE
insert into ERP_LOG_TYPE(ERP_LOG_TYPE_CODE,DESCRIPTION,ERP_TYPE) values ('LOG','LOG Description','LOG');
insert into ERP_LOG_TYPE(ERP_LOG_TYPE_CODE,DESCRIPTION,ERP_TYPE) values ('ERROR','ERROR Description','ERROR');

-- ERP LOG										
insert into ERP_LOG (ERP_LOG_ID ,START_DATE, INVOICES_TRANSMITTED, MESSAGE, ERP_LOG_TYPE, MODIFIED_BY) values (1,to_timestamp('2015-04-01 07:00:00','YYYY-MM-DD HH24:MI:SS'), '' , 'ERROR SENT' , 'ERROR' ,'ADMIN' );

-- BATCH												
insert into BATCH (BATCH_ID,START_DATE,END_DATE,BATCH_FILE_ID,EXTRACT_START_DATE,EXTRACT_END_DATE,EXTRACT_USER_ID,NUMBER_OF_RECORDS,NUMBER_OF_INVOICES,NUMBER_OF_CUSTOMERS,STATUS,COMPANY_CODE,BATCH_TYPE,MODIFIED_BY) values (1,to_timestamp('2015-04-01 07:00:00','YYYY-MM-DD HH24:MI:SS'),to_timestamp('2015-04-01 07:02:00','YYYY-MM-DD HH24:MI:SS'),'10316',to_timestamp('2014-10-01 11:22:11','YYYY-MM-DD HH24:MI:SS'),to_timestamp('2014-10-01 11:22:12','YYYY-MM-DD HH24:MI:SS'),'MEYMARTI',333,3,0,'FAILED','331','TRANSMISSION_ORDERS','dgarcia');
insert into BATCH (BATCH_ID,START_DATE,END_DATE,BATCH_FILE_ID,EXTRACT_START_DATE,EXTRACT_END_DATE,EXTRACT_USER_ID,NUMBER_OF_RECORDS,NUMBER_OF_INVOICES,NUMBER_OF_CUSTOMERS,STATUS,COMPANY_CODE,BATCH_TYPE,MODIFIED_BY) values (4,to_timestamp('2015-05-19 02:56:16','YYYY-MM-DD HH24:MI:SS'),to_timestamp('2015-05-19 03:00:06','YYYY-MM-DD HH24:MI:SS'),'0000010316',to_timestamp('2014-10-01 11:22:14','YYYY-MM-DD HH24:MI:SS'),to_timestamp('2014-10-01 11:24:44','YYYY-MM-DD HH24:MI:SS'),'MEYMARTI',48786,721,null,'COMPLETED','331','TRANSMISSION_ORDERS','dgarcia');
insert into BATCH (BATCH_ID,START_DATE,END_DATE,BATCH_FILE_ID,EXTRACT_START_DATE,EXTRACT_END_DATE,EXTRACT_USER_ID,NUMBER_OF_RECORDS,NUMBER_OF_INVOICES,NUMBER_OF_CUSTOMERS,STATUS,COMPANY_CODE,BATCH_TYPE,MODIFIED_BY) values (2,to_timestamp('2015-04-02 07:00:00','YYYY-MM-DD HH24:MI:SS'),to_timestamp('2015-04-01 07:02:00','YYYY-MM-DD HH24:MI:SS'),'BatchFileID2',to_timestamp('2015-04-01 07:00:00','YYYY-MM-DD HH24:MI:SS'),to_timestamp('2015-04-01 07:00:00','YYYY-MM-DD HH24:MI:SS'),'ExtractUserID2',1,1,1,'COMPLETED_WITH_FAILURE','331','CUSTOMERS','dgarcia');
insert into BATCH (BATCH_ID,START_DATE,END_DATE,BATCH_FILE_ID,EXTRACT_START_DATE,EXTRACT_END_DATE,EXTRACT_USER_ID,NUMBER_OF_RECORDS,NUMBER_OF_INVOICES,NUMBER_OF_CUSTOMERS,STATUS,COMPANY_CODE,BATCH_TYPE,MODIFIED_BY) values (5,to_timestamp('2015-04-05 09:00:00','YYYY-MM-DD HH24:MI:SS'),to_timestamp('2015-04-01 07:02:00','YYYY-MM-DD HH24:MI:SS'),'BatchFileID5',to_timestamp('2015-04-01 07:00:00','YYYY-MM-DD HH24:MI:SS'),to_timestamp('2015-04-01 07:00:00','YYYY-MM-DD HH24:MI:SS'),'ExtractUserID5',1,1,1,'INVALID','331','CUSTOMERS','dgarcia');
insert into BATCH (BATCH_ID,START_DATE,END_DATE,BATCH_FILE_ID,EXTRACT_START_DATE,EXTRACT_END_DATE,EXTRACT_USER_ID,NUMBER_OF_RECORDS,NUMBER_OF_INVOICES,NUMBER_OF_CUSTOMERS,STATUS,COMPANY_CODE,BATCH_TYPE,MODIFIED_BY) values (3,to_timestamp('2015-04-03 07:00:00','YYYY-MM-DD HH24:MI:SS'),to_timestamp('2015-04-01 07:02:00','YYYY-MM-DD HH24:MI:SS'),'BatchFileID3',to_timestamp('2015-04-01 07:00:00','YYYY-MM-DD HH24:MI:SS'),to_timestamp('2015-04-01 07:00:00','YYYY-MM-DD HH24:MI:SS'),'ExtractUserID3',1,1,1,'COMPLETED','331','CUSTOMERS','dgarcia');
insert into BATCH (BATCH_ID,START_DATE,END_DATE,BATCH_FILE_ID,EXTRACT_START_DATE,EXTRACT_END_DATE,EXTRACT_USER_ID,NUMBER_OF_RECORDS,NUMBER_OF_INVOICES,NUMBER_OF_CUSTOMERS,STATUS,COMPANY_CODE,BATCH_TYPE,MODIFIED_BY) values (6,to_timestamp('2015-04-03 07:00:00','YYYY-MM-DD HH24:MI:SS'),to_timestamp('2015-04-01 07:02:00','YYYY-MM-DD HH24:MI:SS'),'BatchFileID3',to_timestamp('2015-04-01 07:00:00','YYYY-MM-DD HH24:MI:SS'),to_timestamp('2015-04-01 07:00:00','YYYY-MM-DD HH24:MI:SS'),'ExtractUserID3',1,1,1,'FAILED','331','CUSTOMERS','dgarcia');
insert into BATCH (BATCH_ID,START_DATE,END_DATE,BATCH_FILE_ID,EXTRACT_START_DATE,EXTRACT_END_DATE,EXTRACT_USER_ID,NUMBER_OF_RECORDS,NUMBER_OF_INVOICES,NUMBER_OF_CUSTOMERS,STATUS,COMPANY_CODE,BATCH_TYPE,MODIFIED_BY) values (7,to_timestamp('2015-04-03 07:00:00','YYYY-MM-DD HH24:MI:SS'),to_timestamp('2015-04-01 07:02:00','YYYY-MM-DD HH24:MI:SS'),'BatchFileID3',to_timestamp('2015-04-01 07:00:00','YYYY-MM-DD HH24:MI:SS'),to_timestamp('2015-04-01 07:00:00','YYYY-MM-DD HH24:MI:SS'),'ExtractUserID3',1,1,1,'COMPLETED','331','CUSTOMERS','dgarcia');
insert into BATCH (BATCH_ID,START_DATE,END_DATE,BATCH_FILE_ID,EXTRACT_START_DATE,EXTRACT_END_DATE,EXTRACT_USER_ID,NUMBER_OF_RECORDS,NUMBER_OF_INVOICES,NUMBER_OF_CUSTOMERS,STATUS,COMPANY_CODE,BATCH_TYPE,MODIFIED_BY) values (8,to_timestamp('2015-04-03 07:00:00','YYYY-MM-DD HH24:MI:SS'),to_timestamp('2015-04-01 07:02:00','YYYY-MM-DD HH24:MI:SS'),'BatchFileID3',to_timestamp('2015-04-01 07:00:00','YYYY-MM-DD HH24:MI:SS'),to_timestamp('2015-04-01 07:00:00','YYYY-MM-DD HH24:MI:SS'),'ExtractUserID3',1,1,1,'ACCEPTED_WITH_FAILURE','331','CUSTOMERS','dgarcia');
insert into BATCH (BATCH_ID,START_DATE,END_DATE,BATCH_FILE_ID,EXTRACT_START_DATE,EXTRACT_END_DATE,EXTRACT_USER_ID,NUMBER_OF_RECORDS,NUMBER_OF_INVOICES,NUMBER_OF_CUSTOMERS,STATUS,COMPANY_CODE,BATCH_TYPE,MODIFIED_BY) values (9,to_timestamp('2015-04-03 07:00:00','YYYY-MM-DD HH24:MI:SS'),to_timestamp('2015-04-01 07:02:00','YYYY-MM-DD HH24:MI:SS'),'BatchFileID3',to_timestamp('2015-04-01 07:00:00','YYYY-MM-DD HH24:MI:SS'),to_timestamp('2015-04-01 07:00:00','YYYY-MM-DD HH24:MI:SS'),'ExtractUserID3',1,1,1,'ACCEPTED','331','CUSTOMERS','dgarcia');

-- BATCH LOG
insert into BATCH_LOG (BATCH_LOG_ID,RECORD_NUMBER,MESSAGE,BATCH_LOG_TYPE,BATCH_ID) values(1,1,'Batch Customer Integration started.','LOG',1);
insert into BATCH_LOG (BATCH_LOG_ID,RECORD_NUMBER,MESSAGE,BATCH_LOG_TYPE,BATCH_ID) values(2,1,'Batch Customer Integration finished.','LOG',1);

insert into BATCH_LOG (BATCH_LOG_ID,RECORD_NUMBER,MESSAGE,BATCH_LOG_TYPE,BATCH_ID) values(3,1,'Message1','LOG',1);

insert into BATCH_LOG (BATCH_LOG_ID,RECORD_NUMBER,MESSAGE,BATCH_LOG_TYPE,BATCH_ID) values(4,1,'Message2','BUSINESS_ERROR',2);
insert into BATCH_LOG (BATCH_LOG_ID,RECORD_NUMBER,MESSAGE,BATCH_LOG_TYPE,BATCH_ID) values(5,1,'Message 3','ERROR',3);
insert into BATCH_LOG (BATCH_LOG_ID,RECORD_NUMBER,MESSAGE,BATCH_LOG_TYPE,BATCH_ID) values(6,2,'Message 4','ERROR',3);
insert into BATCH_LOG (BATCH_LOG_ID,RECORD_NUMBER,MESSAGE,BATCH_LOG_TYPE,BATCH_ID) values(7,3,'Message 4','ERROR',3);

-- BILLING SCENARIO
-- Company 331 - ARG
insert into BILLING_SCENARIO (BILLING_SCENARIO_ID,COMPANY_CODE,BILLING_SCENARIO_NUMBER,SEND_INVOICE_TO,SEND_CREDIT_NOTE_TO,GROSS,PREBILL,DESCRIPTION,ENABLED,MODIFIED_BY,MANUAL) values (1,'331','01','AGENCY','AGENCY',1,0,'Invoice and Credit Note to Agency',1,'dgarcia',1);
insert into BILLING_SCENARIO (BILLING_SCENARIO_ID,COMPANY_CODE,BILLING_SCENARIO_NUMBER,SEND_INVOICE_TO,SEND_CREDIT_NOTE_TO,GROSS,PREBILL,DESCRIPTION,ENABLED,MODIFIED_BY,MANUAL) values (2,'331','02','ADVERTISER','EXPENSE_ACCRUAL',1,0,'Invoice to Advertiser and Commission Accrual to Agency',1,'dgarcia',1);
insert into BILLING_SCENARIO (BILLING_SCENARIO_ID,COMPANY_CODE,BILLING_SCENARIO_NUMBER,SEND_INVOICE_TO,SEND_CREDIT_NOTE_TO,GROSS,PREBILL,DESCRIPTION,ENABLED,MODIFIED_BY,MANUAL) values (3,'331','03','ADVERTISER',null,1,0,'Invoice to Advertiser',1,'dgarcia',1);
insert into BILLING_SCENARIO (BILLING_SCENARIO_ID,COMPANY_CODE,BILLING_SCENARIO_NUMBER,SEND_INVOICE_TO,SEND_CREDIT_NOTE_TO,GROSS,PREBILL,DESCRIPTION,ENABLED,MODIFIED_BY,MANUAL) values (4,'331','04','ADVERTISER','AGENCY',1,0,'Invoice to Advertiser and Credit Note to Agency',1,'dgarcia',1);
insert into BILLING_SCENARIO (BILLING_SCENARIO_ID,COMPANY_CODE,BILLING_SCENARIO_NUMBER,SEND_INVOICE_TO,SEND_CREDIT_NOTE_TO,GROSS,PREBILL,DESCRIPTION,ENABLED,MODIFIED_BY,MANUAL) values (5,'331','05','AGENCY','EXPENSE_ACCRUAL',1,0,'Invoice to Agency and Invoice received from Agency',1,'dgarcia',1);
insert into BILLING_SCENARIO (BILLING_SCENARIO_ID,COMPANY_CODE,BILLING_SCENARIO_NUMBER,SEND_INVOICE_TO,SEND_CREDIT_NOTE_TO,GROSS,PREBILL,DESCRIPTION,ENABLED,MODIFIED_BY,MANUAL) values (6,'331','06','AGENCY',null,0,0,'Invoice to Agency Net of Commission',1,'dgarcia',1);
insert into BILLING_SCENARIO (BILLING_SCENARIO_ID,COMPANY_CODE,BILLING_SCENARIO_NUMBER,SEND_INVOICE_TO,SEND_CREDIT_NOTE_TO,GROSS,PREBILL,DESCRIPTION,ENABLED,MODIFIED_BY,MANUAL) values (7,'331','09',null,'REVENUE_ACCRUAL',1,0,'Close Prebill Consumptions',1,'dgarcia',1);
insert into BILLING_SCENARIO (BILLING_SCENARIO_ID,COMPANY_CODE,BILLING_SCENARIO_NUMBER,SEND_INVOICE_TO,SEND_CREDIT_NOTE_TO,GROSS,PREBILL,DESCRIPTION,ENABLED,MODIFIED_BY,MANUAL) values (8,'331','08',null,'REVENUE_ACCRUAL',1,0,'Open Prebill Consumptions',1,'dgarcia',0);
insert into BILLING_SCENARIO (BILLING_SCENARIO_ID,COMPANY_CODE,BILLING_SCENARIO_NUMBER,SEND_INVOICE_TO,SEND_CREDIT_NOTE_TO,GROSS,PREBILL,DESCRIPTION,ENABLED,MODIFIED_BY,MANUAL) values (9,'331','07',null,'REVENUE_ACCRUAL',1,0,'Prebill Consumptions',1,'dgarcia',0);
insert into BILLING_SCENARIO (BILLING_SCENARIO_ID,COMPANY_CODE,BILLING_SCENARIO_NUMBER,SEND_INVOICE_TO,SEND_CREDIT_NOTE_TO,GROSS,PREBILL,DESCRIPTION,ENABLED,MODIFIED_BY,MANUAL) values (10,'331','00',null,null,1,0,'Ad hoc',1,'dgarcia',1);
-- Company 315 - MEX
insert into BILLING_SCENARIO (BILLING_SCENARIO_ID,COMPANY_CODE,BILLING_SCENARIO_NUMBER,SEND_INVOICE_TO,SEND_CREDIT_NOTE_TO,GROSS,PREBILL,DESCRIPTION,ENABLED,MODIFIED_BY,MANUAL) values (201,'315','01','AGENCY',null,0,0,'Invoice to Agency Net of Commission',0,'dgarcia',1);
insert into BILLING_SCENARIO (BILLING_SCENARIO_ID,COMPANY_CODE,BILLING_SCENARIO_NUMBER,SEND_INVOICE_TO,SEND_CREDIT_NOTE_TO,GROSS,PREBILL,DESCRIPTION,ENABLED,MODIFIED_BY,MANUAL) values (202,'315','02','ADVERTISER','EXPENSE_ACCRUAL',1,0,'Invoice to Advertiser and Commission Accrual to Agency',0,'dgarcia',1);
insert into BILLING_SCENARIO (BILLING_SCENARIO_ID,COMPANY_CODE,BILLING_SCENARIO_NUMBER,SEND_INVOICE_TO,SEND_CREDIT_NOTE_TO,GROSS,PREBILL,DESCRIPTION,ENABLED,MODIFIED_BY,MANUAL) values (203,'315','03','ADVERTISER',null,1,0,'Invoice to Advertiser',0,'dgarcia',1);
insert into BILLING_SCENARIO (BILLING_SCENARIO_ID,COMPANY_CODE,BILLING_SCENARIO_NUMBER,SEND_INVOICE_TO,SEND_CREDIT_NOTE_TO,GROSS,PREBILL,DESCRIPTION,ENABLED,MODIFIED_BY,MANUAL) values (204,'315','04','ADVERTISER','AGENCY',1,0,'Invoice to Advertiser and Credit Note to Agency',0,'dgarcia',1);
insert into BILLING_SCENARIO (BILLING_SCENARIO_ID,COMPANY_CODE,BILLING_SCENARIO_NUMBER,SEND_INVOICE_TO,SEND_CREDIT_NOTE_TO,GROSS,PREBILL,DESCRIPTION,ENABLED,MODIFIED_BY,MANUAL) values (205,'315','05','AGENCY','EXPENSE_ACCRUAL',1,0,'Invoice to Agency and Invoice received from Agency',0,'dgarcia',1);
insert into BILLING_SCENARIO (BILLING_SCENARIO_ID,COMPANY_CODE,BILLING_SCENARIO_NUMBER,SEND_INVOICE_TO,SEND_CREDIT_NOTE_TO,GROSS,PREBILL,DESCRIPTION,ENABLED,MODIFIED_BY,MANUAL) values (206,'315','06','AGENCY',null,0,0,'Invoice to Agency Net of Commission',1,'dgarcia',1);
insert into BILLING_SCENARIO (BILLING_SCENARIO_ID,COMPANY_CODE,BILLING_SCENARIO_NUMBER,SEND_INVOICE_TO,SEND_CREDIT_NOTE_TO,GROSS,PREBILL,DESCRIPTION,ENABLED,MODIFIED_BY,MANUAL) values (207,'315','07',null,'REVENUE_ACCRUAL',1,0,'Close Prebill Consumptions',1,'dgarcia',1);
insert into BILLING_SCENARIO (BILLING_SCENARIO_ID,COMPANY_CODE,BILLING_SCENARIO_NUMBER,SEND_INVOICE_TO,SEND_CREDIT_NOTE_TO,GROSS,PREBILL,DESCRIPTION,ENABLED,MODIFIED_BY,MANUAL) values (208,'315','08',null,'REVENUE_ACCRUAL',1,0,'Open Prebill Consumptions',1,'dgarcia',0);
insert into BILLING_SCENARIO (BILLING_SCENARIO_ID,COMPANY_CODE,BILLING_SCENARIO_NUMBER,SEND_INVOICE_TO,SEND_CREDIT_NOTE_TO,GROSS,PREBILL,DESCRIPTION,ENABLED,MODIFIED_BY,MANUAL) values (209,'315','09',null,'REVENUE_ACCRUAL',1,0,'Prebill Consumptions',1,'dgarcia',0);
insert into BILLING_SCENARIO (BILLING_SCENARIO_ID,COMPANY_CODE,BILLING_SCENARIO_NUMBER,SEND_INVOICE_TO,SEND_CREDIT_NOTE_TO,GROSS,PREBILL,DESCRIPTION,ENABLED,MODIFIED_BY,MANUAL) values (210,'315','00',null,null,1,0,'Ad hoc',1,'dgarcia',1);
-- Company 318 - COL
insert into BILLING_SCENARIO (BILLING_SCENARIO_ID,COMPANY_CODE,BILLING_SCENARIO_NUMBER,SEND_INVOICE_TO,SEND_CREDIT_NOTE_TO,GROSS,PREBILL,DESCRIPTION,ENABLED,MODIFIED_BY,MANUAL) values (301,'318','01','AGENCY',null,0,0,'Invoice to Agency Net of Commission',0,'dgarcia',1);
insert into BILLING_SCENARIO (BILLING_SCENARIO_ID,COMPANY_CODE,BILLING_SCENARIO_NUMBER,SEND_INVOICE_TO,SEND_CREDIT_NOTE_TO,GROSS,PREBILL,DESCRIPTION,ENABLED,MODIFIED_BY,MANUAL) values (302,'318','02','ADVERTISER','EXPENSE_ACCRUAL',1,0,'Invoice to Advertiser and Commission Accrual to Agency',0,'dgarcia',1);
insert into BILLING_SCENARIO (BILLING_SCENARIO_ID,COMPANY_CODE,BILLING_SCENARIO_NUMBER,SEND_INVOICE_TO,SEND_CREDIT_NOTE_TO,GROSS,PREBILL,DESCRIPTION,ENABLED,MODIFIED_BY,MANUAL) values (303,'318','03','ADVERTISER',null,1,0,'Invoice to Advertiser',1,'dgarcia',1);
insert into BILLING_SCENARIO (BILLING_SCENARIO_ID,COMPANY_CODE,BILLING_SCENARIO_NUMBER,SEND_INVOICE_TO,SEND_CREDIT_NOTE_TO,GROSS,PREBILL,DESCRIPTION,ENABLED,MODIFIED_BY,MANUAL) values (304,'318','04','ADVERTISER','AGENCY',1,0,'Invoice to Advertiser and Credit Note to Agency',0,'dgarcia',1);
insert into BILLING_SCENARIO (BILLING_SCENARIO_ID,COMPANY_CODE,BILLING_SCENARIO_NUMBER,SEND_INVOICE_TO,SEND_CREDIT_NOTE_TO,GROSS,PREBILL,DESCRIPTION,ENABLED,MODIFIED_BY,MANUAL) values (305,'318','05','AGENCY','EXPENSE_ACCRUAL',1,0,'Invoice to Agency and Invoice received from Agency',0,'dgarcia',1);
insert into BILLING_SCENARIO (BILLING_SCENARIO_ID,COMPANY_CODE,BILLING_SCENARIO_NUMBER,SEND_INVOICE_TO,SEND_CREDIT_NOTE_TO,GROSS,PREBILL,DESCRIPTION,ENABLED,MODIFIED_BY,MANUAL) values (306,'318','06','AGENCY',null,0,0,'Invoice to Agency Net of Commission',1,'dgarcia',1);
insert into BILLING_SCENARIO (BILLING_SCENARIO_ID,COMPANY_CODE,BILLING_SCENARIO_NUMBER,SEND_INVOICE_TO,SEND_CREDIT_NOTE_TO,GROSS,PREBILL,DESCRIPTION,ENABLED,MODIFIED_BY,MANUAL) values (307,'318','07',null,'REVENUE_ACCRUAL',1,0,'Close Prebill Consumptions',1,'dgarcia',1);
insert into BILLING_SCENARIO (BILLING_SCENARIO_ID,COMPANY_CODE,BILLING_SCENARIO_NUMBER,SEND_INVOICE_TO,SEND_CREDIT_NOTE_TO,GROSS,PREBILL,DESCRIPTION,ENABLED,MODIFIED_BY,MANUAL) values (308,'318','08',null,'REVENUE_ACCRUAL',1,0,'Open Prebill Consumptions',1,'dgarcia',0);
insert into BILLING_SCENARIO (BILLING_SCENARIO_ID,COMPANY_CODE,BILLING_SCENARIO_NUMBER,SEND_INVOICE_TO,SEND_CREDIT_NOTE_TO,GROSS,PREBILL,DESCRIPTION,ENABLED,MODIFIED_BY,MANUAL) values (309,'318','09',null,'REVENUE_ACCRUAL',1,0,'Prebill Consumptions',1,'dgarcia',0);
insert into BILLING_SCENARIO (BILLING_SCENARIO_ID,COMPANY_CODE,BILLING_SCENARIO_NUMBER,SEND_INVOICE_TO,SEND_CREDIT_NOTE_TO,GROSS,PREBILL,DESCRIPTION,ENABLED,MODIFIED_BY,MANUAL) values (310,'318','00',null,null,1,0,'Ad hoc',1,'dgarcia',1);


-- SERVICE RECEIVED TYPE
insert into SERVICE_RECEIVED_TYPE (SERVICE_RECEIVED_TYPE_ID,SERVICE_TYPE,DESCRIPTION) values (1,'ON_AIR','On Air');
insert into SERVICE_RECEIVED_TYPE (SERVICE_RECEIVED_TYPE_ID,SERVICE_TYPE,DESCRIPTION) values (2,'DIGITAL','Digital');
insert into SERVICE_RECEIVED_TYPE (SERVICE_RECEIVED_TYPE_ID,SERVICE_TYPE,DESCRIPTION) values (3,'LICENSING','Licensing');
insert into SERVICE_RECEIVED_TYPE (SERVICE_RECEIVED_TYPE_ID,SERVICE_TYPE,DESCRIPTION) values (4,'MISCELLANEOUS','Miscellaneous');	
insert into SERVICE_RECEIVED_TYPE (SERVICE_RECEIVED_TYPE_ID,SERVICE_TYPE,DESCRIPTION) values (5,'PRODUCTION','Production');

-- BATCH CUSTOMER
insert into BATCH_CUSTOMER (BATCH_CUSTOMER_ID,RECORD_NUMBER,BATCH_ID,COMPANY_CODE,CUSTOMER_NAME,CUSTOMER_TYPE,IBMS_CUSTOMER,MASTER_COMPANY,ORGANIZATION_TYPE,OFFICE_ADDRESS_COUNTRY,OFFICE_ADDRESS_REGION,OFFICE_ADDRESS_CITY,OFFICE_ADDRESS_STREET,OFFICE_ADDRESS_POSTAL_CODE,INVOICE_LANGUAGE,TELEPHONE,FAX,ORGANISATION_BUSINESS_NUMBER,TAX_ID,CLERK_NAME,CLERK_TELEPHONE,CLERK_FAX,CLERK_EMAIL,SALES_GROUP,SERVICE_RECEIVED_TYPE,BILLING_SCENARIO,INVOICE_DELIVERY_PREFERENCE,AGENCY_COMMISSION_RATE,AGENCY_VOLUME_RATE,PARENT_AGENCY,STATUS) values (1,2,2,'331','Taterka Comunicacão Sa,','AG','0002014893',null,'Agency','BR','SP','Sao Paulo','Praca Sao Marcos, 766-744','05455-050','PT','00716832/0001-09','00716832/0001-09','24949232000159','24949232000159','Juan Carlos','111111','222222','juan.carlos@gmail.com','salesGroup',null,null,null,null,null,null,'LOADED');
insert into BATCH_CUSTOMER (BATCH_CUSTOMER_ID,RECORD_NUMBER,BATCH_ID,COMPANY_CODE,CUSTOMER_NAME,CUSTOMER_TYPE,IBMS_CUSTOMER,MASTER_COMPANY,ORGANIZATION_TYPE,OFFICE_ADDRESS_COUNTRY,OFFICE_ADDRESS_REGION,OFFICE_ADDRESS_CITY,OFFICE_ADDRESS_STREET,OFFICE_ADDRESS_POSTAL_CODE,INVOICE_LANGUAGE,TELEPHONE,FAX,ORGANISATION_BUSINESS_NUMBER,TAX_ID,CLERK_NAME,CLERK_TELEPHONE,CLERK_FAX,CLERK_EMAIL,SALES_GROUP,SERVICE_RECEIVED_TYPE,BILLING_SCENARIO,INVOICE_DELIVERY_PREFERENCE,AGENCY_COMMISSION_RATE,AGENCY_VOLUME_RATE,PARENT_AGENCY,STATUS) values (2,3,2,'331','Taterka Comunicacão Sa,','AG','0002014893',null,'Agency','BR','SP','Sao Paulo','Praca Sao Marcos, 766-744','05455-050','PT','00716832/0001-09','00716832/0001-09','24949232000159','24949232000159','Juan Carlos','111111','222222','juan.carlos@gmail.com','salesGroup',null,null,null,null,null,null,'LOADED');
insert into BATCH_CUSTOMER (BATCH_CUSTOMER_ID,RECORD_NUMBER,BATCH_ID,COMPANY_CODE,CUSTOMER_NAME,CUSTOMER_TYPE,IBMS_CUSTOMER,MASTER_COMPANY,ORGANIZATION_TYPE,OFFICE_ADDRESS_COUNTRY,OFFICE_ADDRESS_REGION,OFFICE_ADDRESS_CITY,OFFICE_ADDRESS_STREET,OFFICE_ADDRESS_POSTAL_CODE,INVOICE_LANGUAGE,TELEPHONE,FAX,ORGANISATION_BUSINESS_NUMBER,TAX_ID,CLERK_NAME,CLERK_TELEPHONE,CLERK_FAX,CLERK_EMAIL,SALES_GROUP,SERVICE_RECEIVED_TYPE,BILLING_SCENARIO,INVOICE_DELIVERY_PREFERENCE,AGENCY_COMMISSION_RATE,AGENCY_VOLUME_RATE,PARENT_AGENCY,STATUS) values (3,4,3,'331','Taterka Comunicacão Sa,','AG','0002014893',null,'Agency','BR','SP','Sao Paulo','Praca Sao Marcos, 766-744','05455-050','PT','00716832/0001-09','00716832/0001-09','24949232000159','24949232000159','Juan Carlos','111111','222222','juan.carlos@gmail.com','salesGroup',null,null,null,null,null,null,'LOADED');
insert into BATCH_CUSTOMER (BATCH_CUSTOMER_ID,RECORD_NUMBER,BATCH_ID,COMPANY_CODE,CUSTOMER_NAME,CUSTOMER_TYPE,IBMS_CUSTOMER,MASTER_COMPANY,ORGANIZATION_TYPE,OFFICE_ADDRESS_COUNTRY,OFFICE_ADDRESS_REGION,OFFICE_ADDRESS_CITY,OFFICE_ADDRESS_STREET,OFFICE_ADDRESS_POSTAL_CODE,INVOICE_LANGUAGE,TELEPHONE,FAX,ORGANISATION_BUSINESS_NUMBER,TAX_ID,CLERK_NAME,CLERK_TELEPHONE,CLERK_FAX,CLERK_EMAIL,SALES_GROUP,SERVICE_RECEIVED_TYPE,BILLING_SCENARIO,INVOICE_DELIVERY_PREFERENCE,AGENCY_COMMISSION_RATE,AGENCY_VOLUME_RATE,PARENT_AGENCY,STATUS) values (4,5,3,'331','Taterka Comunicacão Sa,','AG','0002014893',null,'Agency','BR','SP','Sao Paulo','Praca Sao Marcos, 766-744','05455-050','PT','00716832/0001-09','00716832/0001-09','24949232000159','24949232000159','Juan Carlos','111111','222222','juan.carlos@gmail.com','salesGroup',null,null,null,null,null,null,'LOADED');
insert into BATCH_CUSTOMER (BATCH_CUSTOMER_ID,RECORD_NUMBER,BATCH_ID,COMPANY_CODE,CUSTOMER_NAME,CUSTOMER_TYPE,IBMS_CUSTOMER,MASTER_COMPANY,ORGANIZATION_TYPE,OFFICE_ADDRESS_COUNTRY,OFFICE_ADDRESS_REGION,OFFICE_ADDRESS_CITY,OFFICE_ADDRESS_STREET,OFFICE_ADDRESS_POSTAL_CODE,INVOICE_LANGUAGE,TELEPHONE,FAX,ORGANISATION_BUSINESS_NUMBER,TAX_ID,CLERK_NAME,CLERK_TELEPHONE,CLERK_FAX,CLERK_EMAIL,SALES_GROUP,SERVICE_RECEIVED_TYPE,BILLING_SCENARIO,INVOICE_DELIVERY_PREFERENCE,AGENCY_COMMISSION_RATE,AGENCY_VOLUME_RATE,PARENT_AGENCY,STATUS) values (5,6,4,'331','Taterka Comunicacão Sa,','AG','0002014893',null,'Agency','BR','SP','Sao Paulo','Praca Sao Marcos, 766-744','05455-050','PT','00716832/0001-09','00716832/0001-09','24949232000159','24949232000159','Juan Carlos','111111','222222','juan.carlos@gmail.com','salesGroup',null,null,null,null,null,null,'LOADED');
insert into BATCH_CUSTOMER (BATCH_CUSTOMER_ID,RECORD_NUMBER,BATCH_ID,COMPANY_CODE,CUSTOMER_NAME,CUSTOMER_TYPE,IBMS_CUSTOMER,MASTER_COMPANY,ORGANIZATION_TYPE,OFFICE_ADDRESS_COUNTRY,OFFICE_ADDRESS_REGION,OFFICE_ADDRESS_CITY,OFFICE_ADDRESS_STREET,OFFICE_ADDRESS_POSTAL_CODE,INVOICE_LANGUAGE,TELEPHONE,FAX,ORGANISATION_BUSINESS_NUMBER,TAX_ID,CLERK_NAME,CLERK_TELEPHONE,CLERK_FAX,CLERK_EMAIL,SALES_GROUP,SERVICE_RECEIVED_TYPE,BILLING_SCENARIO,INVOICE_DELIVERY_PREFERENCE,AGENCY_COMMISSION_RATE,AGENCY_VOLUME_RATE,PARENT_AGENCY,STATUS) values (6,7,4,'331','Taterka Comunicacão Sa,','AG','0002014893',null,'Agency','BR','SP','Sao Paulo','Praca Sao Marcos, 766-744','05455-050','PT','00716832/0001-09','00716832/0001-09','24949232000159','24949232000159','Juan Carlos','111111','222222','juan.carlos@gmail.com','salesGroup',null,null,null,null,null,null,'LOADED');

--Address
insert into ADDRESS (ADDRESS_ID,REGION_ID,CITY,POSTAL_CODE,COUNTRY,MODIFIED_BY) values (3163,100,'CABA','2414',1,'dgarcia');
insert into ADDRESS (ADDRESS_ID,REGION_ID,CITY,POSTAL_CODE,COUNTRY,MODIFIED_BY) values (3164,null,null,null,null,'dgarcia');
insert into ADDRESS (ADDRESS_ID,REGION_ID,CITY,POSTAL_CODE,COUNTRY,MODIFIED_BY) values (3165,null,'C.A.B.A.','1726',1,'dgarcia');
insert into ADDRESS (ADDRESS_ID,REGION_ID,CITY,POSTAL_CODE,COUNTRY,MODIFIED_BY) values (3166,null,null,null,null,'dgarcia');
insert into ADDRESS (ADDRESS_ID,REGION_ID,CITY,POSTAL_CODE,COUNTRY,MODIFIED_BY) values (2389,null,null,null,null,'dgarcia');
insert into ADDRESS (ADDRESS_ID,REGION_ID,CITY,POSTAL_CODE,COUNTRY,MODIFIED_BY) values (2390,100,'Santo Amaro','04710-090',3,'dgarcia');
insert into ADDRESS (ADDRESS_ID,REGION_ID,CITY,POSTAL_CODE,COUNTRY,MODIFIED_BY) values (2391,null,null,null,null,'admin');
insert into ADDRESS (ADDRESS_ID,REGION_ID,CITY,POSTAL_CODE,COUNTRY,MODIFIED_BY) values (2392,null,'Sao Paulo','2054-020',3,'dgarcia');
insert into ADDRESS (ADDRESS_ID,REGION_ID,CITY,POSTAL_CODE,COUNTRY,MODIFIED_BY) values (2393,null,null,null,null,'dgarcia');
insert into ADDRESS (ADDRESS_ID,REGION_ID,CITY,POSTAL_CODE,COUNTRY,MODIFIED_BY) values (2394,101,'Ciudad Autonoma De Buenos Aires','1128',1,'dgarcia');
insert into ADDRESS (ADDRESS_ID,REGION_ID,CITY,POSTAL_CODE,COUNTRY,MODIFIED_BY) values (2395,null,null,null,null,'dgarcia');
insert into ADDRESS (ADDRESS_ID,REGION_ID,CITY,POSTAL_CODE,COUNTRY,MODIFIED_BY) values (2396,null,'Sao Paulo','047070910',3,'dgarcia');
insert into ADDRESS (ADDRESS_ID,REGION_ID,CITY,POSTAL_CODE,COUNTRY,MODIFIED_BY) values (2397,null,null,null,null,'dgarcia');
insert into ADDRESS (ADDRESS_ID,REGION_ID,CITY,POSTAL_CODE,COUNTRY,MODIFIED_BY) values (2398,100,'Capital Federal','1613',1,'dgarcia');
insert into ADDRESS (ADDRESS_ID,REGION_ID,CITY,POSTAL_CODE,COUNTRY,MODIFIED_BY) values (2399,null,null,null,null,'dgarcia');
insert into ADDRESS (ADDRESS_ID,REGION_ID,CITY,POSTAL_CODE,COUNTRY,MODIFIED_BY) values (2400,null,'Betim','32530-000',3,'dgarcia');
insert into ADDRESS (ADDRESS_ID,REGION_ID,CITY,POSTAL_CODE,COUNTRY,MODIFIED_BY) values (2401,null,null,null,null,'dgarcia');
insert into ADDRESS (ADDRESS_ID,REGION_ID,CITY,POSTAL_CODE,COUNTRY,MODIFIED_BY) values (2402,null,'Brasilia','04551-010',3,'dgarcia');
insert into ADDRESS (ADDRESS_ID,REGION_ID,CITY,POSTAL_CODE,COUNTRY,MODIFIED_BY) values (2403,null,null,null,null,'dgarcia');
insert into ADDRESS (ADDRESS_ID,REGION_ID,CITY,POSTAL_CODE,COUNTRY,MODIFIED_BY) values (2404,null,'Sao Jose Dos Pinhais','83070-900',3,'dgarcia');
insert into ADDRESS (ADDRESS_ID,REGION_ID,CITY,POSTAL_CODE,COUNTRY,MODIFIED_BY) values (2405,null,null,null,null,'dgarcia');
insert into ADDRESS (ADDRESS_ID,REGION_ID,CITY,POSTAL_CODE,COUNTRY,MODIFIED_BY) values (2406,null,'Sao Paulo','04548-005',3,'dgarcia');
insert into ADDRESS (ADDRESS_ID,REGION_ID,CITY,POSTAL_CODE,COUNTRY,MODIFIED_BY) values (2407,null,null,null,null,'dgarcia');
insert into ADDRESS (ADDRESS_ID,REGION_ID,CITY,POSTAL_CODE,COUNTRY,MODIFIED_BY) values (2408,null,'Vicente Lopez','1638',1,'dgarcia');
insert into ADDRESS (ADDRESS_ID,REGION_ID,CITY,POSTAL_CODE,COUNTRY,MODIFIED_BY) values (2409,null,null,null,null,'dgarcia');
insert into ADDRESS (ADDRESS_ID,REGION_ID,CITY,POSTAL_CODE,COUNTRY,MODIFIED_BY) values (2410,100,'Capital Federal','1057',1,'dgarcia');
insert into ADDRESS (ADDRESS_ID,REGION_ID,CITY,POSTAL_CODE,COUNTRY,MODIFIED_BY) values (2411,null,null,null,null,'dgarcia');
insert into ADDRESS (ADDRESS_ID,REGION_ID,CITY,POSTAL_CODE,COUNTRY,MODIFIED_BY) values (2412,100,'Sao Paulo','04557-050',3,'dgarcia');
insert into ADDRESS (ADDRESS_ID,REGION_ID,CITY,POSTAL_CODE,COUNTRY,MODIFIED_BY) values (2413,null,null,null,null,'dgarcia');
insert into ADDRESS (ADDRESS_ID,REGION_ID,CITY,POSTAL_CODE,COUNTRY,MODIFIED_BY) values (2414,null,'S?o Paulo','04542-000',3,'dgarcia');
insert into ADDRESS (ADDRESS_ID,REGION_ID,CITY,POSTAL_CODE,COUNTRY,MODIFIED_BY) values (2415,null,null,null,null,'dgarcia');
insert into ADDRESS (ADDRESS_ID,REGION_ID,CITY,POSTAL_CODE,COUNTRY,MODIFIED_BY) values (2416,null,'Sumare',null,3,'dgarcia');
insert into ADDRESS (ADDRESS_ID,REGION_ID,CITY,POSTAL_CODE,COUNTRY,MODIFIED_BY) values (2417,null,null,null,null,'dgarcia');
insert into ADDRESS (ADDRESS_ID,REGION_ID,CITY,POSTAL_CODE,COUNTRY,MODIFIED_BY) values (2418,null,'Sao Paulo','04050-030',3,'dgarcia');
insert into ADDRESS (ADDRESS_ID,REGION_ID,CITY,POSTAL_CODE,COUNTRY,MODIFIED_BY) values (2419,null,null,null,null,'dgarcia');
insert into ADDRESS (ADDRESS_ID,REGION_ID,CITY,POSTAL_CODE,COUNTRY,MODIFIED_BY) values (2420,null,'Rio De Janeiro','20211-140',3,'dgarcia');
insert into ADDRESS (ADDRESS_ID,REGION_ID,CITY,POSTAL_CODE,COUNTRY,MODIFIED_BY) values (2421,null,null,null,null,'dgarcia');
insert into ADDRESS (ADDRESS_ID,REGION_ID,CITY,POSTAL_CODE,COUNTRY,MODIFIED_BY) values (2422,null,'Vicente L?pez-Buenos Aires',null,1,'dgarcia');
insert into ADDRESS (ADDRESS_ID,REGION_ID,CITY,POSTAL_CODE,COUNTRY,MODIFIED_BY) values (2423,null,null,null,null,'dgarcia');
insert into ADDRESS (ADDRESS_ID,REGION_ID,CITY,POSTAL_CODE,COUNTRY,MODIFIED_BY) values (2424,null,'Capital Federal','1143',1,'dgarcia');
insert into ADDRESS (ADDRESS_ID,REGION_ID,CITY,POSTAL_CODE,COUNTRY,MODIFIED_BY) values (2425,null,null,null,null,'dgarcia');
insert into ADDRESS (ADDRESS_ID,REGION_ID,CITY,POSTAL_CODE,COUNTRY,MODIFIED_BY) values (2426,101,'Capital Federal','1106',1,'dgarcia');
insert into ADDRESS (ADDRESS_ID,REGION_ID,CITY,POSTAL_CODE,COUNTRY,MODIFIED_BY) values (2427,null,null,null,null,'dgarcia');
insert into ADDRESS (ADDRESS_ID,REGION_ID,CITY,POSTAL_CODE,COUNTRY,MODIFIED_BY) values (2428,101,'Tortuguitas','1667',1,'dgarcia');
insert into ADDRESS (ADDRESS_ID,REGION_ID,CITY,POSTAL_CODE,COUNTRY,MODIFIED_BY) values (2429,null,null,null,null,'dgarcia');
insert into ADDRESS (ADDRESS_ID,REGION_ID,CITY,POSTAL_CODE,COUNTRY,MODIFIED_BY) values (2430,100,'Capital Federal','1054',1,'dgarcia');
insert into ADDRESS (ADDRESS_ID,REGION_ID,CITY,POSTAL_CODE,COUNTRY,MODIFIED_BY) values (2431,null,null,null,null,'dgarcia');
insert into ADDRESS (ADDRESS_ID,REGION_ID,CITY,POSTAL_CODE,COUNTRY,MODIFIED_BY) values (2432,null,'Victoria','B1644BCD',1,'dgarcia');
insert into ADDRESS (ADDRESS_ID,REGION_ID,CITY,POSTAL_CODE,COUNTRY,MODIFIED_BY) values (2433,null,null,null,null,'dgarcia');
insert into ADDRESS (ADDRESS_ID,REGION_ID,CITY,POSTAL_CODE,COUNTRY,MODIFIED_BY) values (2434,null,'Sao Paulo','05428-000',3,'dgarcia');
insert into ADDRESS (ADDRESS_ID,REGION_ID,CITY,POSTAL_CODE,COUNTRY,MODIFIED_BY) values (2435,null,null,null,null,'dgarcia');
insert into ADDRESS (ADDRESS_ID,REGION_ID,CITY,POSTAL_CODE,COUNTRY,MODIFIED_BY) values (2436,null,'Sao Paulo','01046-925',3,'dgarcia');
insert into ADDRESS (ADDRESS_ID,REGION_ID,CITY,POSTAL_CODE,COUNTRY,MODIFIED_BY) values (2437,null,null,null,null,'dgarcia');
insert into ADDRESS (ADDRESS_ID,REGION_ID,CITY,POSTAL_CODE,COUNTRY,MODIFIED_BY) values (2438,null,'Sao Paulo','01451-904',3,'dgarcia');
insert into ADDRESS (ADDRESS_ID,REGION_ID,CITY,POSTAL_CODE,COUNTRY,MODIFIED_BY) values (2439,null,null,null,null,'dgarcia');
insert into ADDRESS (ADDRESS_ID,REGION_ID,CITY,POSTAL_CODE,COUNTRY,MODIFIED_BY) values (2440,null,'Itapecerica Da Serra','02345-000',3,'dgarcia');
insert into ADDRESS (ADDRESS_ID,REGION_ID,CITY,POSTAL_CODE,COUNTRY,MODIFIED_BY) values (2441,null,null,null,null,'dgarcia');
insert into ADDRESS (ADDRESS_ID,REGION_ID,CITY,POSTAL_CODE,COUNTRY,MODIFIED_BY) values (2442,null,'Capital Federal','C1139AAN',1,'dgarcia');
insert into ADDRESS (ADDRESS_ID,REGION_ID,CITY,POSTAL_CODE,COUNTRY,MODIFIED_BY) values (2443,null,null,null,null,'dgarcia');
insert into ADDRESS (ADDRESS_ID,REGION_ID,CITY,POSTAL_CODE,COUNTRY,MODIFIED_BY) values (2444,null,'Sao Bernardo Do Campo','09655-900',3,'dgarcia');
insert into ADDRESS (ADDRESS_ID,REGION_ID,CITY,POSTAL_CODE,COUNTRY,MODIFIED_BY) values (2445,null,null,null,null,'dgarcia');
insert into ADDRESS (ADDRESS_ID,REGION_ID,CITY,POSTAL_CODE,COUNTRY,MODIFIED_BY) values (2446,null,'Capital Federal','1405',1,'dgarcia');
insert into ADDRESS (ADDRESS_ID,REGION_ID,CITY,POSTAL_CODE,COUNTRY,MODIFIED_BY) values (2447,null,null,null,null,'dgarcia');
insert into ADDRESS (ADDRESS_ID,REGION_ID,CITY,POSTAL_CODE,COUNTRY,MODIFIED_BY) values (2448,null,'San Paulo','01402-901',3,'dgarcia');
insert into ADDRESS (ADDRESS_ID,REGION_ID,CITY,POSTAL_CODE,COUNTRY,MODIFIED_BY) values (2449,null,null,null,null,'dgarcia');
insert into ADDRESS (ADDRESS_ID,REGION_ID,CITY,POSTAL_CODE,COUNTRY,MODIFIED_BY) values (2450,null,'Sao Jose Dos Pinhais','83280-000',3,'dgarcia');
insert into ADDRESS (ADDRESS_ID,REGION_ID,CITY,POSTAL_CODE,COUNTRY,MODIFIED_BY) values (2451,null,null,null,null,'dgarcia');
insert into ADDRESS (ADDRESS_ID,REGION_ID,CITY,POSTAL_CODE,COUNTRY,MODIFIED_BY) values (2452,null,'Capital Federal','1009',1,'dgarcia');
insert into ADDRESS (ADDRESS_ID,REGION_ID,CITY,POSTAL_CODE,COUNTRY,MODIFIED_BY) values (2453,null,null,null,null,'dgarcia');
insert into ADDRESS (ADDRESS_ID,REGION_ID,CITY,POSTAL_CODE,COUNTRY,MODIFIED_BY) values (2454,null,'Sao Paulo','04578-000',3,'dgarcia');
insert into ADDRESS (ADDRESS_ID,REGION_ID,CITY,POSTAL_CODE,COUNTRY,MODIFIED_BY) values (2455,null,null,null,null,'dgarcia');
insert into ADDRESS (ADDRESS_ID,REGION_ID,CITY,POSTAL_CODE,COUNTRY,MODIFIED_BY) values (2456,null,'S?o Paulo',null,3,'dgarcia');
insert into ADDRESS (ADDRESS_ID,REGION_ID,CITY,POSTAL_CODE,COUNTRY,MODIFIED_BY) values (2457,null,null,null,null,'dgarcia');
insert into ADDRESS (ADDRESS_ID,REGION_ID,CITY,POSTAL_CODE,COUNTRY,MODIFIED_BY) values (2458,null,'S?o Paulo','05805-000',3,'dgarcia');
insert into ADDRESS (ADDRESS_ID,REGION_ID,CITY,POSTAL_CODE,COUNTRY,MODIFIED_BY) values (2459,null,null,null,null,'dgarcia');
insert into ADDRESS (ADDRESS_ID,REGION_ID,CITY,POSTAL_CODE,COUNTRY,MODIFIED_BY) values (2460,null,'Distrito Federal','70715-000',3,'dgarcia');
insert into ADDRESS (ADDRESS_ID,REGION_ID,CITY,POSTAL_CODE,COUNTRY,MODIFIED_BY) values (2461,null,null,null,null,'dgarcia');
insert into ADDRESS (ADDRESS_ID,REGION_ID,CITY,POSTAL_CODE,COUNTRY,MODIFIED_BY) values (2462,null,'Rio De Janeiro','22640-102',3,'dgarcia');
insert into ADDRESS (ADDRESS_ID,REGION_ID,CITY,POSTAL_CODE,COUNTRY,MODIFIED_BY) values (2463,null,null,null,null,'dgarcia');
insert into ADDRESS (ADDRESS_ID,REGION_ID,CITY,POSTAL_CODE,COUNTRY,MODIFIED_BY) values (2464,null,'Itapira','13970-000',3,'dgarcia');
insert into ADDRESS (ADDRESS_ID,REGION_ID,CITY,POSTAL_CODE,COUNTRY,MODIFIED_BY) values (2465,null,null,null,null,'dgarcia');
insert into ADDRESS (ADDRESS_ID,REGION_ID,CITY,POSTAL_CODE,COUNTRY,MODIFIED_BY) values (2466,null,'Sao Paulo','04538-905',3,'dgarcia');
insert into ADDRESS (ADDRESS_ID,REGION_ID,CITY,POSTAL_CODE,COUNTRY,MODIFIED_BY) values (2467,null,null,null,null,'dgarcia');
insert into ADDRESS (ADDRESS_ID,REGION_ID,CITY,POSTAL_CODE,COUNTRY,MODIFIED_BY) values (2468,null,'Sao Paulo','05005',3,'dgarcia');
insert into ADDRESS (ADDRESS_ID,REGION_ID,CITY,POSTAL_CODE,COUNTRY,MODIFIED_BY) values (2469,null,null,null,null,'dgarcia');
insert into ADDRESS (ADDRESS_ID,REGION_ID,CITY,POSTAL_CODE,COUNTRY,MODIFIED_BY) values (2470,null,'Sao Paulo','05005',3,'dgarcia');
insert into ADDRESS (ADDRESS_ID,REGION_ID,CITY,POSTAL_CODE,COUNTRY,MODIFIED_BY) values (2471,null,null,null,null,'dgarcia');
insert into ADDRESS (ADDRESS_ID,REGION_ID,CITY,POSTAL_CODE,COUNTRY,MODIFIED_BY) values (2472,null,'S?o Paulo','01046-010',3,'dgarcia');
insert into ADDRESS (ADDRESS_ID,REGION_ID,CITY,POSTAL_CODE,COUNTRY,MODIFIED_BY) values (2473,null,null,null,null,'dgarcia');
insert into ADDRESS (ADDRESS_ID,REGION_ID,CITY,POSTAL_CODE,COUNTRY,MODIFIED_BY) values (2474,null,'Sao Paulo','05560-900',3,'dgarcia');
insert into ADDRESS (ADDRESS_ID,REGION_ID,CITY,POSTAL_CODE,COUNTRY,MODIFIED_BY) values (2475,null,null,null,null,'dgarcia');
insert into ADDRESS (ADDRESS_ID,REGION_ID,CITY,POSTAL_CODE,COUNTRY,MODIFIED_BY) values (2476,null,'Sao Paulo','05311-000',3,'dgarcia');
insert into ADDRESS (ADDRESS_ID,REGION_ID,CITY,POSTAL_CODE,COUNTRY,MODIFIED_BY) values (2477,null,null,null,null,'dgarcia');
insert into ADDRESS (ADDRESS_ID,REGION_ID,CITY,POSTAL_CODE,COUNTRY,MODIFIED_BY) values (2478,null,'Buenos Aires','1878',1,'dgarcia');
insert into ADDRESS (ADDRESS_ID,REGION_ID,CITY,POSTAL_CODE,COUNTRY,MODIFIED_BY) values (2479,null,null,null,null,'dgarcia');
insert into ADDRESS (ADDRESS_ID,REGION_ID,CITY,POSTAL_CODE,COUNTRY,MODIFIED_BY) values (2480,null,'Sao Paulo','02909-900',3,'dgarcia');
insert into ADDRESS (ADDRESS_ID,REGION_ID,CITY,POSTAL_CODE,COUNTRY,MODIFIED_BY) values (2481,null,null,null,null,'dgarcia');
insert into ADDRESS (ADDRESS_ID,REGION_ID,CITY,POSTAL_CODE,COUNTRY,MODIFIED_BY) values (2482,null,'Sao Paulo','04752-005',3,'dgarcia');
insert into ADDRESS (ADDRESS_ID,REGION_ID,CITY,POSTAL_CODE,COUNTRY,MODIFIED_BY) values (2483,null,null,null,null,'dgarcia');
insert into ADDRESS (ADDRESS_ID,REGION_ID,CITY,POSTAL_CODE,COUNTRY,MODIFIED_BY) values (2386,100,'Capital Federal','1001',1,'dgarcia');
insert into ADDRESS (ADDRESS_ID,REGION_ID,CITY,POSTAL_CODE,COUNTRY,MODIFIED_BY) values (2387,null,null,null,null,'dgarcia');
insert into ADDRESS (ADDRESS_ID,REGION_ID,CITY,POSTAL_CODE,COUNTRY,MODIFIED_BY) values (2388,null,'S?o Paulo','05477-000',3,'dgarcia');
insert into ADDRESS (ADDRESS_ID,REGION_ID,CITY,POSTAL_CODE,COUNTRY,MODIFIED_BY) values (2484,null,'Sao Paulo','03019-900',3,'dgarcia');
insert into ADDRESS (ADDRESS_ID,REGION_ID,CITY,POSTAL_CODE,COUNTRY,MODIFIED_BY) values (2485,null,null,null,null,'dgarcia');
insert into ADDRESS (ADDRESS_ID,REGION_ID,CITY,POSTAL_CODE,COUNTRY,MODIFIED_BY) values (2486,null,'Alphaville','65410-650',3,'dgarcia');
insert into ADDRESS (ADDRESS_ID,REGION_ID,CITY,POSTAL_CODE,COUNTRY,MODIFIED_BY) values (2487,null,null,null,null,'dgarcia');
insert into ADDRESS (ADDRESS_ID,REGION_ID,CITY,POSTAL_CODE,COUNTRY,MODIFIED_BY) values (2488,null,'Sao Paulo','04551-065',3,'dgarcia');
insert into ADDRESS (ADDRESS_ID,REGION_ID,CITY,POSTAL_CODE,COUNTRY,MODIFIED_BY) values (2489,null,null,null,null,'dgarcia');
insert into ADDRESS (ADDRESS_ID,REGION_ID,CITY,POSTAL_CODE,COUNTRY,MODIFIED_BY) values (2490,null,'Rio De Janiero','22410-002',3,'dgarcia');
insert into ADDRESS (ADDRESS_ID,REGION_ID,CITY,POSTAL_CODE,COUNTRY,MODIFIED_BY) values (2491,null,null,null,null,'dgarcia');
insert into ADDRESS (ADDRESS_ID,REGION_ID,CITY,POSTAL_CODE,COUNTRY,MODIFIED_BY) values (2492,null,'Sao Paulo','01000-000',3,'dgarcia');
insert into ADDRESS (ADDRESS_ID,REGION_ID,CITY,POSTAL_CODE,COUNTRY,MODIFIED_BY) values (2493,null,null,null,null,'dgarcia');
insert into ADDRESS (ADDRESS_ID,REGION_ID,CITY,POSTAL_CODE,COUNTRY,MODIFIED_BY) values (2494,100,'Capital Federal','1032',1,'dgarcia');
insert into ADDRESS (ADDRESS_ID,REGION_ID,CITY,POSTAL_CODE,COUNTRY,MODIFIED_BY) values (2495,null,null,null,null,'dgarcia');
insert into ADDRESS (ADDRESS_ID,REGION_ID,CITY,POSTAL_CODE,COUNTRY,MODIFIED_BY) values (2496,100,'Capital Federal','1009',1,'dgarcia');
insert into ADDRESS (ADDRESS_ID,REGION_ID,CITY,POSTAL_CODE,COUNTRY,MODIFIED_BY) values (2497,null,null,null,null,'dgarcia');
insert into ADDRESS (ADDRESS_ID,REGION_ID,CITY,POSTAL_CODE,COUNTRY,MODIFIED_BY) values (2498,null,'Sao Paulo','04551-060',3,'dgarcia');
insert into ADDRESS (ADDRESS_ID,REGION_ID,CITY,POSTAL_CODE,COUNTRY,MODIFIED_BY) values (2499,null,null,null,null,'dgarcia');
insert into ADDRESS (ADDRESS_ID,REGION_ID,CITY,POSTAL_CODE,COUNTRY,MODIFIED_BY) values (2500,null,'Sao Paulo','09961 390',3,'dgarcia');
insert into ADDRESS (ADDRESS_ID,REGION_ID,CITY,POSTAL_CODE,COUNTRY,MODIFIED_BY) values (2501,null,null,null,null,'dgarcia');
insert into ADDRESS (ADDRESS_ID,REGION_ID,CITY,POSTAL_CODE,COUNTRY,MODIFIED_BY) values (2502,null,'Rio De Janeiro','20031-912',3,'dgarcia');
insert into ADDRESS (ADDRESS_ID,REGION_ID,CITY,POSTAL_CODE,COUNTRY,MODIFIED_BY) values (2503,null,null,null,null,'dgarcia');
insert into ADDRESS (ADDRESS_ID,REGION_ID,CITY,POSTAL_CODE,COUNTRY,MODIFIED_BY) values (2504,null,'Poto Alegre','90480-000',3,'dgarcia');
insert into ADDRESS (ADDRESS_ID,REGION_ID,CITY,POSTAL_CODE,COUNTRY,MODIFIED_BY) values (2505,null,null,null,null,'dgarcia');
insert into ADDRESS (ADDRESS_ID,REGION_ID,CITY,POSTAL_CODE,COUNTRY,MODIFIED_BY) values (2506,null,'Medell?n',null,7,'dgarcia');
insert into ADDRESS (ADDRESS_ID,REGION_ID,CITY,POSTAL_CODE,COUNTRY,MODIFIED_BY) values (2507,null,null,null,null,'dgarcia');
insert into ADDRESS (ADDRESS_ID,REGION_ID,CITY,POSTAL_CODE,COUNTRY,MODIFIED_BY) values (2508,null,'S?o Paulo','05551-060',3,'dgarcia');
insert into ADDRESS (ADDRESS_ID,REGION_ID,CITY,POSTAL_CODE,COUNTRY,MODIFIED_BY) values (2509,null,null,null,null,'dgarcia');
insert into ADDRESS (ADDRESS_ID,REGION_ID,CITY,POSTAL_CODE,COUNTRY,MODIFIED_BY) values (2510,null,'S?o Paulo','05690-000',3,'dgarcia');
insert into ADDRESS (ADDRESS_ID,REGION_ID,CITY,POSTAL_CODE,COUNTRY,MODIFIED_BY) values (2511,null,null,null,null,'dgarcia');
insert into ADDRESS (ADDRESS_ID,REGION_ID,CITY,POSTAL_CODE,COUNTRY,MODIFIED_BY) values (2512,null,'S?o Paulo','05443-002',3,'dgarcia');
insert into ADDRESS (ADDRESS_ID,REGION_ID,CITY,POSTAL_CODE,COUNTRY,MODIFIED_BY) values (2513,null,null,null,null,'dgarcia');
insert into ADDRESS (ADDRESS_ID,REGION_ID,CITY,POSTAL_CODE,COUNTRY,MODIFIED_BY) values (2514,null,'S?o Paulo','02526-000',3,'dgarcia');
insert into ADDRESS (ADDRESS_ID,REGION_ID,CITY,POSTAL_CODE,COUNTRY,MODIFIED_BY) values (2515,null,null,null,null,'dgarcia');
insert into ADDRESS (ADDRESS_ID,REGION_ID,CITY,POSTAL_CODE,COUNTRY,MODIFIED_BY) values (2516,null,'S?o Paulo','04547-005',3,'dgarcia');
insert into ADDRESS (ADDRESS_ID,REGION_ID,CITY,POSTAL_CODE,COUNTRY,MODIFIED_BY) values (2517,null,null,null,null,'dgarcia');
insert into ADDRESS (ADDRESS_ID,REGION_ID,CITY,POSTAL_CODE,COUNTRY,MODIFIED_BY) values (2518,100,'Capital Federal',null,1,'dgarcia');
insert into ADDRESS (ADDRESS_ID,REGION_ID,CITY,POSTAL_CODE,COUNTRY,MODIFIED_BY) values (2519,null,null,null,null,'dgarcia');
insert into ADDRESS (ADDRESS_ID,REGION_ID,CITY,POSTAL_CODE,COUNTRY,MODIFIED_BY) values (2520,null,'Po?o Grande Gaspar','89110-000',3,'dgarcia');
insert into ADDRESS (ADDRESS_ID,REGION_ID,CITY,POSTAL_CODE,COUNTRY,MODIFIED_BY) values (2521,null,null,null,null,'dgarcia');
insert into ADDRESS (ADDRESS_ID,REGION_ID,CITY,POSTAL_CODE,COUNTRY,MODIFIED_BY) values (2522,100,'Capital Federal',null,1,'dgarcia');
insert into ADDRESS (ADDRESS_ID,REGION_ID,CITY,POSTAL_CODE,COUNTRY,MODIFIED_BY) values (2523,null,null,null,null,'dgarcia');
insert into ADDRESS (ADDRESS_ID,REGION_ID,CITY,POSTAL_CODE,COUNTRY,MODIFIED_BY) values (2524,100,'Capital Federal',null,1,'dgarcia');
insert into ADDRESS (ADDRESS_ID,REGION_ID,CITY,POSTAL_CODE,COUNTRY,MODIFIED_BY) values (2525,null,null,null,null,'dgarcia');
insert into ADDRESS (ADDRESS_ID,REGION_ID,CITY,POSTAL_CODE,COUNTRY,MODIFIED_BY) values (2526,null,'S?o Paulo','05425-070',3,'dgarcia');
insert into ADDRESS (ADDRESS_ID,REGION_ID,CITY,POSTAL_CODE,COUNTRY,MODIFIED_BY) values (2527,null,null,null,null,'dgarcia');
insert into ADDRESS (ADDRESS_ID,REGION_ID,CITY,POSTAL_CODE,COUNTRY,MODIFIED_BY) values (2528,100,'Capital Federal',null,1,'dgarcia');
insert into ADDRESS (ADDRESS_ID,REGION_ID,CITY,POSTAL_CODE,COUNTRY,MODIFIED_BY) values (2529,null,null,null,null,'dgarcia');
insert into ADDRESS (ADDRESS_ID,REGION_ID,CITY,POSTAL_CODE,COUNTRY,MODIFIED_BY) values (2530,null,'Capital Federal',null,1,'dgarcia');
insert into ADDRESS (ADDRESS_ID,REGION_ID,CITY,POSTAL_CODE,COUNTRY,MODIFIED_BY) values (2531,null,null,null,null,'dgarcia');
insert into ADDRESS (ADDRESS_ID,REGION_ID,CITY,POSTAL_CODE,COUNTRY,MODIFIED_BY) values (2533,null,null,null,null,'dgarcia');
insert into ADDRESS (ADDRESS_ID,REGION_ID,CITY,POSTAL_CODE,COUNTRY,MODIFIED_BY) values (2535,null,null,null,null,'dgarcia');
insert into ADDRESS (ADDRESS_ID,REGION_ID,CITY,POSTAL_CODE,COUNTRY,MODIFIED_BY) values (2536,null,'Sao Bernardo Do Campo',null,3,'dgarcia');
insert into ADDRESS (ADDRESS_ID,REGION_ID,CITY,POSTAL_CODE,COUNTRY,MODIFIED_BY) values (2537,null,null,null,null,'dgarcia');
insert into ADDRESS (ADDRESS_ID,REGION_ID,CITY,POSTAL_CODE,COUNTRY,MODIFIED_BY) values (2538,null,'S?o Paulo','04578-000',3,'dgarcia');
insert into ADDRESS (ADDRESS_ID,REGION_ID,CITY,POSTAL_CODE,COUNTRY,MODIFIED_BY) values (2539,null,null,null,null,'dgarcia');
insert into ADDRESS (ADDRESS_ID,REGION_ID,CITY,POSTAL_CODE,COUNTRY,MODIFIED_BY) values (2540,null,'Luiz Alves','89115-000',3,'dgarcia');
insert into ADDRESS (ADDRESS_ID,REGION_ID,CITY,POSTAL_CODE,COUNTRY,MODIFIED_BY) values (2541,null,null,null,null,'dgarcia');
insert into ADDRESS (ADDRESS_ID,REGION_ID,CITY,POSTAL_CODE,COUNTRY,MODIFIED_BY) values (2542,null,'Florianopolis','88034-700',3,'dgarcia');
insert into ADDRESS (ADDRESS_ID,REGION_ID,CITY,POSTAL_CODE,COUNTRY,MODIFIED_BY) values (2543,null,null,null,null,'dgarcia');
insert into ADDRESS (ADDRESS_ID,REGION_ID,CITY,POSTAL_CODE,COUNTRY,MODIFIED_BY) values (2544,null,'Rio De Janeiro','22250-180',3,'dgarcia');
insert into ADDRESS (ADDRESS_ID,REGION_ID,CITY,POSTAL_CODE,COUNTRY,MODIFIED_BY) values (2545,null,null,null,null,'dgarcia');
insert into ADDRESS (ADDRESS_ID,REGION_ID,CITY,POSTAL_CODE,COUNTRY,MODIFIED_BY) values (2546,null,'Rio De Janeiro','20040-009',3,'dgarcia');
insert into ADDRESS (ADDRESS_ID,REGION_ID,CITY,POSTAL_CODE,COUNTRY,MODIFIED_BY) values (2547,null,null,null,null,'dgarcia');
insert into ADDRESS (ADDRESS_ID,REGION_ID,CITY,POSTAL_CODE,COUNTRY,MODIFIED_BY) values (2548,null,'S?o Paulo','02034-006',3,'dgarcia');
insert into ADDRESS (ADDRESS_ID,REGION_ID,CITY,POSTAL_CODE,COUNTRY,MODIFIED_BY) values (2549,null,null,null,null,'dgarcia');
insert into ADDRESS (ADDRESS_ID,REGION_ID,CITY,POSTAL_CODE,COUNTRY,MODIFIED_BY) values (2550,null,'Rio De Janeiro','22250-180',3,'dgarcia');
insert into ADDRESS (ADDRESS_ID,REGION_ID,CITY,POSTAL_CODE,COUNTRY,MODIFIED_BY) values (2551,null,null,null,null,'dgarcia');
insert into ADDRESS (ADDRESS_ID,REGION_ID,CITY,POSTAL_CODE,COUNTRY,MODIFIED_BY) values (2552,null,'Rio De Janeiro','20090-010',3,'dgarcia');
insert into ADDRESS (ADDRESS_ID,REGION_ID,CITY,POSTAL_CODE,COUNTRY,MODIFIED_BY) values (2553,null,null,null,null,'dgarcia');
insert into ADDRESS (ADDRESS_ID,REGION_ID,CITY,POSTAL_CODE,COUNTRY,MODIFIED_BY) values (2554,101,'Buenos Aires','1640',1,'dgarcia');
insert into ADDRESS (ADDRESS_ID,REGION_ID,CITY,POSTAL_CODE,COUNTRY,MODIFIED_BY) values (2555,null,null,null,null,'dgarcia');
insert into ADDRESS (ADDRESS_ID,REGION_ID,CITY,POSTAL_CODE,COUNTRY,MODIFIED_BY) values (2556,100,'Capital Federal','1041',1,'dgarcia');
insert into ADDRESS (ADDRESS_ID,REGION_ID,CITY,POSTAL_CODE,COUNTRY,MODIFIED_BY) values (2557,null,null,null,null,'dgarcia');
insert into ADDRESS (ADDRESS_ID,REGION_ID,CITY,POSTAL_CODE,COUNTRY,MODIFIED_BY) values (2558,101,'Vicente Lopez','1638',1,'dgarcia');
insert into ADDRESS (ADDRESS_ID,REGION_ID,CITY,POSTAL_CODE,COUNTRY,MODIFIED_BY) values (2559,null,null,null,null,'dgarcia');
insert into ADDRESS (ADDRESS_ID,REGION_ID,CITY,POSTAL_CODE,COUNTRY,MODIFIED_BY) values (2560,101,'Gral Pacheco','1618',1,'dgarcia');
insert into ADDRESS (ADDRESS_ID,REGION_ID,CITY,POSTAL_CODE,COUNTRY,MODIFIED_BY) values (2561,null,null,null,null,'dgarcia');
insert into ADDRESS (ADDRESS_ID,REGION_ID,CITY,POSTAL_CODE,COUNTRY,MODIFIED_BY) values (2562,null,'Baependi','89260-900',3,'dgarcia');
insert into ADDRESS (ADDRESS_ID,REGION_ID,CITY,POSTAL_CODE,COUNTRY,MODIFIED_BY) values (2563,null,null,null,null,'dgarcia');
insert into ADDRESS (ADDRESS_ID,REGION_ID,CITY,POSTAL_CODE,COUNTRY,MODIFIED_BY) values (2564,null,'Santana De Parnaiba','06541-038',3,'dgarcia');
insert into ADDRESS (ADDRESS_ID,REGION_ID,CITY,POSTAL_CODE,COUNTRY,MODIFIED_BY) values (2565,null,null,null,null,'dgarcia');
insert into ADDRESS (ADDRESS_ID,REGION_ID,CITY,POSTAL_CODE,COUNTRY,MODIFIED_BY) values (2566,null,'Niteroi','24020-004',3,'dgarcia');
insert into ADDRESS (ADDRESS_ID,REGION_ID,CITY,POSTAL_CODE,COUNTRY,MODIFIED_BY) values (2567,null,null,null,null,'dgarcia');
insert into ADDRESS (ADDRESS_ID,REGION_ID,CITY,POSTAL_CODE,COUNTRY,MODIFIED_BY) values (2568,null,'S?o Paulo','04604-000',3,'dgarcia');
insert into ADDRESS (ADDRESS_ID,REGION_ID,CITY,POSTAL_CODE,COUNTRY,MODIFIED_BY) values (2569,null,null,null,null,'dgarcia');
insert into ADDRESS (ADDRESS_ID,REGION_ID,CITY,POSTAL_CODE,COUNTRY,MODIFIED_BY) values (2570,101,'Buenos Aires','1640',1,'dgarcia');
insert into ADDRESS (ADDRESS_ID,REGION_ID,CITY,POSTAL_CODE,COUNTRY,MODIFIED_BY) values (2571,null,null,null,null,'dgarcia');
insert into ADDRESS (ADDRESS_ID,REGION_ID,CITY,POSTAL_CODE,COUNTRY,MODIFIED_BY) values (2572,null,'Sao Paulo','04071-001',3,'dgarcia');
insert into ADDRESS (ADDRESS_ID,REGION_ID,CITY,POSTAL_CODE,COUNTRY,MODIFIED_BY) values (2573,null,null,null,null,'dgarcia');
insert into ADDRESS (ADDRESS_ID,REGION_ID,CITY,POSTAL_CODE,COUNTRY,MODIFIED_BY) values (2574,null,'Brasilia','71215-000',3,'dgarcia');
insert into ADDRESS (ADDRESS_ID,REGION_ID,CITY,POSTAL_CODE,COUNTRY,MODIFIED_BY) values (2575,null,null,null,null,'dgarcia');
insert into ADDRESS (ADDRESS_ID,REGION_ID,CITY,POSTAL_CODE,COUNTRY,MODIFIED_BY) values (2576,null,'Sao Bernardo Do Campo','04246-000',3,'dgarcia');
insert into ADDRESS (ADDRESS_ID,REGION_ID,CITY,POSTAL_CODE,COUNTRY,MODIFIED_BY) values (2577,null,null,null,null,'dgarcia');
insert into ADDRESS (ADDRESS_ID,REGION_ID,CITY,POSTAL_CODE,COUNTRY,MODIFIED_BY) values (2578,null,'Rio De Janiero','22290-160',3,'dgarcia');
insert into ADDRESS (ADDRESS_ID,REGION_ID,CITY,POSTAL_CODE,COUNTRY,MODIFIED_BY) values (2579,null,null,null,null,'dgarcia');
insert into ADDRESS (ADDRESS_ID,REGION_ID,CITY,POSTAL_CODE,COUNTRY,MODIFIED_BY) values (2580,null,'Sao Paolo','04002-020',3,'dgarcia');
insert into ADDRESS (ADDRESS_ID,REGION_ID,CITY,POSTAL_CODE,COUNTRY,MODIFIED_BY) values (2581,null,null,null,null,'dgarcia');
insert into ADDRESS (ADDRESS_ID,REGION_ID,CITY,POSTAL_CODE,COUNTRY,MODIFIED_BY) values (2582,null,'Rio De Janeiro','22250-040',3,'dgarcia');
insert into ADDRESS (ADDRESS_ID,REGION_ID,CITY,POSTAL_CODE,COUNTRY,MODIFIED_BY) values (2583,null,null,null,null,'dgarcia');
insert into ADDRESS (ADDRESS_ID,REGION_ID,CITY,POSTAL_CODE,COUNTRY,MODIFIED_BY) values (2584,null,'Capital Federal','1107',1,'dgarcia');
insert into ADDRESS (ADDRESS_ID,REGION_ID,CITY,POSTAL_CODE,COUNTRY,MODIFIED_BY) values (2585,null,null,null,null,'dgarcia');
insert into ADDRESS (ADDRESS_ID,REGION_ID,CITY,POSTAL_CODE,COUNTRY,MODIFIED_BY) values (2586,null,'Capital Federal','1425',1,'dgarcia');
insert into ADDRESS (ADDRESS_ID,REGION_ID,CITY,POSTAL_CODE,COUNTRY,MODIFIED_BY) values (2587,null,null,null,null,'dgarcia');
insert into ADDRESS (ADDRESS_ID,REGION_ID,CITY,POSTAL_CODE,COUNTRY,MODIFIED_BY) values (2588,101,'Capital Federal','1603',1,'dgarcia');
insert into ADDRESS (ADDRESS_ID,REGION_ID,CITY,POSTAL_CODE,COUNTRY,MODIFIED_BY) values (2589,null,null,null,null,'dgarcia');
insert into ADDRESS (ADDRESS_ID,REGION_ID,CITY,POSTAL_CODE,COUNTRY,MODIFIED_BY) values (2590,null,'Sao Paulo','01021-100',3,'dgarcia');
insert into ADDRESS (ADDRESS_ID,REGION_ID,CITY,POSTAL_CODE,COUNTRY,MODIFIED_BY) values (2591,null,null,null,null,'dgarcia');
insert into ADDRESS (ADDRESS_ID,REGION_ID,CITY,POSTAL_CODE,COUNTRY,MODIFIED_BY) values (2532,null,'Porto Alegre','90010-190',3,'dgarcia');
insert into ADDRESS (ADDRESS_ID,REGION_ID,CITY,POSTAL_CODE,COUNTRY,MODIFIED_BY) values (2534,null,'Apiuna','89135-000',3,'dgarcia');
insert into ADDRESS (ADDRESS_ID,REGION_ID,CITY,POSTAL_CODE,COUNTRY,MODIFIED_BY) values (2592,null,'Sao Paulo','04028-002',3,'dgarcia');
insert into ADDRESS (ADDRESS_ID,REGION_ID,CITY,POSTAL_CODE,COUNTRY,MODIFIED_BY) values (2593,null,null,null,null,'dgarcia');
insert into ADDRESS (ADDRESS_ID,REGION_ID,CITY,POSTAL_CODE,COUNTRY,MODIFIED_BY) values (2594,null,'Sao Paulo','01216-010',3,'dgarcia');
insert into ADDRESS (ADDRESS_ID,REGION_ID,CITY,POSTAL_CODE,COUNTRY,MODIFIED_BY) values (2595,null,null,null,null,'dgarcia');
insert into ADDRESS (ADDRESS_ID,REGION_ID,CITY,POSTAL_CODE,COUNTRY,MODIFIED_BY) values (2596,null,'Sao Paulo','04551-000',3,'dgarcia');
insert into ADDRESS (ADDRESS_ID,REGION_ID,CITY,POSTAL_CODE,COUNTRY,MODIFIED_BY) values (2597,null,null,null,null,'dgarcia');
insert into ADDRESS (ADDRESS_ID,REGION_ID,CITY,POSTAL_CODE,COUNTRY,MODIFIED_BY) values (2598,100,'Capital Federal',null,1,'dgarcia');
insert into ADDRESS (ADDRESS_ID,REGION_ID,CITY,POSTAL_CODE,COUNTRY,MODIFIED_BY) values (2599,null,null,null,null,'dgarcia');
insert into ADDRESS (ADDRESS_ID,REGION_ID,CITY,POSTAL_CODE,COUNTRY,MODIFIED_BY) values (2600,null,'S?o Paulo - Sp','04794-000',3,'dgarcia');
insert into ADDRESS (ADDRESS_ID,REGION_ID,CITY,POSTAL_CODE,COUNTRY,MODIFIED_BY) values (2601,null,null,null,null,'dgarcia');
insert into ADDRESS (ADDRESS_ID,REGION_ID,CITY,POSTAL_CODE,COUNTRY,MODIFIED_BY) values (2602,null,'Sao Paulo','01407-100',3,'dgarcia');
insert into ADDRESS (ADDRESS_ID,REGION_ID,CITY,POSTAL_CODE,COUNTRY,MODIFIED_BY) values (2603,null,null,null,null,'dgarcia');
insert into ADDRESS (ADDRESS_ID,REGION_ID,CITY,POSTAL_CODE,COUNTRY,MODIFIED_BY) values (2604,null,'Arroyito','2434',1,'dgarcia');
insert into ADDRESS (ADDRESS_ID,REGION_ID,CITY,POSTAL_CODE,COUNTRY,MODIFIED_BY) values (2605,null,null,null,null,'dgarcia');
insert into ADDRESS (ADDRESS_ID,REGION_ID,CITY,POSTAL_CODE,COUNTRY,MODIFIED_BY) values (2606,null,'Capital Federal','1006',1,'dgarcia');
insert into ADDRESS (ADDRESS_ID,REGION_ID,CITY,POSTAL_CODE,COUNTRY,MODIFIED_BY) values (2607,null,null,null,null,'dgarcia');
insert into ADDRESS (ADDRESS_ID,REGION_ID,CITY,POSTAL_CODE,COUNTRY,MODIFIED_BY) values (2608,null,'Sao Paulo','05435-020',3,'dgarcia');
insert into ADDRESS (ADDRESS_ID,REGION_ID,CITY,POSTAL_CODE,COUNTRY,MODIFIED_BY) values (2609,null,null,null,null,'dgarcia');
insert into ADDRESS (ADDRESS_ID,REGION_ID,CITY,POSTAL_CODE,COUNTRY,MODIFIED_BY) values (2610,null,'Sao Paulo','05455-050',3,'admin');
insert into ADDRESS (ADDRESS_ID,REGION_ID,CITY,POSTAL_CODE,COUNTRY,MODIFIED_BY) values (2611,null,null,null,null,'dgarcia');
insert into ADDRESS (ADDRESS_ID,REGION_ID,CITY,POSTAL_CODE,COUNTRY,MODIFIED_BY) values (2612,null,'Sao Paulo','05455-050',3,'dgarcia');
insert into ADDRESS (ADDRESS_ID,REGION_ID,CITY,POSTAL_CODE,COUNTRY,MODIFIED_BY) values (2613,null,'Rio De Janeiro','22630-013',3,'dgarcia');
insert into ADDRESS (ADDRESS_ID,REGION_ID,CITY,POSTAL_CODE,COUNTRY,MODIFIED_BY) values (2614,null,null,null,null,'dgarcia');
insert into ADDRESS (ADDRESS_ID,REGION_ID,CITY,POSTAL_CODE,COUNTRY,MODIFIED_BY) values (2615,null,'Rio De Janeiro','22630-013',3,'dgarcia');
insert into ADDRESS (ADDRESS_ID,REGION_ID,CITY,POSTAL_CODE,COUNTRY,MODIFIED_BY) values (2616,null,null,null,null,'dgarcia');
insert into ADDRESS (ADDRESS_ID,REGION_ID,CITY,POSTAL_CODE,COUNTRY,MODIFIED_BY) values (2617,null,'Buenos Aires','1617',1,'dgarcia');
insert into ADDRESS (ADDRESS_ID,REGION_ID,CITY,POSTAL_CODE,COUNTRY,MODIFIED_BY) values (2618,null,null,null,null,'dgarcia');
insert into ADDRESS (ADDRESS_ID,REGION_ID,CITY,POSTAL_CODE,COUNTRY,MODIFIED_BY) values (2619,null,'Capital Federal',null,1,'dgarcia');
insert into ADDRESS (ADDRESS_ID,REGION_ID,CITY,POSTAL_CODE,COUNTRY,MODIFIED_BY) values (2620,null,null,null,null,'dgarcia');
insert into ADDRESS (ADDRESS_ID,REGION_ID,CITY,POSTAL_CODE,COUNTRY,MODIFIED_BY) values (2621,null,'San Miguel',null,1,'dgarcia');
insert into ADDRESS (ADDRESS_ID,REGION_ID,CITY,POSTAL_CODE,COUNTRY,MODIFIED_BY) values (2622,null,null,null,null,'dgarcia');
insert into ADDRESS (ADDRESS_ID,REGION_ID,CITY,POSTAL_CODE,COUNTRY,MODIFIED_BY) values (2623,null,'Capital Federal',null,1,'dgarcia');
insert into ADDRESS (ADDRESS_ID,REGION_ID,CITY,POSTAL_CODE,COUNTRY,MODIFIED_BY) values (2624,null,null,null,null,'dgarcia');
insert into ADDRESS (ADDRESS_ID,REGION_ID,CITY,POSTAL_CODE,COUNTRY,MODIFIED_BY) values (2625,null,'Capital Federal',null,1,'dgarcia');
insert into ADDRESS (ADDRESS_ID,REGION_ID,CITY,POSTAL_CODE,COUNTRY,MODIFIED_BY) values (2626,null,null,null,null,'dgarcia');
insert into ADDRESS (ADDRESS_ID,REGION_ID,CITY,POSTAL_CODE,COUNTRY,MODIFIED_BY) values (2627,null,'Capital Federal',null,1,'dgarcia');
insert into ADDRESS (ADDRESS_ID,REGION_ID,CITY,POSTAL_CODE,COUNTRY,MODIFIED_BY) values (2628,null,null,null,null,'dgarcia');
insert into ADDRESS (ADDRESS_ID,REGION_ID,CITY,POSTAL_CODE,COUNTRY,MODIFIED_BY) values (2629,null,'Rosario Norte',null,1,'dgarcia');
insert into ADDRESS (ADDRESS_ID,REGION_ID,CITY,POSTAL_CODE,COUNTRY,MODIFIED_BY) values (2630,null,null,null,null,'dgarcia');
insert into ADDRESS (ADDRESS_ID,REGION_ID,CITY,POSTAL_CODE,COUNTRY,MODIFIED_BY) values (2631,null,'Capital Federal',null,1,'dgarcia');
insert into ADDRESS (ADDRESS_ID,REGION_ID,CITY,POSTAL_CODE,COUNTRY,MODIFIED_BY) values (2632,null,null,null,null,'dgarcia');
insert into ADDRESS (ADDRESS_ID,REGION_ID,CITY,POSTAL_CODE,COUNTRY,MODIFIED_BY) values (2633,null,'Capital Federal',null,1,'dgarcia');
insert into ADDRESS (ADDRESS_ID,REGION_ID,CITY,POSTAL_CODE,COUNTRY,MODIFIED_BY) values (2634,null,null,null,null,'dgarcia');
insert into ADDRESS (ADDRESS_ID,REGION_ID,CITY,POSTAL_CODE,COUNTRY,MODIFIED_BY) values (2635,null,'Capital Federal',null,1,'dgarcia');
insert into ADDRESS (ADDRESS_ID,REGION_ID,CITY,POSTAL_CODE,COUNTRY,MODIFIED_BY) values (2636,null,null,null,null,'dgarcia');
insert into ADDRESS (ADDRESS_ID,REGION_ID,CITY,POSTAL_CODE,COUNTRY,MODIFIED_BY) values (2637,null,'Sao Paulo','05455-050',3,'dgarcia');
insert into ADDRESS (ADDRESS_ID,REGION_ID,CITY,POSTAL_CODE,COUNTRY,MODIFIED_BY) values (2638,null,null,null,null,'dgarcia');
insert into ADDRESS (ADDRESS_ID,REGION_ID,CITY,POSTAL_CODE,COUNTRY,MODIFIED_BY) values (2639,null,'Sao Paulo','01401-000',3,'dgarcia');
insert into ADDRESS (ADDRESS_ID,REGION_ID,CITY,POSTAL_CODE,COUNTRY,MODIFIED_BY) values (2640,null,null,null,null,'dgarcia');
insert into ADDRESS (ADDRESS_ID,REGION_ID,CITY,POSTAL_CODE,COUNTRY,MODIFIED_BY) values (2641,null,'Sao Paulo','18500-000',3,'dgarcia');
insert into ADDRESS (ADDRESS_ID,REGION_ID,CITY,POSTAL_CODE,COUNTRY,MODIFIED_BY) values (2642,null,null,null,null,'dgarcia');
insert into ADDRESS (ADDRESS_ID,REGION_ID,CITY,POSTAL_CODE,COUNTRY,MODIFIED_BY) values (2643,null,'Sao Paulo','04044-040',3,'dgarcia');
insert into ADDRESS (ADDRESS_ID,REGION_ID,CITY,POSTAL_CODE,COUNTRY,MODIFIED_BY) values (2644,null,null,null,null,'dgarcia');
insert into ADDRESS (ADDRESS_ID,REGION_ID,CITY,POSTAL_CODE,COUNTRY,MODIFIED_BY) values (2645,null,'Sao Paulo','05311-000',3,'dgarcia');
insert into ADDRESS (ADDRESS_ID,REGION_ID,CITY,POSTAL_CODE,COUNTRY,MODIFIED_BY) values (2646,null,null,null,null,'dgarcia');
insert into ADDRESS (ADDRESS_ID,REGION_ID,CITY,POSTAL_CODE,COUNTRY,MODIFIED_BY) values (2647,null,'Sao Paulo','04707-905',3,'dgarcia');
insert into ADDRESS (ADDRESS_ID,REGION_ID,CITY,POSTAL_CODE,COUNTRY,MODIFIED_BY) values (2648,null,null,null,null,'dgarcia');
insert into ADDRESS (ADDRESS_ID,REGION_ID,CITY,POSTAL_CODE,COUNTRY,MODIFIED_BY) values (2649,null,'Sao Paulo','04536-010',3,'dgarcia');
insert into ADDRESS (ADDRESS_ID,REGION_ID,CITY,POSTAL_CODE,COUNTRY,MODIFIED_BY) values (2650,null,null,null,null,'dgarcia');
insert into ADDRESS (ADDRESS_ID,REGION_ID,CITY,POSTAL_CODE,COUNTRY,MODIFIED_BY) values (2651,null,'Sao Paulo','01452-002',3,'dgarcia');
insert into ADDRESS (ADDRESS_ID,REGION_ID,CITY,POSTAL_CODE,COUNTRY,MODIFIED_BY) values (2652,null,null,null,null,'dgarcia');
insert into ADDRESS (ADDRESS_ID,REGION_ID,CITY,POSTAL_CODE,COUNTRY,MODIFIED_BY) values (2653,null,'Sao Paulo','01419-000',3,'dgarcia');
insert into ADDRESS (ADDRESS_ID,REGION_ID,CITY,POSTAL_CODE,COUNTRY,MODIFIED_BY) values (2654,null,null,null,null,'dgarcia');
insert into ADDRESS (ADDRESS_ID,REGION_ID,CITY,POSTAL_CODE,COUNTRY,MODIFIED_BY) values (2655,null,'Buenos Aires - Capital Federal','1069',1,'dgarcia');
insert into ADDRESS (ADDRESS_ID,REGION_ID,CITY,POSTAL_CODE,COUNTRY,MODIFIED_BY) values (2656,null,null,null,null,'dgarcia');
insert into ADDRESS (ADDRESS_ID,REGION_ID,CITY,POSTAL_CODE,COUNTRY,MODIFIED_BY) values (2657,null,'Capital Federal','1425',1,'dgarcia');
insert into ADDRESS (ADDRESS_ID,REGION_ID,CITY,POSTAL_CODE,COUNTRY,MODIFIED_BY) values (2658,null,null,null,null,'dgarcia');
insert into ADDRESS (ADDRESS_ID,REGION_ID,CITY,POSTAL_CODE,COUNTRY,MODIFIED_BY) values (2659,null,'Aldo Bonzi - Buenos Aires','1785',1,'dgarcia');
insert into ADDRESS (ADDRESS_ID,REGION_ID,CITY,POSTAL_CODE,COUNTRY,MODIFIED_BY) values (2660,null,null,null,null,'dgarcia');
insert into ADDRESS (ADDRESS_ID,REGION_ID,CITY,POSTAL_CODE,COUNTRY,MODIFIED_BY) values (2661,null,'Capital Federal','1260',1,'dgarcia');
insert into ADDRESS (ADDRESS_ID,REGION_ID,CITY,POSTAL_CODE,COUNTRY,MODIFIED_BY) values (2662,null,null,null,null,'dgarcia');
insert into ADDRESS (ADDRESS_ID,REGION_ID,CITY,POSTAL_CODE,COUNTRY,MODIFIED_BY) values (2663,null,'Capital Federal','1091',1,'dgarcia');
insert into ADDRESS (ADDRESS_ID,REGION_ID,CITY,POSTAL_CODE,COUNTRY,MODIFIED_BY) values (2664,null,null,null,null,'dgarcia');
insert into ADDRESS (ADDRESS_ID,REGION_ID,CITY,POSTAL_CODE,COUNTRY,MODIFIED_BY) values (2665,null,'Gral. Pacheco - Buenos Aires','1617',1,'dgarcia');
insert into ADDRESS (ADDRESS_ID,REGION_ID,CITY,POSTAL_CODE,COUNTRY,MODIFIED_BY) values (2666,null,null,null,null,'dgarcia');
insert into ADDRESS (ADDRESS_ID,REGION_ID,CITY,POSTAL_CODE,COUNTRY,MODIFIED_BY) values (2667,null,'Vicente Lopez - Buenos Aires',null,1,'dgarcia');
insert into ADDRESS (ADDRESS_ID,REGION_ID,CITY,POSTAL_CODE,COUNTRY,MODIFIED_BY) values (2668,null,null,null,null,'dgarcia');
insert into ADDRESS (ADDRESS_ID,REGION_ID,CITY,POSTAL_CODE,COUNTRY,MODIFIED_BY) values (2669,null,'Mercedes - San Luis',null,1,'dgarcia');
insert into ADDRESS (ADDRESS_ID,REGION_ID,CITY,POSTAL_CODE,COUNTRY,MODIFIED_BY) values (2670,null,null,null,null,'dgarcia');
insert into ADDRESS (ADDRESS_ID,REGION_ID,CITY,POSTAL_CODE,COUNTRY,MODIFIED_BY) values (2671,null,'Capital Federal','1001',1,'dgarcia');
insert into ADDRESS (ADDRESS_ID,REGION_ID,CITY,POSTAL_CODE,COUNTRY,MODIFIED_BY) values (2672,null,null,null,null,'dgarcia');
insert into ADDRESS (ADDRESS_ID,REGION_ID,CITY,POSTAL_CODE,COUNTRY,MODIFIED_BY) values (2673,null,'Pablo Podesta - Buenos Aires','1687',1,'dgarcia');
insert into ADDRESS (ADDRESS_ID,REGION_ID,CITY,POSTAL_CODE,COUNTRY,MODIFIED_BY) values (2674,null,null,null,null,'dgarcia');
insert into ADDRESS (ADDRESS_ID,REGION_ID,CITY,POSTAL_CODE,COUNTRY,MODIFIED_BY) values (2675,null,'Capital Federal','1103',1,'dgarcia');
insert into ADDRESS (ADDRESS_ID,REGION_ID,CITY,POSTAL_CODE,COUNTRY,MODIFIED_BY) values (2676,null,null,null,null,'dgarcia');
insert into ADDRESS (ADDRESS_ID,REGION_ID,CITY,POSTAL_CODE,COUNTRY,MODIFIED_BY) values (2677,null,'Capital Federal','1049',1,'dgarcia');
insert into ADDRESS (ADDRESS_ID,REGION_ID,CITY,POSTAL_CODE,COUNTRY,MODIFIED_BY) values (2678,null,null,null,null,'dgarcia');
insert into ADDRESS (ADDRESS_ID,REGION_ID,CITY,POSTAL_CODE,COUNTRY,MODIFIED_BY) values (2679,null,'Capital Federal','1427',1,'dgarcia');
insert into ADDRESS (ADDRESS_ID,REGION_ID,CITY,POSTAL_CODE,COUNTRY,MODIFIED_BY) values (2680,null,null,null,null,'dgarcia');
insert into ADDRESS (ADDRESS_ID,REGION_ID,CITY,POSTAL_CODE,COUNTRY,MODIFIED_BY) values (2681,null,'Capital Federal','1107',1,'dgarcia');
insert into ADDRESS (ADDRESS_ID,REGION_ID,CITY,POSTAL_CODE,COUNTRY,MODIFIED_BY) values (2682,null,null,null,null,'dgarcia');
insert into ADDRESS (ADDRESS_ID,REGION_ID,CITY,POSTAL_CODE,COUNTRY,MODIFIED_BY) values (2683,null,'Capital Federal','1003',1,'dgarcia');
insert into ADDRESS (ADDRESS_ID,REGION_ID,CITY,POSTAL_CODE,COUNTRY,MODIFIED_BY) values (2684,null,null,null,null,'dgarcia');
insert into ADDRESS (ADDRESS_ID,REGION_ID,CITY,POSTAL_CODE,COUNTRY,MODIFIED_BY) values (2685,null,'Capital Federal','1001',1,'dgarcia');
insert into ADDRESS (ADDRESS_ID,REGION_ID,CITY,POSTAL_CODE,COUNTRY,MODIFIED_BY) values (2686,null,null,null,null,'dgarcia');
insert into ADDRESS (ADDRESS_ID,REGION_ID,CITY,POSTAL_CODE,COUNTRY,MODIFIED_BY) values (2687,null,'Capital Federal, Argentina','1427',1,'dgarcia');
insert into ADDRESS (ADDRESS_ID,REGION_ID,CITY,POSTAL_CODE,COUNTRY,MODIFIED_BY) values (2688,null,null,null,null,'dgarcia');
insert into ADDRESS (ADDRESS_ID,REGION_ID,CITY,POSTAL_CODE,COUNTRY,MODIFIED_BY) values (2689,null,'Capital Federal',null,1,'dgarcia');
insert into ADDRESS (ADDRESS_ID,REGION_ID,CITY,POSTAL_CODE,COUNTRY,MODIFIED_BY) values (2690,null,null,null,null,'dgarcia');
insert into ADDRESS (ADDRESS_ID,REGION_ID,CITY,POSTAL_CODE,COUNTRY,MODIFIED_BY) values (2691,null,'Capital Federal','1050',1,'dgarcia');
insert into ADDRESS (ADDRESS_ID,REGION_ID,CITY,POSTAL_CODE,COUNTRY,MODIFIED_BY) values (2692,null,null,null,null,'dgarcia');
insert into ADDRESS (ADDRESS_ID,REGION_ID,CITY,POSTAL_CODE,COUNTRY,MODIFIED_BY) values (2693,null,'Capital Federal',null,1,'dgarcia');
insert into ADDRESS (ADDRESS_ID,REGION_ID,CITY,POSTAL_CODE,COUNTRY,MODIFIED_BY) values (2694,null,null,null,null,'dgarcia');
insert into ADDRESS (ADDRESS_ID,REGION_ID,CITY,POSTAL_CODE,COUNTRY,MODIFIED_BY) values (2695,null,'Capital Federal, Argentina',null,1,'dgarcia');
insert into ADDRESS (ADDRESS_ID,REGION_ID,CITY,POSTAL_CODE,COUNTRY,MODIFIED_BY) values (2696,null,null,null,null,'dgarcia');
insert into ADDRESS (ADDRESS_ID,REGION_ID,CITY,POSTAL_CODE,COUNTRY,MODIFIED_BY) values (2697,null,'Capital Federal','1428',1,'dgarcia');
insert into ADDRESS (ADDRESS_ID,REGION_ID,CITY,POSTAL_CODE,COUNTRY,MODIFIED_BY) values (2698,null,null,null,null,'dgarcia');
insert into ADDRESS (ADDRESS_ID,REGION_ID,CITY,POSTAL_CODE,COUNTRY,MODIFIED_BY) values (2699,null,'Capital Federal','1001',1,'dgarcia');
insert into ADDRESS (ADDRESS_ID,REGION_ID,CITY,POSTAL_CODE,COUNTRY,MODIFIED_BY) values (2700,null,null,null,null,'dgarcia');
insert into ADDRESS (ADDRESS_ID,REGION_ID,CITY,POSTAL_CODE,COUNTRY,MODIFIED_BY) values (2701,null,'Capital Federal','1001',1,'dgarcia');
insert into ADDRESS (ADDRESS_ID,REGION_ID,CITY,POSTAL_CODE,COUNTRY,MODIFIED_BY) values (2702,null,null,null,null,'dgarcia');
insert into ADDRESS (ADDRESS_ID,REGION_ID,CITY,POSTAL_CODE,COUNTRY,MODIFIED_BY) values (2703,null,'Capital Federal','1071',1,'dgarcia');
insert into ADDRESS (ADDRESS_ID,REGION_ID,CITY,POSTAL_CODE,COUNTRY,MODIFIED_BY) values (2704,null,null,null,null,'dgarcia');
insert into ADDRESS (ADDRESS_ID,REGION_ID,CITY,POSTAL_CODE,COUNTRY,MODIFIED_BY) values (2705,null,'Buenos Aires','1605',1,'dgarcia');
insert into ADDRESS (ADDRESS_ID,REGION_ID,CITY,POSTAL_CODE,COUNTRY,MODIFIED_BY) values (2706,null,null,null,null,'dgarcia');
insert into ADDRESS (ADDRESS_ID,REGION_ID,CITY,POSTAL_CODE,COUNTRY,MODIFIED_BY) values (2707,null,'Capital Federal','1023',1,'dgarcia');
insert into ADDRESS (ADDRESS_ID,REGION_ID,CITY,POSTAL_CODE,COUNTRY,MODIFIED_BY) values (2708,null,null,null,null,'dgarcia');
insert into ADDRESS (ADDRESS_ID,REGION_ID,CITY,POSTAL_CODE,COUNTRY,MODIFIED_BY) values (2709,null,'Buenos Aires',null,1,'dgarcia');
insert into ADDRESS (ADDRESS_ID,REGION_ID,CITY,POSTAL_CODE,COUNTRY,MODIFIED_BY) values (2710,null,null,null,null,'dgarcia');
insert into ADDRESS (ADDRESS_ID,REGION_ID,CITY,POSTAL_CODE,COUNTRY,MODIFIED_BY) values (2711,null,'Buenos Aires','C1425SOS',1,'dgarcia');
insert into ADDRESS (ADDRESS_ID,REGION_ID,CITY,POSTAL_CODE,COUNTRY,MODIFIED_BY) values (2712,null,null,null,null,'dgarcia');
insert into ADDRESS (ADDRESS_ID,REGION_ID,CITY,POSTAL_CODE,COUNTRY,MODIFIED_BY) values (2713,null,'Rosario - Santa Fe','2000',1,'dgarcia');
insert into ADDRESS (ADDRESS_ID,REGION_ID,CITY,POSTAL_CODE,COUNTRY,MODIFIED_BY) values (2714,null,null,null,null,'dgarcia');
insert into ADDRESS (ADDRESS_ID,REGION_ID,CITY,POSTAL_CODE,COUNTRY,MODIFIED_BY) values (2715,null,'Capital Federal','1036',1,'dgarcia');
insert into ADDRESS (ADDRESS_ID,REGION_ID,CITY,POSTAL_CODE,COUNTRY,MODIFIED_BY) values (2716,null,null,null,null,'dgarcia');
insert into ADDRESS (ADDRESS_ID,REGION_ID,CITY,POSTAL_CODE,COUNTRY,MODIFIED_BY) values (2717,101,'Buenos Aires','1038',1,'dgarcia');
insert into ADDRESS (ADDRESS_ID,REGION_ID,CITY,POSTAL_CODE,COUNTRY,MODIFIED_BY) values (2718,null,null,null,null,'dgarcia');
insert into ADDRESS (ADDRESS_ID,REGION_ID,CITY,POSTAL_CODE,COUNTRY,MODIFIED_BY) values (2719,101,'Buenos Aires',null,1,'dgarcia');
insert into ADDRESS (ADDRESS_ID,REGION_ID,CITY,POSTAL_CODE,COUNTRY,MODIFIED_BY) values (2720,null,null,null,null,'dgarcia');
insert into ADDRESS (ADDRESS_ID,REGION_ID,CITY,POSTAL_CODE,COUNTRY,MODIFIED_BY) values (2721,null,'Capital Federal','1437',1,'dgarcia');
insert into ADDRESS (ADDRESS_ID,REGION_ID,CITY,POSTAL_CODE,COUNTRY,MODIFIED_BY) values (2722,null,null,null,null,'dgarcia');
insert into ADDRESS (ADDRESS_ID,REGION_ID,CITY,POSTAL_CODE,COUNTRY,MODIFIED_BY) values (2723,null,'Sao Paulo','01452-000',3,'dgarcia');
insert into ADDRESS (ADDRESS_ID,REGION_ID,CITY,POSTAL_CODE,COUNTRY,MODIFIED_BY) values (2724,null,null,null,null,'dgarcia');
insert into ADDRESS (ADDRESS_ID,REGION_ID,CITY,POSTAL_CODE,COUNTRY,MODIFIED_BY) values (2725,null,'Sao Paulo','04501-000',3,'dgarcia');
insert into ADDRESS (ADDRESS_ID,REGION_ID,CITY,POSTAL_CODE,COUNTRY,MODIFIED_BY) values (2726,null,null,null,null,'dgarcia');
insert into ADDRESS (ADDRESS_ID,REGION_ID,CITY,POSTAL_CODE,COUNTRY,MODIFIED_BY) values (2727,null,'Sao Paulo','05805-000',3,'dgarcia');
insert into ADDRESS (ADDRESS_ID,REGION_ID,CITY,POSTAL_CODE,COUNTRY,MODIFIED_BY) values (2728,null,null,null,null,'dgarcia');
insert into ADDRESS (ADDRESS_ID,REGION_ID,CITY,POSTAL_CODE,COUNTRY,MODIFIED_BY) values (2729,null,'Capital Federal','1425',1,'dgarcia');
insert into ADDRESS (ADDRESS_ID,REGION_ID,CITY,POSTAL_CODE,COUNTRY,MODIFIED_BY) values (2730,null,null,null,null,'dgarcia');
insert into ADDRESS (ADDRESS_ID,REGION_ID,CITY,POSTAL_CODE,COUNTRY,MODIFIED_BY) values (2731,null,'Sao Paulo','05021-000',3,'dgarcia');
insert into ADDRESS (ADDRESS_ID,REGION_ID,CITY,POSTAL_CODE,COUNTRY,MODIFIED_BY) values (2732,null,null,null,null,'dgarcia');
insert into ADDRESS (ADDRESS_ID,REGION_ID,CITY,POSTAL_CODE,COUNTRY,MODIFIED_BY) values (2733,null,'Rio De Janeiro','20081-260',3,'dgarcia');
insert into ADDRESS (ADDRESS_ID,REGION_ID,CITY,POSTAL_CODE,COUNTRY,MODIFIED_BY) values (2734,null,null,null,null,'dgarcia');
insert into ADDRESS (ADDRESS_ID,REGION_ID,CITY,POSTAL_CODE,COUNTRY,MODIFIED_BY) values (2735,null,'Sao Paulo','04779-900',3,'dgarcia');
insert into ADDRESS (ADDRESS_ID,REGION_ID,CITY,POSTAL_CODE,COUNTRY,MODIFIED_BY) values (2736,null,null,null,null,'dgarcia');
insert into ADDRESS (ADDRESS_ID,REGION_ID,CITY,POSTAL_CODE,COUNTRY,MODIFIED_BY) values (2737,null,'Paraiso','40002-020',3,'dgarcia');
insert into ADDRESS (ADDRESS_ID,REGION_ID,CITY,POSTAL_CODE,COUNTRY,MODIFIED_BY) values (2738,null,null,null,null,'dgarcia');
insert into ADDRESS (ADDRESS_ID,REGION_ID,CITY,POSTAL_CODE,COUNTRY,MODIFIED_BY) values (2739,null,'Capital Federal','1054',1,'dgarcia');
insert into ADDRESS (ADDRESS_ID,REGION_ID,CITY,POSTAL_CODE,COUNTRY,MODIFIED_BY) values (2740,null,null,null,null,'dgarcia');
insert into ADDRESS (ADDRESS_ID,REGION_ID,CITY,POSTAL_CODE,COUNTRY,MODIFIED_BY) values (2741,null,'Sao Paulo','04543-011',3,'dgarcia');
insert into ADDRESS (ADDRESS_ID,REGION_ID,CITY,POSTAL_CODE,COUNTRY,MODIFIED_BY) values (2742,null,null,null,null,'dgarcia');
insert into ADDRESS (ADDRESS_ID,REGION_ID,CITY,POSTAL_CODE,COUNTRY,MODIFIED_BY) values (2743,null,'Sao Paulo','05805-000',3,'dgarcia');
insert into ADDRESS (ADDRESS_ID,REGION_ID,CITY,POSTAL_CODE,COUNTRY,MODIFIED_BY) values (2744,null,null,null,null,'dgarcia');
insert into ADDRESS (ADDRESS_ID,REGION_ID,CITY,POSTAL_CODE,COUNTRY,MODIFIED_BY) values (2745,null,'Osasco/sp','06029-900',3,'dgarcia');
insert into ADDRESS (ADDRESS_ID,REGION_ID,CITY,POSTAL_CODE,COUNTRY,MODIFIED_BY) values (2746,null,null,null,null,'dgarcia');
insert into ADDRESS (ADDRESS_ID,REGION_ID,CITY,POSTAL_CODE,COUNTRY,MODIFIED_BY) values (2747,null,'San Paulo','05465-070',3,'dgarcia');
insert into ADDRESS (ADDRESS_ID,REGION_ID,CITY,POSTAL_CODE,COUNTRY,MODIFIED_BY) values (2748,null,null,null,null,'dgarcia');
insert into ADDRESS (ADDRESS_ID,REGION_ID,CITY,POSTAL_CODE,COUNTRY,MODIFIED_BY) values (2749,null,'Sao Paulo','01438-000',3,'dgarcia');
insert into ADDRESS (ADDRESS_ID,REGION_ID,CITY,POSTAL_CODE,COUNTRY,MODIFIED_BY) values (2750,null,null,null,null,'dgarcia');
insert into ADDRESS (ADDRESS_ID,REGION_ID,CITY,POSTAL_CODE,COUNTRY,MODIFIED_BY) values (2751,null,'Capital Federal','1383',1,'dgarcia');
insert into ADDRESS (ADDRESS_ID,REGION_ID,CITY,POSTAL_CODE,COUNTRY,MODIFIED_BY) values (2752,null,null,null,null,'dgarcia');
insert into ADDRESS (ADDRESS_ID,REGION_ID,CITY,POSTAL_CODE,COUNTRY,MODIFIED_BY) values (2753,null,'Farroupilha','04525-000',3,'dgarcia');
insert into ADDRESS (ADDRESS_ID,REGION_ID,CITY,POSTAL_CODE,COUNTRY,MODIFIED_BY) values (2754,null,null,null,null,'dgarcia');
insert into ADDRESS (ADDRESS_ID,REGION_ID,CITY,POSTAL_CODE,COUNTRY,MODIFIED_BY) values (2755,108,'Avellaneda','1870',1,'dgarcia');
insert into ADDRESS (ADDRESS_ID,REGION_ID,CITY,POSTAL_CODE,COUNTRY,MODIFIED_BY) values (2756,null,null,null,null,'dgarcia');
insert into ADDRESS (ADDRESS_ID,REGION_ID,CITY,POSTAL_CODE,COUNTRY,MODIFIED_BY) values (2757,101,'Buenos Aires','1640',1,'dgarcia');
insert into ADDRESS (ADDRESS_ID,REGION_ID,CITY,POSTAL_CODE,COUNTRY,MODIFIED_BY) values (2758,null,null,null,null,'dgarcia');
insert into ADDRESS (ADDRESS_ID,REGION_ID,CITY,POSTAL_CODE,COUNTRY,MODIFIED_BY) values (2759,null,'Johannesburg','00000000',7,'dgarcia');
insert into ADDRESS (ADDRESS_ID,REGION_ID,CITY,POSTAL_CODE,COUNTRY,MODIFIED_BY) values (2760,null,null,null,null,'dgarcia');
insert into ADDRESS (ADDRESS_ID,REGION_ID,CITY,POSTAL_CODE,COUNTRY,MODIFIED_BY) values (2761,null,'Sao Jose Do Rio Preto','15014490',3,'dgarcia');
insert into ADDRESS (ADDRESS_ID,REGION_ID,CITY,POSTAL_CODE,COUNTRY,MODIFIED_BY) values (2762,null,null,null,null,'dgarcia');
insert into ADDRESS (ADDRESS_ID,REGION_ID,CITY,POSTAL_CODE,COUNTRY,MODIFIED_BY) values (2763,null,'Sao Paulo','05093-000',3,'dgarcia');
insert into ADDRESS (ADDRESS_ID,REGION_ID,CITY,POSTAL_CODE,COUNTRY,MODIFIED_BY) values (2764,null,null,null,null,'dgarcia');
insert into ADDRESS (ADDRESS_ID,REGION_ID,CITY,POSTAL_CODE,COUNTRY,MODIFIED_BY) values (2765,null,'Capital Federal','1003',1,'dgarcia');
insert into ADDRESS (ADDRESS_ID,REGION_ID,CITY,POSTAL_CODE,COUNTRY,MODIFIED_BY) values (2766,null,null,null,null,'dgarcia');
insert into ADDRESS (ADDRESS_ID,REGION_ID,CITY,POSTAL_CODE,COUNTRY,MODIFIED_BY) values (2767,null,'Malagueno','5101',1,'dgarcia');
insert into ADDRESS (ADDRESS_ID,REGION_ID,CITY,POSTAL_CODE,COUNTRY,MODIFIED_BY) values (2768,null,null,null,null,'dgarcia');
insert into ADDRESS (ADDRESS_ID,REGION_ID,CITY,POSTAL_CODE,COUNTRY,MODIFIED_BY) values (2769,null,'S?o Paulo','04543-011',3,'dgarcia');
insert into ADDRESS (ADDRESS_ID,REGION_ID,CITY,POSTAL_CODE,COUNTRY,MODIFIED_BY) values (2770,null,null,null,null,'dgarcia');
insert into ADDRESS (ADDRESS_ID,REGION_ID,CITY,POSTAL_CODE,COUNTRY,MODIFIED_BY) values (2771,null,'Sao Paulo','04557-000',3,'dgarcia');
insert into ADDRESS (ADDRESS_ID,REGION_ID,CITY,POSTAL_CODE,COUNTRY,MODIFIED_BY) values (2772,null,null,null,null,'dgarcia');
insert into ADDRESS (ADDRESS_ID,REGION_ID,CITY,POSTAL_CODE,COUNTRY,MODIFIED_BY) values (2773,null,'Sao Paulo','04578-910',3,'dgarcia');
insert into ADDRESS (ADDRESS_ID,REGION_ID,CITY,POSTAL_CODE,COUNTRY,MODIFIED_BY) values (2774,null,null,null,null,'dgarcia');
insert into ADDRESS (ADDRESS_ID,REGION_ID,CITY,POSTAL_CODE,COUNTRY,MODIFIED_BY) values (2775,null,'Bela Vista De Goias','00000-000',3,'dgarcia');
insert into ADDRESS (ADDRESS_ID,REGION_ID,CITY,POSTAL_CODE,COUNTRY,MODIFIED_BY) values (2776,null,null,null,null,'dgarcia');
insert into ADDRESS (ADDRESS_ID,REGION_ID,CITY,POSTAL_CODE,COUNTRY,MODIFIED_BY) values (2777,null,'Campinas','13080-010',3,'dgarcia');
insert into ADDRESS (ADDRESS_ID,REGION_ID,CITY,POSTAL_CODE,COUNTRY,MODIFIED_BY) values (2778,null,null,null,null,'dgarcia');
insert into ADDRESS (ADDRESS_ID,REGION_ID,CITY,POSTAL_CODE,COUNTRY,MODIFIED_BY) values (2779,null,'S?o Paulo','04578-000',3,'dgarcia');
insert into ADDRESS (ADDRESS_ID,REGION_ID,CITY,POSTAL_CODE,COUNTRY,MODIFIED_BY) values (2780,null,null,null,null,'dgarcia');
insert into ADDRESS (ADDRESS_ID,REGION_ID,CITY,POSTAL_CODE,COUNTRY,MODIFIED_BY) values (2781,null,'Recife','52061-030',3,'dgarcia');
insert into ADDRESS (ADDRESS_ID,REGION_ID,CITY,POSTAL_CODE,COUNTRY,MODIFIED_BY) values (2782,null,null,null,null,'dgarcia');
insert into ADDRESS (ADDRESS_ID,REGION_ID,CITY,POSTAL_CODE,COUNTRY,MODIFIED_BY) values (2783,null,'S?o Paulo','04011-002',3,'dgarcia');
insert into ADDRESS (ADDRESS_ID,REGION_ID,CITY,POSTAL_CODE,COUNTRY,MODIFIED_BY) values (2784,null,null,null,null,'dgarcia');
insert into ADDRESS (ADDRESS_ID,REGION_ID,CITY,POSTAL_CODE,COUNTRY,MODIFIED_BY) values (2785,null,'Capital Federal',null,1,'dgarcia');
insert into ADDRESS (ADDRESS_ID,REGION_ID,CITY,POSTAL_CODE,COUNTRY,MODIFIED_BY) values (2786,null,null,null,null,'dgarcia');
insert into ADDRESS (ADDRESS_ID,REGION_ID,CITY,POSTAL_CODE,COUNTRY,MODIFIED_BY) values (2787,null,'Capital Federal','1063',1,'dgarcia');
insert into ADDRESS (ADDRESS_ID,REGION_ID,CITY,POSTAL_CODE,COUNTRY,MODIFIED_BY) values (2788,null,null,null,null,'dgarcia');
insert into ADDRESS (ADDRESS_ID,REGION_ID,CITY,POSTAL_CODE,COUNTRY,MODIFIED_BY) values (2789,null,'Buenos Aires',null,1,'dgarcia');
insert into ADDRESS (ADDRESS_ID,REGION_ID,CITY,POSTAL_CODE,COUNTRY,MODIFIED_BY) values (2790,null,null,null,null,'dgarcia');
insert into ADDRESS (ADDRESS_ID,REGION_ID,CITY,POSTAL_CODE,COUNTRY,MODIFIED_BY) values (2791,null,'Jaragu? Do Sul','050230-100',3,'dgarcia');
insert into ADDRESS (ADDRESS_ID,REGION_ID,CITY,POSTAL_CODE,COUNTRY,MODIFIED_BY) values (2792,null,null,null,null,'dgarcia');
insert into ADDRESS (ADDRESS_ID,REGION_ID,CITY,POSTAL_CODE,COUNTRY,MODIFIED_BY) values (2793,null,'Araujos','3560-3000',3,'dgarcia');
insert into ADDRESS (ADDRESS_ID,REGION_ID,CITY,POSTAL_CODE,COUNTRY,MODIFIED_BY) values (2794,null,null,null,null,'dgarcia');
insert into ADDRESS (ADDRESS_ID,REGION_ID,CITY,POSTAL_CODE,COUNTRY,MODIFIED_BY) values (2795,null,'Belo Horizonte','30150-280',3,'dgarcia');
insert into ADDRESS (ADDRESS_ID,REGION_ID,CITY,POSTAL_CODE,COUNTRY,MODIFIED_BY) values (2796,null,null,null,null,'dgarcia');
insert into ADDRESS (ADDRESS_ID,REGION_ID,CITY,POSTAL_CODE,COUNTRY,MODIFIED_BY) values (2797,null,'Goiania','74275-150',3,'dgarcia');
insert into ADDRESS (ADDRESS_ID,REGION_ID,CITY,POSTAL_CODE,COUNTRY,MODIFIED_BY) values (2798,null,null,null,null,'dgarcia');
insert into ADDRESS (ADDRESS_ID,REGION_ID,CITY,POSTAL_CODE,COUNTRY,MODIFIED_BY) values (2799,null,'Baurueri','06460-040',3,'dgarcia');
insert into ADDRESS (ADDRESS_ID,REGION_ID,CITY,POSTAL_CODE,COUNTRY,MODIFIED_BY) values (2800,null,null,null,null,'dgarcia');
insert into ADDRESS (ADDRESS_ID,REGION_ID,CITY,POSTAL_CODE,COUNTRY,MODIFIED_BY) values (2801,null,'Santa Catarina','88385-000',3,'dgarcia');
insert into ADDRESS (ADDRESS_ID,REGION_ID,CITY,POSTAL_CODE,COUNTRY,MODIFIED_BY) values (2802,null,null,null,null,'dgarcia');
insert into ADDRESS (ADDRESS_ID,REGION_ID,CITY,POSTAL_CODE,COUNTRY,MODIFIED_BY) values (2803,null,'Penha','88385-000',3,'dgarcia');
insert into ADDRESS (ADDRESS_ID,REGION_ID,CITY,POSTAL_CODE,COUNTRY,MODIFIED_BY) values (2804,null,null,null,null,'dgarcia');
insert into ADDRESS (ADDRESS_ID,REGION_ID,CITY,POSTAL_CODE,COUNTRY,MODIFIED_BY) values (2805,null,'S?o Paulo','01451-907',3,'dgarcia');
insert into ADDRESS (ADDRESS_ID,REGION_ID,CITY,POSTAL_CODE,COUNTRY,MODIFIED_BY) values (2806,null,null,null,null,'dgarcia');
insert into ADDRESS (ADDRESS_ID,REGION_ID,CITY,POSTAL_CODE,COUNTRY,MODIFIED_BY) values (2807,null,'Rio De Janeiro','22271-040',3,'dgarcia');
insert into ADDRESS (ADDRESS_ID,REGION_ID,CITY,POSTAL_CODE,COUNTRY,MODIFIED_BY) values (2808,null,null,null,null,'dgarcia');
insert into ADDRESS (ADDRESS_ID,REGION_ID,CITY,POSTAL_CODE,COUNTRY,MODIFIED_BY) values (2809,null,'S?o Paulo','05509-006',3,'dgarcia');
insert into ADDRESS (ADDRESS_ID,REGION_ID,CITY,POSTAL_CODE,COUNTRY,MODIFIED_BY) values (2810,null,null,null,null,'dgarcia');
insert into ADDRESS (ADDRESS_ID,REGION_ID,CITY,POSTAL_CODE,COUNTRY,MODIFIED_BY) values (2811,null,'Rio De Janeiro','22250-040',3,'dgarcia');
insert into ADDRESS (ADDRESS_ID,REGION_ID,CITY,POSTAL_CODE,COUNTRY,MODIFIED_BY) values (2812,null,null,null,null,'dgarcia');
insert into ADDRESS (ADDRESS_ID,REGION_ID,CITY,POSTAL_CODE,COUNTRY,MODIFIED_BY) values (2813,null,'Capital Federal',null,1,'dgarcia');
insert into ADDRESS (ADDRESS_ID,REGION_ID,CITY,POSTAL_CODE,COUNTRY,MODIFIED_BY) values (2814,null,null,null,null,'dgarcia');
insert into ADDRESS (ADDRESS_ID,REGION_ID,CITY,POSTAL_CODE,COUNTRY,MODIFIED_BY) values (2815,null,'Vitoria','29050909',3,'dgarcia');
insert into ADDRESS (ADDRESS_ID,REGION_ID,CITY,POSTAL_CODE,COUNTRY,MODIFIED_BY) values (2816,null,null,null,null,'dgarcia');
insert into ADDRESS (ADDRESS_ID,REGION_ID,CITY,POSTAL_CODE,COUNTRY,MODIFIED_BY) values (2817,null,'Blumenal','89035-660',3,'dgarcia');
insert into ADDRESS (ADDRESS_ID,REGION_ID,CITY,POSTAL_CODE,COUNTRY,MODIFIED_BY) values (2818,null,null,null,null,'dgarcia');
insert into ADDRESS (ADDRESS_ID,REGION_ID,CITY,POSTAL_CODE,COUNTRY,MODIFIED_BY) values (2819,null,'Santa Catarina','93510-300',3,'dgarcia');
insert into ADDRESS (ADDRESS_ID,REGION_ID,CITY,POSTAL_CODE,COUNTRY,MODIFIED_BY) values (2820,null,null,null,null,'dgarcia');
insert into ADDRESS (ADDRESS_ID,REGION_ID,CITY,POSTAL_CODE,COUNTRY,MODIFIED_BY) values (2821,null,'Ivoti','93900-000',3,'dgarcia');
insert into ADDRESS (ADDRESS_ID,REGION_ID,CITY,POSTAL_CODE,COUNTRY,MODIFIED_BY) values (2822,null,null,null,null,'dgarcia');
insert into ADDRESS (ADDRESS_ID,REGION_ID,CITY,POSTAL_CODE,COUNTRY,MODIFIED_BY) values (2823,null,'Aguas De Lindoia','13940-000',3,'dgarcia');
insert into ADDRESS (ADDRESS_ID,REGION_ID,CITY,POSTAL_CODE,COUNTRY,MODIFIED_BY) values (2824,null,null,null,null,'dgarcia');
insert into ADDRESS (ADDRESS_ID,REGION_ID,CITY,POSTAL_CODE,COUNTRY,MODIFIED_BY) values (2825,null,'Capital Federal',null,1,'dgarcia');
insert into ADDRESS (ADDRESS_ID,REGION_ID,CITY,POSTAL_CODE,COUNTRY,MODIFIED_BY) values (2826,null,null,null,null,'dgarcia');
insert into ADDRESS (ADDRESS_ID,REGION_ID,CITY,POSTAL_CODE,COUNTRY,MODIFIED_BY) values (2827,null,'Guarulhos','07034-904',3,'dgarcia');
insert into ADDRESS (ADDRESS_ID,REGION_ID,CITY,POSTAL_CODE,COUNTRY,MODIFIED_BY) values (2828,null,null,null,null,'dgarcia');
insert into ADDRESS (ADDRESS_ID,REGION_ID,CITY,POSTAL_CODE,COUNTRY,MODIFIED_BY) values (2829,null,'S?o Paulo','04795-100',3,'dgarcia');
insert into ADDRESS (ADDRESS_ID,REGION_ID,CITY,POSTAL_CODE,COUNTRY,MODIFIED_BY) values (2830,null,null,null,null,'dgarcia');
insert into ADDRESS (ADDRESS_ID,REGION_ID,CITY,POSTAL_CODE,COUNTRY,MODIFIED_BY) values (2831,null,'Rio De Janeiro','20031-917',3,'dgarcia');
insert into ADDRESS (ADDRESS_ID,REGION_ID,CITY,POSTAL_CODE,COUNTRY,MODIFIED_BY) values (2832,null,null,null,null,'dgarcia');
insert into ADDRESS (ADDRESS_ID,REGION_ID,CITY,POSTAL_CODE,COUNTRY,MODIFIED_BY) values (2833,null,'Capital Federal',null,1,'dgarcia');
insert into ADDRESS (ADDRESS_ID,REGION_ID,CITY,POSTAL_CODE,COUNTRY,MODIFIED_BY) values (2834,null,null,null,null,'dgarcia');
insert into ADDRESS (ADDRESS_ID,REGION_ID,CITY,POSTAL_CODE,COUNTRY,MODIFIED_BY) values (2835,null,'Campinas','13105-000',3,'dgarcia');
insert into ADDRESS (ADDRESS_ID,REGION_ID,CITY,POSTAL_CODE,COUNTRY,MODIFIED_BY) values (2836,null,null,null,null,'dgarcia');
insert into ADDRESS (ADDRESS_ID,REGION_ID,CITY,POSTAL_CODE,COUNTRY,MODIFIED_BY) values (2837,null,'Atibaia','12954-637',3,'dgarcia');
insert into ADDRESS (ADDRESS_ID,REGION_ID,CITY,POSTAL_CODE,COUNTRY,MODIFIED_BY) values (2838,null,null,null,null,'dgarcia');
insert into ADDRESS (ADDRESS_ID,REGION_ID,CITY,POSTAL_CODE,COUNTRY,MODIFIED_BY) values (2839,100,'Capital Federal','1001',1,'dgarcia');
insert into ADDRESS (ADDRESS_ID,REGION_ID,CITY,POSTAL_CODE,COUNTRY,MODIFIED_BY) values (2840,null,null,null,null,'dgarcia');
insert into ADDRESS (ADDRESS_ID,REGION_ID,CITY,POSTAL_CODE,COUNTRY,MODIFIED_BY) values (2841,null,'Capital Federal','1107',1,'dgarcia');
insert into ADDRESS (ADDRESS_ID,REGION_ID,CITY,POSTAL_CODE,COUNTRY,MODIFIED_BY) values (2842,null,null,null,null,'dgarcia');
insert into ADDRESS (ADDRESS_ID,REGION_ID,CITY,POSTAL_CODE,COUNTRY,MODIFIED_BY) values (2843,null,'Cruz Das Almas','44380-000',3,'dgarcia');
insert into ADDRESS (ADDRESS_ID,REGION_ID,CITY,POSTAL_CODE,COUNTRY,MODIFIED_BY) values (2844,null,null,null,null,'dgarcia');
insert into ADDRESS (ADDRESS_ID,REGION_ID,CITY,POSTAL_CODE,COUNTRY,MODIFIED_BY) values (2845,null,'Campinas','13010-910',3,'dgarcia');
insert into ADDRESS (ADDRESS_ID,REGION_ID,CITY,POSTAL_CODE,COUNTRY,MODIFIED_BY) values (2846,null,null,null,null,'dgarcia');
insert into ADDRESS (ADDRESS_ID,REGION_ID,CITY,POSTAL_CODE,COUNTRY,MODIFIED_BY) values (2847,null,'Campinas',null,3,'dgarcia');
insert into ADDRESS (ADDRESS_ID,REGION_ID,CITY,POSTAL_CODE,COUNTRY,MODIFIED_BY) values (2848,null,null,null,null,'dgarcia');
insert into ADDRESS (ADDRESS_ID,REGION_ID,CITY,POSTAL_CODE,COUNTRY,MODIFIED_BY) values (2849,null,'Sao Jose Dos Campos','15010-090',3,'dgarcia');
insert into ADDRESS (ADDRESS_ID,REGION_ID,CITY,POSTAL_CODE,COUNTRY,MODIFIED_BY) values (2850,null,null,null,null,'dgarcia');
insert into ADDRESS (ADDRESS_ID,REGION_ID,CITY,POSTAL_CODE,COUNTRY,MODIFIED_BY) values (2851,null,'Birigui','16203-125',3,'dgarcia');
insert into ADDRESS (ADDRESS_ID,REGION_ID,CITY,POSTAL_CODE,COUNTRY,MODIFIED_BY) values (2852,null,null,null,null,'dgarcia');
insert into ADDRESS (ADDRESS_ID,REGION_ID,CITY,POSTAL_CODE,COUNTRY,MODIFIED_BY) values (2853,null,'S?o Paulo','04578-000',3,'dgarcia');
insert into ADDRESS (ADDRESS_ID,REGION_ID,CITY,POSTAL_CODE,COUNTRY,MODIFIED_BY) values (2854,null,null,null,null,'dgarcia');
insert into ADDRESS (ADDRESS_ID,REGION_ID,CITY,POSTAL_CODE,COUNTRY,MODIFIED_BY) values (2855,null,'Fortaleza','60130-090',3,'dgarcia');
insert into ADDRESS (ADDRESS_ID,REGION_ID,CITY,POSTAL_CODE,COUNTRY,MODIFIED_BY) values (2856,null,null,null,null,'dgarcia');
insert into ADDRESS (ADDRESS_ID,REGION_ID,CITY,POSTAL_CODE,COUNTRY,MODIFIED_BY) values (2857,null,'Fortaleza','61700-000',3,'dgarcia');
insert into ADDRESS (ADDRESS_ID,REGION_ID,CITY,POSTAL_CODE,COUNTRY,MODIFIED_BY) values (2858,null,null,null,null,'dgarcia');
insert into ADDRESS (ADDRESS_ID,REGION_ID,CITY,POSTAL_CODE,COUNTRY,MODIFIED_BY) values (2859,null,'Capital Federal','1022',1,'dgarcia');
insert into ADDRESS (ADDRESS_ID,REGION_ID,CITY,POSTAL_CODE,COUNTRY,MODIFIED_BY) values (2860,null,null,null,null,'dgarcia');
insert into ADDRESS (ADDRESS_ID,REGION_ID,CITY,POSTAL_CODE,COUNTRY,MODIFIED_BY) values (2861,null,'S?o Paulo','04546-044',3,'dgarcia');
insert into ADDRESS (ADDRESS_ID,REGION_ID,CITY,POSTAL_CODE,COUNTRY,MODIFIED_BY) values (2862,null,null,null,null,'dgarcia');
insert into ADDRESS (ADDRESS_ID,REGION_ID,CITY,POSTAL_CODE,COUNTRY,MODIFIED_BY) values (2863,null,'Bonito','79290-000',3,'dgarcia');
insert into ADDRESS (ADDRESS_ID,REGION_ID,CITY,POSTAL_CODE,COUNTRY,MODIFIED_BY) values (2864,null,null,null,null,'dgarcia');
insert into ADDRESS (ADDRESS_ID,REGION_ID,CITY,POSTAL_CODE,COUNTRY,MODIFIED_BY) values (2865,null,'Itupeva','37655-000',3,'dgarcia');
insert into ADDRESS (ADDRESS_ID,REGION_ID,CITY,POSTAL_CODE,COUNTRY,MODIFIED_BY) values (2866,null,null,null,null,'dgarcia');
insert into ADDRESS (ADDRESS_ID,REGION_ID,CITY,POSTAL_CODE,COUNTRY,MODIFIED_BY) values (2867,null,'S?o Paulo','04578-000',3,'dgarcia');
insert into ADDRESS (ADDRESS_ID,REGION_ID,CITY,POSTAL_CODE,COUNTRY,MODIFIED_BY) values (2868,null,null,null,null,'dgarcia');
insert into ADDRESS (ADDRESS_ID,REGION_ID,CITY,POSTAL_CODE,COUNTRY,MODIFIED_BY) values (2869,null,'Rio De Janeiro','20241-180',3,'dgarcia');
insert into ADDRESS (ADDRESS_ID,REGION_ID,CITY,POSTAL_CODE,COUNTRY,MODIFIED_BY) values (2870,null,null,null,null,'dgarcia');
insert into ADDRESS (ADDRESS_ID,REGION_ID,CITY,POSTAL_CODE,COUNTRY,MODIFIED_BY) values (2871,null,'S?o Paulo','04551-000',3,'dgarcia');
insert into ADDRESS (ADDRESS_ID,REGION_ID,CITY,POSTAL_CODE,COUNTRY,MODIFIED_BY) values (2872,null,null,null,null,'dgarcia');
insert into ADDRESS (ADDRESS_ID,REGION_ID,CITY,POSTAL_CODE,COUNTRY,MODIFIED_BY) values (2873,null,'S?o Paulo','04552-000',3,'dgarcia');
insert into ADDRESS (ADDRESS_ID,REGION_ID,CITY,POSTAL_CODE,COUNTRY,MODIFIED_BY) values (2874,null,null,null,null,'dgarcia');
insert into ADDRESS (ADDRESS_ID,REGION_ID,CITY,POSTAL_CODE,COUNTRY,MODIFIED_BY) values (2875,null,'S?o Paulo','01205-905',3,'dgarcia');
insert into ADDRESS (ADDRESS_ID,REGION_ID,CITY,POSTAL_CODE,COUNTRY,MODIFIED_BY) values (2876,null,null,null,null,'dgarcia');
insert into ADDRESS (ADDRESS_ID,REGION_ID,CITY,POSTAL_CODE,COUNTRY,MODIFIED_BY) values (2877,null,'Capital Federal','1106',1,'dgarcia');
insert into ADDRESS (ADDRESS_ID,REGION_ID,CITY,POSTAL_CODE,COUNTRY,MODIFIED_BY) values (2878,null,null,null,null,'dgarcia');
insert into ADDRESS (ADDRESS_ID,REGION_ID,CITY,POSTAL_CODE,COUNTRY,MODIFIED_BY) values (2879,null,'S?o Paulo','05433-002',3,'dgarcia');
insert into ADDRESS (ADDRESS_ID,REGION_ID,CITY,POSTAL_CODE,COUNTRY,MODIFIED_BY) values (2880,null,null,null,null,'dgarcia');
insert into ADDRESS (ADDRESS_ID,REGION_ID,CITY,POSTAL_CODE,COUNTRY,MODIFIED_BY) values (2881,null,'Rio Quente','75695-000',3,'dgarcia');
insert into ADDRESS (ADDRESS_ID,REGION_ID,CITY,POSTAL_CODE,COUNTRY,MODIFIED_BY) values (2882,null,null,null,null,'dgarcia');
insert into ADDRESS (ADDRESS_ID,REGION_ID,CITY,POSTAL_CODE,COUNTRY,MODIFIED_BY) values (2883,null,'Novo Hamburgo','93301-970',3,'dgarcia');
insert into ADDRESS (ADDRESS_ID,REGION_ID,CITY,POSTAL_CODE,COUNTRY,MODIFIED_BY) values (2884,null,null,null,null,'dgarcia');
insert into ADDRESS (ADDRESS_ID,REGION_ID,CITY,POSTAL_CODE,COUNTRY,MODIFIED_BY) values (2885,null,'Rio De Janeiro','20021-330',3,'dgarcia');
insert into ADDRESS (ADDRESS_ID,REGION_ID,CITY,POSTAL_CODE,COUNTRY,MODIFIED_BY) values (2886,null,null,null,null,'dgarcia');
insert into ADDRESS (ADDRESS_ID,REGION_ID,CITY,POSTAL_CODE,COUNTRY,MODIFIED_BY) values (2887,null,'Rio De Janeiro','22410-000',3,'dgarcia');
insert into ADDRESS (ADDRESS_ID,REGION_ID,CITY,POSTAL_CODE,COUNTRY,MODIFIED_BY) values (2888,null,null,null,null,'dgarcia');
insert into ADDRESS (ADDRESS_ID,REGION_ID,CITY,POSTAL_CODE,COUNTRY,MODIFIED_BY) values (2889,null,'Vila Velha','29122-010',3,'dgarcia');
insert into ADDRESS (ADDRESS_ID,REGION_ID,CITY,POSTAL_CODE,COUNTRY,MODIFIED_BY) values (2890,null,null,null,null,'dgarcia');
insert into ADDRESS (ADDRESS_ID,REGION_ID,CITY,POSTAL_CODE,COUNTRY,MODIFIED_BY) values (2891,null,'S?o Paulo','01202-000',3,'dgarcia');
insert into ADDRESS (ADDRESS_ID,REGION_ID,CITY,POSTAL_CODE,COUNTRY,MODIFIED_BY) values (2892,null,null,null,null,'dgarcia');
insert into ADDRESS (ADDRESS_ID,REGION_ID,CITY,POSTAL_CODE,COUNTRY,MODIFIED_BY) values (2893,null,'S?o Paulo','04557-000',3,'dgarcia');
insert into ADDRESS (ADDRESS_ID,REGION_ID,CITY,POSTAL_CODE,COUNTRY,MODIFIED_BY) values (2894,null,null,null,null,'dgarcia');
insert into ADDRESS (ADDRESS_ID,REGION_ID,CITY,POSTAL_CODE,COUNTRY,MODIFIED_BY) values (2895,null,'S?o Paulo','02511-000',3,'dgarcia');
insert into ADDRESS (ADDRESS_ID,REGION_ID,CITY,POSTAL_CODE,COUNTRY,MODIFIED_BY) values (2896,null,null,null,null,'dgarcia');
insert into ADDRESS (ADDRESS_ID,REGION_ID,CITY,POSTAL_CODE,COUNTRY,MODIFIED_BY) values (2897,null,'S?o Paulo','04719-001',3,'dgarcia');
insert into ADDRESS (ADDRESS_ID,REGION_ID,CITY,POSTAL_CODE,COUNTRY,MODIFIED_BY) values (2898,null,null,null,null,'dgarcia');
insert into ADDRESS (ADDRESS_ID,REGION_ID,CITY,POSTAL_CODE,COUNTRY,MODIFIED_BY) values (2899,null,'Rosario','2000',1,'dgarcia');
insert into ADDRESS (ADDRESS_ID,REGION_ID,CITY,POSTAL_CODE,COUNTRY,MODIFIED_BY) values (2900,null,null,null,null,'dgarcia');
insert into ADDRESS (ADDRESS_ID,REGION_ID,CITY,POSTAL_CODE,COUNTRY,MODIFIED_BY) values (2901,null,'Capital Federal',null,1,'dgarcia');
insert into ADDRESS (ADDRESS_ID,REGION_ID,CITY,POSTAL_CODE,COUNTRY,MODIFIED_BY) values (2902,null,null,null,null,'dgarcia');
insert into ADDRESS (ADDRESS_ID,REGION_ID,CITY,POSTAL_CODE,COUNTRY,MODIFIED_BY) values (2903,null,'Sunchales',null,1,'dgarcia');
insert into ADDRESS (ADDRESS_ID,REGION_ID,CITY,POSTAL_CODE,COUNTRY,MODIFIED_BY) values (2904,null,null,null,null,'dgarcia');
insert into ADDRESS (ADDRESS_ID,REGION_ID,CITY,POSTAL_CODE,COUNTRY,MODIFIED_BY) values (2905,null,'?guas De Lind?ia','13940-000',3,'dgarcia');
insert into ADDRESS (ADDRESS_ID,REGION_ID,CITY,POSTAL_CODE,COUNTRY,MODIFIED_BY) values (2906,null,null,null,null,'dgarcia');
insert into ADDRESS (ADDRESS_ID,REGION_ID,CITY,POSTAL_CODE,COUNTRY,MODIFIED_BY) values (2907,null,'Capital Federal',null,1,'dgarcia');
insert into ADDRESS (ADDRESS_ID,REGION_ID,CITY,POSTAL_CODE,COUNTRY,MODIFIED_BY) values (2908,null,null,null,null,'dgarcia');
insert into ADDRESS (ADDRESS_ID,REGION_ID,CITY,POSTAL_CODE,COUNTRY,MODIFIED_BY) values (2909,null,'Mendoza',null,1,'dgarcia');
insert into ADDRESS (ADDRESS_ID,REGION_ID,CITY,POSTAL_CODE,COUNTRY,MODIFIED_BY) values (2910,null,null,null,null,'dgarcia');
insert into ADDRESS (ADDRESS_ID,REGION_ID,CITY,POSTAL_CODE,COUNTRY,MODIFIED_BY) values (2911,null,'Sumar?','13181-900',3,'dgarcia');
insert into ADDRESS (ADDRESS_ID,REGION_ID,CITY,POSTAL_CODE,COUNTRY,MODIFIED_BY) values (2912,null,null,null,null,'dgarcia');
insert into ADDRESS (ADDRESS_ID,REGION_ID,CITY,POSTAL_CODE,COUNTRY,MODIFIED_BY) values (2913,null,'Rio De Janeiro','20090-010',3,'dgarcia');
insert into ADDRESS (ADDRESS_ID,REGION_ID,CITY,POSTAL_CODE,COUNTRY,MODIFIED_BY) values (2914,null,null,null,null,'dgarcia');
insert into ADDRESS (ADDRESS_ID,REGION_ID,CITY,POSTAL_CODE,COUNTRY,MODIFIED_BY) values (2915,null,'Capital Federal','1430',1,'dgarcia');
insert into ADDRESS (ADDRESS_ID,REGION_ID,CITY,POSTAL_CODE,COUNTRY,MODIFIED_BY) values (2916,null,null,null,null,'dgarcia');
insert into ADDRESS (ADDRESS_ID,REGION_ID,CITY,POSTAL_CODE,COUNTRY,MODIFIED_BY) values (2917,null,'S?o Caetano Do Sul','09520-010',3,'dgarcia');
insert into ADDRESS (ADDRESS_ID,REGION_ID,CITY,POSTAL_CODE,COUNTRY,MODIFIED_BY) values (2918,null,null,null,null,'dgarcia');
insert into ADDRESS (ADDRESS_ID,REGION_ID,CITY,POSTAL_CODE,COUNTRY,MODIFIED_BY) values (2919,null,'Capital Federal','1425',1,'dgarcia');
insert into ADDRESS (ADDRESS_ID,REGION_ID,CITY,POSTAL_CODE,COUNTRY,MODIFIED_BY) values (2920,null,null,null,null,'dgarcia');
insert into ADDRESS (ADDRESS_ID,REGION_ID,CITY,POSTAL_CODE,COUNTRY,MODIFIED_BY) values (2921,null,'Capital Federal',null,1,'dgarcia');
insert into ADDRESS (ADDRESS_ID,REGION_ID,CITY,POSTAL_CODE,COUNTRY,MODIFIED_BY) values (2922,null,null,null,null,'dgarcia');
insert into ADDRESS (ADDRESS_ID,REGION_ID,CITY,POSTAL_CODE,COUNTRY,MODIFIED_BY) values (2923,null,'Petropolis','25620-081',3,'dgarcia');
insert into ADDRESS (ADDRESS_ID,REGION_ID,CITY,POSTAL_CODE,COUNTRY,MODIFIED_BY) values (2924,null,null,null,null,'dgarcia');
insert into ADDRESS (ADDRESS_ID,REGION_ID,CITY,POSTAL_CODE,COUNTRY,MODIFIED_BY) values (2925,null,'S?o Paulo','01212-010',3,'dgarcia');
insert into ADDRESS (ADDRESS_ID,REGION_ID,CITY,POSTAL_CODE,COUNTRY,MODIFIED_BY) values (2926,null,null,null,null,'dgarcia');
insert into ADDRESS (ADDRESS_ID,REGION_ID,CITY,POSTAL_CODE,COUNTRY,MODIFIED_BY) values (2927,null,'S?o Paulo','01141-010',3,'dgarcia');
insert into ADDRESS (ADDRESS_ID,REGION_ID,CITY,POSTAL_CODE,COUNTRY,MODIFIED_BY) values (2928,null,null,null,null,'dgarcia');
insert into ADDRESS (ADDRESS_ID,REGION_ID,CITY,POSTAL_CODE,COUNTRY,MODIFIED_BY) values (2929,null,'S?o Paulo','05307-000',3,'dgarcia');
insert into ADDRESS (ADDRESS_ID,REGION_ID,CITY,POSTAL_CODE,COUNTRY,MODIFIED_BY) values (2930,null,null,null,null,'dgarcia');
insert into ADDRESS (ADDRESS_ID,REGION_ID,CITY,POSTAL_CODE,COUNTRY,MODIFIED_BY) values (2931,null,'Brasilia',null,3,'dgarcia');
insert into ADDRESS (ADDRESS_ID,REGION_ID,CITY,POSTAL_CODE,COUNTRY,MODIFIED_BY) values (2932,null,null,null,null,'dgarcia');
insert into ADDRESS (ADDRESS_ID,REGION_ID,CITY,POSTAL_CODE,COUNTRY,MODIFIED_BY) values (2933,null,'S?o Paulo',null,3,'dgarcia');
insert into ADDRESS (ADDRESS_ID,REGION_ID,CITY,POSTAL_CODE,COUNTRY,MODIFIED_BY) values (2934,null,null,null,null,'dgarcia');
insert into ADDRESS (ADDRESS_ID,REGION_ID,CITY,POSTAL_CODE,COUNTRY,MODIFIED_BY) values (2935,null,'Orlando',null,10,'dgarcia');
insert into ADDRESS (ADDRESS_ID,REGION_ID,CITY,POSTAL_CODE,COUNTRY,MODIFIED_BY) values (2936,null,null,null,null,'dgarcia');
insert into ADDRESS (ADDRESS_ID,REGION_ID,CITY,POSTAL_CODE,COUNTRY,MODIFIED_BY) values (2937,null,'Sao Paulo','01451-001',3,'dgarcia');
insert into ADDRESS (ADDRESS_ID,REGION_ID,CITY,POSTAL_CODE,COUNTRY,MODIFIED_BY) values (2938,null,null,null,null,'dgarcia');
insert into ADDRESS (ADDRESS_ID,REGION_ID,CITY,POSTAL_CODE,COUNTRY,MODIFIED_BY) values (2939,null,'Sao Paulo','04707-910',3,'dgarcia');
insert into ADDRESS (ADDRESS_ID,REGION_ID,CITY,POSTAL_CODE,COUNTRY,MODIFIED_BY) values (2940,null,null,null,null,'dgarcia');
insert into ADDRESS (ADDRESS_ID,REGION_ID,CITY,POSTAL_CODE,COUNTRY,MODIFIED_BY) values (2941,null,'Rio De Janeiro','22290-160',3,'dgarcia');
insert into ADDRESS (ADDRESS_ID,REGION_ID,CITY,POSTAL_CODE,COUNTRY,MODIFIED_BY) values (2942,null,null,null,null,'dgarcia');
insert into ADDRESS (ADDRESS_ID,REGION_ID,CITY,POSTAL_CODE,COUNTRY,MODIFIED_BY) values (2943,null,'Capital Federal',null,1,'dgarcia');
insert into ADDRESS (ADDRESS_ID,REGION_ID,CITY,POSTAL_CODE,COUNTRY,MODIFIED_BY) values (2944,null,null,null,null,'dgarcia');
insert into ADDRESS (ADDRESS_ID,REGION_ID,CITY,POSTAL_CODE,COUNTRY,MODIFIED_BY) values (2945,null,'Sao Paulo','04795-100',3,'dgarcia');
insert into ADDRESS (ADDRESS_ID,REGION_ID,CITY,POSTAL_CODE,COUNTRY,MODIFIED_BY) values (2946,null,null,null,null,'dgarcia');
insert into ADDRESS (ADDRESS_ID,REGION_ID,CITY,POSTAL_CODE,COUNTRY,MODIFIED_BY) values (2947,null,'Rio De Janeiro','22640-102',3,'dgarcia');
insert into ADDRESS (ADDRESS_ID,REGION_ID,CITY,POSTAL_CODE,COUNTRY,MODIFIED_BY) values (2948,null,null,null,null,'dgarcia');
insert into ADDRESS (ADDRESS_ID,REGION_ID,CITY,POSTAL_CODE,COUNTRY,MODIFIED_BY) values (2949,null,'Sao Paulo','05465-070',3,'dgarcia');
insert into ADDRESS (ADDRESS_ID,REGION_ID,CITY,POSTAL_CODE,COUNTRY,MODIFIED_BY) values (2950,null,null,null,null,'dgarcia');
insert into ADDRESS (ADDRESS_ID,REGION_ID,CITY,POSTAL_CODE,COUNTRY,MODIFIED_BY) values (2951,null,'Sao Paulo','04753-080',3,'dgarcia');
insert into ADDRESS (ADDRESS_ID,REGION_ID,CITY,POSTAL_CODE,COUNTRY,MODIFIED_BY) values (2952,null,null,null,null,'dgarcia');
insert into ADDRESS (ADDRESS_ID,REGION_ID,CITY,POSTAL_CODE,COUNTRY,MODIFIED_BY) values (2953,null,'Capital Federal','1425',1,'dgarcia');
insert into ADDRESS (ADDRESS_ID,REGION_ID,CITY,POSTAL_CODE,COUNTRY,MODIFIED_BY) values (2954,null,null,null,null,'dgarcia');
insert into ADDRESS (ADDRESS_ID,REGION_ID,CITY,POSTAL_CODE,COUNTRY,MODIFIED_BY) values (2955,null,'Belo Horizonte','30320-000',3,'dgarcia');
insert into ADDRESS (ADDRESS_ID,REGION_ID,CITY,POSTAL_CODE,COUNTRY,MODIFIED_BY) values (2956,null,null,null,null,'dgarcia');
insert into ADDRESS (ADDRESS_ID,REGION_ID,CITY,POSTAL_CODE,COUNTRY,MODIFIED_BY) values (2957,null,'Sao Paulo','04547-004',3,'dgarcia');
insert into ADDRESS (ADDRESS_ID,REGION_ID,CITY,POSTAL_CODE,COUNTRY,MODIFIED_BY) values (2958,null,null,null,null,'dgarcia');
insert into ADDRESS (ADDRESS_ID,REGION_ID,CITY,POSTAL_CODE,COUNTRY,MODIFIED_BY) values (2959,null,'Sao Paulo','05412-002',3,'dgarcia');
insert into ADDRESS (ADDRESS_ID,REGION_ID,CITY,POSTAL_CODE,COUNTRY,MODIFIED_BY) values (2960,null,null,null,null,'dgarcia');
insert into ADDRESS (ADDRESS_ID,REGION_ID,CITY,POSTAL_CODE,COUNTRY,MODIFIED_BY) values (2961,null,'S?o Paulo','05443-000',3,'dgarcia');
insert into ADDRESS (ADDRESS_ID,REGION_ID,CITY,POSTAL_CODE,COUNTRY,MODIFIED_BY) values (2962,null,null,null,null,'dgarcia');
insert into ADDRESS (ADDRESS_ID,REGION_ID,CITY,POSTAL_CODE,COUNTRY,MODIFIED_BY) values (2963,null,'Sao Paulo','05693-000',3,'dgarcia');
insert into ADDRESS (ADDRESS_ID,REGION_ID,CITY,POSTAL_CODE,COUNTRY,MODIFIED_BY) values (2964,null,null,null,null,'dgarcia');
insert into ADDRESS (ADDRESS_ID,REGION_ID,CITY,POSTAL_CODE,COUNTRY,MODIFIED_BY) values (2965,null,'Rio De Janeiro','20021-260',3,'dgarcia');
insert into ADDRESS (ADDRESS_ID,REGION_ID,CITY,POSTAL_CODE,COUNTRY,MODIFIED_BY) values (2966,null,null,null,null,'dgarcia');
insert into ADDRESS (ADDRESS_ID,REGION_ID,CITY,POSTAL_CODE,COUNTRY,MODIFIED_BY) values (2967,null,'Campinas','13092-139',3,'dgarcia');
insert into ADDRESS (ADDRESS_ID,REGION_ID,CITY,POSTAL_CODE,COUNTRY,MODIFIED_BY) values (2968,null,null,null,null,'dgarcia');
insert into ADDRESS (ADDRESS_ID,REGION_ID,CITY,POSTAL_CODE,COUNTRY,MODIFIED_BY) values (2969,null,'Campinas','13024-001',3,'dgarcia');
insert into ADDRESS (ADDRESS_ID,REGION_ID,CITY,POSTAL_CODE,COUNTRY,MODIFIED_BY) values (2970,null,null,null,null,'dgarcia');
insert into ADDRESS (ADDRESS_ID,REGION_ID,CITY,POSTAL_CODE,COUNTRY,MODIFIED_BY) values (2971,null,'Porto Alegre','90470-430',3,'dgarcia');
insert into ADDRESS (ADDRESS_ID,REGION_ID,CITY,POSTAL_CODE,COUNTRY,MODIFIED_BY) values (2972,null,null,null,null,'dgarcia');
insert into ADDRESS (ADDRESS_ID,REGION_ID,CITY,POSTAL_CODE,COUNTRY,MODIFIED_BY) values (2973,null,'Porto Alegre','97543-090',3,'dgarcia');
insert into ADDRESS (ADDRESS_ID,REGION_ID,CITY,POSTAL_CODE,COUNTRY,MODIFIED_BY) values (2974,null,null,null,null,'dgarcia');
insert into ADDRESS (ADDRESS_ID,REGION_ID,CITY,POSTAL_CODE,COUNTRY,MODIFIED_BY) values (2975,null,'Curitiba','80430-180',3,'dgarcia');
insert into ADDRESS (ADDRESS_ID,REGION_ID,CITY,POSTAL_CODE,COUNTRY,MODIFIED_BY) values (2976,null,null,null,null,'dgarcia');
insert into ADDRESS (ADDRESS_ID,REGION_ID,CITY,POSTAL_CODE,COUNTRY,MODIFIED_BY) values (2977,null,'Dusseldorf',null,9,'dgarcia');
insert into ADDRESS (ADDRESS_ID,REGION_ID,CITY,POSTAL_CODE,COUNTRY,MODIFIED_BY) values (2978,null,null,null,null,'dgarcia');
insert into ADDRESS (ADDRESS_ID,REGION_ID,CITY,POSTAL_CODE,COUNTRY,MODIFIED_BY) values (2979,null,'S?o Paulo','01435-001',3,'dgarcia');
insert into ADDRESS (ADDRESS_ID,REGION_ID,CITY,POSTAL_CODE,COUNTRY,MODIFIED_BY) values (2980,null,null,null,null,'dgarcia');
insert into ADDRESS (ADDRESS_ID,REGION_ID,CITY,POSTAL_CODE,COUNTRY,MODIFIED_BY) values (2981,null,'Blumenau','89012-190',3,'dgarcia');
insert into ADDRESS (ADDRESS_ID,REGION_ID,CITY,POSTAL_CODE,COUNTRY,MODIFIED_BY) values (2982,null,null,null,null,'dgarcia');
insert into ADDRESS (ADDRESS_ID,REGION_ID,CITY,POSTAL_CODE,COUNTRY,MODIFIED_BY) values (2983,null,'Washington','20006',10,'dgarcia');
insert into ADDRESS (ADDRESS_ID,REGION_ID,CITY,POSTAL_CODE,COUNTRY,MODIFIED_BY) values (2984,null,null,null,null,'dgarcia');
insert into ADDRESS (ADDRESS_ID,REGION_ID,CITY,POSTAL_CODE,COUNTRY,MODIFIED_BY) values (2985,null,'S?o Paulo','04604-006',3,'dgarcia');
insert into ADDRESS (ADDRESS_ID,REGION_ID,CITY,POSTAL_CODE,COUNTRY,MODIFIED_BY) values (2986,null,null,null,null,'dgarcia');
insert into ADDRESS (ADDRESS_ID,REGION_ID,CITY,POSTAL_CODE,COUNTRY,MODIFIED_BY) values (2987,null,'Sao Jose Do Rio Preto','15090-305',3,'dgarcia');
insert into ADDRESS (ADDRESS_ID,REGION_ID,CITY,POSTAL_CODE,COUNTRY,MODIFIED_BY) values (2988,null,null,null,null,'dgarcia');
insert into ADDRESS (ADDRESS_ID,REGION_ID,CITY,POSTAL_CODE,COUNTRY,MODIFIED_BY) values (2989,null,'S?o Paulo','04028-001',3,'dgarcia');
insert into ADDRESS (ADDRESS_ID,REGION_ID,CITY,POSTAL_CODE,COUNTRY,MODIFIED_BY) values (2990,null,null,null,null,'dgarcia');
insert into ADDRESS (ADDRESS_ID,REGION_ID,CITY,POSTAL_CODE,COUNTRY,MODIFIED_BY) values (2991,null,'S?o Paulo','01151-000',3,'dgarcia');
insert into ADDRESS (ADDRESS_ID,REGION_ID,CITY,POSTAL_CODE,COUNTRY,MODIFIED_BY) values (2992,null,null,null,null,'dgarcia');
insert into ADDRESS (ADDRESS_ID,REGION_ID,CITY,POSTAL_CODE,COUNTRY,MODIFIED_BY) values (2994,null,null,null,null,'dgarcia');
insert into ADDRESS (ADDRESS_ID,REGION_ID,CITY,POSTAL_CODE,COUNTRY,MODIFIED_BY) values (2993,null,'Capital Federal','1043',1,'dgarcia');
insert into ADDRESS (ADDRESS_ID,REGION_ID,CITY,POSTAL_CODE,COUNTRY,MODIFIED_BY) values (2995,null,'Rio Grande Do Sul','95.180-000',3,'dgarcia');
insert into ADDRESS (ADDRESS_ID,REGION_ID,CITY,POSTAL_CODE,COUNTRY,MODIFIED_BY) values (2996,null,null,null,null,'dgarcia');
insert into ADDRESS (ADDRESS_ID,REGION_ID,CITY,POSTAL_CODE,COUNTRY,MODIFIED_BY) values (2997,null,'S?o Paulo','01509-900',3,'dgarcia');
insert into ADDRESS (ADDRESS_ID,REGION_ID,CITY,POSTAL_CODE,COUNTRY,MODIFIED_BY) values (2998,null,null,null,null,'dgarcia');
insert into ADDRESS (ADDRESS_ID,REGION_ID,CITY,POSTAL_CODE,COUNTRY,MODIFIED_BY) values (2999,null,'Londrina','86015-010',3,'dgarcia');
insert into ADDRESS (ADDRESS_ID,REGION_ID,CITY,POSTAL_CODE,COUNTRY,MODIFIED_BY) values (3000,null,null,null,null,'dgarcia');
insert into ADDRESS (ADDRESS_ID,REGION_ID,CITY,POSTAL_CODE,COUNTRY,MODIFIED_BY) values (3001,null,'San Juan',null,1,'dgarcia');
insert into ADDRESS (ADDRESS_ID,REGION_ID,CITY,POSTAL_CODE,COUNTRY,MODIFIED_BY) values (3002,null,null,null,null,'dgarcia');
insert into ADDRESS (ADDRESS_ID,REGION_ID,CITY,POSTAL_CODE,COUNTRY,MODIFIED_BY) values (3003,null,'Belo Horizonte','30315-600',3,'dgarcia');
insert into ADDRESS (ADDRESS_ID,REGION_ID,CITY,POSTAL_CODE,COUNTRY,MODIFIED_BY) values (3004,null,null,null,null,'dgarcia');
insert into ADDRESS (ADDRESS_ID,REGION_ID,CITY,POSTAL_CODE,COUNTRY,MODIFIED_BY) values (3005,null,'Belo Horizonete','30411-123',3,'dgarcia');
insert into ADDRESS (ADDRESS_ID,REGION_ID,CITY,POSTAL_CODE,COUNTRY,MODIFIED_BY) values (3006,null,null,null,null,'dgarcia');
insert into ADDRESS (ADDRESS_ID,REGION_ID,CITY,POSTAL_CODE,COUNTRY,MODIFIED_BY) values (3007,null,'S?o Paulo','01452-001',3,'dgarcia');
insert into ADDRESS (ADDRESS_ID,REGION_ID,CITY,POSTAL_CODE,COUNTRY,MODIFIED_BY) values (3008,null,null,null,null,'dgarcia');
insert into ADDRESS (ADDRESS_ID,REGION_ID,CITY,POSTAL_CODE,COUNTRY,MODIFIED_BY) values (3009,null,'S?o Paulo','04108-040',3,'dgarcia');
insert into ADDRESS (ADDRESS_ID,REGION_ID,CITY,POSTAL_CODE,COUNTRY,MODIFIED_BY) values (3010,null,null,null,null,'dgarcia');
insert into ADDRESS (ADDRESS_ID,REGION_ID,CITY,POSTAL_CODE,COUNTRY,MODIFIED_BY) values (3011,null,'Brasilia','71205-060',3,'dgarcia');
insert into ADDRESS (ADDRESS_ID,REGION_ID,CITY,POSTAL_CODE,COUNTRY,MODIFIED_BY) values (3012,null,null,null,null,'dgarcia');
insert into ADDRESS (ADDRESS_ID,REGION_ID,CITY,POSTAL_CODE,COUNTRY,MODIFIED_BY) values (3013,null,'Vila Mariana',null,3,'dgarcia');
insert into ADDRESS (ADDRESS_ID,REGION_ID,CITY,POSTAL_CODE,COUNTRY,MODIFIED_BY) values (3014,null,null,null,null,'dgarcia');
insert into ADDRESS (ADDRESS_ID,REGION_ID,CITY,POSTAL_CODE,COUNTRY,MODIFIED_BY) values (3015,null,'Capital Federal','1425',1,'dgarcia');
insert into ADDRESS (ADDRESS_ID,REGION_ID,CITY,POSTAL_CODE,COUNTRY,MODIFIED_BY) values (3016,null,null,null,null,'dgarcia');
insert into ADDRESS (ADDRESS_ID,REGION_ID,CITY,POSTAL_CODE,COUNTRY,MODIFIED_BY) values (3017,null,'S?o Paulo','04551-065',3,'dgarcia');
insert into ADDRESS (ADDRESS_ID,REGION_ID,CITY,POSTAL_CODE,COUNTRY,MODIFIED_BY) values (3018,null,null,null,null,'dgarcia');
insert into ADDRESS (ADDRESS_ID,REGION_ID,CITY,POSTAL_CODE,COUNTRY,MODIFIED_BY) values (3019,null,'S?o Paulo','11111-111',3,'dgarcia');
insert into ADDRESS (ADDRESS_ID,REGION_ID,CITY,POSTAL_CODE,COUNTRY,MODIFIED_BY) values (3020,null,null,null,null,'dgarcia');
insert into ADDRESS (ADDRESS_ID,REGION_ID,CITY,POSTAL_CODE,COUNTRY,MODIFIED_BY) values (3021,null,'Capivari','13360-000',3,'dgarcia');
insert into ADDRESS (ADDRESS_ID,REGION_ID,CITY,POSTAL_CODE,COUNTRY,MODIFIED_BY) values (3022,null,null,null,null,'dgarcia');
insert into ADDRESS (ADDRESS_ID,REGION_ID,CITY,POSTAL_CODE,COUNTRY,MODIFIED_BY) values (3023,null,'S?o Paulo',null,3,'dgarcia');
insert into ADDRESS (ADDRESS_ID,REGION_ID,CITY,POSTAL_CODE,COUNTRY,MODIFIED_BY) values (3024,null,null,null,null,'dgarcia');
insert into ADDRESS (ADDRESS_ID,REGION_ID,CITY,POSTAL_CODE,COUNTRY,MODIFIED_BY) values (3025,null,'Buenos Aires','2741',1,'dgarcia');
insert into ADDRESS (ADDRESS_ID,REGION_ID,CITY,POSTAL_CODE,COUNTRY,MODIFIED_BY) values (3026,null,null,null,null,'dgarcia');
insert into ADDRESS (ADDRESS_ID,REGION_ID,CITY,POSTAL_CODE,COUNTRY,MODIFIED_BY) values (3027,null,'Capital Federal','1425',1,'dgarcia');
insert into ADDRESS (ADDRESS_ID,REGION_ID,CITY,POSTAL_CODE,COUNTRY,MODIFIED_BY) values (3028,null,null,null,null,'dgarcia');
insert into ADDRESS (ADDRESS_ID,REGION_ID,CITY,POSTAL_CODE,COUNTRY,MODIFIED_BY) values (3029,null,'Montevideo',null,6,'dgarcia');
insert into ADDRESS (ADDRESS_ID,REGION_ID,CITY,POSTAL_CODE,COUNTRY,MODIFIED_BY) values (3030,null,null,null,null,'dgarcia');
insert into ADDRESS (ADDRESS_ID,REGION_ID,CITY,POSTAL_CODE,COUNTRY,MODIFIED_BY) values (3031,null,'Rio De Janeiro','20260-080',3,'dgarcia');
insert into ADDRESS (ADDRESS_ID,REGION_ID,CITY,POSTAL_CODE,COUNTRY,MODIFIED_BY) values (3032,null,null,null,null,'dgarcia');
insert into ADDRESS (ADDRESS_ID,REGION_ID,CITY,POSTAL_CODE,COUNTRY,MODIFIED_BY) values (3033,null,'S?o Paulo','89130-000',3,'dgarcia');
insert into ADDRESS (ADDRESS_ID,REGION_ID,CITY,POSTAL_CODE,COUNTRY,MODIFIED_BY) values (3034,null,null,null,null,'dgarcia');
insert into ADDRESS (ADDRESS_ID,REGION_ID,CITY,POSTAL_CODE,COUNTRY,MODIFIED_BY) values (3035,null,'Sao Paulo','02314-050',3,'dgarcia');
insert into ADDRESS (ADDRESS_ID,REGION_ID,CITY,POSTAL_CODE,COUNTRY,MODIFIED_BY) values (3036,null,null,null,null,'dgarcia');
insert into ADDRESS (ADDRESS_ID,REGION_ID,CITY,POSTAL_CODE,COUNTRY,MODIFIED_BY) values (3037,null,'Sao Paulo','05038-110',3,'dgarcia');
insert into ADDRESS (ADDRESS_ID,REGION_ID,CITY,POSTAL_CODE,COUNTRY,MODIFIED_BY) values (3038,null,null,null,null,'dgarcia');
insert into ADDRESS (ADDRESS_ID,REGION_ID,CITY,POSTAL_CODE,COUNTRY,MODIFIED_BY) values (3039,null,'Capital Federal','1072',1,'dgarcia');
insert into ADDRESS (ADDRESS_ID,REGION_ID,CITY,POSTAL_CODE,COUNTRY,MODIFIED_BY) values (3040,null,null,null,null,'dgarcia');
insert into ADDRESS (ADDRESS_ID,REGION_ID,CITY,POSTAL_CODE,COUNTRY,MODIFIED_BY) values (3041,null,'S?o Paulo','04.583-110',3,'dgarcia');
insert into ADDRESS (ADDRESS_ID,REGION_ID,CITY,POSTAL_CODE,COUNTRY,MODIFIED_BY) values (3042,null,null,null,null,'dgarcia');
insert into ADDRESS (ADDRESS_ID,REGION_ID,CITY,POSTAL_CODE,COUNTRY,MODIFIED_BY) values (3043,null,'Alto Gasparinho','89110-000',3,'dgarcia');
insert into ADDRESS (ADDRESS_ID,REGION_ID,CITY,POSTAL_CODE,COUNTRY,MODIFIED_BY) values (3044,null,null,null,null,'dgarcia');
insert into ADDRESS (ADDRESS_ID,REGION_ID,CITY,POSTAL_CODE,COUNTRY,MODIFIED_BY) values (3045,null,'Sao Paulo','04576-050',3,'dgarcia');
insert into ADDRESS (ADDRESS_ID,REGION_ID,CITY,POSTAL_CODE,COUNTRY,MODIFIED_BY) values (3046,null,null,null,null,'dgarcia');
insert into ADDRESS (ADDRESS_ID,REGION_ID,CITY,POSTAL_CODE,COUNTRY,MODIFIED_BY) values (3047,null,'Campinas','13080-011',3,'dgarcia');
insert into ADDRESS (ADDRESS_ID,REGION_ID,CITY,POSTAL_CODE,COUNTRY,MODIFIED_BY) values (3048,null,null,null,null,'dgarcia');
insert into ADDRESS (ADDRESS_ID,REGION_ID,CITY,POSTAL_CODE,COUNTRY,MODIFIED_BY) values (3049,null,'Campinas','13100-030',3,'dgarcia');
insert into ADDRESS (ADDRESS_ID,REGION_ID,CITY,POSTAL_CODE,COUNTRY,MODIFIED_BY) values (3050,null,null,null,null,'dgarcia');
insert into ADDRESS (ADDRESS_ID,REGION_ID,CITY,POSTAL_CODE,COUNTRY,MODIFIED_BY) values (3051,null,'caba',null,1,'dgarcia');
insert into ADDRESS (ADDRESS_ID,REGION_ID,CITY,POSTAL_CODE,COUNTRY,MODIFIED_BY) values (3052,null,null,null,null,'dgarcia');
insert into ADDRESS (ADDRESS_ID,REGION_ID,CITY,POSTAL_CODE,COUNTRY,MODIFIED_BY) values (3101,null,'Sucre',null,2,'dgarcia');
insert into ADDRESS (ADDRESS_ID,REGION_ID,CITY,POSTAL_CODE,COUNTRY,MODIFIED_BY) values (3102,null,null,null,null,'dgarcia');
insert into ADDRESS (ADDRESS_ID,REGION_ID,CITY,POSTAL_CODE,COUNTRY,MODIFIED_BY) values (3121,null,'caba',null,1,'dgarcia');
insert into ADDRESS (ADDRESS_ID,REGION_ID,CITY,POSTAL_CODE,COUNTRY,MODIFIED_BY) values (3122,null,null,null,null,'dgarcia');
insert into ADDRESS (ADDRESS_ID,REGION_ID,CITY,POSTAL_CODE,COUNTRY,MODIFIED_BY) values (3123,null,'Ciudad de Buenos Aires',null,1,'dgarcia');
insert into ADDRESS (ADDRESS_ID,REGION_ID,CITY,POSTAL_CODE,COUNTRY,MODIFIED_BY) values (3124,null,null,null,null,'dgarcia');
insert into ADDRESS (ADDRESS_ID,REGION_ID,CITY,POSTAL_CODE,COUNTRY,MODIFIED_BY) values (3125,null,'Capital Federal','1437',1,'dgarcia');
insert into ADDRESS (ADDRESS_ID,REGION_ID,CITY,POSTAL_CODE,COUNTRY,MODIFIED_BY) values (3126,null,null,null,null,'dgarcia');
insert into ADDRESS (ADDRESS_ID,REGION_ID,CITY,POSTAL_CODE,COUNTRY,MODIFIED_BY) values (3141,null,'CABA',null,1,'dgarcia');
insert into ADDRESS (ADDRESS_ID,REGION_ID,CITY,POSTAL_CODE,COUNTRY,MODIFIED_BY) values (3142,null,null,null,null,'dgarcia');
insert into ADDRESS (ADDRESS_ID,REGION_ID,CITY,POSTAL_CODE,COUNTRY,MODIFIED_BY) values (3161,null,'CABA',null,1,'dgarcia');
insert into ADDRESS (ADDRESS_ID,REGION_ID,CITY,POSTAL_CODE,COUNTRY,MODIFIED_BY) values (3162,null,null,null,null,'dgarcia');
insert into ADDRESS (ADDRESS_ID,REGION_ID,CITY,POSTAL_CODE,COUNTRY,MODIFIED_BY) values (1,null,'CITY_1','POSTAL_CODE_1',1,'dgarcia');
insert into ADDRESS (ADDRESS_ID,REGION_ID,CITY,POSTAL_CODE,COUNTRY,MODIFIED_BY) values (2,null,'CITY_2','POSTAL_CODE_2',2,'dgarcia');
insert into ADDRESS (ADDRESS_ID,REGION_ID,CITY,POSTAL_CODE,COUNTRY,MODIFIED_BY) values (3,null,'CITY_3','POSTAL_CODE_3',1,'dgarcia');
insert into ADDRESS (ADDRESS_ID,REGION_ID,CITY,POSTAL_CODE,COUNTRY,MODIFIED_BY) values (4,null,'CITY_4','POSTAL_CODE_4',1,'dgarcia');
insert into ADDRESS (ADDRESS_ID,REGION_ID,CITY,POSTAL_CODE,COUNTRY,MODIFIED_BY) values (5,null,'CITY_5','POSTAL_CODE_5',3,'dgarcia');
insert into ADDRESS (ADDRESS_ID,REGION_ID,CITY,POSTAL_CODE,COUNTRY,MODIFIED_BY) values (6,null,'CITY_6','POSTAL_CODE_6',1,'dgarcia');
insert into ADDRESS (ADDRESS_ID,REGION_ID,CITY,POSTAL_CODE,COUNTRY,MODIFIED_BY) values (7,null,'CITY','POSTAL_CODE',1,'dgarcia');
insert into ADDRESS (ADDRESS_ID,REGION_ID,CITY,POSTAL_CODE,COUNTRY,MODIFIED_BY) values (8,null,'CITY_7','POSTAL_CODE_7',1,'dgarcia');
insert into ADDRESS (ADDRESS_ID,REGION_ID,CITY,POSTAL_CODE,COUNTRY,MODIFIED_BY) values (3081,null,'555',null,3,'dgarcia');
insert into ADDRESS (ADDRESS_ID,REGION_ID,CITY,POSTAL_CODE,COUNTRY,MODIFIED_BY) values (3082,null,null,null,null,'dgarcia');
insert into ADDRESS (ADDRESS_ID,REGION_ID,CITY,POSTAL_CODE,COUNTRY,MODIFIED_BY) values (3083,null,'Rio de Janeiro',null,3,'dgarcia');
insert into ADDRESS (ADDRESS_ID,REGION_ID,CITY,POSTAL_CODE,COUNTRY,MODIFIED_BY) values (3084,null,null,null,null,'dgarcia');
insert into ADDRESS (ADDRESS_ID,REGION_ID,CITY,POSTAL_CODE,COUNTRY,MODIFIED_BY) values (3085,null,'CABA','1454',1,'dgarcia');
insert into ADDRESS (ADDRESS_ID,REGION_ID,CITY,POSTAL_CODE,COUNTRY,MODIFIED_BY) values (3086,null,null,null,null,'dgarcia');
insert into ADDRESS (ADDRESS_ID,REGION_ID,CITY,POSTAL_CODE,COUNTRY,MODIFIED_BY) values (3061,null,'dada',null,1,'dgarcia');
insert into ADDRESS (ADDRESS_ID,REGION_ID,CITY,POSTAL_CODE,COUNTRY,MODIFIED_BY) values (3062,null,null,null,null,'dgarcia');

insert into ADDRESS (ADDRESS_ID,REGION_ID,CITY,POSTAL_CODE,COUNTRY,MODIFIED_BY) values (12209,null,'Montevideo','11300','6',null);
insert into ADDRESS (ADDRESS_ID,REGION_ID,CITY,POSTAL_CODE,COUNTRY,MODIFIED_BY) values (12210,null,null,null,null,null);
insert into ADDRESS (ADDRESS_ID,REGION_ID,CITY,POSTAL_CODE,COUNTRY,MODIFIED_BY) values (12211,null,'Montevideo','11300','6',null);
insert into ADDRESS (ADDRESS_ID,REGION_ID,CITY,POSTAL_CODE,COUNTRY,MODIFIED_BY) values (12212,null,null,null,null,null);

-- CUSTOMER
-- Company 331 - ARG
--insert into CUSTOMER (CUSTOMER_ID,CUSTOMER_NAME,CUSTOMER_TYPE,COMPANY_ID,COUNTRY_ID,TAX_ID,BUSINESS_NUMBER,ORGANIZATION_TYPE,TELEPHONE,FAX,AGENCY_COMMISSION_RATE,AGENCY_VOLUME_RATE,MASTER_ORGANIZATION,INVOICE_DELIVERY_PREFERENCE,LANGUAGE,ADDRESS_ID,BILLING_SCENARIO_ID,AGENCY,ACTIVE,EDI,BATCH_ID,TAX_STATUS_ID,VAT_PERCENTAGE,TAX_LEGAL_NAME,WITHHOLDING_APPLICABLE) values (2482,'ESPACIOS S.A.','AGENCY',1,1,'12345678911',null,null,'555666777',null,10,0,null,'EMAIL','ES',3163,1,null,1,0,null,11,null,'ESPACIOS S.A.',0);
insert into CUSTOMER (CUSTOMER_ID,CUSTOMER_NAME,CUSTOMER_TYPE,COMPANY_ID,COUNTRY_ID,TAX_ID,BUSINESS_NUMBER,ORGANIZATION_TYPE,TELEPHONE,FAX,AGENCY_COMMISSION_RATE,AGENCY_VOLUME_RATE,MASTER_ORGANIZATION,INVOICE_DELIVERY_PREFERENCE,LANGUAGE,ADDRESS_ID,BILLING_SCENARIO_ID,AGENCY,ACTIVE,EDI,BATCH_ID,TAX_STATUS_ID,VAT_PERCENTAGE,TAX_LEGAL_NAME,WITHHOLDING_APPLICABLE) values (2482,'ESPACIOS S.A.','AGENCY',1,1,'30594476960',null,null,'555666777',null,10,0,null,'EMAIL','ES',3163,1,null,1,0,null,11,null,'ESPACIOS S.A.',0);
insert into CUSTOMER (CUSTOMER_ID,CUSTOMER_NAME,CUSTOMER_TYPE,COMPANY_ID,COUNTRY_ID,TAX_ID,BUSINESS_NUMBER,ORGANIZATION_TYPE,TELEPHONE,FAX,AGENCY_COMMISSION_RATE,AGENCY_VOLUME_RATE,MASTER_ORGANIZATION,INVOICE_DELIVERY_PREFERENCE,LANGUAGE,ADDRESS_ID,BILLING_SCENARIO_ID,AGENCY,ACTIVE,EDI,BATCH_ID,TAX_STATUS_ID,VAT_PERCENTAGE,MODIFIED_BY,WITHHOLDING_APPLICABLE) values (2483,'El Lab Taller de Idioma S.R.L.','ADVERTISER',1,1,'30706543221',null,null,'+54114320013','+54114320013',10,3,null,'EMAIL','ES',3165,5,null,1,0,null,11,null,'admin',1);
insert into CUSTOMER (CUSTOMER_ID,CUSTOMER_NAME,CUSTOMER_TYPE,COMPANY_ID,COUNTRY_ID,TAX_ID,BUSINESS_NUMBER,ORGANIZATION_TYPE,TELEPHONE,FAX,AGENCY_COMMISSION_RATE,AGENCY_VOLUME_RATE,MASTER_ORGANIZATION,INVOICE_DELIVERY_PREFERENCE,LANGUAGE,ADDRESS_ID,BILLING_SCENARIO_ID,AGENCY,ACTIVE,EDI,BATCH_ID,TAX_STATUS_ID,VAT_PERCENTAGE,MODIFIED_BY,WITHHOLDING_APPLICABLE) values (2035,'Moto Honda Da Amazonia Ltda','ADVERTISER',1,3,'11111111155','04337168000490','DLA Automotive',null,null,0.22,0.1,null,'EMAIL','EN',2390,7,null,1,0,3,null,null,'admin',1);
insert into CUSTOMER (CUSTOMER_ID,CUSTOMER_NAME,CUSTOMER_TYPE,COMPANY_ID,COUNTRY_ID,TAX_ID,BUSINESS_NUMBER,ORGANIZATION_TYPE,TELEPHONE,FAX,AGENCY_COMMISSION_RATE,AGENCY_VOLUME_RATE,MASTER_ORGANIZATION,INVOICE_DELIVERY_PREFERENCE,LANGUAGE,ADDRESS_ID,BILLING_SCENARIO_ID,AGENCY,ACTIVE,EDI,BATCH_ID,TAX_STATUS_ID,VAT_PERCENTAGE,MODIFIED_BY,WITHHOLDING_APPLICABLE) values (2037,'Gran TV S.A.','ADVERTISER',1,1,'50000000024','AR30709503517','Rep Company',null,null,null,null,null,null,'ES',2394,null,null,1,0,3,null,null,'admin',1);
insert into CUSTOMER (CUSTOMER_ID,CUSTOMER_NAME,CUSTOMER_TYPE,COMPANY_ID,COUNTRY_ID,TAX_ID,BUSINESS_NUMBER,ORGANIZATION_TYPE,TELEPHONE,FAX,AGENCY_COMMISSION_RATE,AGENCY_VOLUME_RATE,MASTER_ORGANIZATION,INVOICE_DELIVERY_PREFERENCE,LANGUAGE,ADDRESS_ID,BILLING_SCENARIO_ID,AGENCY,ACTIVE,EDI,BATCH_ID,TAX_STATUS_ID,VAT_PERCENTAGE,MODIFIED_BY,WITHHOLDING_APPLICABLE) values (2038,'Pandurata Alimentos Ltda','ADVERTISER',1,3,'51600000024',null,'DLA Food',null,null,null,null,null,null,'EN',2396,null,null,1,0,3,null,null,'admin',1);
insert into CUSTOMER (CUSTOMER_ID,CUSTOMER_NAME,CUSTOMER_TYPE,COMPANY_ID,COUNTRY_ID,TAX_ID,BUSINESS_NUMBER,ORGANIZATION_TYPE,TELEPHONE,FAX,AGENCY_COMMISSION_RATE,AGENCY_VOLUME_RATE,MASTER_ORGANIZATION,INVOICE_DELIVERY_PREFERENCE,LANGUAGE,ADDRESS_ID,BILLING_SCENARIO_ID,AGENCY,ACTIVE,EDI,BATCH_ID,TAX_STATUS_ID,VAT_PERCENTAGE,MODIFIED_BY,WITHHOLDING_APPLICABLE) values (2039,'Laboratorio Phoenix Saicf','ADVERTISER',1,1,'55000000026',null,'DLA Health',null,null,null,null,null,null,'EN',2398,null,null,1,0,3,null,null,'admin',1);
insert into CUSTOMER (CUSTOMER_ID,CUSTOMER_NAME,CUSTOMER_TYPE,COMPANY_ID,COUNTRY_ID,TAX_ID,BUSINESS_NUMBER,ORGANIZATION_TYPE,TELEPHONE,FAX,AGENCY_COMMISSION_RATE,AGENCY_VOLUME_RATE,MASTER_ORGANIZATION,INVOICE_DELIVERY_PREFERENCE,LANGUAGE,ADDRESS_ID,BILLING_SCENARIO_ID,AGENCY,ACTIVE,EDI,BATCH_ID,TAX_STATUS_ID,VAT_PERCENTAGE,MODIFIED_BY,WITHHOLDING_APPLICABLE) values (2040,'Fiat Automoveis S/a','ADVERTISER',1,3,'50000000032','16701716000156','DLA Automotive',null,null,null,null,null,null,'EN',2400,null,null,1,0,3,null,null,'admin',1);
insert into CUSTOMER (CUSTOMER_ID,CUSTOMER_NAME,CUSTOMER_TYPE,COMPANY_ID,COUNTRY_ID,TAX_ID,BUSINESS_NUMBER,ORGANIZATION_TYPE,TELEPHONE,FAX,AGENCY_COMMISSION_RATE,AGENCY_VOLUME_RATE,MASTER_ORGANIZATION,INVOICE_DELIVERY_PREFERENCE,LANGUAGE,ADDRESS_ID,BILLING_SCENARIO_ID,AGENCY,ACTIVE,EDI,BATCH_ID,TAX_STATUS_ID,VAT_PERCENTAGE,MODIFIED_BY,WITHHOLDING_APPLICABLE) values (2041,'Lowe Lintas & Partners Ltda. (Brazil)','AGENCY',1,3,'51600000032',null,'Agency',null,null,0.3,0.44,null,'EMAIL','PT',2402,1,null,1,0,3,null,null,'admin',1);
insert into CUSTOMER (CUSTOMER_ID,CUSTOMER_NAME,CUSTOMER_TYPE,COMPANY_ID,COUNTRY_ID,TAX_ID,BUSINESS_NUMBER,ORGANIZATION_TYPE,TELEPHONE,FAX,AGENCY_COMMISSION_RATE,AGENCY_VOLUME_RATE,MASTER_ORGANIZATION,INVOICE_DELIVERY_PREFERENCE,LANGUAGE,ADDRESS_ID,BILLING_SCENARIO_ID,AGENCY,ACTIVE,EDI,BATCH_ID,TAX_STATUS_ID,VAT_PERCENTAGE,MODIFIED_BY,WITHHOLDING_APPLICABLE) values (2043,'Eugenio Publicidade Ltda','AGENCY',1,3,'50000000040',null,'Agency',null,null,null,null,null,null,'PT',2406,null,null,1,0,3,null,null,'admin',1);
insert into CUSTOMER (CUSTOMER_ID,CUSTOMER_NAME,CUSTOMER_TYPE,COMPANY_ID,COUNTRY_ID,TAX_ID,BUSINESS_NUMBER,ORGANIZATION_TYPE,TELEPHONE,FAX,AGENCY_COMMISSION_RATE,AGENCY_VOLUME_RATE,MASTER_ORGANIZATION,INVOICE_DELIVERY_PREFERENCE,LANGUAGE,ADDRESS_ID,BILLING_SCENARIO_ID,AGENCY,ACTIVE,EDI,BATCH_ID,TAX_STATUS_ID,VAT_PERCENTAGE,MODIFIED_BY,WITHHOLDING_APPLICABLE) values (2044,'Motorola Argentina','ADVERTISER',1,1,'51600000040',null,'DLA Electronics',null,null,null,null,null,null,'EN',2408,null,null,1,0,3,null,null,'admin',1);
insert into CUSTOMER (CUSTOMER_ID,CUSTOMER_NAME,CUSTOMER_TYPE,COMPANY_ID,COUNTRY_ID,TAX_ID,BUSINESS_NUMBER,ORGANIZATION_TYPE,TELEPHONE,FAX,AGENCY_COMMISSION_RATE,AGENCY_VOLUME_RATE,MASTER_ORGANIZATION,INVOICE_DELIVERY_PREFERENCE,LANGUAGE,ADDRESS_ID,BILLING_SCENARIO_ID,AGENCY,ACTIVE,EDI,BATCH_ID,TAX_STATUS_ID,VAT_PERCENTAGE,MODIFIED_BY,WITHHOLDING_APPLICABLE) values (2046,'Leo Burnett (Brazil)','AGENCY',1,3,'50000000059','61151437000110','Agency',null,null,null,null,null,null,'PT',2412,null,null,1,0,3,null,null,'admin',1);
insert into CUSTOMER (CUSTOMER_ID,CUSTOMER_NAME,CUSTOMER_TYPE,COMPANY_ID,COUNTRY_ID,TAX_ID,BUSINESS_NUMBER,ORGANIZATION_TYPE,TELEPHONE,FAX,AGENCY_COMMISSION_RATE,AGENCY_VOLUME_RATE,MASTER_ORGANIZATION,INVOICE_DELIVERY_PREFERENCE,LANGUAGE,ADDRESS_ID,BILLING_SCENARIO_ID,AGENCY,ACTIVE,EDI,BATCH_ID,TAX_STATUS_ID,VAT_PERCENTAGE,MODIFIED_BY,WITHHOLDING_APPLICABLE) values (2047,'Fischer America Comunicacao Total Ltda','AGENCY',1,3,'51600000059','61678173000158','Agency',null,null,null,null,null,null,'PT',2414,null,null,1,0,3,null,null,'admin',1);
insert into CUSTOMER (CUSTOMER_ID,CUSTOMER_NAME,CUSTOMER_TYPE,COMPANY_ID,COUNTRY_ID,TAX_ID,BUSINESS_NUMBER,ORGANIZATION_TYPE,TELEPHONE,FAX,AGENCY_COMMISSION_RATE,AGENCY_VOLUME_RATE,MASTER_ORGANIZATION,INVOICE_DELIVERY_PREFERENCE,LANGUAGE,ADDRESS_ID,BILLING_SCENARIO_ID,AGENCY,ACTIVE,EDI,BATCH_ID,TAX_STATUS_ID,VAT_PERCENTAGE,MODIFIED_BY,WITHHOLDING_APPLICABLE) values (2048,'Honda Automoviles (Brazil)','ADVERTISER',1,3,'55000000050','01192333000122','DLA Automotive',null,null,null,null,null,null,'PT',2416,null,null,1,0,3,null,null,'admin',1);
insert into CUSTOMER (CUSTOMER_ID,CUSTOMER_NAME,CUSTOMER_TYPE,COMPANY_ID,COUNTRY_ID,TAX_ID,BUSINESS_NUMBER,ORGANIZATION_TYPE,TELEPHONE,FAX,AGENCY_COMMISSION_RATE,AGENCY_VOLUME_RATE,MASTER_ORGANIZATION,INVOICE_DELIVERY_PREFERENCE,LANGUAGE,ADDRESS_ID,BILLING_SCENARIO_ID,AGENCY,ACTIVE,EDI,BATCH_ID,TAX_STATUS_ID,VAT_PERCENTAGE,MODIFIED_BY,WITHHOLDING_APPLICABLE) values (2049,'Tam Linhas Aereas S/a','ADVERTISER',1,3,'50000001012','02012862000160','DLA Travel',null,null,null,null,null,null,'EN',2418,null,null,1,0,3,null,null,'admin',1);
insert into CUSTOMER (CUSTOMER_ID,CUSTOMER_NAME,CUSTOMER_TYPE,COMPANY_ID,COUNTRY_ID,TAX_ID,BUSINESS_NUMBER,ORGANIZATION_TYPE,TELEPHONE,FAX,AGENCY_COMMISSION_RATE,AGENCY_VOLUME_RATE,MASTER_ORGANIZATION,INVOICE_DELIVERY_PREFERENCE,LANGUAGE,ADDRESS_ID,BILLING_SCENARIO_ID,AGENCY,ACTIVE,EDI,BATCH_ID,TAX_STATUS_ID,VAT_PERCENTAGE,MODIFIED_BY,WITHHOLDING_APPLICABLE) values (2050,'Petrobras Distribuidora S.A','ADVERTISER',1,3,'51600001012','34274233000105','DLA Automotive',null,null,null,null,null,null,'EN',2420,null,null,1,0,3,null,null,'admin',1);
insert into CUSTOMER (CUSTOMER_ID,CUSTOMER_NAME,CUSTOMER_TYPE,COMPANY_ID,COUNTRY_ID,TAX_ID,BUSINESS_NUMBER,ORGANIZATION_TYPE,TELEPHONE,FAX,AGENCY_COMMISSION_RATE,AGENCY_VOLUME_RATE,MASTER_ORGANIZATION,INVOICE_DELIVERY_PREFERENCE,LANGUAGE,ADDRESS_ID,BILLING_SCENARIO_ID,AGENCY,ACTIVE,EDI,BATCH_ID,TAX_STATUS_ID,VAT_PERCENTAGE,MODIFIED_BY,WITHHOLDING_APPLICABLE) values (2051,'Bbdo Argentina','AGENCY',1,1,'30707782419',null,'Agency',null,null,0.2,0.1,null,'EMAIL','ES',2422,5,null,1,0,3,11,null,'admin',1);
insert into CUSTOMER (CUSTOMER_ID,CUSTOMER_NAME,CUSTOMER_TYPE,COMPANY_ID,COUNTRY_ID,TAX_ID,BUSINESS_NUMBER,ORGANIZATION_TYPE,TELEPHONE,FAX,AGENCY_COMMISSION_RATE,AGENCY_VOLUME_RATE,MASTER_ORGANIZATION,INVOICE_DELIVERY_PREFERENCE,LANGUAGE,ADDRESS_ID,BILLING_SCENARIO_ID,AGENCY,ACTIVE,EDI,BATCH_ID,TAX_STATUS_ID,VAT_PERCENTAGE,MODIFIED_BY,WITHHOLDING_APPLICABLE) values (2052,'Meeting Point S.A.','AGENCY',1,1,'30696397666',null,'Agency',null,null,10,3,null,'EMAIL','ES',2424,1,null,1,0,3,11,null,'admin',1);
insert into CUSTOMER (CUSTOMER_ID,CUSTOMER_NAME,CUSTOMER_TYPE,COMPANY_ID,COUNTRY_ID,TAX_ID,BUSINESS_NUMBER,ORGANIZATION_TYPE,TELEPHONE,FAX,AGENCY_COMMISSION_RATE,AGENCY_VOLUME_RATE,MASTER_ORGANIZATION,INVOICE_DELIVERY_PREFERENCE,LANGUAGE,ADDRESS_ID,BILLING_SCENARIO_ID,AGENCY,ACTIVE,EDI,BATCH_ID,TAX_STATUS_ID,VAT_PERCENTAGE,MODIFIED_BY,WITHHOLDING_APPLICABLE) values (2054,'Fratelli Branca Destiler??as S.A.','ADVERTISER',1,1,'55000001022',null,'DLA Beverages',null,null,null,null,null,null,'EN',2428,null,null,1,0,3,null,null,'admin',1);
insert into CUSTOMER (CUSTOMER_ID,CUSTOMER_NAME,CUSTOMER_TYPE,COMPANY_ID,COUNTRY_ID,TAX_ID,BUSINESS_NUMBER,ORGANIZATION_TYPE,TELEPHONE,FAX,AGENCY_COMMISSION_RATE,AGENCY_VOLUME_RATE,MASTER_ORGANIZATION,INVOICE_DELIVERY_PREFERENCE,LANGUAGE,ADDRESS_ID,BILLING_SCENARIO_ID,AGENCY,ACTIVE,EDI,BATCH_ID,TAX_STATUS_ID,VAT_PERCENTAGE,MODIFIED_BY,WITHHOLDING_APPLICABLE) values (2055,'Naya Comunicaciones S.A.','AGENCY',1,1,'50000001039',null,'Agency',null,null,null,null,null,null,'ES',2430,null,null,1,0,3,null,null,'admin',1);
insert into CUSTOMER (CUSTOMER_ID,CUSTOMER_NAME,CUSTOMER_TYPE,COMPANY_ID,COUNTRY_ID,TAX_ID,BUSINESS_NUMBER,ORGANIZATION_TYPE,TELEPHONE,FAX,AGENCY_COMMISSION_RATE,AGENCY_VOLUME_RATE,MASTER_ORGANIZATION,INVOICE_DELIVERY_PREFERENCE,LANGUAGE,ADDRESS_ID,BILLING_SCENARIO_ID,AGENCY,ACTIVE,EDI,BATCH_ID,TAX_STATUS_ID,VAT_PERCENTAGE,MODIFIED_BY,WITHHOLDING_APPLICABLE) values (2057,'Trade(Brasil)','AGENCY',1,3,'55000001030',null,'Agency',null,null,null,null,null,null,'PT',2434,null,null,1,0,3,null,null,'admin',1);
insert into CUSTOMER (CUSTOMER_ID,CUSTOMER_NAME,CUSTOMER_TYPE,COMPANY_ID,COUNTRY_ID,TAX_ID,BUSINESS_NUMBER,ORGANIZATION_TYPE,TELEPHONE,FAX,AGENCY_COMMISSION_RATE,AGENCY_VOLUME_RATE,MASTER_ORGANIZATION,INVOICE_DELIVERY_PREFERENCE,LANGUAGE,ADDRESS_ID,BILLING_SCENARIO_ID,AGENCY,ACTIVE,EDI,BATCH_ID,TAX_STATUS_ID,VAT_PERCENTAGE,MODIFIED_BY,WITHHOLDING_APPLICABLE) values (2058,'Ri Happy (Brazil)','ADVERTISER',1,3,'50000001047','58731662012551','DLA Infant/children',null,null,null,null,null,null,'PT',2436,null,null,1,0,3,null,null,'admin',1);
insert into CUSTOMER (CUSTOMER_ID,CUSTOMER_NAME,CUSTOMER_TYPE,COMPANY_ID,COUNTRY_ID,TAX_ID,BUSINESS_NUMBER,ORGANIZATION_TYPE,TELEPHONE,FAX,AGENCY_COMMISSION_RATE,AGENCY_VOLUME_RATE,MASTER_ORGANIZATION,INVOICE_DELIVERY_PREFERENCE,LANGUAGE,ADDRESS_ID,BILLING_SCENARIO_ID,AGENCY,ACTIVE,EDI,BATCH_ID,TAX_STATUS_ID,VAT_PERCENTAGE,MODIFIED_BY,WITHHOLDING_APPLICABLE) values (2059,'Kimberly - Clark (Brazil)','ADVERTISER',1,3,'51600001047',null,'DLA Packaged Goods',null,null,null,null,null,null,'PT',2438,null,null,1,0,3,null,null,'admin',1);
insert into CUSTOMER (CUSTOMER_ID,CUSTOMER_NAME,CUSTOMER_TYPE,COMPANY_ID,COUNTRY_ID,TAX_ID,BUSINESS_NUMBER,ORGANIZATION_TYPE,TELEPHONE,FAX,AGENCY_COMMISSION_RATE,AGENCY_VOLUME_RATE,MASTER_ORGANIZATION,INVOICE_DELIVERY_PREFERENCE,LANGUAGE,ADDRESS_ID,BILLING_SCENARIO_ID,AGENCY,ACTIVE,EDI,BATCH_ID,TAX_STATUS_ID,VAT_PERCENTAGE,MODIFIED_BY,WITHHOLDING_APPLICABLE) values (2061,'Clarin A.G.E.A. S.A.','ADVERTISER',1,1,'50000001055',null,'DLA Entertainment Me',null,null,null,null,null,null,'EN',2442,null,null,1,0,3,null,null,'admin',1);
insert into CUSTOMER (CUSTOMER_ID,CUSTOMER_NAME,CUSTOMER_TYPE,COMPANY_ID,COUNTRY_ID,TAX_ID,BUSINESS_NUMBER,ORGANIZATION_TYPE,TELEPHONE,FAX,AGENCY_COMMISSION_RATE,AGENCY_VOLUME_RATE,MASTER_ORGANIZATION,INVOICE_DELIVERY_PREFERENCE,LANGUAGE,ADDRESS_ID,BILLING_SCENARIO_ID,AGENCY,ACTIVE,EDI,BATCH_ID,TAX_STATUS_ID,VAT_PERCENTAGE,MODIFIED_BY,WITHHOLDING_APPLICABLE) values (2062,'Ford Motor Company Brasil','ADVERTISER',1,3,'51600001055','03470727000120','DLA Automotive',null,null,null,null,null,null,'EN',2444,null,null,1,0,3,null,null,'admin',1);
insert into CUSTOMER (CUSTOMER_ID,CUSTOMER_NAME,CUSTOMER_TYPE,COMPANY_ID,COUNTRY_ID,TAX_ID,BUSINESS_NUMBER,ORGANIZATION_TYPE,TELEPHONE,FAX,AGENCY_COMMISSION_RATE,AGENCY_VOLUME_RATE,MASTER_ORGANIZATION,INVOICE_DELIVERY_PREFERENCE,LANGUAGE,ADDRESS_ID,BILLING_SCENARIO_ID,AGENCY,ACTIVE,EDI,BATCH_ID,TAX_STATUS_ID,VAT_PERCENTAGE,MODIFIED_BY,WITHHOLDING_APPLICABLE) values (2063,'La Farmaco Argentina I.C.S.A.','ADVERTISER',1,1,'55000001057',null,'DLA Personal Care',null,null,null,null,null,null,'ES',2446,null,null,1,0,3,null,null,'admin',1);
insert into CUSTOMER (CUSTOMER_ID,CUSTOMER_NAME,CUSTOMER_TYPE,COMPANY_ID,COUNTRY_ID,TAX_ID,BUSINESS_NUMBER,ORGANIZATION_TYPE,TELEPHONE,FAX,AGENCY_COMMISSION_RATE,AGENCY_VOLUME_RATE,MASTER_ORGANIZATION,INVOICE_DELIVERY_PREFERENCE,LANGUAGE,ADDRESS_ID,BILLING_SCENARIO_ID,AGENCY,ACTIVE,EDI,BATCH_ID,TAX_STATUS_ID,VAT_PERCENTAGE,MODIFIED_BY,WITHHOLDING_APPLICABLE) values (2064,'CIA Brasileira De Distribuicao','ADVERTISER',1,3,'50000001071','47.508.411000156','DLA Purchases',null,null,null,null,null,null,'PT',2448,null,null,1,0,3,null,null,'admin',1);
insert into CUSTOMER (CUSTOMER_ID,CUSTOMER_NAME,CUSTOMER_TYPE,COMPANY_ID,COUNTRY_ID,TAX_ID,BUSINESS_NUMBER,ORGANIZATION_TYPE,TELEPHONE,FAX,AGENCY_COMMISSION_RATE,AGENCY_VOLUME_RATE,MASTER_ORGANIZATION,INVOICE_DELIVERY_PREFERENCE,LANGUAGE,ADDRESS_ID,BILLING_SCENARIO_ID,AGENCY,ACTIVE,EDI,BATCH_ID,TAX_STATUS_ID,VAT_PERCENTAGE,MODIFIED_BY,WITHHOLDING_APPLICABLE) values (2065,'O Boticario Franchising S.A.','ADVERTISER',1,3,'51600001071',null,'DLA Personal Care',null,null,null,null,null,null,'EN',2450,null,null,1,0,3,null,null,'admin',1);
insert into CUSTOMER (CUSTOMER_ID,CUSTOMER_NAME,CUSTOMER_TYPE,COMPANY_ID,COUNTRY_ID,TAX_ID,BUSINESS_NUMBER,ORGANIZATION_TYPE,TELEPHONE,FAX,AGENCY_COMMISSION_RATE,AGENCY_VOLUME_RATE,MASTER_ORGANIZATION,INVOICE_DELIVERY_PREFERENCE,LANGUAGE,ADDRESS_ID,BILLING_SCENARIO_ID,AGENCY,ACTIVE,EDI,BATCH_ID,TAX_STATUS_ID,VAT_PERCENTAGE,MODIFIED_BY,WITHHOLDING_APPLICABLE) values (2067,'Ppr - Profissionais De Publicidade Reunidos Ltda. (Nbs)','AGENCY',1,3,'50000001101',null,'Agency',null,null,null,null,null,null,'PT',2454,null,null,1,0,3,null,null,'admin',1);
insert into CUSTOMER (CUSTOMER_ID,CUSTOMER_NAME,CUSTOMER_TYPE,COMPANY_ID,COUNTRY_ID,TAX_ID,BUSINESS_NUMBER,ORGANIZATION_TYPE,TELEPHONE,FAX,AGENCY_COMMISSION_RATE,AGENCY_VOLUME_RATE,MASTER_ORGANIZATION,INVOICE_DELIVERY_PREFERENCE,LANGUAGE,ADDRESS_ID,BILLING_SCENARIO_ID,AGENCY,ACTIVE,EDI,BATCH_ID,TAX_STATUS_ID,VAT_PERCENTAGE,MODIFIED_BY,WITHHOLDING_APPLICABLE) values (2068,'Santa Clara Csz Comunicacao Ltda.','AGENCY',1,3,'51600001101','03910644000105','Agency',null,null,null,null,null,null,'PT',2456,null,null,1,0,3,null,null,'admin',1);
insert into CUSTOMER (CUSTOMER_ID,CUSTOMER_NAME,CUSTOMER_TYPE,COMPANY_ID,COUNTRY_ID,TAX_ID,BUSINESS_NUMBER,ORGANIZATION_TYPE,TELEPHONE,FAX,AGENCY_COMMISSION_RATE,AGENCY_VOLUME_RATE,MASTER_ORGANIZATION,INVOICE_DELIVERY_PREFERENCE,LANGUAGE,ADDRESS_ID,BILLING_SCENARIO_ID,AGENCY,ACTIVE,EDI,BATCH_ID,TAX_STATUS_ID,VAT_PERCENTAGE,MODIFIED_BY,WITHHOLDING_APPLICABLE) values (2069,'Cervejaria Kaiser Brasil Sa','ADVERTISER',1,3,'55000001103',null,'DLA Beverages',null,null,null,null,null,null,'PT',2458,null,null,1,0,3,null,null,'admin',1);
insert into CUSTOMER (CUSTOMER_ID,CUSTOMER_NAME,CUSTOMER_TYPE,COMPANY_ID,COUNTRY_ID,TAX_ID,BUSINESS_NUMBER,ORGANIZATION_TYPE,TELEPHONE,FAX,AGENCY_COMMISSION_RATE,AGENCY_VOLUME_RATE,MASTER_ORGANIZATION,INVOICE_DELIVERY_PREFERENCE,LANGUAGE,ADDRESS_ID,BILLING_SCENARIO_ID,AGENCY,ACTIVE,EDI,BATCH_ID,TAX_STATUS_ID,VAT_PERCENTAGE,MODIFIED_BY,WITHHOLDING_APPLICABLE) values (2070,'Nova S.B. Comunicacao Ltda. (Brasilia Office)','AGENCY',1,3,'50000001136','57158829000218','Agency',null,null,null,null,null,null,'PT',2460,null,null,1,0,3,null,null,'admin',1);
insert into CUSTOMER (CUSTOMER_ID,CUSTOMER_NAME,CUSTOMER_TYPE,COMPANY_ID,COUNTRY_ID,TAX_ID,BUSINESS_NUMBER,ORGANIZATION_TYPE,TELEPHONE,FAX,AGENCY_COMMISSION_RATE,AGENCY_VOLUME_RATE,MASTER_ORGANIZATION,INVOICE_DELIVERY_PREFERENCE,LANGUAGE,ADDRESS_ID,BILLING_SCENARIO_ID,AGENCY,ACTIVE,EDI,BATCH_ID,TAX_STATUS_ID,VAT_PERCENTAGE,MODIFIED_BY,WITHHOLDING_APPLICABLE) values (2071,'Artplan Communicacao S/a','AGENCY',1,3,'51600001136','33673286000125','Agency',null,null,null,null,null,null,'PT',2462,null,null,1,0,3,null,null,'admin',1);
insert into CUSTOMER (CUSTOMER_ID,CUSTOMER_NAME,CUSTOMER_TYPE,COMPANY_ID,COUNTRY_ID,TAX_ID,BUSINESS_NUMBER,ORGANIZATION_TYPE,TELEPHONE,FAX,AGENCY_COMMISSION_RATE,AGENCY_VOLUME_RATE,MASTER_ORGANIZATION,INVOICE_DELIVERY_PREFERENCE,LANGUAGE,ADDRESS_ID,BILLING_SCENARIO_ID,AGENCY,ACTIVE,EDI,BATCH_ID,TAX_STATUS_ID,VAT_PERCENTAGE,MODIFIED_BY,WITHHOLDING_APPLICABLE) values (2072,'Manufatura De Brinquedos Estrella S/a','ADVERTISER',1,3,'55000001138','61082004000584','DLA Infant/children',null,null,null,null,null,null,'PT',2464,null,null,1,0,3,null,null,'admin',1);
insert into CUSTOMER (CUSTOMER_ID,CUSTOMER_NAME,CUSTOMER_TYPE,COMPANY_ID,COUNTRY_ID,TAX_ID,BUSINESS_NUMBER,ORGANIZATION_TYPE,TELEPHONE,FAX,AGENCY_COMMISSION_RATE,AGENCY_VOLUME_RATE,MASTER_ORGANIZATION,INVOICE_DELIVERY_PREFERENCE,LANGUAGE,ADDRESS_ID,BILLING_SCENARIO_ID,AGENCY,ACTIVE,EDI,BATCH_ID,TAX_STATUS_ID,VAT_PERCENTAGE,MODIFIED_BY,WITHHOLDING_APPLICABLE) values (2073,'Visa Do Brasil Empreendimentos Ltda.','ADVERTISER',1,3,'50000001144','31551765000143','DLA Financial',null,null,null,null,null,null,'PT',2466,null,null,1,0,3,null,null,'admin',1);
insert into CUSTOMER (CUSTOMER_ID,CUSTOMER_NAME,CUSTOMER_TYPE,COMPANY_ID,COUNTRY_ID,TAX_ID,BUSINESS_NUMBER,ORGANIZATION_TYPE,TELEPHONE,FAX,AGENCY_COMMISSION_RATE,AGENCY_VOLUME_RATE,MASTER_ORGANIZATION,INVOICE_DELIVERY_PREFERENCE,LANGUAGE,ADDRESS_ID,BILLING_SCENARIO_ID,AGENCY,ACTIVE,EDI,BATCH_ID,TAX_STATUS_ID,VAT_PERCENTAGE,MODIFIED_BY,WITHHOLDING_APPLICABLE) values (2074,'Manufactura De Propaganda Ltda','AGENCY',1,3,'51600001144',null,'Agency','03424907/000176',null,null,null,null,null,'PT',2468,null,null,1,0,3,null,null,'admin',1);
insert into CUSTOMER (CUSTOMER_ID,CUSTOMER_NAME,CUSTOMER_TYPE,COMPANY_ID,COUNTRY_ID,TAX_ID,BUSINESS_NUMBER,ORGANIZATION_TYPE,TELEPHONE,FAX,AGENCY_COMMISSION_RATE,AGENCY_VOLUME_RATE,MASTER_ORGANIZATION,INVOICE_DELIVERY_PREFERENCE,LANGUAGE,ADDRESS_ID,BILLING_SCENARIO_ID,AGENCY,ACTIVE,EDI,BATCH_ID,TAX_STATUS_ID,VAT_PERCENTAGE,MODIFIED_BY,WITHHOLDING_APPLICABLE) values (2075,'Conthey Comercio E Industria Ltda.','ADVERTISER',1,3,'55000001146',null,'DLA Infant/children','96280292/000132',null,null,null,null,null,'PT',2470,null,null,1,0,3,null,null,'admin',1);
insert into CUSTOMER (CUSTOMER_ID,CUSTOMER_NAME,CUSTOMER_TYPE,COMPANY_ID,COUNTRY_ID,TAX_ID,BUSINESS_NUMBER,ORGANIZATION_TYPE,TELEPHONE,FAX,AGENCY_COMMISSION_RATE,AGENCY_VOLUME_RATE,MASTER_ORGANIZATION,INVOICE_DELIVERY_PREFERENCE,LANGUAGE,ADDRESS_ID,BILLING_SCENARIO_ID,AGENCY,ACTIVE,EDI,BATCH_ID,TAX_STATUS_ID,VAT_PERCENTAGE,MODIFIED_BY,WITHHOLDING_APPLICABLE) values (2076,'Pbkids Brinquedos Ltda','ADVERTISER',1,3,'50000001152','64731433000108','DLA Infant/children',null,null,null,null,null,null,'PT',2472,null,null,1,0,3,null,null,'admin',1);
insert into CUSTOMER (CUSTOMER_ID,CUSTOMER_NAME,CUSTOMER_TYPE,COMPANY_ID,COUNTRY_ID,TAX_ID,BUSINESS_NUMBER,ORGANIZATION_TYPE,TELEPHONE,FAX,AGENCY_COMMISSION_RATE,AGENCY_VOLUME_RATE,MASTER_ORGANIZATION,INVOICE_DELIVERY_PREFERENCE,LANGUAGE,ADDRESS_ID,BILLING_SCENARIO_ID,AGENCY,ACTIVE,EDI,BATCH_ID,TAX_STATUS_ID,VAT_PERCENTAGE,MODIFIED_BY,WITHHOLDING_APPLICABLE) values (2077,'Bimbo Do Brasil Ltda.','ADVERTISER',1,3,'51600001152','35402759000185','DLA Food',null,null,null,null,null,null,'PT',2474,null,null,1,0,3,null,null,'admin',1);
insert into CUSTOMER (CUSTOMER_ID,CUSTOMER_NAME,CUSTOMER_TYPE,COMPANY_ID,COUNTRY_ID,TAX_ID,BUSINESS_NUMBER,ORGANIZATION_TYPE,TELEPHONE,FAX,AGENCY_COMMISSION_RATE,AGENCY_VOLUME_RATE,MASTER_ORGANIZATION,INVOICE_DELIVERY_PREFERENCE,LANGUAGE,ADDRESS_ID,BILLING_SCENARIO_ID,AGENCY,ACTIVE,EDI,BATCH_ID,TAX_STATUS_ID,VAT_PERCENTAGE,MODIFIED_BY,WITHHOLDING_APPLICABLE) values (2078,'Peralta Strawberryfrog Comunicacoes Ltda','AGENCY',1,3,'55000001154','09056520000190','Agency',null,null,null,null,null,null,'PT',2476,null,null,1,0,3,null,null,'admin',1);
insert into CUSTOMER (CUSTOMER_ID,CUSTOMER_NAME,CUSTOMER_TYPE,COMPANY_ID,COUNTRY_ID,TAX_ID,BUSINESS_NUMBER,ORGANIZATION_TYPE,TELEPHONE,FAX,AGENCY_COMMISSION_RATE,AGENCY_VOLUME_RATE,MASTER_ORGANIZATION,INVOICE_DELIVERY_PREFERENCE,LANGUAGE,ADDRESS_ID,BILLING_SCENARIO_ID,AGENCY,ACTIVE,EDI,BATCH_ID,TAX_STATUS_ID,VAT_PERCENTAGE,MODIFIED_BY,WITHHOLDING_APPLICABLE) values (2080,'Abril Comunicacoes S/a','ADVERTISER',1,3,'51600001160','44597052000162','DLA Educational',null,null,null,null,null,null,'PT',2480,null,null,1,0,3,null,null,'admin',1);
insert into CUSTOMER (CUSTOMER_ID,CUSTOMER_NAME,CUSTOMER_TYPE,COMPANY_ID,COUNTRY_ID,TAX_ID,BUSINESS_NUMBER,ORGANIZATION_TYPE,TELEPHONE,FAX,AGENCY_COMMISSION_RATE,AGENCY_VOLUME_RATE,MASTER_ORGANIZATION,INVOICE_DELIVERY_PREFERENCE,LANGUAGE,ADDRESS_ID,BILLING_SCENARIO_ID,AGENCY,ACTIVE,EDI,BATCH_ID,TAX_STATUS_ID,VAT_PERCENTAGE,MODIFIED_BY,WITHHOLDING_APPLICABLE) values (2081,'Banco Santander Sa (Brazil)','ADVERTISER',1,3,'55000001162','90400888000142','DLA Financial',null,null,null,null,null,null,'PT',2482,null,null,1,0,3,null,null,'admin',1);
insert into CUSTOMER (CUSTOMER_ID,CUSTOMER_NAME,CUSTOMER_TYPE,COMPANY_ID,COUNTRY_ID,TAX_ID,BUSINESS_NUMBER,ORGANIZATION_TYPE,TELEPHONE,FAX,AGENCY_COMMISSION_RATE,AGENCY_VOLUME_RATE,MASTER_ORGANIZATION,INVOICE_DELIVERY_PREFERENCE,LANGUAGE,ADDRESS_ID,BILLING_SCENARIO_ID,AGENCY,ACTIVE,EDI,BATCH_ID,TAX_STATUS_ID,VAT_PERCENTAGE,MODIFIED_BY,WITHHOLDING_APPLICABLE) values (2082,'Sa Fabrica De Produtos Alimenticios Vigor','ADVERTISER',1,3,'50000001179','61116331000186','DLA Food',null,null,null,null,null,null,'PT',2484,null,null,1,0,3,null,null,'admin',1);
insert into CUSTOMER (CUSTOMER_ID,CUSTOMER_NAME,CUSTOMER_TYPE,COMPANY_ID,COUNTRY_ID,TAX_ID,BUSINESS_NUMBER,ORGANIZATION_TYPE,TELEPHONE,FAX,AGENCY_COMMISSION_RATE,AGENCY_VOLUME_RATE,MASTER_ORGANIZATION,INVOICE_DELIVERY_PREFERENCE,LANGUAGE,ADDRESS_ID,BILLING_SCENARIO_ID,AGENCY,ACTIVE,EDI,BATCH_ID,TAX_STATUS_ID,VAT_PERCENTAGE,MODIFIED_BY,WITHHOLDING_APPLICABLE) values (2083,'Dpz','AGENCY',1,3,'51600001179',null,'Agency','62123948/000787',null,null,null,null,null,'PT',2486,null,null,1,0,3,null,null,'admin',1);
insert into CUSTOMER (CUSTOMER_ID,CUSTOMER_NAME,CUSTOMER_TYPE,COMPANY_ID,COUNTRY_ID,TAX_ID,BUSINESS_NUMBER,ORGANIZATION_TYPE,TELEPHONE,FAX,AGENCY_COMMISSION_RATE,AGENCY_VOLUME_RATE,MASTER_ORGANIZATION,INVOICE_DELIVERY_PREFERENCE,LANGUAGE,ADDRESS_ID,BILLING_SCENARIO_ID,AGENCY,ACTIVE,EDI,BATCH_ID,TAX_STATUS_ID,VAT_PERCENTAGE,MODIFIED_BY,WITHHOLDING_APPLICABLE) values (2084,'Age Comunicacoes Ltda','AGENCY',1,3,'55000001170',null,'Agency','54558002/000120',null,null,null,null,null,'PT',2488,null,null,1,0,3,11,null,'admin',1);
insert into CUSTOMER (CUSTOMER_ID,CUSTOMER_NAME,CUSTOMER_TYPE,COMPANY_ID,COUNTRY_ID,TAX_ID,BUSINESS_NUMBER,ORGANIZATION_TYPE,TELEPHONE,FAX,AGENCY_COMMISSION_RATE,AGENCY_VOLUME_RATE,MASTER_ORGANIZATION,INVOICE_DELIVERY_PREFERENCE,LANGUAGE,ADDRESS_ID,BILLING_SCENARIO_ID,AGENCY,ACTIVE,EDI,BATCH_ID,TAX_STATUS_ID,VAT_PERCENTAGE,MODIFIED_BY,WITHHOLDING_APPLICABLE) values (2085,'Dpz-Rj  Dualibi Petit Zaragoza Propaganda Ltda','AGENCY',1,3,'50000001187','62123948000272','Agency',null,null,null,null,null,null,'PT',2490,null,null,1,0,3,null,null,'admin',1);
insert into CUSTOMER (CUSTOMER_ID,CUSTOMER_NAME,CUSTOMER_TYPE,COMPANY_ID,COUNTRY_ID,TAX_ID,BUSINESS_NUMBER,ORGANIZATION_TYPE,TELEPHONE,FAX,AGENCY_COMMISSION_RATE,AGENCY_VOLUME_RATE,MASTER_ORGANIZATION,INVOICE_DELIVERY_PREFERENCE,LANGUAGE,ADDRESS_ID,BILLING_SCENARIO_ID,AGENCY,ACTIVE,EDI,BATCH_ID,TAX_STATUS_ID,VAT_PERCENTAGE,MODIFIED_BY,WITHHOLDING_APPLICABLE) values (2086,'AUDI Brasil Distribuidora De Veiculos Ltda','ADVERTISER',1,3,'51600001187',null,'DLA Automotive','03472246/000316',null,null,null,null,null,'EN',2492,null,null,1,0,3,null,null,'admin',1);
insert into CUSTOMER (CUSTOMER_ID,CUSTOMER_NAME,CUSTOMER_TYPE,COMPANY_ID,COUNTRY_ID,TAX_ID,BUSINESS_NUMBER,ORGANIZATION_TYPE,TELEPHONE,FAX,AGENCY_COMMISSION_RATE,AGENCY_VOLUME_RATE,MASTER_ORGANIZATION,INVOICE_DELIVERY_PREFERENCE,LANGUAGE,ADDRESS_ID,BILLING_SCENARIO_ID,AGENCY,ACTIVE,EDI,BATCH_ID,TAX_STATUS_ID,VAT_PERCENTAGE,MODIFIED_BY,WITHHOLDING_APPLICABLE) values (2087,'Farmacity','ADVERTISER',1,1,'55000001189',null,'DLA Purchases',null,null,null,null,null,null,'ES',2494,null,null,1,0,3,11,null,'admin',1);
insert into CUSTOMER (CUSTOMER_ID,CUSTOMER_NAME,CUSTOMER_TYPE,COMPANY_ID,COUNTRY_ID,TAX_ID,BUSINESS_NUMBER,ORGANIZATION_TYPE,TELEPHONE,FAX,AGENCY_COMMISSION_RATE,AGENCY_VOLUME_RATE,MASTER_ORGANIZATION,INVOICE_DELIVERY_PREFERENCE,LANGUAGE,ADDRESS_ID,BILLING_SCENARIO_ID,AGENCY,ACTIVE,EDI,BATCH_ID,TAX_STATUS_ID,VAT_PERCENTAGE,MODIFIED_BY,WITHHOLDING_APPLICABLE) values (2088,'Gobierno De La Ciudad De Buenos Aires (Direct)','ADVERTISER',1,1,'34999032089',null,'DLA Orgs & Gov',null,null,0,0,null,'EMAIL','ES',2496,3,null,1,0,3,13,null,'admin',1);
insert into CUSTOMER (CUSTOMER_ID,CUSTOMER_NAME,CUSTOMER_TYPE,COMPANY_ID,COUNTRY_ID,TAX_ID,BUSINESS_NUMBER,ORGANIZATION_TYPE,TELEPHONE,FAX,AGENCY_COMMISSION_RATE,AGENCY_VOLUME_RATE,MASTER_ORGANIZATION,INVOICE_DELIVERY_PREFERENCE,LANGUAGE,ADDRESS_ID,BILLING_SCENARIO_ID,AGENCY,ACTIVE,EDI,BATCH_ID,TAX_STATUS_ID,VAT_PERCENTAGE,MODIFIED_BY,WITHHOLDING_APPLICABLE) values (2089,'Salles Chemistri Publicidade Ltda','AGENCY',1,3,'51600001195','03541428000130','Agency',null,null,null,null,null,null,'PT',2498,null,null,1,0,3,null,null,'admin',1);
insert into CUSTOMER (CUSTOMER_ID,CUSTOMER_NAME,CUSTOMER_TYPE,COMPANY_ID,COUNTRY_ID,TAX_ID,BUSINESS_NUMBER,ORGANIZATION_TYPE,TELEPHONE,FAX,AGENCY_COMMISSION_RATE,AGENCY_VOLUME_RATE,MASTER_ORGANIZATION,INVOICE_DELIVERY_PREFERENCE,LANGUAGE,ADDRESS_ID,BILLING_SCENARIO_ID,AGENCY,ACTIVE,EDI,BATCH_ID,TAX_STATUS_ID,VAT_PERCENTAGE,MODIFIED_BY,WITHHOLDING_APPLICABLE) values (2090,'Pragma Comunicacao Ltda','AGENCY',1,3,'55000001197','09572107000189','Agency',null,null,null,null,null,null,'PT',2500,null,null,1,0,3,null,null,'admin',1);
insert into CUSTOMER (CUSTOMER_ID,CUSTOMER_NAME,CUSTOMER_TYPE,COMPANY_ID,COUNTRY_ID,TAX_ID,BUSINESS_NUMBER,ORGANIZATION_TYPE,TELEPHONE,FAX,AGENCY_COMMISSION_RATE,AGENCY_VOLUME_RATE,MASTER_ORGANIZATION,INVOICE_DELIVERY_PREFERENCE,LANGUAGE,ADDRESS_ID,BILLING_SCENARIO_ID,AGENCY,ACTIVE,EDI,BATCH_ID,TAX_STATUS_ID,VAT_PERCENTAGE,MODIFIED_BY,WITHHOLDING_APPLICABLE) values (2091,'F/nazca S&S Publicidade Ltda.','AGENCY',1,3,'50000001209','01192333000122','Agency',null,null,null,null,null,null,'PT',2502,null,null,1,0,3,null,null,'admin',1);
insert into CUSTOMER (CUSTOMER_ID,CUSTOMER_NAME,CUSTOMER_TYPE,COMPANY_ID,COUNTRY_ID,TAX_ID,BUSINESS_NUMBER,ORGANIZATION_TYPE,TELEPHONE,FAX,AGENCY_COMMISSION_RATE,AGENCY_VOLUME_RATE,MASTER_ORGANIZATION,INVOICE_DELIVERY_PREFERENCE,LANGUAGE,ADDRESS_ID,BILLING_SCENARIO_ID,AGENCY,ACTIVE,EDI,BATCH_ID,TAX_STATUS_ID,VAT_PERCENTAGE,MODIFIED_BY,WITHHOLDING_APPLICABLE) values (2092,'Escala Comunicacao & Marketing Ltda','AGENCY',1,3,'51600001209','90771544/0001-40','Agency',null,null,null,null,null,null,'PT',2504,null,null,1,0,3,null,null,'admin',1);
insert into CUSTOMER (CUSTOMER_ID,CUSTOMER_NAME,CUSTOMER_TYPE,COMPANY_ID,COUNTRY_ID,TAX_ID,BUSINESS_NUMBER,ORGANIZATION_TYPE,TELEPHONE,FAX,AGENCY_COMMISSION_RATE,AGENCY_VOLUME_RATE,MASTER_ORGANIZATION,INVOICE_DELIVERY_PREFERENCE,LANGUAGE,ADDRESS_ID,BILLING_SCENARIO_ID,AGENCY,ACTIVE,EDI,BATCH_ID,TAX_STATUS_ID,VAT_PERCENTAGE,MODIFIED_BY,WITHHOLDING_APPLICABLE) values (2093,'Productos Familia S.A.','ADVERTISER',1,7,'55000001200',null,'DLA Personal Care',null,null,null,null,null,null,'EN',2506,null,null,1,0,3,null,null,'admin',1);
insert into CUSTOMER (CUSTOMER_ID,CUSTOMER_NAME,CUSTOMER_TYPE,COMPANY_ID,COUNTRY_ID,TAX_ID,BUSINESS_NUMBER,ORGANIZATION_TYPE,TELEPHONE,FAX,AGENCY_COMMISSION_RATE,AGENCY_VOLUME_RATE,MASTER_ORGANIZATION,INVOICE_DELIVERY_PREFERENCE,LANGUAGE,ADDRESS_ID,BILLING_SCENARIO_ID,AGENCY,ACTIVE,EDI,BATCH_ID,TAX_STATUS_ID,VAT_PERCENTAGE,MODIFIED_BY,WITHHOLDING_APPLICABLE) values (2033,'Telecom Personal S.A.','ADVERTISER',1,1,'50000001217',null,'DLA Telecommunicatio',null,null,null,null,null,null,'EN',2386,null,null,1,0,3,null,null,'admin',1);
insert into CUSTOMER (CUSTOMER_ID,CUSTOMER_NAME,CUSTOMER_TYPE,COMPANY_ID,COUNTRY_ID,TAX_ID,BUSINESS_NUMBER,ORGANIZATION_TYPE,TELEPHONE,FAX,AGENCY_COMMISSION_RATE,AGENCY_VOLUME_RATE,MASTER_ORGANIZATION,INVOICE_DELIVERY_PREFERENCE,LANGUAGE,ADDRESS_ID,BILLING_SCENARIO_ID,AGENCY,ACTIVE,EDI,BATCH_ID,TAX_STATUS_ID,VAT_PERCENTAGE,MODIFIED_BY,WITHHOLDING_APPLICABLE) values (2034,'Ogilvy Brasil Comunica??o Ltda','AGENCY',1,3,'51600001217','61067492000127','Agency',null,null,null,null,null,null,'PT',2388,null,null,1,0,3,null,null,'admin',1);
insert into CUSTOMER (CUSTOMER_ID,CUSTOMER_NAME,CUSTOMER_TYPE,COMPANY_ID,COUNTRY_ID,TAX_ID,BUSINESS_NUMBER,ORGANIZATION_TYPE,TELEPHONE,FAX,AGENCY_COMMISSION_RATE,AGENCY_VOLUME_RATE,MASTER_ORGANIZATION,INVOICE_DELIVERY_PREFERENCE,LANGUAGE,ADDRESS_ID,BILLING_SCENARIO_ID,AGENCY,ACTIVE,EDI,BATCH_ID,TAX_STATUS_ID,VAT_PERCENTAGE,MODIFIED_BY,WITHHOLDING_APPLICABLE) values (2096,'Bigman','AGENCY',1,3,'55000001219',null,'Agency',null,null,null,null,null,null,'PT',2512,null,null,1,0,3,null,null,'admin',1);
insert into CUSTOMER (CUSTOMER_ID,CUSTOMER_NAME,CUSTOMER_TYPE,COMPANY_ID,COUNTRY_ID,TAX_ID,BUSINESS_NUMBER,ORGANIZATION_TYPE,TELEPHONE,FAX,AGENCY_COMMISSION_RATE,AGENCY_VOLUME_RATE,MASTER_ORGANIZATION,INVOICE_DELIVERY_PREFERENCE,LANGUAGE,ADDRESS_ID,BILLING_SCENARIO_ID,AGENCY,ACTIVE,EDI,BATCH_ID,TAX_STATUS_ID,VAT_PERCENTAGE,MODIFIED_BY,WITHHOLDING_APPLICABLE) values (2097,'Lojas Riachuelo S/a','ADVERTISER',1,3,'50000001225',null,'DLA Apparel, Acc. &',null,null,null,null,null,null,'EN',2514,null,null,1,0,3,null,null,'admin',1);
insert into CUSTOMER (CUSTOMER_ID,CUSTOMER_NAME,CUSTOMER_TYPE,COMPANY_ID,COUNTRY_ID,TAX_ID,BUSINESS_NUMBER,ORGANIZATION_TYPE,TELEPHONE,FAX,AGENCY_COMMISSION_RATE,AGENCY_VOLUME_RATE,MASTER_ORGANIZATION,INVOICE_DELIVERY_PREFERENCE,LANGUAGE,ADDRESS_ID,BILLING_SCENARIO_ID,AGENCY,ACTIVE,EDI,BATCH_ID,TAX_STATUS_ID,VAT_PERCENTAGE,MODIFIED_BY,WITHHOLDING_APPLICABLE) values (2098,'Skechers Do Brasil Calcados Ltda','ADVERTISER',1,3,'51600001225','08562929000116','DLA Apparel, Acc. &',null,null,null,null,null,null,'EN',2516,null,null,1,0,3,null,null,'admin',1);
insert into CUSTOMER (CUSTOMER_ID,CUSTOMER_NAME,CUSTOMER_TYPE,COMPANY_ID,COUNTRY_ID,TAX_ID,BUSINESS_NUMBER,ORGANIZATION_TYPE,TELEPHONE,FAX,AGENCY_COMMISSION_RATE,AGENCY_VOLUME_RATE,MASTER_ORGANIZATION,INVOICE_DELIVERY_PREFERENCE,LANGUAGE,ADDRESS_ID,BILLING_SCENARIO_ID,AGENCY,ACTIVE,EDI,BATCH_ID,TAX_STATUS_ID,VAT_PERCENTAGE,MODIFIED_BY,WITHHOLDING_APPLICABLE) values (2100,'Bunge Alimentos S/a','ADVERTISER',1,3,'50000001233','84046101003028','DLA Food',null,null,null,null,null,null,'EN',2520,null,null,1,0,3,null,null,'admin',1);
insert into CUSTOMER (CUSTOMER_ID,CUSTOMER_NAME,CUSTOMER_TYPE,COMPANY_ID,COUNTRY_ID,TAX_ID,BUSINESS_NUMBER,ORGANIZATION_TYPE,TELEPHONE,FAX,AGENCY_COMMISSION_RATE,AGENCY_VOLUME_RATE,MASTER_ORGANIZATION,INVOICE_DELIVERY_PREFERENCE,LANGUAGE,ADDRESS_ID,BILLING_SCENARIO_ID,AGENCY,ACTIVE,EDI,BATCH_ID,TAX_STATUS_ID,VAT_PERCENTAGE,MODIFIED_BY,WITHHOLDING_APPLICABLE) values (2101,'Banco Hipotecario S.A.','ADVERTISER',1,1,'51600001233',null,'DLA Financial',null,null,null,null,null,null,'EN',2522,null,null,1,0,3,null,null,'admin',1);
insert into CUSTOMER (CUSTOMER_ID,CUSTOMER_NAME,CUSTOMER_TYPE,COMPANY_ID,COUNTRY_ID,TAX_ID,BUSINESS_NUMBER,ORGANIZATION_TYPE,TELEPHONE,FAX,AGENCY_COMMISSION_RATE,AGENCY_VOLUME_RATE,MASTER_ORGANIZATION,INVOICE_DELIVERY_PREFERENCE,LANGUAGE,ADDRESS_ID,BILLING_SCENARIO_ID,AGENCY,ACTIVE,EDI,BATCH_ID,TAX_STATUS_ID,VAT_PERCENTAGE,MODIFIED_BY,WITHHOLDING_APPLICABLE) values (2103,'Nova S.B. Comunicacao Ltda. (Sao Paulo Office)','AGENCY',1,3,'50000001241','57118929000137','Agency',null,null,null,null,null,null,'PT',2526,null,null,1,0,3,null,null,'admin',1);
insert into CUSTOMER (CUSTOMER_ID,CUSTOMER_NAME,CUSTOMER_TYPE,COMPANY_ID,COUNTRY_ID,TAX_ID,BUSINESS_NUMBER,ORGANIZATION_TYPE,TELEPHONE,FAX,AGENCY_COMMISSION_RATE,AGENCY_VOLUME_RATE,MASTER_ORGANIZATION,INVOICE_DELIVERY_PREFERENCE,LANGUAGE,ADDRESS_ID,BILLING_SCENARIO_ID,AGENCY,ACTIVE,EDI,BATCH_ID,TAX_STATUS_ID,VAT_PERCENTAGE,MODIFIED_BY,WITHHOLDING_APPLICABLE) values (2104,'Universal Assistance S.A.','ADVERTISER',1,1,'51600001241',null,'DLA Travel',null,null,10,0,null,'EMAIL','ES',2528,3,null,1,0,3,11,null,'admin',1);
insert into CUSTOMER (CUSTOMER_ID,CUSTOMER_NAME,CUSTOMER_TYPE,COMPANY_ID,COUNTRY_ID,TAX_ID,BUSINESS_NUMBER,ORGANIZATION_TYPE,TELEPHONE,FAX,AGENCY_COMMISSION_RATE,AGENCY_VOLUME_RATE,MASTER_ORGANIZATION,INVOICE_DELIVERY_PREFERENCE,LANGUAGE,ADDRESS_ID,BILLING_SCENARIO_ID,AGENCY,ACTIVE,EDI,BATCH_ID,TAX_STATUS_ID,VAT_PERCENTAGE,MODIFIED_BY,WITHHOLDING_APPLICABLE) values (2105,'Fast Food Sudamericana Burger King Argentina','ADVERTISER',1,1,'55000001243',null,'DLA Restaurants',null,null,null,null,null,null,'EN',2530,null,null,1,0,3,null,null,'admin',1);
insert into CUSTOMER (CUSTOMER_ID,CUSTOMER_NAME,CUSTOMER_TYPE,COMPANY_ID,COUNTRY_ID,TAX_ID,BUSINESS_NUMBER,ORGANIZATION_TYPE,TELEPHONE,FAX,AGENCY_COMMISSION_RATE,AGENCY_VOLUME_RATE,MASTER_ORGANIZATION,INVOICE_DELIVERY_PREFERENCE,LANGUAGE,ADDRESS_ID,BILLING_SCENARIO_ID,AGENCY,ACTIVE,EDI,BATCH_ID,TAX_STATUS_ID,VAT_PERCENTAGE,MODIFIED_BY,WITHHOLDING_APPLICABLE) values (2106,'E21 Agencia De Multicomunica????o Ltda','AGENCY',1,3,'50000001276',null,'Agency',null,null,null,null,null,null,'PT',2532,null,null,1,0,3,null,null,'admin',1);
insert into CUSTOMER (CUSTOMER_ID,CUSTOMER_NAME,CUSTOMER_TYPE,COMPANY_ID,COUNTRY_ID,TAX_ID,BUSINESS_NUMBER,ORGANIZATION_TYPE,TELEPHONE,FAX,AGENCY_COMMISSION_RATE,AGENCY_VOLUME_RATE,MASTER_ORGANIZATION,INVOICE_DELIVERY_PREFERENCE,LANGUAGE,ADDRESS_ID,BILLING_SCENARIO_ID,AGENCY,ACTIVE,EDI,BATCH_ID,TAX_STATUS_ID,VAT_PERCENTAGE,MODIFIED_BY,WITHHOLDING_APPLICABLE) values (2107,'Brandili Textil Ltda','ADVERTISER',1,3,'51600001276',null,'DLA Apparel, Acc. &',null,null,null,null,null,null,'EN',2534,null,null,1,0,3,null,null,'admin',1);
insert into CUSTOMER (CUSTOMER_ID,CUSTOMER_NAME,CUSTOMER_TYPE,COMPANY_ID,COUNTRY_ID,TAX_ID,BUSINESS_NUMBER,ORGANIZATION_TYPE,TELEPHONE,FAX,AGENCY_COMMISSION_RATE,AGENCY_VOLUME_RATE,MASTER_ORGANIZATION,INVOICE_DELIVERY_PREFERENCE,LANGUAGE,ADDRESS_ID,BILLING_SCENARIO_ID,AGENCY,ACTIVE,EDI,BATCH_ID,TAX_STATUS_ID,VAT_PERCENTAGE,MODIFIED_BY,WITHHOLDING_APPLICABLE) values (2108,'Volkswagen Do Brasil Ind. De Veic. Automotores Ltda.','ADVERTISER',1,3,'55000001278','59104422005704','DLA Automotive',null,null,null,null,null,null,'EN',2536,null,null,1,0,3,null,null,'admin',1);
insert into CUSTOMER (CUSTOMER_ID,CUSTOMER_NAME,CUSTOMER_TYPE,COMPANY_ID,COUNTRY_ID,TAX_ID,BUSINESS_NUMBER,ORGANIZATION_TYPE,TELEPHONE,FAX,AGENCY_COMMISSION_RATE,AGENCY_VOLUME_RATE,MASTER_ORGANIZATION,INVOICE_DELIVERY_PREFERENCE,LANGUAGE,ADDRESS_ID,BILLING_SCENARIO_ID,AGENCY,ACTIVE,EDI,BATCH_ID,TAX_STATUS_ID,VAT_PERCENTAGE,MODIFIED_BY,WITHHOLDING_APPLICABLE) values (2109,'Columbia Tristar Buena Vista Filmes Brasil','ADVERTISER',1,3,'50000001284','00979601000198','DLA Entertainment Me',null,null,null,null,null,null,'EN',2538,null,null,1,0,3,null,null,'admin',1);
insert into CUSTOMER (CUSTOMER_ID,CUSTOMER_NAME,CUSTOMER_TYPE,COMPANY_ID,COUNTRY_ID,TAX_ID,BUSINESS_NUMBER,ORGANIZATION_TYPE,TELEPHONE,FAX,AGENCY_COMMISSION_RATE,AGENCY_VOLUME_RATE,MASTER_ORGANIZATION,INVOICE_DELIVERY_PREFERENCE,LANGUAGE,ADDRESS_ID,BILLING_SCENARIO_ID,AGENCY,ACTIVE,EDI,BATCH_ID,TAX_STATUS_ID,VAT_PERCENTAGE,MODIFIED_BY,WITHHOLDING_APPLICABLE) values (2110,'Rovitex Industria E Comercio De Malhas Ltda','ADVERTISER',1,3,'51600001284','79233672000105','DLA Apparel, Acc. &',null,null,null,null,null,null,'PT',2540,null,null,1,0,3,null,null,'admin',1);
insert into CUSTOMER (CUSTOMER_ID,CUSTOMER_NAME,CUSTOMER_TYPE,COMPANY_ID,COUNTRY_ID,TAX_ID,BUSINESS_NUMBER,ORGANIZATION_TYPE,TELEPHONE,FAX,AGENCY_COMMISSION_RATE,AGENCY_VOLUME_RATE,MASTER_ORGANIZATION,INVOICE_DELIVERY_PREFERENCE,LANGUAGE,ADDRESS_ID,BILLING_SCENARIO_ID,AGENCY,ACTIVE,EDI,BATCH_ID,TAX_STATUS_ID,VAT_PERCENTAGE,MODIFIED_BY,WITHHOLDING_APPLICABLE) values (2111,'Gas Comunicacao Ltda.','AGENCY',1,3,'55000001286','63895114000167','Agency',null,null,null,null,null,null,'PT',2542,null,null,1,0,3,null,null,'admin',1);
insert into CUSTOMER (CUSTOMER_ID,CUSTOMER_NAME,CUSTOMER_TYPE,COMPANY_ID,COUNTRY_ID,TAX_ID,BUSINESS_NUMBER,ORGANIZATION_TYPE,TELEPHONE,FAX,AGENCY_COMMISSION_RATE,AGENCY_VOLUME_RATE,MASTER_ORGANIZATION,INVOICE_DELIVERY_PREFERENCE,LANGUAGE,ADDRESS_ID,BILLING_SCENARIO_ID,AGENCY,ACTIVE,EDI,BATCH_ID,TAX_STATUS_ID,VAT_PERCENTAGE,MODIFIED_BY,WITHHOLDING_APPLICABLE) values (2112,'Maccan-Erickson Publicidade (Rio)','AGENCY',1,3,'50000001292',null,'Agency',null,null,null,null,null,null,'PT',2544,null,null,1,0,3,null,null,'admin',1);
insert into CUSTOMER (CUSTOMER_ID,CUSTOMER_NAME,CUSTOMER_TYPE,COMPANY_ID,COUNTRY_ID,TAX_ID,BUSINESS_NUMBER,ORGANIZATION_TYPE,TELEPHONE,FAX,AGENCY_COMMISSION_RATE,AGENCY_VOLUME_RATE,MASTER_ORGANIZATION,INVOICE_DELIVERY_PREFERENCE,LANGUAGE,ADDRESS_ID,BILLING_SCENARIO_ID,AGENCY,ACTIVE,EDI,BATCH_ID,TAX_STATUS_ID,VAT_PERCENTAGE,MODIFIED_BY,WITHHOLDING_APPLICABLE) values (2113,'Paramount Pictures Brasil Distrib. De Filmes Ltda.','ADVERTISER',1,3,'51600001292','27654722000116','DLA Entertainment Me',null,null,null,null,null,null,'PT',2546,null,null,1,0,3,null,null,'admin',1);
insert into CUSTOMER (CUSTOMER_ID,CUSTOMER_NAME,CUSTOMER_TYPE,COMPANY_ID,COUNTRY_ID,TAX_ID,BUSINESS_NUMBER,ORGANIZATION_TYPE,TELEPHONE,FAX,AGENCY_COMMISSION_RATE,AGENCY_VOLUME_RATE,MASTER_ORGANIZATION,INVOICE_DELIVERY_PREFERENCE,LANGUAGE,ADDRESS_ID,BILLING_SCENARIO_ID,AGENCY,ACTIVE,EDI,BATCH_ID,TAX_STATUS_ID,VAT_PERCENTAGE,MODIFIED_BY,WITHHOLDING_APPLICABLE) values (2114,'Frevo Filmes S/s Ltda.','AGENCY',1,3,'55000001294',null,'Agency',null,null,null,null,null,null,'PT',2548,null,null,1,0,3,null,null,'admin',1);
insert into CUSTOMER (CUSTOMER_ID,CUSTOMER_NAME,CUSTOMER_TYPE,COMPANY_ID,COUNTRY_ID,TAX_ID,BUSINESS_NUMBER,ORGANIZATION_TYPE,TELEPHONE,FAX,AGENCY_COMMISSION_RATE,AGENCY_VOLUME_RATE,MASTER_ORGANIZATION,INVOICE_DELIVERY_PREFERENCE,LANGUAGE,ADDRESS_ID,BILLING_SCENARIO_ID,AGENCY,ACTIVE,EDI,BATCH_ID,TAX_STATUS_ID,VAT_PERCENTAGE,MODIFIED_BY,WITHHOLDING_APPLICABLE) values (2115,'McCann Erickson Brasil (Rio De Janeiro)','AGENCY',1,3,'50000001306','61416384000201','Agency',null,null,null,null,null,null,'PT',2550,null,null,1,0,3,null,null,'admin',1);
insert into CUSTOMER (CUSTOMER_ID,CUSTOMER_NAME,CUSTOMER_TYPE,COMPANY_ID,COUNTRY_ID,TAX_ID,BUSINESS_NUMBER,ORGANIZATION_TYPE,TELEPHONE,FAX,AGENCY_COMMISSION_RATE,AGENCY_VOLUME_RATE,MASTER_ORGANIZATION,INVOICE_DELIVERY_PREFERENCE,LANGUAGE,ADDRESS_ID,BILLING_SCENARIO_ID,AGENCY,ACTIVE,EDI,BATCH_ID,TAX_STATUS_ID,VAT_PERCENTAGE,MODIFIED_BY,WITHHOLDING_APPLICABLE) values (2116,'L''oreal Brasil Comercial De Cosmeticos Ltda','ADVERTISER',1,3,'51600001306','30278428000161','DLA Personal Care',null,null,null,null,null,null,'PT',2552,null,null,1,0,3,null,null,'admin',1);
insert into CUSTOMER (CUSTOMER_ID,CUSTOMER_NAME,CUSTOMER_TYPE,COMPANY_ID,COUNTRY_ID,TAX_ID,BUSINESS_NUMBER,ORGANIZATION_TYPE,TELEPHONE,FAX,AGENCY_COMMISSION_RATE,AGENCY_VOLUME_RATE,MASTER_ORGANIZATION,INVOICE_DELIVERY_PREFERENCE,LANGUAGE,ADDRESS_ID,BILLING_SCENARIO_ID,AGENCY,ACTIVE,EDI,BATCH_ID,TAX_STATUS_ID,VAT_PERCENTAGE,MODIFIED_BY,WITHHOLDING_APPLICABLE) values (2117,'Santa Rita De La Horqueta','ADVERTISER',1,1,'55000001308',null,'DLA Infant/children',null,null,null,null,null,null,'ES',2554,null,null,1,0,3,null,null,'admin',1);
insert into CUSTOMER (CUSTOMER_ID,CUSTOMER_NAME,CUSTOMER_TYPE,COMPANY_ID,COUNTRY_ID,TAX_ID,BUSINESS_NUMBER,ORGANIZATION_TYPE,TELEPHONE,FAX,AGENCY_COMMISSION_RATE,AGENCY_VOLUME_RATE,MASTER_ORGANIZATION,INVOICE_DELIVERY_PREFERENCE,LANGUAGE,ADDRESS_ID,BILLING_SCENARIO_ID,AGENCY,ACTIVE,EDI,BATCH_ID,TAX_STATUS_ID,VAT_PERCENTAGE,MODIFIED_BY,WITHHOLDING_APPLICABLE) values (2119,'Toyota Argentina S.A.','ADVERTISER',1,1,'51600001314',null,'DLA Automotive',null,null,null,null,null,null,'ES',2558,null,null,1,0,3,null,null,'admin',1);
insert into CUSTOMER (CUSTOMER_ID,CUSTOMER_NAME,CUSTOMER_TYPE,COMPANY_ID,COUNTRY_ID,TAX_ID,BUSINESS_NUMBER,ORGANIZATION_TYPE,TELEPHONE,FAX,AGENCY_COMMISSION_RATE,AGENCY_VOLUME_RATE,MASTER_ORGANIZATION,INVOICE_DELIVERY_PREFERENCE,LANGUAGE,ADDRESS_ID,BILLING_SCENARIO_ID,AGENCY,ACTIVE,EDI,BATCH_ID,TAX_STATUS_ID,VAT_PERCENTAGE,MODIFIED_BY,WITHHOLDING_APPLICABLE) values (2120,'Ford Argentina S.C.A.','ADVERTISER',1,1,'55000001316',null,'DLA Automotive',null,null,null,null,null,null,'ES',2560,null,null,1,0,3,null,null,'admin',1);
insert into CUSTOMER (CUSTOMER_ID,CUSTOMER_NAME,CUSTOMER_TYPE,COMPANY_ID,COUNTRY_ID,TAX_ID,BUSINESS_NUMBER,ORGANIZATION_TYPE,TELEPHONE,FAX,AGENCY_COMMISSION_RATE,AGENCY_VOLUME_RATE,MASTER_ORGANIZATION,INVOICE_DELIVERY_PREFERENCE,LANGUAGE,ADDRESS_ID,BILLING_SCENARIO_ID,AGENCY,ACTIVE,EDI,BATCH_ID,TAX_STATUS_ID,VAT_PERCENTAGE,MODIFIED_BY,WITHHOLDING_APPLICABLE) values (2121,'Malwee Malhas Ltda','ADVERTISER',1,3,'50000001322','84429737000114','DLA Apparel, Acc. &',null,null,null,null,null,null,'PT',2562,null,null,1,0,3,null,null,'admin',1);
insert into CUSTOMER (CUSTOMER_ID,CUSTOMER_NAME,CUSTOMER_TYPE,COMPANY_ID,COUNTRY_ID,TAX_ID,BUSINESS_NUMBER,ORGANIZATION_TYPE,TELEPHONE,FAX,AGENCY_COMMISSION_RATE,AGENCY_VOLUME_RATE,MASTER_ORGANIZATION,INVOICE_DELIVERY_PREFERENCE,LANGUAGE,ADDRESS_ID,BILLING_SCENARIO_ID,AGENCY,ACTIVE,EDI,BATCH_ID,TAX_STATUS_ID,VAT_PERCENTAGE,MODIFIED_BY,WITHHOLDING_APPLICABLE) values (2122,'Dm9','AGENCY',1,3,'51600001322','60.741.303/0006-','Agency',null,null,null,null,null,null,'PT',2564,null,null,1,0,3,null,null,'admin',1);
insert into CUSTOMER (CUSTOMER_ID,CUSTOMER_NAME,CUSTOMER_TYPE,COMPANY_ID,COUNTRY_ID,TAX_ID,BUSINESS_NUMBER,ORGANIZATION_TYPE,TELEPHONE,FAX,AGENCY_COMMISSION_RATE,AGENCY_VOLUME_RATE,MASTER_ORGANIZATION,INVOICE_DELIVERY_PREFERENCE,LANGUAGE,ADDRESS_ID,BILLING_SCENARIO_ID,AGENCY,ACTIVE,EDI,BATCH_ID,TAX_STATUS_ID,VAT_PERCENTAGE,MODIFIED_BY,WITHHOLDING_APPLICABLE) values (2123,'Uniao De Lojas Leader','ADVERTISER',1,3,'55000001324','30094114000109','DLA Infant/children',null,null,null,null,null,null,'EN',2566,null,null,1,0,3,null,null,'admin',1);
insert into CUSTOMER (CUSTOMER_ID,CUSTOMER_NAME,CUSTOMER_TYPE,COMPANY_ID,COUNTRY_ID,TAX_ID,BUSINESS_NUMBER,ORGANIZATION_TYPE,TELEPHONE,FAX,AGENCY_COMMISSION_RATE,AGENCY_VOLUME_RATE,MASTER_ORGANIZATION,INVOICE_DELIVERY_PREFERENCE,LANGUAGE,ADDRESS_ID,BILLING_SCENARIO_ID,AGENCY,ACTIVE,EDI,BATCH_ID,TAX_STATUS_ID,VAT_PERCENTAGE,MODIFIED_BY,WITHHOLDING_APPLICABLE) values (2124,'Union Comunicao E Publicidade Ltda','AGENCY',1,3,'50000001330','04056084000136','Agency',null,null,null,null,null,null,'PT',2568,null,null,1,0,3,null,null,'admin',1);
insert into CUSTOMER (CUSTOMER_ID,CUSTOMER_NAME,CUSTOMER_TYPE,COMPANY_ID,COUNTRY_ID,TAX_ID,BUSINESS_NUMBER,ORGANIZATION_TYPE,TELEPHONE,FAX,AGENCY_COMMISSION_RATE,AGENCY_VOLUME_RATE,MASTER_ORGANIZATION,INVOICE_DELIVERY_PREFERENCE,LANGUAGE,ADDRESS_ID,BILLING_SCENARIO_ID,AGENCY,ACTIVE,EDI,BATCH_ID,TAX_STATUS_ID,VAT_PERCENTAGE,MODIFIED_BY,WITHHOLDING_APPLICABLE) values (2125,'Inc S.A.','ADVERTISER',1,1,'51600001330',null,'DLA Purchases',null,null,null,null,null,null,'ES',2570,null,null,1,0,3,null,null,'admin',1);
insert into CUSTOMER (CUSTOMER_ID,CUSTOMER_NAME,CUSTOMER_TYPE,COMPANY_ID,COUNTRY_ID,TAX_ID,BUSINESS_NUMBER,ORGANIZATION_TYPE,TELEPHONE,FAX,AGENCY_COMMISSION_RATE,AGENCY_VOLUME_RATE,MASTER_ORGANIZATION,INVOICE_DELIVERY_PREFERENCE,LANGUAGE,ADDRESS_ID,BILLING_SCENARIO_ID,AGENCY,ACTIVE,EDI,BATCH_ID,TAX_STATUS_ID,VAT_PERCENTAGE,MODIFIED_BY,WITHHOLDING_APPLICABLE) values (2126,'Multisolution  Publicidade E Comunicacao','AGENCY',1,3,'55000001332','01796785000113','Agency',null,null,null,null,null,null,'PT',2572,null,null,1,0,3,null,null,'admin',1);
insert into CUSTOMER (CUSTOMER_ID,CUSTOMER_NAME,CUSTOMER_TYPE,COMPANY_ID,COUNTRY_ID,TAX_ID,BUSINESS_NUMBER,ORGANIZATION_TYPE,TELEPHONE,FAX,AGENCY_COMMISSION_RATE,AGENCY_VOLUME_RATE,MASTER_ORGANIZATION,INVOICE_DELIVERY_PREFERENCE,LANGUAGE,ADDRESS_ID,BILLING_SCENARIO_ID,AGENCY,ACTIVE,EDI,BATCH_ID,TAX_STATUS_ID,VAT_PERCENTAGE,MODIFIED_BY,WITHHOLDING_APPLICABLE) values (2127,'Brasil Telecom S/a','ADVERTISER',1,3,'50000001349','76535764000143','DLA Telecommunicatio',null,null,null,null,null,null,'EN',2574,null,null,1,0,3,null,null,'admin',1);
insert into CUSTOMER (CUSTOMER_ID,CUSTOMER_NAME,CUSTOMER_TYPE,COMPANY_ID,COUNTRY_ID,TAX_ID,BUSINESS_NUMBER,ORGANIZATION_TYPE,TELEPHONE,FAX,AGENCY_COMMISSION_RATE,AGENCY_VOLUME_RATE,MASTER_ORGANIZATION,INVOICE_DELIVERY_PREFERENCE,LANGUAGE,ADDRESS_ID,BILLING_SCENARIO_ID,AGENCY,ACTIVE,EDI,BATCH_ID,TAX_STATUS_ID,VAT_PERCENTAGE,MODIFIED_BY,WITHHOLDING_APPLICABLE) values (2128,'Bombril S/a','ADVERTISER',1,3,'51600001349','50564053000103','DLA Household Produc',null,null,null,null,null,null,'PT',2576,null,null,1,0,3,null,null,'admin',1);
insert into CUSTOMER (CUSTOMER_ID,CUSTOMER_NAME,CUSTOMER_TYPE,COMPANY_ID,COUNTRY_ID,TAX_ID,BUSINESS_NUMBER,ORGANIZATION_TYPE,TELEPHONE,FAX,AGENCY_COMMISSION_RATE,AGENCY_VOLUME_RATE,MASTER_ORGANIZATION,INVOICE_DELIVERY_PREFERENCE,LANGUAGE,ADDRESS_ID,BILLING_SCENARIO_ID,AGENCY,ACTIVE,EDI,BATCH_ID,TAX_STATUS_ID,VAT_PERCENTAGE,MODIFIED_BY,WITHHOLDING_APPLICABLE) values (2129,'Nbs','AGENCY',1,3,'55000001340','05411322000228','Agency',null,null,null,null,null,null,'PT',2578,null,null,1,0,3,null,null,'admin',1);
insert into CUSTOMER (CUSTOMER_ID,CUSTOMER_NAME,CUSTOMER_TYPE,COMPANY_ID,COUNTRY_ID,TAX_ID,BUSINESS_NUMBER,ORGANIZATION_TYPE,TELEPHONE,FAX,AGENCY_COMMISSION_RATE,AGENCY_VOLUME_RATE,MASTER_ORGANIZATION,INVOICE_DELIVERY_PREFERENCE,LANGUAGE,ADDRESS_ID,BILLING_SCENARIO_ID,AGENCY,ACTIVE,EDI,BATCH_ID,TAX_STATUS_ID,VAT_PERCENTAGE,MODIFIED_BY,WITHHOLDING_APPLICABLE) values (2130,'J. Walter Thompson Publicidade Ltda.','AGENCY',1,3,'50000001357',null,'Agency','56927221/000164',null,null,null,null,null,'PT',2580,null,null,1,0,3,null,null,'admin',1);
insert into CUSTOMER (CUSTOMER_ID,CUSTOMER_NAME,CUSTOMER_TYPE,COMPANY_ID,COUNTRY_ID,TAX_ID,BUSINESS_NUMBER,ORGANIZATION_TYPE,TELEPHONE,FAX,AGENCY_COMMISSION_RATE,AGENCY_VOLUME_RATE,MASTER_ORGANIZATION,INVOICE_DELIVERY_PREFERENCE,LANGUAGE,ADDRESS_ID,BILLING_SCENARIO_ID,AGENCY,ACTIVE,EDI,BATCH_ID,TAX_STATUS_ID,VAT_PERCENTAGE,MODIFIED_BY,WITHHOLDING_APPLICABLE) values (2131,'Coca Cola (Recofarma Industria Do Amazonas Ltda)','ADVERTISER',1,3,'51600001357','61454393000602','DLA Beverages','61454393/0006-02',null,null,null,null,null,'PT',2582,null,null,1,0,3,null,null,'admin',1);
insert into CUSTOMER (CUSTOMER_ID,CUSTOMER_NAME,CUSTOMER_TYPE,COMPANY_ID,COUNTRY_ID,TAX_ID,BUSINESS_NUMBER,ORGANIZATION_TYPE,TELEPHONE,FAX,AGENCY_COMMISSION_RATE,AGENCY_VOLUME_RATE,MASTER_ORGANIZATION,INVOICE_DELIVERY_PREFERENCE,LANGUAGE,ADDRESS_ID,BILLING_SCENARIO_ID,AGENCY,ACTIVE,EDI,BATCH_ID,TAX_STATUS_ID,VAT_PERCENTAGE,MODIFIED_BY,WITHHOLDING_APPLICABLE) values (2133,'Hermida Y Asociados Publicidad Sa','AGENCY',1,1,'50000001365',null,'Agency',null,null,null,null,null,null,'ES',2586,null,null,1,0,3,null,null,'admin',1);
insert into CUSTOMER (CUSTOMER_ID,CUSTOMER_NAME,CUSTOMER_TYPE,COMPANY_ID,COUNTRY_ID,TAX_ID,BUSINESS_NUMBER,ORGANIZATION_TYPE,TELEPHONE,FAX,AGENCY_COMMISSION_RATE,AGENCY_VOLUME_RATE,MASTER_ORGANIZATION,INVOICE_DELIVERY_PREFERENCE,LANGUAGE,ADDRESS_ID,BILLING_SCENARIO_ID,AGENCY,ACTIVE,EDI,BATCH_ID,TAX_STATUS_ID,VAT_PERCENTAGE,MODIFIED_BY,WITHHOLDING_APPLICABLE) values (2134,'Georgalos Hnos. Saica','ADVERTISER',1,1,'51600001365',null,'DLA Food',null,null,null,null,null,null,'ES',2588,null,null,1,0,3,null,null,'admin',1);
insert into CUSTOMER (CUSTOMER_ID,CUSTOMER_NAME,CUSTOMER_TYPE,COMPANY_ID,COUNTRY_ID,TAX_ID,BUSINESS_NUMBER,ORGANIZATION_TYPE,TELEPHONE,FAX,AGENCY_COMMISSION_RATE,AGENCY_VOLUME_RATE,MASTER_ORGANIZATION,INVOICE_DELIVERY_PREFERENCE,LANGUAGE,ADDRESS_ID,BILLING_SCENARIO_ID,AGENCY,ACTIVE,EDI,BATCH_ID,TAX_STATUS_ID,VAT_PERCENTAGE,MODIFIED_BY,WITHHOLDING_APPLICABLE) values (2135,'Candide Industria E Comercio Ltda.','ADVERTISER',1,3,'55000001367','62434436000146','DLA Infant/children','62434436/000146',null,null,null,null,null,'PT',2590,null,null,1,0,3,null,null,'admin',1);
insert into CUSTOMER (CUSTOMER_ID,CUSTOMER_NAME,CUSTOMER_TYPE,COMPANY_ID,COUNTRY_ID,TAX_ID,BUSINESS_NUMBER,ORGANIZATION_TYPE,TELEPHONE,FAX,AGENCY_COMMISSION_RATE,AGENCY_VOLUME_RATE,MASTER_ORGANIZATION,INVOICE_DELIVERY_PREFERENCE,LANGUAGE,ADDRESS_ID,BILLING_SCENARIO_ID,AGENCY,ACTIVE,EDI,BATCH_ID,TAX_STATUS_ID,VAT_PERCENTAGE,MODIFIED_BY,WITHHOLDING_APPLICABLE) values (2136,'Msc Cruzeiros Do Brasil Ltda.','ADVERTISER',1,3,'50000001373','05102954000129','DLA Travel',null,null,null,null,null,null,'PT',2592,null,null,1,0,3,null,null,'admin',1);
insert into CUSTOMER (CUSTOMER_ID,CUSTOMER_NAME,CUSTOMER_TYPE,COMPANY_ID,COUNTRY_ID,TAX_ID,BUSINESS_NUMBER,ORGANIZATION_TYPE,TELEPHONE,FAX,AGENCY_COMMISSION_RATE,AGENCY_VOLUME_RATE,MASTER_ORGANIZATION,INVOICE_DELIVERY_PREFERENCE,LANGUAGE,ADDRESS_ID,BILLING_SCENARIO_ID,AGENCY,ACTIVE,EDI,BATCH_ID,TAX_STATUS_ID,VAT_PERCENTAGE,MODIFIED_BY,WITHHOLDING_APPLICABLE) values (2137,'Sunny Brinquedos Importacao E Exportacao Ltda','ADVERTISER',1,3,'51600001373',null,'DLA Infant/children','61727285/000151',null,null,null,null,null,'PT',2594,null,null,1,0,3,null,null,'admin',1);
insert into CUSTOMER (CUSTOMER_ID,CUSTOMER_NAME,CUSTOMER_TYPE,COMPANY_ID,COUNTRY_ID,TAX_ID,BUSINESS_NUMBER,ORGANIZATION_TYPE,TELEPHONE,FAX,AGENCY_COMMISSION_RATE,AGENCY_VOLUME_RATE,MASTER_ORGANIZATION,INVOICE_DELIVERY_PREFERENCE,LANGUAGE,ADDRESS_ID,BILLING_SCENARIO_ID,AGENCY,ACTIVE,EDI,BATCH_ID,TAX_STATUS_ID,VAT_PERCENTAGE,MODIFIED_BY,WITHHOLDING_APPLICABLE) values (2138,'Diageo Brasil Ltda','ADVERTISER',1,3,'55000001375','62166848000142','DLA Beverages',null,null,null,null,null,null,'PT',2596,null,null,1,0,3,null,null,'admin',1);
insert into CUSTOMER (CUSTOMER_ID,CUSTOMER_NAME,CUSTOMER_TYPE,COMPANY_ID,COUNTRY_ID,TAX_ID,BUSINESS_NUMBER,ORGANIZATION_TYPE,TELEPHONE,FAX,AGENCY_COMMISSION_RATE,AGENCY_VOLUME_RATE,MASTER_ORGANIZATION,INVOICE_DELIVERY_PREFERENCE,LANGUAGE,ADDRESS_ID,BILLING_SCENARIO_ID,AGENCY,ACTIVE,EDI,BATCH_ID,TAX_STATUS_ID,VAT_PERCENTAGE,MODIFIED_BY,WITHHOLDING_APPLICABLE) values (2139,'Fc Medios','AGENCY',1,1,'30709927309',null,'Agency',null,null,0.11,0.55,null,'EMAIL','ES',2598,2,null,1,0,3,11,null,'admin',1);
insert into CUSTOMER (CUSTOMER_ID,CUSTOMER_NAME,CUSTOMER_TYPE,COMPANY_ID,COUNTRY_ID,TAX_ID,BUSINESS_NUMBER,ORGANIZATION_TYPE,TELEPHONE,FAX,AGENCY_COMMISSION_RATE,AGENCY_VOLUME_RATE,MASTER_ORGANIZATION,INVOICE_DELIVERY_PREFERENCE,LANGUAGE,ADDRESS_ID,BILLING_SCENARIO_ID,AGENCY,ACTIVE,EDI,BATCH_ID,TAX_STATUS_ID,VAT_PERCENTAGE,MODIFIED_BY,WITHHOLDING_APPLICABLE) values (2140,'White Propaganda (Brazil)','AGENCY',1,3,'51600001381',null,'Agency',null,null,null,null,null,null,'PT',2600,null,null,1,0,3,null,null,'admin',1);
insert into CUSTOMER (CUSTOMER_ID,CUSTOMER_NAME,CUSTOMER_TYPE,COMPANY_ID,COUNTRY_ID,TAX_ID,BUSINESS_NUMBER,ORGANIZATION_TYPE,TELEPHONE,FAX,AGENCY_COMMISSION_RATE,AGENCY_VOLUME_RATE,MASTER_ORGANIZATION,INVOICE_DELIVERY_PREFERENCE,LANGUAGE,ADDRESS_ID,BILLING_SCENARIO_ID,AGENCY,ACTIVE,EDI,BATCH_ID,TAX_STATUS_ID,VAT_PERCENTAGE,MODIFIED_BY,WITHHOLDING_APPLICABLE) values (2141,'Rino Publicidade Ltda','AGENCY',1,3,'55000001383','60883261000129','Agency',null,null,null,null,null,null,'PT',2602,null,null,1,0,3,null,null,'admin',1);
insert into CUSTOMER (CUSTOMER_ID,CUSTOMER_NAME,CUSTOMER_TYPE,COMPANY_ID,COUNTRY_ID,TAX_ID,BUSINESS_NUMBER,ORGANIZATION_TYPE,TELEPHONE,FAX,AGENCY_COMMISSION_RATE,AGENCY_VOLUME_RATE,MASTER_ORGANIZATION,INVOICE_DELIVERY_PREFERENCE,LANGUAGE,ADDRESS_ID,BILLING_SCENARIO_ID,AGENCY,ACTIVE,EDI,BATCH_ID,TAX_STATUS_ID,VAT_PERCENTAGE,MODIFIED_BY,WITHHOLDING_APPLICABLE) values (2144,'Repense Comunicacao','AGENCY',1,3,'55000001405','08549609000126','Agency',null,null,null,null,null,null,'PT',2608,null,null,1,0,3,null,null,'admin',1);
insert into CUSTOMER (CUSTOMER_ID,CUSTOMER_NAME,CUSTOMER_TYPE,COMPANY_ID,COUNTRY_ID,TAX_ID,BUSINESS_NUMBER,ORGANIZATION_TYPE,TELEPHONE,FAX,AGENCY_COMMISSION_RATE,AGENCY_VOLUME_RATE,MASTER_ORGANIZATION,INVOICE_DELIVERY_PREFERENCE,LANGUAGE,ADDRESS_ID,BILLING_SCENARIO_ID,AGENCY,ACTIVE,EDI,BATCH_ID,TAX_STATUS_ID,VAT_PERCENTAGE,MODIFIED_BY,WITHHOLDING_APPLICABLE) values (2145,'Taterka Comunicacão Sa,','AGENCY',1,3,'50000001411','24949232000159','Agency','00716832/0001-09','00716832/0001-09',null,null,null,null,'PT',2612,null,null,1,0,3,null,null,'admin',1);
insert into CUSTOMER (CUSTOMER_ID,CUSTOMER_NAME,CUSTOMER_TYPE,COMPANY_ID,COUNTRY_ID,TAX_ID,BUSINESS_NUMBER,ORGANIZATION_TYPE,TELEPHONE,FAX,AGENCY_COMMISSION_RATE,AGENCY_VOLUME_RATE,MASTER_ORGANIZATION,INVOICE_DELIVERY_PREFERENCE,LANGUAGE,ADDRESS_ID,BILLING_SCENARIO_ID,AGENCY,ACTIVE,EDI,BATCH_ID,TAX_STATUS_ID,VAT_PERCENTAGE,MODIFIED_BY,WITHHOLDING_APPLICABLE) values (2146,'Fullpack Comunicacao Ltda','AGENCY',1,3,'51600001411','86995552000100','Agency',null,null,null,null,null,null,'PT',2613,null,null,1,0,3,null,null,'admin',1);
insert into CUSTOMER (CUSTOMER_ID,CUSTOMER_NAME,CUSTOMER_TYPE,COMPANY_ID,COUNTRY_ID,TAX_ID,BUSINESS_NUMBER,ORGANIZATION_TYPE,TELEPHONE,FAX,AGENCY_COMMISSION_RATE,AGENCY_VOLUME_RATE,MASTER_ORGANIZATION,INVOICE_DELIVERY_PREFERENCE,LANGUAGE,ADDRESS_ID,BILLING_SCENARIO_ID,AGENCY,ACTIVE,EDI,BATCH_ID,TAX_STATUS_ID,VAT_PERCENTAGE,MODIFIED_BY,WITHHOLDING_APPLICABLE) values (2147,'Doarbelleza Produtos De Beleza Ltda','ADVERTISER',1,3,'55000001413','04850445000200','Cosmetic/Personal Ca',null,null,null,null,null,null,'PT',2615,null,null,1,0,3,null,null,'admin',1);
insert into CUSTOMER (CUSTOMER_ID,CUSTOMER_NAME,CUSTOMER_TYPE,COMPANY_ID,COUNTRY_ID,TAX_ID,BUSINESS_NUMBER,ORGANIZATION_TYPE,TELEPHONE,FAX,AGENCY_COMMISSION_RATE,AGENCY_VOLUME_RATE,MASTER_ORGANIZATION,INVOICE_DELIVERY_PREFERENCE,LANGUAGE,ADDRESS_ID,BILLING_SCENARIO_ID,AGENCY,ACTIVE,EDI,BATCH_ID,TAX_STATUS_ID,VAT_PERCENTAGE,MODIFIED_BY,WITHHOLDING_APPLICABLE) values (2148,'Compa????a De Alimentos Fargo S.A.','ADVERTISER',1,1,'50000001446',null,'DLA Food',null,null,null,null,null,null,'ES',2617,null,null,1,0,3,null,null,'admin',1);
insert into CUSTOMER (CUSTOMER_ID,CUSTOMER_NAME,CUSTOMER_TYPE,COMPANY_ID,COUNTRY_ID,TAX_ID,BUSINESS_NUMBER,ORGANIZATION_TYPE,TELEPHONE,FAX,AGENCY_COMMISSION_RATE,AGENCY_VOLUME_RATE,MASTER_ORGANIZATION,INVOICE_DELIVERY_PREFERENCE,LANGUAGE,ADDRESS_ID,BILLING_SCENARIO_ID,AGENCY,ACTIVE,EDI,BATCH_ID,TAX_STATUS_ID,VAT_PERCENTAGE,MODIFIED_BY,WITHHOLDING_APPLICABLE) values (2149,'Un Techo Para Mi Pais','ADVERTISER',1,1,'51600001446',null,'DLA Other Services',null,null,null,null,null,null,'ES',2619,null,null,1,0,3,null,null,'admin',1);
insert into CUSTOMER (CUSTOMER_ID,CUSTOMER_NAME,CUSTOMER_TYPE,COMPANY_ID,COUNTRY_ID,TAX_ID,BUSINESS_NUMBER,ORGANIZATION_TYPE,TELEPHONE,FAX,AGENCY_COMMISSION_RATE,AGENCY_VOLUME_RATE,MASTER_ORGANIZATION,INVOICE_DELIVERY_PREFERENCE,LANGUAGE,ADDRESS_ID,BILLING_SCENARIO_ID,AGENCY,ACTIVE,EDI,BATCH_ID,TAX_STATUS_ID,VAT_PERCENTAGE,MODIFIED_BY,WITHHOLDING_APPLICABLE) values (2150,'La Vita Pablo Exequiel (Burbujitas Baby)','ADVERTISER',1,1,'55000001448',null,'DLA Other Services',null,null,null,null,null,null,'ES',2621,null,null,1,0,3,null,null,'admin',1);
insert into CUSTOMER (CUSTOMER_ID,CUSTOMER_NAME,CUSTOMER_TYPE,COMPANY_ID,COUNTRY_ID,TAX_ID,BUSINESS_NUMBER,ORGANIZATION_TYPE,TELEPHONE,FAX,AGENCY_COMMISSION_RATE,AGENCY_VOLUME_RATE,MASTER_ORGANIZATION,INVOICE_DELIVERY_PREFERENCE,LANGUAGE,ADDRESS_ID,BILLING_SCENARIO_ID,AGENCY,ACTIVE,EDI,BATCH_ID,TAX_STATUS_ID,VAT_PERCENTAGE,MODIFIED_BY,WITHHOLDING_APPLICABLE) values (2151,'Nova Argentina S.A.','ADVERTISER',1,1,'50000001454',null,'DLA Health',null,null,null,null,null,null,'ES',2623,null,null,1,0,3,null,null,'admin',1);
insert into CUSTOMER (CUSTOMER_ID,CUSTOMER_NAME,CUSTOMER_TYPE,COMPANY_ID,COUNTRY_ID,TAX_ID,BUSINESS_NUMBER,ORGANIZATION_TYPE,TELEPHONE,FAX,AGENCY_COMMISSION_RATE,AGENCY_VOLUME_RATE,MASTER_ORGANIZATION,INVOICE_DELIVERY_PREFERENCE,LANGUAGE,ADDRESS_ID,BILLING_SCENARIO_ID,AGENCY,ACTIVE,EDI,BATCH_ID,TAX_STATUS_ID,VAT_PERCENTAGE,MODIFIED_BY,WITHHOLDING_APPLICABLE) values (2152,'La Dolce S.R.L.','ADVERTISER',1,1,'51600001454',null,'DLA Food',null,null,null,null,null,null,'EN',2625,null,null,1,0,3,null,null,'admin',1);
insert into CUSTOMER (CUSTOMER_ID,CUSTOMER_NAME,CUSTOMER_TYPE,COMPANY_ID,COUNTRY_ID,TAX_ID,BUSINESS_NUMBER,ORGANIZATION_TYPE,TELEPHONE,FAX,AGENCY_COMMISSION_RATE,AGENCY_VOLUME_RATE,MASTER_ORGANIZATION,INVOICE_DELIVERY_PREFERENCE,LANGUAGE,ADDRESS_ID,BILLING_SCENARIO_ID,AGENCY,ACTIVE,EDI,BATCH_ID,TAX_STATUS_ID,VAT_PERCENTAGE,MODIFIED_BY,WITHHOLDING_APPLICABLE) values (2153,'Groupm Argentina Trading S.A.','AGENCY',1,1,'55000001456',null,'DLA Other Services',null,null,null,null,null,null,'ES',2627,null,null,1,0,3,null,null,'admin',1);
insert into CUSTOMER (CUSTOMER_ID,CUSTOMER_NAME,CUSTOMER_TYPE,COMPANY_ID,COUNTRY_ID,TAX_ID,BUSINESS_NUMBER,ORGANIZATION_TYPE,TELEPHONE,FAX,AGENCY_COMMISSION_RATE,AGENCY_VOLUME_RATE,MASTER_ORGANIZATION,INVOICE_DELIVERY_PREFERENCE,LANGUAGE,ADDRESS_ID,BILLING_SCENARIO_ID,AGENCY,ACTIVE,EDI,BATCH_ID,TAX_STATUS_ID,VAT_PERCENTAGE,MODIFIED_BY,WITHHOLDING_APPLICABLE) values (2154,'Cafes La Virginia (Inv)','ADVERTISER',1,1,'50000001462',null,'DLA Other Services',null,null,null,null,null,null,'EN',2629,null,null,1,0,3,null,null,'admin',1);
insert into CUSTOMER (CUSTOMER_ID,CUSTOMER_NAME,CUSTOMER_TYPE,COMPANY_ID,COUNTRY_ID,TAX_ID,BUSINESS_NUMBER,ORGANIZATION_TYPE,TELEPHONE,FAX,AGENCY_COMMISSION_RATE,AGENCY_VOLUME_RATE,MASTER_ORGANIZATION,INVOICE_DELIVERY_PREFERENCE,LANGUAGE,ADDRESS_ID,BILLING_SCENARIO_ID,AGENCY,ACTIVE,EDI,BATCH_ID,TAX_STATUS_ID,VAT_PERCENTAGE,MODIFIED_BY,WITHHOLDING_APPLICABLE) values (2094,'Babel Publicidade Ltda','AGENCY',1,3,'51600001462','09.144180000150','Agency',null,null,null,null,null,null,'PT',2508,null,null,1,0,3,null,null,'admin',1);
insert into CUSTOMER (CUSTOMER_ID,CUSTOMER_NAME,CUSTOMER_TYPE,COMPANY_ID,COUNTRY_ID,TAX_ID,BUSINESS_NUMBER,ORGANIZATION_TYPE,TELEPHONE,FAX,AGENCY_COMMISSION_RATE,AGENCY_VOLUME_RATE,MASTER_ORGANIZATION,INVOICE_DELIVERY_PREFERENCE,LANGUAGE,ADDRESS_ID,BILLING_SCENARIO_ID,AGENCY,ACTIVE,EDI,BATCH_ID,TAX_STATUS_ID,VAT_PERCENTAGE,MODIFIED_BY,WITHHOLDING_APPLICABLE) values (2095,'Carrefour Comercio E Industria Ltda','ADVERTISER',1,3,'55000001464','45543915000181','DLA Purchases',null,null,null,null,null,null,'EN',2510,null,null,1,0,3,null,null,'admin',1);
insert into CUSTOMER (CUSTOMER_ID,CUSTOMER_NAME,CUSTOMER_TYPE,COMPANY_ID,COUNTRY_ID,TAX_ID,BUSINESS_NUMBER,ORGANIZATION_TYPE,TELEPHONE,FAX,AGENCY_COMMISSION_RATE,AGENCY_VOLUME_RATE,MASTER_ORGANIZATION,INVOICE_DELIVERY_PREFERENCE,LANGUAGE,ADDRESS_ID,BILLING_SCENARIO_ID,AGENCY,ACTIVE,EDI,BATCH_ID,TAX_STATUS_ID,VAT_PERCENTAGE,MODIFIED_BY,WITHHOLDING_APPLICABLE) values (2157,'Atrapalo.Com.Ar','ADVERTISER',1,1,'50000001470',null,'DLA Travel',null,null,null,null,null,null,'EN',2635,null,null,1,0,3,null,null,'admin',1);
insert into CUSTOMER (CUSTOMER_ID,CUSTOMER_NAME,CUSTOMER_TYPE,COMPANY_ID,COUNTRY_ID,TAX_ID,BUSINESS_NUMBER,ORGANIZATION_TYPE,TELEPHONE,FAX,AGENCY_COMMISSION_RATE,AGENCY_VOLUME_RATE,MASTER_ORGANIZATION,INVOICE_DELIVERY_PREFERENCE,LANGUAGE,ADDRESS_ID,BILLING_SCENARIO_ID,AGENCY,ACTIVE,EDI,BATCH_ID,TAX_STATUS_ID,VAT_PERCENTAGE,MODIFIED_BY,WITHHOLDING_APPLICABLE) values (2158,'Taterka Comunicac?o Sa,','AGENCY',1,3,'51600001470','24949232000159','Agency',null,null,null,null,null,null,'PT',2637,null,null,1,0,3,null,null,'admin',1);
insert into CUSTOMER (CUSTOMER_ID,CUSTOMER_NAME,CUSTOMER_TYPE,COMPANY_ID,COUNTRY_ID,TAX_ID,BUSINESS_NUMBER,ORGANIZATION_TYPE,TELEPHONE,FAX,AGENCY_COMMISSION_RATE,AGENCY_VOLUME_RATE,MASTER_ORGANIZATION,INVOICE_DELIVERY_PREFERENCE,LANGUAGE,ADDRESS_ID,BILLING_SCENARIO_ID,AGENCY,ACTIVE,EDI,BATCH_ID,TAX_STATUS_ID,VAT_PERCENTAGE,MODIFIED_BY,WITHHOLDING_APPLICABLE) values (2159,'Dm9ddb Publicidade Ltda','AGENCY',1,3,'55000001472','60741303000197','Agency',null,null,null,null,null,null,'PT',2639,null,null,1,0,3,null,null,'admin',1);
insert into CUSTOMER (CUSTOMER_ID,CUSTOMER_NAME,CUSTOMER_TYPE,COMPANY_ID,COUNTRY_ID,TAX_ID,BUSINESS_NUMBER,ORGANIZATION_TYPE,TELEPHONE,FAX,AGENCY_COMMISSION_RATE,AGENCY_VOLUME_RATE,MASTER_ORGANIZATION,INVOICE_DELIVERY_PREFERENCE,LANGUAGE,ADDRESS_ID,BILLING_SCENARIO_ID,AGENCY,ACTIVE,EDI,BATCH_ID,TAX_STATUS_ID,VAT_PERCENTAGE,MODIFIED_BY,WITHHOLDING_APPLICABLE) values (2160,'Cotiplas Ind. E. Com. De Artefatos','ADVERTISER',1,3,'50000001489',null,'DLA Infant/children',null,null,null,null,null,null,'EN',2641,null,null,1,0,3,null,null,'admin',1);
insert into CUSTOMER (CUSTOMER_ID,CUSTOMER_NAME,CUSTOMER_TYPE,COMPANY_ID,COUNTRY_ID,TAX_ID,BUSINESS_NUMBER,ORGANIZATION_TYPE,TELEPHONE,FAX,AGENCY_COMMISSION_RATE,AGENCY_VOLUME_RATE,MASTER_ORGANIZATION,INVOICE_DELIVERY_PREFERENCE,LANGUAGE,ADDRESS_ID,BILLING_SCENARIO_ID,AGENCY,ACTIVE,EDI,BATCH_ID,TAX_STATUS_ID,VAT_PERCENTAGE,MODIFIED_BY,WITHHOLDING_APPLICABLE) values (2161,'Fourplan','AGENCY',1,3,'51600001489',null,'Agency',null,null,null,null,null,null,'PT',2643,null,null,1,0,3,null,null,'admin',1);
insert into CUSTOMER (CUSTOMER_ID,CUSTOMER_NAME,CUSTOMER_TYPE,COMPANY_ID,COUNTRY_ID,TAX_ID,BUSINESS_NUMBER,ORGANIZATION_TYPE,TELEPHONE,FAX,AGENCY_COMMISSION_RATE,AGENCY_VOLUME_RATE,MASTER_ORGANIZATION,INVOICE_DELIVERY_PREFERENCE,LANGUAGE,ADDRESS_ID,BILLING_SCENARIO_ID,AGENCY,ACTIVE,EDI,BATCH_ID,TAX_STATUS_ID,VAT_PERCENTAGE,MODIFIED_BY,WITHHOLDING_APPLICABLE) values (2162,'Neogama S/ A','AGENCY',1,3,'55000001480',null,'Agency',null,null,null,null,null,null,'PT',2645,null,null,1,0,3,null,null,'admin',1);
insert into CUSTOMER (CUSTOMER_ID,CUSTOMER_NAME,CUSTOMER_TYPE,COMPANY_ID,COUNTRY_ID,TAX_ID,BUSINESS_NUMBER,ORGANIZATION_TYPE,TELEPHONE,FAX,AGENCY_COMMISSION_RATE,AGENCY_VOLUME_RATE,MASTER_ORGANIZATION,INVOICE_DELIVERY_PREFERENCE,LANGUAGE,ADDRESS_ID,BILLING_SCENARIO_ID,AGENCY,ACTIVE,EDI,BATCH_ID,TAX_STATUS_ID,VAT_PERCENTAGE,MODIFIED_BY,WITHHOLDING_APPLICABLE) values (2163,'Almap Bbdo Comunicac?es Ltda.','AGENCY',1,3,'50000001497',null,'Agency',null,null,null,null,null,null,'PT',2647,null,null,1,0,3,null,null,'admin',1);
insert into CUSTOMER (CUSTOMER_ID,CUSTOMER_NAME,CUSTOMER_TYPE,COMPANY_ID,COUNTRY_ID,TAX_ID,BUSINESS_NUMBER,ORGANIZATION_TYPE,TELEPHONE,FAX,AGENCY_COMMISSION_RATE,AGENCY_VOLUME_RATE,MASTER_ORGANIZATION,INVOICE_DELIVERY_PREFERENCE,LANGUAGE,ADDRESS_ID,BILLING_SCENARIO_ID,AGENCY,ACTIVE,EDI,BATCH_ID,TAX_STATUS_ID,VAT_PERCENTAGE,MODIFIED_BY,WITHHOLDING_APPLICABLE) values (2164,'Talent','AGENCY',1,3,'51600001497','45068061000129','Agency',null,null,null,null,null,null,'PT',2649,null,null,1,0,3,null,null,'admin',1);
insert into CUSTOMER (CUSTOMER_ID,CUSTOMER_NAME,CUSTOMER_TYPE,COMPANY_ID,COUNTRY_ID,TAX_ID,BUSINESS_NUMBER,ORGANIZATION_TYPE,TELEPHONE,FAX,AGENCY_COMMISSION_RATE,AGENCY_VOLUME_RATE,MASTER_ORGANIZATION,INVOICE_DELIVERY_PREFERENCE,LANGUAGE,ADDRESS_ID,BILLING_SCENARIO_ID,AGENCY,ACTIVE,EDI,BATCH_ID,TAX_STATUS_ID,VAT_PERCENTAGE,MODIFIED_BY,WITHHOLDING_APPLICABLE) values (2165,'Young & Rubicam Brazil','AGENCY',1,3,'55000001499','58456336000143','Food, Beverage, Conf',null,null,null,null,null,null,'PT',2651,null,null,1,0,3,null,null,'admin',1);
insert into CUSTOMER (CUSTOMER_ID,CUSTOMER_NAME,CUSTOMER_TYPE,COMPANY_ID,COUNTRY_ID,TAX_ID,BUSINESS_NUMBER,ORGANIZATION_TYPE,TELEPHONE,FAX,AGENCY_COMMISSION_RATE,AGENCY_VOLUME_RATE,MASTER_ORGANIZATION,INVOICE_DELIVERY_PREFERENCE,LANGUAGE,ADDRESS_ID,BILLING_SCENARIO_ID,AGENCY,ACTIVE,EDI,BATCH_ID,TAX_STATUS_ID,VAT_PERCENTAGE,MODIFIED_BY,WITHHOLDING_APPLICABLE) values (2166,'Danone Ltda Brasil','ADVERTISER',1,3,'50000001500','23643315000152','DLA Food',null,null,null,null,null,null,'EN',2653,null,null,1,0,3,null,null,'admin',1);
--insert into CUSTOMER (CUSTOMER_ID,CUSTOMER_NAME,CUSTOMER_TYPE,COMPANY_ID,COUNTRY_ID,TAX_ID,BUSINESS_NUMBER,ORGANIZATION_TYPE,TELEPHONE,FAX,AGENCY_COMMISSION_RATE,AGENCY_VOLUME_RATE,MASTER_ORGANIZATION,INVOICE_DELIVERY_PREFERENCE,LANGUAGE,ADDRESS_ID,BILLING_SCENARIO_ID,AGENCY,ACTIVE,EDI,BATCH_ID,TAX_STATUS_ID,VAT_PERCENTAGE,MODIFIED_BY,CREDIT_NOTE_LINE_DESCRIPTION) values (2168,'Ddb Argentina','AGENCY',1,1,'30691546833',null,'Agency',null,null,0.1,0,null,'EMAIL','ES',2657,1,null,1,0,3,11,null,'admin',null);
--insert into CUSTOMER (CUSTOMER_ID,CUSTOMER_NAME,CUSTOMER_TYPE,COMPANY_ID,COUNTRY_ID,TAX_ID,BUSINESS_NUMBER,ORGANIZATION_TYPE,TELEPHONE,FAX,AGENCY_COMMISSION_RATE,AGENCY_VOLUME_RATE,MASTER_ORGANIZATION,INVOICE_DELIVERY_PREFERENCE,LANGUAGE,ADDRESS_ID,BILLING_SCENARIO_ID,AGENCY,ACTIVE,EDI,BATCH_ID,TAX_STATUS_ID,VAT_PERCENTAGE,MODIFIED_BY,CREDIT_NOTE_LINE_DESCRIPTION) values (2168,'Ddb Argentina','AGENCY',1,1,'30691546833',null,'Agency',null,null,0.1,0,null,'EMAIL','ES',2657,1,null,1,0,3,14,null,'admin','Bonificación por Volumen de Agencia');
insert into CUSTOMER (CUSTOMER_ID,CUSTOMER_NAME,CUSTOMER_TYPE,COMPANY_ID,COUNTRY_ID,TAX_ID,BUSINESS_NUMBER,ORGANIZATION_TYPE,TELEPHONE,FAX,AGENCY_COMMISSION_RATE,AGENCY_VOLUME_RATE,MASTER_ORGANIZATION,INVOICE_DELIVERY_PREFERENCE,LANGUAGE,ADDRESS_ID,BILLING_SCENARIO_ID,AGENCY,ACTIVE,EDI,BATCH_ID,TAX_STATUS_ID,VAT_PERCENTAGE,MODIFIED_BY,CREDIT_NOTE_LINE_DESCRIPTION) values (2168,'Ddb Argentina','AGENCY',1,1,'30691546833',null,'Agency',null,null,0.1,0,null,'EMAIL','ES',2657,1,null,1,0,3,11,null,'admin',null);
insert into CUSTOMER (CUSTOMER_ID,CUSTOMER_NAME,CUSTOMER_TYPE,COMPANY_ID,COUNTRY_ID,TAX_ID,BUSINESS_NUMBER,ORGANIZATION_TYPE,TELEPHONE,FAX,AGENCY_COMMISSION_RATE,AGENCY_VOLUME_RATE,MASTER_ORGANIZATION,INVOICE_DELIVERY_PREFERENCE,LANGUAGE,ADDRESS_ID,BILLING_SCENARIO_ID,AGENCY,ACTIVE,EDI,BATCH_ID,TAX_STATUS_ID,VAT_PERCENTAGE,MODIFIED_BY,WITHHOLDING_APPLICABLE) values (2169,'Clorox Argentina S.A.','ADVERTISER',1,1,'50000001519',null,'DLA Household Produc',null,null,10,null,null,null,'EN',2659,null,2168,1,0,3,11,null,'admin',1);
insert into CUSTOMER (CUSTOMER_ID,CUSTOMER_NAME,CUSTOMER_TYPE,COMPANY_ID,COUNTRY_ID,TAX_ID,BUSINESS_NUMBER,ORGANIZATION_TYPE,TELEPHONE,FAX,AGENCY_COMMISSION_RATE,AGENCY_VOLUME_RATE,MASTER_ORGANIZATION,INVOICE_DELIVERY_PREFERENCE,LANGUAGE,ADDRESS_ID,BILLING_SCENARIO_ID,AGENCY,ACTIVE,EDI,BATCH_ID,TAX_STATUS_ID,VAT_PERCENTAGE,MODIFIED_BY,WITHHOLDING_APPLICABLE) values (2170,'Dy Toys','ADVERTISER',1,1,'51600001519',null,'DLA Infant/children',null,null,null,null,null,null,'ES',2661,null,null,1,0,3,null,null,'admin',1);
insert into CUSTOMER (CUSTOMER_ID,CUSTOMER_NAME,CUSTOMER_TYPE,COMPANY_ID,COUNTRY_ID,TAX_ID,BUSINESS_NUMBER,ORGANIZATION_TYPE,TELEPHONE,FAX,AGENCY_COMMISSION_RATE,AGENCY_VOLUME_RATE,MASTER_ORGANIZATION,INVOICE_DELIVERY_PREFERENCE,LANGUAGE,ADDRESS_ID,BILLING_SCENARIO_ID,AGENCY,ACTIVE,EDI,BATCH_ID,TAX_STATUS_ID,VAT_PERCENTAGE,MODIFIED_BY,WITHHOLDING_APPLICABLE) values (2171,'Grupo Danone','ADVERTISER',1,1,'55000001510',null,'DLA Food','4341-4000',null,null,null,null,null,'EN',2663,null,null,1,0,3,null,null,'admin',1);
insert into CUSTOMER (CUSTOMER_ID,CUSTOMER_NAME,CUSTOMER_TYPE,COMPANY_ID,COUNTRY_ID,TAX_ID,BUSINESS_NUMBER,ORGANIZATION_TYPE,TELEPHONE,FAX,AGENCY_COMMISSION_RATE,AGENCY_VOLUME_RATE,MASTER_ORGANIZATION,INVOICE_DELIVERY_PREFERENCE,LANGUAGE,ADDRESS_ID,BILLING_SCENARIO_ID,AGENCY,ACTIVE,EDI,BATCH_ID,TAX_STATUS_ID,VAT_PERCENTAGE,MODIFIED_BY,WITHHOLDING_APPLICABLE) values (2174,'Procter & Gamble Argentina','ADVERTISER',1,1,'55000001529',null,'DLA Packaged Goods',null,null,null,null,null,null,'ES',2669,null,null,1,0,3,null,null,'admin',1);
insert into CUSTOMER (CUSTOMER_ID,CUSTOMER_NAME,CUSTOMER_TYPE,COMPANY_ID,COUNTRY_ID,TAX_ID,BUSINESS_NUMBER,ORGANIZATION_TYPE,TELEPHONE,FAX,AGENCY_COMMISSION_RATE,AGENCY_VOLUME_RATE,MASTER_ORGANIZATION,INVOICE_DELIVERY_PREFERENCE,LANGUAGE,ADDRESS_ID,BILLING_SCENARIO_ID,AGENCY,ACTIVE,EDI,BATCH_ID,TAX_STATUS_ID,VAT_PERCENTAGE,MODIFIED_BY,WITHHOLDING_APPLICABLE) values (2175,'Initiative Media Buenos Aires','AGENCY',1,1,'50000001535',null,'Agency',null,null,10,0,null,'EMAIL','ES',2671,2,null,1,0,3,11,null,'admin',1);
insert into CUSTOMER (CUSTOMER_ID,CUSTOMER_NAME,CUSTOMER_TYPE,COMPANY_ID,COUNTRY_ID,TAX_ID,BUSINESS_NUMBER,ORGANIZATION_TYPE,TELEPHONE,FAX,AGENCY_COMMISSION_RATE,AGENCY_VOLUME_RATE,MASTER_ORGANIZATION,INVOICE_DELIVERY_PREFERENCE,LANGUAGE,ADDRESS_ID,BILLING_SCENARIO_ID,AGENCY,ACTIVE,EDI,BATCH_ID,TAX_STATUS_ID,VAT_PERCENTAGE,MODIFIED_BY,WITHHOLDING_APPLICABLE) values (2177,'Media Planning Argentina','AGENCY',1,1,'55000001537',null,'Agency',null,null,null,null,null,null,'ES',2675,null,null,1,0,3,null,null,'admin',1);
insert into CUSTOMER (CUSTOMER_ID,CUSTOMER_NAME,CUSTOMER_TYPE,COMPANY_ID,COUNTRY_ID,TAX_ID,BUSINESS_NUMBER,ORGANIZATION_TYPE,TELEPHONE,FAX,AGENCY_COMMISSION_RATE,AGENCY_VOLUME_RATE,MASTER_ORGANIZATION,INVOICE_DELIVERY_PREFERENCE,LANGUAGE,ADDRESS_ID,BILLING_SCENARIO_ID,AGENCY,ACTIVE,EDI,BATCH_ID,TAX_STATUS_ID,VAT_PERCENTAGE,MODIFIED_BY,WITHHOLDING_APPLICABLE) values (2178,'Telefonica De Argentina S.A.','ADVERTISER',1,1,'50000001543',null,'DLA Telecommunicatio',null,null,null,null,null,null,'ES',2677,null,null,1,0,3,null,null,'admin',1);
insert into CUSTOMER (CUSTOMER_ID,CUSTOMER_NAME,CUSTOMER_TYPE,COMPANY_ID,COUNTRY_ID,TAX_ID,BUSINESS_NUMBER,ORGANIZATION_TYPE,TELEPHONE,FAX,AGENCY_COMMISSION_RATE,AGENCY_VOLUME_RATE,MASTER_ORGANIZATION,INVOICE_DELIVERY_PREFERENCE,LANGUAGE,ADDRESS_ID,BILLING_SCENARIO_ID,AGENCY,ACTIVE,EDI,BATCH_ID,TAX_STATUS_ID,VAT_PERCENTAGE,MODIFIED_BY,WITHHOLDING_APPLICABLE) values (2180,'Starcom Argentina','AGENCY',1,1,'30707551352',null,'Agency',null,null,0,0,null,'EMAIL','ES',2681,1,null,1,0,3,11,null,'admin',1);
insert into CUSTOMER (CUSTOMER_ID,CUSTOMER_NAME,CUSTOMER_TYPE,COMPANY_ID,COUNTRY_ID,TAX_ID,BUSINESS_NUMBER,ORGANIZATION_TYPE,TELEPHONE,FAX,AGENCY_COMMISSION_RATE,AGENCY_VOLUME_RATE,MASTER_ORGANIZATION,INVOICE_DELIVERY_PREFERENCE,LANGUAGE,ADDRESS_ID,BILLING_SCENARIO_ID,AGENCY,ACTIVE,EDI,BATCH_ID,TAX_STATUS_ID,VAT_PERCENTAGE,MODIFIED_BY,WITHHOLDING_APPLICABLE) values (2182,'Brand Connection','AGENCY',1,1,'30707944516',null,'Agency',null,null,10,0,null,'EMAIL','ES',2685,1,null,1,0,3,11,null,'admin',1);
insert into CUSTOMER (CUSTOMER_ID,CUSTOMER_NAME,CUSTOMER_TYPE,COMPANY_ID,COUNTRY_ID,TAX_ID,BUSINESS_NUMBER,ORGANIZATION_TYPE,TELEPHONE,FAX,AGENCY_COMMISSION_RATE,AGENCY_VOLUME_RATE,MASTER_ORGANIZATION,INVOICE_DELIVERY_PREFERENCE,LANGUAGE,ADDRESS_ID,BILLING_SCENARIO_ID,AGENCY,ACTIVE,EDI,BATCH_ID,TAX_STATUS_ID,VAT_PERCENTAGE,MODIFIED_BY,WITHHOLDING_APPLICABLE) values (2183,'Beiersdorf S.A.','ADVERTISER',1,1,'55000001553',null,'DLA Personal Care',null,null,null,null,null,null,'EN',2687,null,null,1,0,3,null,null,'admin',1);
insert into CUSTOMER (CUSTOMER_ID,CUSTOMER_NAME,CUSTOMER_TYPE,COMPANY_ID,COUNTRY_ID,TAX_ID,BUSINESS_NUMBER,ORGANIZATION_TYPE,TELEPHONE,FAX,AGENCY_COMMISSION_RATE,AGENCY_VOLUME_RATE,MASTER_ORGANIZATION,INVOICE_DELIVERY_PREFERENCE,LANGUAGE,ADDRESS_ID,BILLING_SCENARIO_ID,AGENCY,ACTIVE,EDI,BATCH_ID,TAX_STATUS_ID,VAT_PERCENTAGE,MODIFIED_BY,WITHHOLDING_APPLICABLE) values (2184,'Sabaglio TBWA','AGENCY',1,1,'50000001586',null,'Agency',null,null,null,null,null,null,'ES',2689,null,null,1,0,3,null,null,'admin',1);
insert into CUSTOMER (CUSTOMER_ID,CUSTOMER_NAME,CUSTOMER_TYPE,COMPANY_ID,COUNTRY_ID,TAX_ID,BUSINESS_NUMBER,ORGANIZATION_TYPE,TELEPHONE,FAX,AGENCY_COMMISSION_RATE,AGENCY_VOLUME_RATE,MASTER_ORGANIZATION,INVOICE_DELIVERY_PREFERENCE,LANGUAGE,ADDRESS_ID,BILLING_SCENARIO_ID,AGENCY,ACTIVE,EDI,BATCH_ID,TAX_STATUS_ID,VAT_PERCENTAGE,MODIFIED_BY,WITHHOLDING_APPLICABLE) values (2185,'Editorial Vertice S.R.L.','ADVERTISER',1,1,'51600001586',null,'DLA Infant/children',null,null,null,null,null,null,'ES',2691,null,null,1,0,3,null,null,'admin',1);
insert into CUSTOMER (CUSTOMER_ID,CUSTOMER_NAME,CUSTOMER_TYPE,COMPANY_ID,COUNTRY_ID,TAX_ID,BUSINESS_NUMBER,ORGANIZATION_TYPE,TELEPHONE,FAX,AGENCY_COMMISSION_RATE,AGENCY_VOLUME_RATE,MASTER_ORGANIZATION,INVOICE_DELIVERY_PREFERENCE,LANGUAGE,ADDRESS_ID,BILLING_SCENARIO_ID,AGENCY,ACTIVE,EDI,BATCH_ID,TAX_STATUS_ID,VAT_PERCENTAGE,MODIFIED_BY,WITHHOLDING_APPLICABLE) values (2186,'Arena Argentina Sa','AGENCY',1,1,'30702020944',null,'Agency',null,null,0,0,null,'EMAIL','ES',2693,1,null,1,0,3,11,null,'admin',1);
insert into CUSTOMER (CUSTOMER_ID,CUSTOMER_NAME,CUSTOMER_TYPE,COMPANY_ID,COUNTRY_ID,TAX_ID,BUSINESS_NUMBER,ORGANIZATION_TYPE,TELEPHONE,FAX,AGENCY_COMMISSION_RATE,AGENCY_VOLUME_RATE,MASTER_ORGANIZATION,INVOICE_DELIVERY_PREFERENCE,LANGUAGE,ADDRESS_ID,BILLING_SCENARIO_ID,AGENCY,ACTIVE,EDI,BATCH_ID,TAX_STATUS_ID,VAT_PERCENTAGE,MODIFIED_BY,WITHHOLDING_APPLICABLE) values (2188,'Carat Argentina Sa','AGENCY',1,1,'51600001616',null,'Agency',null,null,null,null,null,null,'ES',2697,null,null,1,0,3,null,null,'admin',1);
insert into CUSTOMER (CUSTOMER_ID,CUSTOMER_NAME,CUSTOMER_TYPE,COMPANY_ID,COUNTRY_ID,TAX_ID,BUSINESS_NUMBER,ORGANIZATION_TYPE,TELEPHONE,FAX,AGENCY_COMMISSION_RATE,AGENCY_VOLUME_RATE,MASTER_ORGANIZATION,INVOICE_DELIVERY_PREFERENCE,LANGUAGE,ADDRESS_ID,BILLING_SCENARIO_ID,AGENCY,ACTIVE,EDI,BATCH_ID,TAX_STATUS_ID,VAT_PERCENTAGE,MODIFIED_BY,WITHHOLDING_APPLICABLE) values (2190,'Mastellone Argentina','ADVERTISER',1,1,'50000001624',null,'DLA Food',null,null,null,null,null,null,'EN',2701,null,null,1,0,3,null,null,'admin',1);
insert into CUSTOMER (CUSTOMER_ID,CUSTOMER_NAME,CUSTOMER_TYPE,COMPANY_ID,COUNTRY_ID,TAX_ID,BUSINESS_NUMBER,ORGANIZATION_TYPE,TELEPHONE,FAX,AGENCY_COMMISSION_RATE,AGENCY_VOLUME_RATE,MASTER_ORGANIZATION,INVOICE_DELIVERY_PREFERENCE,LANGUAGE,ADDRESS_ID,BILLING_SCENARIO_ID,AGENCY,ACTIVE,EDI,BATCH_ID,TAX_STATUS_ID,VAT_PERCENTAGE,MODIFIED_BY,WITHHOLDING_APPLICABLE) values (2193,'Anunciar Publicidad S.A.','AGENCY',1,1,'50000001632',null,'Agency',null,null,10,0,null,'EMAIL','ES',2707,4,null,1,0,3,11,null,'admin',1);
insert into CUSTOMER (CUSTOMER_ID,CUSTOMER_NAME,CUSTOMER_TYPE,COMPANY_ID,COUNTRY_ID,TAX_ID,BUSINESS_NUMBER,ORGANIZATION_TYPE,TELEPHONE,FAX,AGENCY_COMMISSION_RATE,AGENCY_VOLUME_RATE,MASTER_ORGANIZATION,INVOICE_DELIVERY_PREFERENCE,LANGUAGE,ADDRESS_ID,BILLING_SCENARIO_ID,AGENCY,ACTIVE,EDI,BATCH_ID,TAX_STATUS_ID,VAT_PERCENTAGE,MODIFIED_BY,WITHHOLDING_APPLICABLE) values (2194,'Cableplanner S.A.','AGENCY',1,1,'51600001632',null,'Agency',null,null,null,null,null,null,'ES',2709,null,null,1,0,3,null,null,'admin',1);
insert into CUSTOMER (CUSTOMER_ID,CUSTOMER_NAME,CUSTOMER_TYPE,COMPANY_ID,COUNTRY_ID,TAX_ID,BUSINESS_NUMBER,ORGANIZATION_TYPE,TELEPHONE,FAX,AGENCY_COMMISSION_RATE,AGENCY_VOLUME_RATE,MASTER_ORGANIZATION,INVOICE_DELIVERY_PREFERENCE,LANGUAGE,ADDRESS_ID,BILLING_SCENARIO_ID,AGENCY,ACTIVE,EDI,BATCH_ID,TAX_STATUS_ID,VAT_PERCENTAGE,MODIFIED_BY,WITHHOLDING_APPLICABLE) values (2195,'Amx Argentina S.A. (Cti)','ADVERTISER',1,1,'55000001634',null,'DLA Telecommunicatio',null,null,null,null,null,null,'ES',2711,null,null,1,0,3,null,null,'admin',1);
insert into CUSTOMER (CUSTOMER_ID,CUSTOMER_NAME,CUSTOMER_TYPE,COMPANY_ID,COUNTRY_ID,TAX_ID,BUSINESS_NUMBER,ORGANIZATION_TYPE,TELEPHONE,FAX,AGENCY_COMMISSION_RATE,AGENCY_VOLUME_RATE,MASTER_ORGANIZATION,INVOICE_DELIVERY_PREFERENCE,LANGUAGE,ADDRESS_ID,BILLING_SCENARIO_ID,AGENCY,ACTIVE,EDI,BATCH_ID,TAX_STATUS_ID,VAT_PERCENTAGE,MODIFIED_BY,WITHHOLDING_APPLICABLE) values (2196,'Cafes La Virginia S.A.','ADVERTISER',1,1,'50000001705',null,'DLA Food',null,null,null,null,null,null,'EN',2713,null,null,1,0,3,null,null,'admin',1);
insert into CUSTOMER (CUSTOMER_ID,CUSTOMER_NAME,CUSTOMER_TYPE,COMPANY_ID,COUNTRY_ID,TAX_ID,BUSINESS_NUMBER,ORGANIZATION_TYPE,TELEPHONE,FAX,AGENCY_COMMISSION_RATE,AGENCY_VOLUME_RATE,MASTER_ORGANIZATION,INVOICE_DELIVERY_PREFERENCE,LANGUAGE,ADDRESS_ID,BILLING_SCENARIO_ID,AGENCY,ACTIVE,EDI,BATCH_ID,TAX_STATUS_ID,VAT_PERCENTAGE,MODIFIED_BY,WITHHOLDING_APPLICABLE) values (2198,'Banco Galicia','ADVERTISER',1,1,'55000001707',null,'DLA Financial',null,null,null,null,null,null,'EN',2717,null,null,1,0,3,null,null,'admin',1);
insert into CUSTOMER (CUSTOMER_ID,CUSTOMER_NAME,CUSTOMER_TYPE,COMPANY_ID,COUNTRY_ID,TAX_ID,BUSINESS_NUMBER,ORGANIZATION_TYPE,TELEPHONE,FAX,AGENCY_COMMISSION_RATE,AGENCY_VOLUME_RATE,MASTER_ORGANIZATION,INVOICE_DELIVERY_PREFERENCE,LANGUAGE,ADDRESS_ID,BILLING_SCENARIO_ID,AGENCY,ACTIVE,EDI,BATCH_ID,TAX_STATUS_ID,VAT_PERCENTAGE,MODIFIED_BY,WITHHOLDING_APPLICABLE) values (2200,'La Papelera De Plata S.A.','ADVERTISER',1,1,'51600001713',null,'DLA Personal Care','4630-0172',null,null,null,null,null,'EN',2721,null,null,1,0,3,null,null,'admin',1);
insert into CUSTOMER (CUSTOMER_ID,CUSTOMER_NAME,CUSTOMER_TYPE,COMPANY_ID,COUNTRY_ID,TAX_ID,BUSINESS_NUMBER,ORGANIZATION_TYPE,TELEPHONE,FAX,AGENCY_COMMISSION_RATE,AGENCY_VOLUME_RATE,MASTER_ORGANIZATION,INVOICE_DELIVERY_PREFERENCE,LANGUAGE,ADDRESS_ID,BILLING_SCENARIO_ID,AGENCY,ACTIVE,EDI,BATCH_ID,TAX_STATUS_ID,VAT_PERCENTAGE,MODIFIED_BY,WITHHOLDING_APPLICABLE) values (2201,'Africa S?o Paulo Publicidade Ltda.','AGENCY',1,3,'55000001715','04950019000150','Agency',null,null,null,null,null,null,'PT',2723,null,null,1,0,3,null,null,'admin',1);
insert into CUSTOMER (CUSTOMER_ID,CUSTOMER_NAME,CUSTOMER_TYPE,COMPANY_ID,COUNTRY_ID,TAX_ID,BUSINESS_NUMBER,ORGANIZATION_TYPE,TELEPHONE,FAX,AGENCY_COMMISSION_RATE,AGENCY_VOLUME_RATE,MASTER_ORGANIZATION,INVOICE_DELIVERY_PREFERENCE,LANGUAGE,ADDRESS_ID,BILLING_SCENARIO_ID,AGENCY,ACTIVE,EDI,BATCH_ID,TAX_STATUS_ID,VAT_PERCENTAGE,MODIFIED_BY,WITHHOLDING_APPLICABLE) values (2202,'F/ Nazca Saatchi & Saatchi','AGENCY',1,3,'50000001810','74561580000122','Agency',null,null,null,null,null,null,'PT',2725,null,null,1,0,3,null,null,'admin',1);
insert into CUSTOMER (CUSTOMER_ID,CUSTOMER_NAME,CUSTOMER_TYPE,COMPANY_ID,COUNTRY_ID,TAX_ID,BUSINESS_NUMBER,ORGANIZATION_TYPE,TELEPHONE,FAX,AGENCY_COMMISSION_RATE,AGENCY_VOLUME_RATE,MASTER_ORGANIZATION,INVOICE_DELIVERY_PREFERENCE,LANGUAGE,ADDRESS_ID,BILLING_SCENARIO_ID,AGENCY,ACTIVE,EDI,BATCH_ID,TAX_STATUS_ID,VAT_PERCENTAGE,MODIFIED_BY,WITHHOLDING_APPLICABLE) values (2203,'Unilever (Brazil)','ADVERTISER',1,3,'51600001810',null,'DLA Packaged Goods',null,null,null,null,null,null,'PT',2727,null,null,1,0,3,null,null,'admin',1);
insert into CUSTOMER (CUSTOMER_ID,CUSTOMER_NAME,CUSTOMER_TYPE,COMPANY_ID,COUNTRY_ID,TAX_ID,BUSINESS_NUMBER,ORGANIZATION_TYPE,TELEPHONE,FAX,AGENCY_COMMISSION_RATE,AGENCY_VOLUME_RATE,MASTER_ORGANIZATION,INVOICE_DELIVERY_PREFERENCE,LANGUAGE,ADDRESS_ID,BILLING_SCENARIO_ID,AGENCY,ACTIVE,EDI,BATCH_ID,TAX_STATUS_ID,VAT_PERCENTAGE,MODIFIED_BY,WITHHOLDING_APPLICABLE) values (2204,'Concept Media','AGENCY',1,1,'55000001812',null,'Agency',null,null,null,null,null,null,'ES',2729,null,null,1,0,3,null,null,'admin',1);
insert into CUSTOMER (CUSTOMER_ID,CUSTOMER_NAME,CUSTOMER_TYPE,COMPANY_ID,COUNTRY_ID,TAX_ID,BUSINESS_NUMBER,ORGANIZATION_TYPE,TELEPHONE,FAX,AGENCY_COMMISSION_RATE,AGENCY_VOLUME_RATE,MASTER_ORGANIZATION,INVOICE_DELIVERY_PREFERENCE,LANGUAGE,ADDRESS_ID,BILLING_SCENARIO_ID,AGENCY,ACTIVE,EDI,BATCH_ID,TAX_STATUS_ID,VAT_PERCENTAGE,MODIFIED_BY,WITHHOLDING_APPLICABLE) values (2205,'R?i Assessoria De Comunica??o S/c Ltda','AGENCY',1,3,'50000001829','68969906000152','Agency',null,null,null,null,null,null,'PT',2731,null,null,1,0,3,null,null,'admin',1);
insert into CUSTOMER (CUSTOMER_ID,CUSTOMER_NAME,CUSTOMER_TYPE,COMPANY_ID,COUNTRY_ID,TAX_ID,BUSINESS_NUMBER,ORGANIZATION_TYPE,TELEPHONE,FAX,AGENCY_COMMISSION_RATE,AGENCY_VOLUME_RATE,MASTER_ORGANIZATION,INVOICE_DELIVERY_PREFERENCE,LANGUAGE,ADDRESS_ID,BILLING_SCENARIO_ID,AGENCY,ACTIVE,EDI,BATCH_ID,TAX_STATUS_ID,VAT_PERCENTAGE,MODIFIED_BY,WITHHOLDING_APPLICABLE) values (2206,'Lojas Americanas','ADVERTISER',1,3,'51600001829','33014556000196','DLA Purchases',null,null,null,null,null,null,'EN',2733,null,null,1,0,3,null,null,'admin',1);
insert into CUSTOMER (CUSTOMER_ID,CUSTOMER_NAME,CUSTOMER_TYPE,COMPANY_ID,COUNTRY_ID,TAX_ID,BUSINESS_NUMBER,ORGANIZATION_TYPE,TELEPHONE,FAX,AGENCY_COMMISSION_RATE,AGENCY_VOLUME_RATE,MASTER_ORGANIZATION,INVOICE_DELIVERY_PREFERENCE,LANGUAGE,ADDRESS_ID,BILLING_SCENARIO_ID,AGENCY,ACTIVE,EDI,BATCH_ID,TAX_STATUS_ID,VAT_PERCENTAGE,MODIFIED_BY,WITHHOLDING_APPLICABLE) values (2207,'Bayer S.A - Brazil','ADVERTISER',1,3,'55000001820',null,'DLA Health','18459628/000115',null,null,null,null,null,'EN',2735,null,null,1,0,3,null,null,'admin',1);
insert into CUSTOMER (CUSTOMER_ID,CUSTOMER_NAME,CUSTOMER_TYPE,COMPANY_ID,COUNTRY_ID,TAX_ID,BUSINESS_NUMBER,ORGANIZATION_TYPE,TELEPHONE,FAX,AGENCY_COMMISSION_RATE,AGENCY_VOLUME_RATE,MASTER_ORGANIZATION,INVOICE_DELIVERY_PREFERENCE,LANGUAGE,ADDRESS_ID,BILLING_SCENARIO_ID,AGENCY,ACTIVE,EDI,BATCH_ID,TAX_STATUS_ID,VAT_PERCENTAGE,MODIFIED_BY,WITHHOLDING_APPLICABLE) values (2208,'Jwt','AGENCY',1,3,'50000001837','56927221000164','Agency',null,null,null,null,null,null,'PT',2737,null,null,1,0,3,null,null,'admin',1);
insert into CUSTOMER (CUSTOMER_ID,CUSTOMER_NAME,CUSTOMER_TYPE,COMPANY_ID,COUNTRY_ID,TAX_ID,BUSINESS_NUMBER,ORGANIZATION_TYPE,TELEPHONE,FAX,AGENCY_COMMISSION_RATE,AGENCY_VOLUME_RATE,MASTER_ORGANIZATION,INVOICE_DELIVERY_PREFERENCE,LANGUAGE,ADDRESS_ID,BILLING_SCENARIO_ID,AGENCY,ACTIVE,EDI,BATCH_ID,TAX_STATUS_ID,VAT_PERCENTAGE,MODIFIED_BY,WITHHOLDING_APPLICABLE) values (2209,'Media Strategy','AGENCY',1,1,'51600001837',null,'Agency',null,null,null,null,null,null,'ES',2739,null,null,1,0,3,null,null,'admin',1);
insert into CUSTOMER (CUSTOMER_ID,CUSTOMER_NAME,CUSTOMER_TYPE,COMPANY_ID,COUNTRY_ID,TAX_ID,BUSINESS_NUMBER,ORGANIZATION_TYPE,TELEPHONE,FAX,AGENCY_COMMISSION_RATE,AGENCY_VOLUME_RATE,MASTER_ORGANIZATION,INVOICE_DELIVERY_PREFERENCE,LANGUAGE,ADDRESS_ID,BILLING_SCENARIO_ID,AGENCY,ACTIVE,EDI,BATCH_ID,TAX_STATUS_ID,VAT_PERCENTAGE,MODIFIED_BY,WITHHOLDING_APPLICABLE) values (2210,'Lewlara\tbwa Publicidade Ltda','AGENCY',1,3,'55000001839','59733030000150','Agency',null,null,null,null,null,null,'PT',2741,null,null,1,0,3,null,null,'admin',1);
insert into CUSTOMER (CUSTOMER_ID,CUSTOMER_NAME,CUSTOMER_TYPE,COMPANY_ID,COUNTRY_ID,TAX_ID,BUSINESS_NUMBER,ORGANIZATION_TYPE,TELEPHONE,FAX,AGENCY_COMMISSION_RATE,AGENCY_VOLUME_RATE,MASTER_ORGANIZATION,INVOICE_DELIVERY_PREFERENCE,LANGUAGE,ADDRESS_ID,BILLING_SCENARIO_ID,AGENCY,ACTIVE,EDI,BATCH_ID,TAX_STATUS_ID,VAT_PERCENTAGE,MODIFIED_BY,WITHHOLDING_APPLICABLE) values (2211,'Procter & Gamble Industrial E Comercial Ltda','ADVERTISER',1,3,'50000001845','01358874001230','DLA Packaged Goods',null,null,null,null,null,null,'EN',2743,null,null,1,0,3,null,null,'admin',1);
insert into CUSTOMER (CUSTOMER_ID,CUSTOMER_NAME,CUSTOMER_TYPE,COMPANY_ID,COUNTRY_ID,TAX_ID,BUSINESS_NUMBER,ORGANIZATION_TYPE,TELEPHONE,FAX,AGENCY_COMMISSION_RATE,AGENCY_VOLUME_RATE,MASTER_ORGANIZATION,INVOICE_DELIVERY_PREFERENCE,LANGUAGE,ADDRESS_ID,BILLING_SCENARIO_ID,AGENCY,ACTIVE,EDI,BATCH_ID,TAX_STATUS_ID,VAT_PERCENTAGE,MODIFIED_BY,WITHHOLDING_APPLICABLE) values (2212,'Banco Bradesco S/a','ADVERTISER',1,3,'51600001845',null,'DLA Financial',null,null,null,null,null,null,'PT',2745,null,null,1,0,3,null,null,'admin',1);
insert into CUSTOMER (CUSTOMER_ID,CUSTOMER_NAME,CUSTOMER_TYPE,COMPANY_ID,COUNTRY_ID,TAX_ID,BUSINESS_NUMBER,ORGANIZATION_TYPE,TELEPHONE,FAX,AGENCY_COMMISSION_RATE,AGENCY_VOLUME_RATE,MASTER_ORGANIZATION,INVOICE_DELIVERY_PREFERENCE,LANGUAGE,ADDRESS_ID,BILLING_SCENARIO_ID,AGENCY,ACTIVE,EDI,BATCH_ID,TAX_STATUS_ID,VAT_PERCENTAGE,MODIFIED_BY,WITHHOLDING_APPLICABLE) values (2213,'Y & R Brazil','AGENCY',1,3,'55000001847',null,'Agency',null,null,null,null,null,null,'PT',2747,null,null,1,0,3,null,null,'admin',1);
insert into CUSTOMER (CUSTOMER_ID,CUSTOMER_NAME,CUSTOMER_TYPE,COMPANY_ID,COUNTRY_ID,TAX_ID,BUSINESS_NUMBER,ORGANIZATION_TYPE,TELEPHONE,FAX,AGENCY_COMMISSION_RATE,AGENCY_VOLUME_RATE,MASTER_ORGANIZATION,INVOICE_DELIVERY_PREFERENCE,LANGUAGE,ADDRESS_ID,BILLING_SCENARIO_ID,AGENCY,ACTIVE,EDI,BATCH_ID,TAX_STATUS_ID,VAT_PERCENTAGE,MODIFIED_BY,WITHHOLDING_APPLICABLE) values (2155,'Elaboradora Argentina De Cereales S.R.L','ADVERTISER',1,1,'50000001853',null,'DLA Food',null,null,null,null,null,null,'EN',2631,null,null,1,0,3,null,null,'admin',1);
insert into CUSTOMER (CUSTOMER_ID,CUSTOMER_NAME,CUSTOMER_TYPE,COMPANY_ID,COUNTRY_ID,TAX_ID,BUSINESS_NUMBER,ORGANIZATION_TYPE,TELEPHONE,FAX,AGENCY_COMMISSION_RATE,AGENCY_VOLUME_RATE,MASTER_ORGANIZATION,INVOICE_DELIVERY_PREFERENCE,LANGUAGE,ADDRESS_ID,BILLING_SCENARIO_ID,AGENCY,ACTIVE,EDI,BATCH_ID,TAX_STATUS_ID,VAT_PERCENTAGE,MODIFIED_BY,WITHHOLDING_APPLICABLE) values (2156,'Unit Consulting','AGENCY',1,1,'51600001853',null,'DLA Travel',null,null,null,null,null,null,'EN',2633,null,null,1,0,3,null,null,'admin',1);
insert into CUSTOMER (CUSTOMER_ID,CUSTOMER_NAME,CUSTOMER_TYPE,COMPANY_ID,COUNTRY_ID,TAX_ID,BUSINESS_NUMBER,ORGANIZATION_TYPE,TELEPHONE,FAX,AGENCY_COMMISSION_RATE,AGENCY_VOLUME_RATE,MASTER_ORGANIZATION,INVOICE_DELIVERY_PREFERENCE,LANGUAGE,ADDRESS_ID,BILLING_SCENARIO_ID,AGENCY,ACTIVE,EDI,BATCH_ID,TAX_STATUS_ID,VAT_PERCENTAGE,MODIFIED_BY,WITHHOLDING_APPLICABLE) values (2214,'Loducca Publicidade','AGENCY',1,3,'55000001855',null,'Agency','00716832/0001-09',null,null,null,null,null,'PT',2749,null,null,1,0,3,null,null,'admin',1);
insert into CUSTOMER (CUSTOMER_ID,CUSTOMER_NAME,CUSTOMER_TYPE,COMPANY_ID,COUNTRY_ID,TAX_ID,BUSINESS_NUMBER,ORGANIZATION_TYPE,TELEPHONE,FAX,AGENCY_COMMISSION_RATE,AGENCY_VOLUME_RATE,MASTER_ORGANIZATION,INVOICE_DELIVERY_PREFERENCE,LANGUAGE,ADDRESS_ID,BILLING_SCENARIO_ID,AGENCY,ACTIVE,EDI,BATCH_ID,TAX_STATUS_ID,VAT_PERCENTAGE,MODIFIED_BY,WITHHOLDING_APPLICABLE) values (2215,'Shell C.A.P.S.A. Argentina','ADVERTISER',1,1,'50000001861',null,'DLA Automotive',null,null,null,null,null,null,'EN',2751,null,null,1,0,3,null,null,'admin',1);
insert into CUSTOMER (CUSTOMER_ID,CUSTOMER_NAME,CUSTOMER_TYPE,COMPANY_ID,COUNTRY_ID,TAX_ID,BUSINESS_NUMBER,ORGANIZATION_TYPE,TELEPHONE,FAX,AGENCY_COMMISSION_RATE,AGENCY_VOLUME_RATE,MASTER_ORGANIZATION,INVOICE_DELIVERY_PREFERENCE,LANGUAGE,ADDRESS_ID,BILLING_SCENARIO_ID,AGENCY,ACTIVE,EDI,BATCH_ID,TAX_STATUS_ID,VAT_PERCENTAGE,MODIFIED_BY,WITHHOLDING_APPLICABLE) values (2216,'Grendene S.A','ADVERTISER',1,3,'51600001861','89850341001212','DLA Apparel, Acc. &',null,null,null,null,null,null,'EN',2753,null,null,1,0,3,null,null,'admin',1);
insert into CUSTOMER (CUSTOMER_ID,CUSTOMER_NAME,CUSTOMER_TYPE,COMPANY_ID,COUNTRY_ID,TAX_ID,BUSINESS_NUMBER,ORGANIZATION_TYPE,TELEPHONE,FAX,AGENCY_COMMISSION_RATE,AGENCY_VOLUME_RATE,MASTER_ORGANIZATION,INVOICE_DELIVERY_PREFERENCE,LANGUAGE,ADDRESS_ID,BILLING_SCENARIO_ID,AGENCY,ACTIVE,EDI,BATCH_ID,TAX_STATUS_ID,VAT_PERCENTAGE,MODIFIED_BY,WITHHOLDING_APPLICABLE) values (2217,'Cepas Argentina S.A.','ADVERTISER',1,1,'55000001863',null,'DLA Beverages',null,null,null,null,null,null,'EN',2755,null,null,1,0,3,null,null,'admin',1);
insert into CUSTOMER (CUSTOMER_ID,CUSTOMER_NAME,CUSTOMER_TYPE,COMPANY_ID,COUNTRY_ID,TAX_ID,BUSINESS_NUMBER,ORGANIZATION_TYPE,TELEPHONE,FAX,AGENCY_COMMISSION_RATE,AGENCY_VOLUME_RATE,MASTER_ORGANIZATION,INVOICE_DELIVERY_PREFERENCE,LANGUAGE,ADDRESS_ID,BILLING_SCENARIO_ID,AGENCY,ACTIVE,EDI,BATCH_ID,TAX_STATUS_ID,VAT_PERCENTAGE,MODIFIED_BY,WITHHOLDING_APPLICABLE) values (2219,'Distell Limited - Amarula','ADVERTISER',1,8,'51600001896','00000000003256','DLA Beverages',null,null,null,null,null,null,'EN',2759,null,null,1,0,3,null,null,'admin',1);
insert into CUSTOMER (CUSTOMER_ID,CUSTOMER_NAME,CUSTOMER_TYPE,COMPANY_ID,COUNTRY_ID,TAX_ID,BUSINESS_NUMBER,ORGANIZATION_TYPE,TELEPHONE,FAX,AGENCY_COMMISSION_RATE,AGENCY_VOLUME_RATE,MASTER_ORGANIZATION,INVOICE_DELIVERY_PREFERENCE,LANGUAGE,ADDRESS_ID,BILLING_SCENARIO_ID,AGENCY,ACTIVE,EDI,BATCH_ID,TAX_STATUS_ID,VAT_PERCENTAGE,MODIFIED_BY,WITHHOLDING_APPLICABLE) values (2220,'Assiva Agencia De Servicos De Publicidade Ltda','AGENCY',1,3,'55000001898','09573715000108','DLA Industrial',null,null,null,null,null,null,'PT',2761,null,null,1,0,3,null,null,'admin',1);
insert into CUSTOMER (CUSTOMER_ID,CUSTOMER_NAME,CUSTOMER_TYPE,COMPANY_ID,COUNTRY_ID,TAX_ID,BUSINESS_NUMBER,ORGANIZATION_TYPE,TELEPHONE,FAX,AGENCY_COMMISSION_RATE,AGENCY_VOLUME_RATE,MASTER_ORGANIZATION,INVOICE_DELIVERY_PREFERENCE,LANGUAGE,ADDRESS_ID,BILLING_SCENARIO_ID,AGENCY,ACTIVE,EDI,BATCH_ID,TAX_STATUS_ID,VAT_PERCENTAGE,MODIFIED_BY,WITHHOLDING_APPLICABLE) values (2221,'Camil Alimentos Sa','ADVERTISER',1,3,'50000001985','64904295000103','DLA Food',null,null,null,null,null,null,'PT',2763,null,null,1,0,3,null,null,'admin',1);
insert into CUSTOMER (CUSTOMER_ID,CUSTOMER_NAME,CUSTOMER_TYPE,COMPANY_ID,COUNTRY_ID,TAX_ID,BUSINESS_NUMBER,ORGANIZATION_TYPE,TELEPHONE,FAX,AGENCY_COMMISSION_RATE,AGENCY_VOLUME_RATE,MASTER_ORGANIZATION,INVOICE_DELIVERY_PREFERENCE,LANGUAGE,ADDRESS_ID,BILLING_SCENARIO_ID,AGENCY,ACTIVE,EDI,BATCH_ID,TAX_STATUS_ID,VAT_PERCENTAGE,MODIFIED_BY,WITHHOLDING_APPLICABLE) values (2222,'Banco Supervielle','ADVERTISER',1,1,'51600001985',null,'DLA Financial',null,null,null,null,null,null,'EN',2765,null,null,1,0,3,null,null,'admin',1);
insert into CUSTOMER (CUSTOMER_ID,CUSTOMER_NAME,CUSTOMER_TYPE,COMPANY_ID,COUNTRY_ID,TAX_ID,BUSINESS_NUMBER,ORGANIZATION_TYPE,TELEPHONE,FAX,AGENCY_COMMISSION_RATE,AGENCY_VOLUME_RATE,MASTER_ORGANIZATION,INVOICE_DELIVERY_PREFERENCE,LANGUAGE,ADDRESS_ID,BILLING_SCENARIO_ID,AGENCY,ACTIVE,EDI,BATCH_ID,TAX_STATUS_ID,VAT_PERCENTAGE,MODIFIED_BY,WITHHOLDING_APPLICABLE) values (2223,'Holcim S.A.','ADVERTISER',1,1,'55000001987',null,'DLA Industrial',null,null,null,null,null,null,'EN',2767,null,null,1,0,3,null,null,'admin',1);
insert into CUSTOMER (CUSTOMER_ID,CUSTOMER_NAME,CUSTOMER_TYPE,COMPANY_ID,COUNTRY_ID,TAX_ID,BUSINESS_NUMBER,ORGANIZATION_TYPE,TELEPHONE,FAX,AGENCY_COMMISSION_RATE,AGENCY_VOLUME_RATE,MASTER_ORGANIZATION,INVOICE_DELIVERY_PREFERENCE,LANGUAGE,ADDRESS_ID,BILLING_SCENARIO_ID,AGENCY,ACTIVE,EDI,BATCH_ID,TAX_STATUS_ID,VAT_PERCENTAGE,MODIFIED_BY,WITHHOLDING_APPLICABLE) values (2224,'Unilever Brasil Ltda','ADVERTISER',1,3,'50000002019','11806723000107','DLA Food',null,null,null,null,null,null,'EN',2769,null,null,1,0,3,null,null,'admin',1);
insert into CUSTOMER (CUSTOMER_ID,CUSTOMER_NAME,CUSTOMER_TYPE,COMPANY_ID,COUNTRY_ID,TAX_ID,BUSINESS_NUMBER,ORGANIZATION_TYPE,TELEPHONE,FAX,AGENCY_COMMISSION_RATE,AGENCY_VOLUME_RATE,MASTER_ORGANIZATION,INVOICE_DELIVERY_PREFERENCE,LANGUAGE,ADDRESS_ID,BILLING_SCENARIO_ID,AGENCY,ACTIVE,EDI,BATCH_ID,TAX_STATUS_ID,VAT_PERCENTAGE,MODIFIED_BY,WITHHOLDING_APPLICABLE) values (2225,'Feeling Comunicacao Integrada Ltda','AGENCY',1,3,'51600002019','04060193000127','DLA Orgs & Gov',null,null,null,null,null,null,'PT',2771,null,null,1,0,3,null,null,'admin',1);
insert into CUSTOMER (CUSTOMER_ID,CUSTOMER_NAME,CUSTOMER_TYPE,COMPANY_ID,COUNTRY_ID,TAX_ID,BUSINESS_NUMBER,ORGANIZATION_TYPE,TELEPHONE,FAX,AGENCY_COMMISSION_RATE,AGENCY_VOLUME_RATE,MASTER_ORGANIZATION,INVOICE_DELIVERY_PREFERENCE,LANGUAGE,ADDRESS_ID,BILLING_SCENARIO_ID,AGENCY,ACTIVE,EDI,BATCH_ID,TAX_STATUS_ID,VAT_PERCENTAGE,MODIFIED_BY,WITHHOLDING_APPLICABLE) values (2226,'Multiplus S/a','ADVERTISER',1,3,'55000002010','11094546000175','DLA Financial',null,null,null,null,null,null,'EN',2773,null,null,1,0,3,null,null,'admin',1);
insert into CUSTOMER (CUSTOMER_ID,CUSTOMER_NAME,CUSTOMER_TYPE,COMPANY_ID,COUNTRY_ID,TAX_ID,BUSINESS_NUMBER,ORGANIZATION_TYPE,TELEPHONE,FAX,AGENCY_COMMISSION_RATE,AGENCY_VOLUME_RATE,MASTER_ORGANIZATION,INVOICE_DELIVERY_PREFERENCE,LANGUAGE,ADDRESS_ID,BILLING_SCENARIO_ID,AGENCY,ACTIVE,EDI,BATCH_ID,TAX_STATUS_ID,VAT_PERCENTAGE,MODIFIED_BY,WITHHOLDING_APPLICABLE) values (2227,'Laticinios Bela Vista Ltda.','ADVERTISER',1,3,'50000002043','02089969000530','DLA Food',null,null,null,null,null,null,'PT',2775,null,null,1,0,3,null,null,'admin',1);
insert into CUSTOMER (CUSTOMER_ID,CUSTOMER_NAME,CUSTOMER_TYPE,COMPANY_ID,COUNTRY_ID,TAX_ID,BUSINESS_NUMBER,ORGANIZATION_TYPE,TELEPHONE,FAX,AGENCY_COMMISSION_RATE,AGENCY_VOLUME_RATE,MASTER_ORGANIZATION,INVOICE_DELIVERY_PREFERENCE,LANGUAGE,ADDRESS_ID,BILLING_SCENARIO_ID,AGENCY,ACTIVE,EDI,BATCH_ID,TAX_STATUS_ID,VAT_PERCENTAGE,MODIFIED_BY,WITHHOLDING_APPLICABLE) values (2228,'Medley Comercial E Logistica Ltda','ADVERTISER',1,3,'51600002043','10588595000363','DLA Health',null,null,null,null,null,null,'PT',2777,null,null,1,0,3,null,null,'admin',1);
insert into CUSTOMER (CUSTOMER_ID,CUSTOMER_NAME,CUSTOMER_TYPE,COMPANY_ID,COUNTRY_ID,TAX_ID,BUSINESS_NUMBER,ORGANIZATION_TYPE,TELEPHONE,FAX,AGENCY_COMMISSION_RATE,AGENCY_VOLUME_RATE,MASTER_ORGANIZATION,INVOICE_DELIVERY_PREFERENCE,LANGUAGE,ADDRESS_ID,BILLING_SCENARIO_ID,AGENCY,ACTIVE,EDI,BATCH_ID,TAX_STATUS_ID,VAT_PERCENTAGE,MODIFIED_BY,WITHHOLDING_APPLICABLE) values (2229,'FCB Brasil Propaganda E Comunica????o Ltda.','AGENCY',1,3,'55000002045','46516712000592','DLA Food',null,null,null,null,null,null,'PT',2779,null,null,1,0,3,null,null,'admin',1);
insert into CUSTOMER (CUSTOMER_ID,CUSTOMER_NAME,CUSTOMER_TYPE,COMPANY_ID,COUNTRY_ID,TAX_ID,BUSINESS_NUMBER,ORGANIZATION_TYPE,TELEPHONE,FAX,AGENCY_COMMISSION_RATE,AGENCY_VOLUME_RATE,MASTER_ORGANIZATION,INVOICE_DELIVERY_PREFERENCE,LANGUAGE,ADDRESS_ID,BILLING_SCENARIO_ID,AGENCY,ACTIVE,EDI,BATCH_ID,TAX_STATUS_ID,VAT_PERCENTAGE,MODIFIED_BY,WITHHOLDING_APPLICABLE) values (2230,'Th9 Comunicacao Ltda','AGENCY',1,3,'50000002051','19604460000157','Agency',null,null,null,null,null,null,'PT',2781,null,null,1,0,3,null,null,'admin',1);
insert into CUSTOMER (CUSTOMER_ID,CUSTOMER_NAME,CUSTOMER_TYPE,COMPANY_ID,COUNTRY_ID,TAX_ID,BUSINESS_NUMBER,ORGANIZATION_TYPE,TELEPHONE,FAX,AGENCY_COMMISSION_RATE,AGENCY_VOLUME_RATE,MASTER_ORGANIZATION,INVOICE_DELIVERY_PREFERENCE,LANGUAGE,ADDRESS_ID,BILLING_SCENARIO_ID,AGENCY,ACTIVE,EDI,BATCH_ID,TAX_STATUS_ID,VAT_PERCENTAGE,MODIFIED_BY,WITHHOLDING_APPLICABLE) values (2231,'Central Development Service Ltda','ADVERTISER',1,3,'51600002051','04696269000105','DLA Food',null,null,null,null,null,null,'EN',2783,null,null,1,0,3,null,null,'admin',1);
insert into CUSTOMER (CUSTOMER_ID,CUSTOMER_NAME,CUSTOMER_TYPE,COMPANY_ID,COUNTRY_ID,TAX_ID,BUSINESS_NUMBER,ORGANIZATION_TYPE,TELEPHONE,FAX,AGENCY_COMMISSION_RATE,AGENCY_VOLUME_RATE,MASTER_ORGANIZATION,INVOICE_DELIVERY_PREFERENCE,LANGUAGE,ADDRESS_ID,BILLING_SCENARIO_ID,AGENCY,ACTIVE,EDI,BATCH_ID,TAX_STATUS_ID,VAT_PERCENTAGE,MODIFIED_BY,WITHHOLDING_APPLICABLE) values (2232,'Phd Argentina S.A.','AGENCY',1,1,'30712014047',null,'DLA Personal Care',null,null,0,0,null,'EMAIL','ES',2785,1,null,1,0,3,11,null,'admin',1);
insert into CUSTOMER (CUSTOMER_ID,CUSTOMER_NAME,CUSTOMER_TYPE,COMPANY_ID,COUNTRY_ID,TAX_ID,BUSINESS_NUMBER,ORGANIZATION_TYPE,TELEPHONE,FAX,AGENCY_COMMISSION_RATE,AGENCY_VOLUME_RATE,MASTER_ORGANIZATION,INVOICE_DELIVERY_PREFERENCE,LANGUAGE,ADDRESS_ID,BILLING_SCENARIO_ID,AGENCY,ACTIVE,EDI,BATCH_ID,TAX_STATUS_ID,VAT_PERCENTAGE,MODIFIED_BY,WITHHOLDING_APPLICABLE) values (2233,'Midios S.A.','AGENCY',1,1,'50000002094',null,'DLA Health',null,null,null,null,null,null,'ES',2787,null,null,1,0,3,null,null,'admin',1);
insert into CUSTOMER (CUSTOMER_ID,CUSTOMER_NAME,CUSTOMER_TYPE,COMPANY_ID,COUNTRY_ID,TAX_ID,BUSINESS_NUMBER,ORGANIZATION_TYPE,TELEPHONE,FAX,AGENCY_COMMISSION_RATE,AGENCY_VOLUME_RATE,MASTER_ORGANIZATION,INVOICE_DELIVERY_PREFERENCE,LANGUAGE,ADDRESS_ID,BILLING_SCENARIO_ID,AGENCY,ACTIVE,EDI,BATCH_ID,TAX_STATUS_ID,VAT_PERCENTAGE,MODIFIED_BY,WITHHOLDING_APPLICABLE) values (2234,'Laboratorio Millet Franklin S.A. (Gramon)','ADVERTISER',1,1,'51600002094',null,'DLA Health',null,null,null,null,null,null,'ES',2789,null,null,1,0,3,null,null,'admin',1);
insert into CUSTOMER (CUSTOMER_ID,CUSTOMER_NAME,CUSTOMER_TYPE,COMPANY_ID,COUNTRY_ID,TAX_ID,BUSINESS_NUMBER,ORGANIZATION_TYPE,TELEPHONE,FAX,AGENCY_COMMISSION_RATE,AGENCY_VOLUME_RATE,MASTER_ORGANIZATION,INVOICE_DELIVERY_PREFERENCE,LANGUAGE,ADDRESS_ID,BILLING_SCENARIO_ID,AGENCY,ACTIVE,EDI,BATCH_ID,TAX_STATUS_ID,VAT_PERCENTAGE,MODIFIED_BY,WITHHOLDING_APPLICABLE) values (2235,'Cmc Marketing','AGENCY',1,3,'55000002096',null,'Agency',null,null,null,null,null,null,'PT',2791,null,null,1,0,3,null,null,'admin',1);
insert into CUSTOMER (CUSTOMER_ID,CUSTOMER_NAME,CUSTOMER_TYPE,COMPANY_ID,COUNTRY_ID,TAX_ID,BUSINESS_NUMBER,ORGANIZATION_TYPE,TELEPHONE,FAX,AGENCY_COMMISSION_RATE,AGENCY_VOLUME_RATE,MASTER_ORGANIZATION,INVOICE_DELIVERY_PREFERENCE,LANGUAGE,ADDRESS_ID,BILLING_SCENARIO_ID,AGENCY,ACTIVE,EDI,BATCH_ID,TAX_STATUS_ID,VAT_PERCENTAGE,MODIFIED_BY,WITHHOLDING_APPLICABLE) values (2236,'Gabriela Aquarela','ADVERTISER',1,3,'50000002116','00819152000110','DLA Purchases',null,null,null,null,null,null,'PT',2793,null,null,1,0,3,null,null,'admin',1);
insert into CUSTOMER (CUSTOMER_ID,CUSTOMER_NAME,CUSTOMER_TYPE,COMPANY_ID,COUNTRY_ID,TAX_ID,BUSINESS_NUMBER,ORGANIZATION_TYPE,TELEPHONE,FAX,AGENCY_COMMISSION_RATE,AGENCY_VOLUME_RATE,MASTER_ORGANIZATION,INVOICE_DELIVERY_PREFERENCE,LANGUAGE,ADDRESS_ID,BILLING_SCENARIO_ID,AGENCY,ACTIVE,EDI,BATCH_ID,TAX_STATUS_ID,VAT_PERCENTAGE,MODIFIED_BY,WITHHOLDING_APPLICABLE) values (2237,'Agencia Empresa De Propaganda Ltda','AGENCY',1,3,'51600002116','17394578000172','Agency',null,null,null,null,null,null,'PT',2795,null,null,1,0,3,null,null,'admin',1);
insert into CUSTOMER (CUSTOMER_ID,CUSTOMER_NAME,CUSTOMER_TYPE,COMPANY_ID,COUNTRY_ID,TAX_ID,BUSINESS_NUMBER,ORGANIZATION_TYPE,TELEPHONE,FAX,AGENCY_COMMISSION_RATE,AGENCY_VOLUME_RATE,MASTER_ORGANIZATION,INVOICE_DELIVERY_PREFERENCE,LANGUAGE,ADDRESS_ID,BILLING_SCENARIO_ID,AGENCY,ACTIVE,EDI,BATCH_ID,TAX_STATUS_ID,VAT_PERCENTAGE,MODIFIED_BY,WITHHOLDING_APPLICABLE) values (2238,'Jose Calazans Pereira Junior','ADVERTISER',1,3,'55000002118','16914461000100','Sporting Goods, Game',null,null,null,null,null,null,'EN',2797,null,null,1,0,3,null,null,'admin',1);
insert into CUSTOMER (CUSTOMER_ID,CUSTOMER_NAME,CUSTOMER_TYPE,COMPANY_ID,COUNTRY_ID,TAX_ID,BUSINESS_NUMBER,ORGANIZATION_TYPE,TELEPHONE,FAX,AGENCY_COMMISSION_RATE,AGENCY_VOLUME_RATE,MASTER_ORGANIZATION,INVOICE_DELIVERY_PREFERENCE,LANGUAGE,ADDRESS_ID,BILLING_SCENARIO_ID,AGENCY,ACTIVE,EDI,BATCH_ID,TAX_STATUS_ID,VAT_PERCENTAGE,MODIFIED_BY,WITHHOLDING_APPLICABLE) values (2239,'D.E Cafes Brasil Ltda','ADVERTISER',1,3,'50000002124','02333707000145','DLA Beverages',null,null,null,null,null,null,'EN',2799,null,null,1,0,3,null,null,'admin',1);
insert into CUSTOMER (CUSTOMER_ID,CUSTOMER_NAME,CUSTOMER_TYPE,COMPANY_ID,COUNTRY_ID,TAX_ID,BUSINESS_NUMBER,ORGANIZATION_TYPE,TELEPHONE,FAX,AGENCY_COMMISSION_RATE,AGENCY_VOLUME_RATE,MASTER_ORGANIZATION,INVOICE_DELIVERY_PREFERENCE,LANGUAGE,ADDRESS_ID,BILLING_SCENARIO_ID,AGENCY,ACTIVE,EDI,BATCH_ID,TAX_STATUS_ID,VAT_PERCENTAGE,MODIFIED_BY,WITHHOLDING_APPLICABLE) values (2240,'Kelbec Ltda','AGENCY',1,3,'51600002124','0342106000171','Agency',null,null,null,null,null,null,'PT',2801,null,null,1,0,3,null,null,'admin',1);
insert into CUSTOMER (CUSTOMER_ID,CUSTOMER_NAME,CUSTOMER_TYPE,COMPANY_ID,COUNTRY_ID,TAX_ID,BUSINESS_NUMBER,ORGANIZATION_TYPE,TELEPHONE,FAX,AGENCY_COMMISSION_RATE,AGENCY_VOLUME_RATE,MASTER_ORGANIZATION,INVOICE_DELIVERY_PREFERENCE,LANGUAGE,ADDRESS_ID,BILLING_SCENARIO_ID,AGENCY,ACTIVE,EDI,BATCH_ID,TAX_STATUS_ID,VAT_PERCENTAGE,MODIFIED_BY,WITHHOLDING_APPLICABLE) values (2241,'Jb World Entretenimentos S/a (Beto Carrero World)','ADVERTISER',1,3,'55000002126','85248987000110','DLA Leisure',null,null,null,null,null,null,'EN',2803,null,null,1,0,3,null,null,'admin',1);
insert into CUSTOMER (CUSTOMER_ID,CUSTOMER_NAME,CUSTOMER_TYPE,COMPANY_ID,COUNTRY_ID,TAX_ID,BUSINESS_NUMBER,ORGANIZATION_TYPE,TELEPHONE,FAX,AGENCY_COMMISSION_RATE,AGENCY_VOLUME_RATE,MASTER_ORGANIZATION,INVOICE_DELIVERY_PREFERENCE,LANGUAGE,ADDRESS_ID,BILLING_SCENARIO_ID,AGENCY,ACTIVE,EDI,BATCH_ID,TAX_STATUS_ID,VAT_PERCENTAGE,MODIFIED_BY,WITHHOLDING_APPLICABLE) values (2242,'Associacao Brasileira Das Empresas Franqueadas Da Marca Pizza Hut','ADVERTISER',1,3,'50000002132','01380510000102','DLA Food',null,null,null,null,null,null,'EN',2805,null,null,1,0,3,null,null,'admin',1);
insert into CUSTOMER (CUSTOMER_ID,CUSTOMER_NAME,CUSTOMER_TYPE,COMPANY_ID,COUNTRY_ID,TAX_ID,BUSINESS_NUMBER,ORGANIZATION_TYPE,TELEPHONE,FAX,AGENCY_COMMISSION_RATE,AGENCY_VOLUME_RATE,MASTER_ORGANIZATION,INVOICE_DELIVERY_PREFERENCE,LANGUAGE,ADDRESS_ID,BILLING_SCENARIO_ID,AGENCY,ACTIVE,EDI,BATCH_ID,TAX_STATUS_ID,VAT_PERCENTAGE,MODIFIED_BY,WITHHOLDING_APPLICABLE) values (2243,'Mosaico Negocios De Internet Sa','ADVERTISER',1,3,'51600002132','09083175000265','Various Products',null,null,null,null,null,null,'EN',2807,null,null,1,0,3,null,null,'admin',1);
insert into CUSTOMER (CUSTOMER_ID,CUSTOMER_NAME,CUSTOMER_TYPE,COMPANY_ID,COUNTRY_ID,TAX_ID,BUSINESS_NUMBER,ORGANIZATION_TYPE,TELEPHONE,FAX,AGENCY_COMMISSION_RATE,AGENCY_VOLUME_RATE,MASTER_ORGANIZATION,INVOICE_DELIVERY_PREFERENCE,LANGUAGE,ADDRESS_ID,BILLING_SCENARIO_ID,AGENCY,ACTIVE,EDI,BATCH_ID,TAX_STATUS_ID,VAT_PERCENTAGE,MODIFIED_BY,WITHHOLDING_APPLICABLE) values (2244,'Associacao Civil Greenpeace','ADVERTISER',1,3,'55000002134','64711062000194','DLA Orgs & Gov',null,null,null,null,null,null,'EN',2809,null,null,1,0,3,null,null,'admin',1);
insert into CUSTOMER (CUSTOMER_ID,CUSTOMER_NAME,CUSTOMER_TYPE,COMPANY_ID,COUNTRY_ID,TAX_ID,BUSINESS_NUMBER,ORGANIZATION_TYPE,TELEPHONE,FAX,AGENCY_COMMISSION_RATE,AGENCY_VOLUME_RATE,MASTER_ORGANIZATION,INVOICE_DELIVERY_PREFERENCE,LANGUAGE,ADDRESS_ID,BILLING_SCENARIO_ID,AGENCY,ACTIVE,EDI,BATCH_ID,TAX_STATUS_ID,VAT_PERCENTAGE,MODIFIED_BY,WITHHOLDING_APPLICABLE) values (2245,'Havas, Worldwide Rio Comunicacoes','AGENCY',1,3,'50000002140','09496693000120','Agency',null,null,null,null,null,null,'PT',2811,null,null,1,0,3,null,null,'admin',1);
insert into CUSTOMER (CUSTOMER_ID,CUSTOMER_NAME,CUSTOMER_TYPE,COMPANY_ID,COUNTRY_ID,TAX_ID,BUSINESS_NUMBER,ORGANIZATION_TYPE,TELEPHONE,FAX,AGENCY_COMMISSION_RATE,AGENCY_VOLUME_RATE,MASTER_ORGANIZATION,INVOICE_DELIVERY_PREFERENCE,LANGUAGE,ADDRESS_ID,BILLING_SCENARIO_ID,AGENCY,ACTIVE,EDI,BATCH_ID,TAX_STATUS_ID,VAT_PERCENTAGE,MODIFIED_BY,WITHHOLDING_APPLICABLE) values (2247,'Criativa Propaganda Ltda','AGENCY',1,3,'55000002142','27742816000147','Agency',null,null,null,null,null,null,'PT',2815,null,null,1,0,3,null,null,'admin',1);
insert into CUSTOMER (CUSTOMER_ID,CUSTOMER_NAME,CUSTOMER_TYPE,COMPANY_ID,COUNTRY_ID,TAX_ID,BUSINESS_NUMBER,ORGANIZATION_TYPE,TELEPHONE,FAX,AGENCY_COMMISSION_RATE,AGENCY_VOLUME_RATE,MASTER_ORGANIZATION,INVOICE_DELIVERY_PREFERENCE,LANGUAGE,ADDRESS_ID,BILLING_SCENARIO_ID,AGENCY,ACTIVE,EDI,BATCH_ID,TAX_STATUS_ID,VAT_PERCENTAGE,MODIFIED_BY,WITHHOLDING_APPLICABLE) values (2248,'Brava Propaganda Ltda','AGENCY',1,3,'50000002159','07874377000119','Agency',null,null,null,null,null,null,'PT',2817,null,null,1,0,3,null,null,'admin',1);
insert into CUSTOMER (CUSTOMER_ID,CUSTOMER_NAME,CUSTOMER_TYPE,COMPANY_ID,COUNTRY_ID,TAX_ID,BUSINESS_NUMBER,ORGANIZATION_TYPE,TELEPHONE,FAX,AGENCY_COMMISSION_RATE,AGENCY_VOLUME_RATE,MASTER_ORGANIZATION,INVOICE_DELIVERY_PREFERENCE,LANGUAGE,ADDRESS_ID,BILLING_SCENARIO_ID,AGENCY,ACTIVE,EDI,BATCH_ID,TAX_STATUS_ID,VAT_PERCENTAGE,MODIFIED_BY,WITHHOLDING_APPLICABLE) values (2249,'Rba Comunicacao Ltda','AGENCY',1,3,'51600002159','88867874000191','Agency',null,null,null,null,null,null,'PT',2819,null,null,1,0,3,null,null,'admin',1);
insert into CUSTOMER (CUSTOMER_ID,CUSTOMER_NAME,CUSTOMER_TYPE,COMPANY_ID,COUNTRY_ID,TAX_ID,BUSINESS_NUMBER,ORGANIZATION_TYPE,TELEPHONE,FAX,AGENCY_COMMISSION_RATE,AGENCY_VOLUME_RATE,MASTER_ORGANIZATION,INVOICE_DELIVERY_PREFERENCE,LANGUAGE,ADDRESS_ID,BILLING_SCENARIO_ID,AGENCY,ACTIVE,EDI,BATCH_ID,TAX_STATUS_ID,VAT_PERCENTAGE,MODIFIED_BY,WITHHOLDING_APPLICABLE) values (2250,'Hercosul Alimentos Ltda Industria E Comercio De Alimentos Para Animais','ADVERTISER',1,3,'55000002150','03252545000183','DLA Household Pets',null,null,null,null,null,null,'EN',2821,null,null,1,0,3,null,null,'admin',1);
insert into CUSTOMER (CUSTOMER_ID,CUSTOMER_NAME,CUSTOMER_TYPE,COMPANY_ID,COUNTRY_ID,TAX_ID,BUSINESS_NUMBER,ORGANIZATION_TYPE,TELEPHONE,FAX,AGENCY_COMMISSION_RATE,AGENCY_VOLUME_RATE,MASTER_ORGANIZATION,INVOICE_DELIVERY_PREFERENCE,LANGUAGE,ADDRESS_ID,BILLING_SCENARIO_ID,AGENCY,ACTIVE,EDI,BATCH_ID,TAX_STATUS_ID,VAT_PERCENTAGE,MODIFIED_BY,WITHHOLDING_APPLICABLE) values (2251,'Mkz Empresa Hoteleira - Guarany','ADVERTISER',1,3,'50000002167','43.119.536/0001-','DLA Travel',null,null,null,null,null,null,'EN',2823,null,null,1,0,3,null,null,'admin',1);
insert into CUSTOMER (CUSTOMER_ID,CUSTOMER_NAME,CUSTOMER_TYPE,COMPANY_ID,COUNTRY_ID,TAX_ID,BUSINESS_NUMBER,ORGANIZATION_TYPE,TELEPHONE,FAX,AGENCY_COMMISSION_RATE,AGENCY_VOLUME_RATE,MASTER_ORGANIZATION,INVOICE_DELIVERY_PREFERENCE,LANGUAGE,ADDRESS_ID,BILLING_SCENARIO_ID,AGENCY,ACTIVE,EDI,BATCH_ID,TAX_STATUS_ID,VAT_PERCENTAGE,MODIFIED_BY,WITHHOLDING_APPLICABLE) values (2252,'Arnet','ADVERTISER',1,1,'51600002167',null,'DLA Telecommunicatio',null,null,null,null,null,null,'EN',2825,null,null,1,0,3,null,null,'admin',1);
insert into CUSTOMER (CUSTOMER_ID,CUSTOMER_NAME,CUSTOMER_TYPE,COMPANY_ID,COUNTRY_ID,TAX_ID,BUSINESS_NUMBER,ORGANIZATION_TYPE,TELEPHONE,FAX,AGENCY_COMMISSION_RATE,AGENCY_VOLUME_RATE,MASTER_ORGANIZATION,INVOICE_DELIVERY_PREFERENCE,LANGUAGE,ADDRESS_ID,BILLING_SCENARIO_ID,AGENCY,ACTIVE,EDI,BATCH_ID,TAX_STATUS_ID,VAT_PERCENTAGE,MODIFIED_BY,WITHHOLDING_APPLICABLE) values (2253,'Ach?? Laborat??rios Farmaceuticos S.A','ADVERTISER',1,3,'55000002169','60659463000191','DLA Health',null,null,null,null,null,null,'EN',2827,null,null,1,0,3,null,null,'admin',1);
insert into CUSTOMER (CUSTOMER_ID,CUSTOMER_NAME,CUSTOMER_TYPE,COMPANY_ID,COUNTRY_ID,TAX_ID,BUSINESS_NUMBER,ORGANIZATION_TYPE,TELEPHONE,FAX,AGENCY_COMMISSION_RATE,AGENCY_VOLUME_RATE,MASTER_ORGANIZATION,INVOICE_DELIVERY_PREFERENCE,LANGUAGE,ADDRESS_ID,BILLING_SCENARIO_ID,AGENCY,ACTIVE,EDI,BATCH_ID,TAX_STATUS_ID,VAT_PERCENTAGE,MODIFIED_BY,WITHHOLDING_APPLICABLE) values (2254,'Suzuky Svb Automotores Do Brasil S/a','ADVERTISER',1,3,'50000002175',null,'DLA Automotive',null,null,null,null,null,null,'EN',2829,null,null,1,0,3,null,null,'admin',1);
insert into CUSTOMER (CUSTOMER_ID,CUSTOMER_NAME,CUSTOMER_TYPE,COMPANY_ID,COUNTRY_ID,TAX_ID,BUSINESS_NUMBER,ORGANIZATION_TYPE,TELEPHONE,FAX,AGENCY_COMMISSION_RATE,AGENCY_VOLUME_RATE,MASTER_ORGANIZATION,INVOICE_DELIVERY_PREFERENCE,LANGUAGE,ADDRESS_ID,BILLING_SCENARIO_ID,AGENCY,ACTIVE,EDI,BATCH_ID,TAX_STATUS_ID,VAT_PERCENTAGE,MODIFIED_BY,WITHHOLDING_APPLICABLE) values (2255,'Bndes - Banco Nacional De Desenvolvimento Econ. E Social','ADVERTISER',1,3,'51600002175',null,'DLA Financial',null,null,null,null,null,null,'EN',2831,null,null,1,0,3,null,null,'admin',1);
insert into CUSTOMER (CUSTOMER_ID,CUSTOMER_NAME,CUSTOMER_TYPE,COMPANY_ID,COUNTRY_ID,TAX_ID,BUSINESS_NUMBER,ORGANIZATION_TYPE,TELEPHONE,FAX,AGENCY_COMMISSION_RATE,AGENCY_VOLUME_RATE,MASTER_ORGANIZATION,INVOICE_DELIVERY_PREFERENCE,LANGUAGE,ADDRESS_ID,BILLING_SCENARIO_ID,AGENCY,ACTIVE,EDI,BATCH_ID,TAX_STATUS_ID,VAT_PERCENTAGE,MODIFIED_BY,WITHHOLDING_APPLICABLE) values (2256,'Fravega S.A.','ADVERTISER',1,1,'55000002177',null,'DLA Purchases',null,null,null,null,null,null,'EN',2833,null,null,1,0,3,null,null,'admin',1);
insert into CUSTOMER (CUSTOMER_ID,CUSTOMER_NAME,CUSTOMER_TYPE,COMPANY_ID,COUNTRY_ID,TAX_ID,BUSINESS_NUMBER,ORGANIZATION_TYPE,TELEPHONE,FAX,AGENCY_COMMISSION_RATE,AGENCY_VOLUME_RATE,MASTER_ORGANIZATION,INVOICE_DELIVERY_PREFERENCE,LANGUAGE,ADDRESS_ID,BILLING_SCENARIO_ID,AGENCY,ACTIVE,EDI,BATCH_ID,TAX_STATUS_ID,VAT_PERCENTAGE,MODIFIED_BY,WITHHOLDING_APPLICABLE) values (2257,'Top.Co','AGENCY',1,3,'50000002183',null,'Agency',null,null,null,null,null,null,'PT',2835,null,null,1,0,3,null,null,'admin',1);
insert into CUSTOMER (CUSTOMER_ID,CUSTOMER_NAME,CUSTOMER_TYPE,COMPANY_ID,COUNTRY_ID,TAX_ID,BUSINESS_NUMBER,ORGANIZATION_TYPE,TELEPHONE,FAX,AGENCY_COMMISSION_RATE,AGENCY_VOLUME_RATE,MASTER_ORGANIZATION,INVOICE_DELIVERY_PREFERENCE,LANGUAGE,ADDRESS_ID,BILLING_SCENARIO_ID,AGENCY,ACTIVE,EDI,BATCH_ID,TAX_STATUS_ID,VAT_PERCENTAGE,MODIFIED_BY,WITHHOLDING_APPLICABLE) values (2258,'Sul Mineira Alimentos Ltda','ADVERTISER',1,3,'51600002183',null,'DLA Food',null,null,null,null,null,null,'PT',2837,null,null,1,0,3,null,null,'admin',1);
insert into CUSTOMER (CUSTOMER_ID,CUSTOMER_NAME,CUSTOMER_TYPE,COMPANY_ID,COUNTRY_ID,TAX_ID,BUSINESS_NUMBER,ORGANIZATION_TYPE,TELEPHONE,FAX,AGENCY_COMMISSION_RATE,AGENCY_VOLUME_RATE,MASTER_ORGANIZATION,INVOICE_DELIVERY_PREFERENCE,LANGUAGE,ADDRESS_ID,BILLING_SCENARIO_ID,AGENCY,ACTIVE,EDI,BATCH_ID,TAX_STATUS_ID,VAT_PERCENTAGE,MODIFIED_BY,WITHHOLDING_APPLICABLE) values (2259,'Bodegas Chandon S.A.','ADVERTISER',1,1,'55000002185',null,'DLA Beverages',null,null,null,null,null,null,'EN',2839,null,null,1,0,3,null,null,'admin',1);
insert into CUSTOMER (CUSTOMER_ID,CUSTOMER_NAME,CUSTOMER_TYPE,COMPANY_ID,COUNTRY_ID,TAX_ID,BUSINESS_NUMBER,ORGANIZATION_TYPE,TELEPHONE,FAX,AGENCY_COMMISSION_RATE,AGENCY_VOLUME_RATE,MASTER_ORGANIZATION,INVOICE_DELIVERY_PREFERENCE,LANGUAGE,ADDRESS_ID,BILLING_SCENARIO_ID,AGENCY,ACTIVE,EDI,BATCH_ID,TAX_STATUS_ID,VAT_PERCENTAGE,MODIFIED_BY,WITHHOLDING_APPLICABLE) values (2261,'Cal??ados Bibi Nordeste Ltda','ADVERTISER',1,3,'51600002191','02279361000144','DLA Apparel, Acc. &',null,null,null,null,null,null,'EN',2843,null,null,1,0,3,null,null,'admin',1);
insert into CUSTOMER (CUSTOMER_ID,CUSTOMER_NAME,CUSTOMER_TYPE,COMPANY_ID,COUNTRY_ID,TAX_ID,BUSINESS_NUMBER,ORGANIZATION_TYPE,TELEPHONE,FAX,AGENCY_COMMISSION_RATE,AGENCY_VOLUME_RATE,MASTER_ORGANIZATION,INVOICE_DELIVERY_PREFERENCE,LANGUAGE,ADDRESS_ID,BILLING_SCENARIO_ID,AGENCY,ACTIVE,EDI,BATCH_ID,TAX_STATUS_ID,VAT_PERCENTAGE,MODIFIED_BY,WITHHOLDING_APPLICABLE) values (2262,'Marketing Contemporaneo Prop. E Public. Ltda','AGENCY',1,3,'55000002193',null,'Agency',null,null,null,null,null,null,'PT',2845,null,null,1,0,3,null,null,'admin',1);
insert into CUSTOMER (CUSTOMER_ID,CUSTOMER_NAME,CUSTOMER_TYPE,COMPANY_ID,COUNTRY_ID,TAX_ID,BUSINESS_NUMBER,ORGANIZATION_TYPE,TELEPHONE,FAX,AGENCY_COMMISSION_RATE,AGENCY_VOLUME_RATE,MASTER_ORGANIZATION,INVOICE_DELIVERY_PREFERENCE,LANGUAGE,ADDRESS_ID,BILLING_SCENARIO_ID,AGENCY,ACTIVE,EDI,BATCH_ID,TAX_STATUS_ID,VAT_PERCENTAGE,MODIFIED_BY,WITHHOLDING_APPLICABLE) values (2263,'Royal Palm Plaza','ADVERTISER',1,3,'50000002205',null,'DLA Travel',null,null,null,null,null,null,'PT',2847,null,null,1,0,3,null,null,'admin',1);
insert into CUSTOMER (CUSTOMER_ID,CUSTOMER_NAME,CUSTOMER_TYPE,COMPANY_ID,COUNTRY_ID,TAX_ID,BUSINESS_NUMBER,ORGANIZATION_TYPE,TELEPHONE,FAX,AGENCY_COMMISSION_RATE,AGENCY_VOLUME_RATE,MASTER_ORGANIZATION,INVOICE_DELIVERY_PREFERENCE,LANGUAGE,ADDRESS_ID,BILLING_SCENARIO_ID,AGENCY,ACTIVE,EDI,BATCH_ID,TAX_STATUS_ID,VAT_PERCENTAGE,MODIFIED_BY,WITHHOLDING_APPLICABLE) values (2264,'Mg2 Comunicacao Ltda','AGENCY',1,3,'51600002205',null,'Agency','1733535643',null,null,null,null,null,'PT',2849,null,null,1,0,3,null,null,'admin',1);
insert into CUSTOMER (CUSTOMER_ID,CUSTOMER_NAME,CUSTOMER_TYPE,COMPANY_ID,COUNTRY_ID,TAX_ID,BUSINESS_NUMBER,ORGANIZATION_TYPE,TELEPHONE,FAX,AGENCY_COMMISSION_RATE,AGENCY_VOLUME_RATE,MASTER_ORGANIZATION,INVOICE_DELIVERY_PREFERENCE,LANGUAGE,ADDRESS_ID,BILLING_SCENARIO_ID,AGENCY,ACTIVE,EDI,BATCH_ID,TAX_STATUS_ID,VAT_PERCENTAGE,MODIFIED_BY,WITHHOLDING_APPLICABLE) values (2265,'Kidy Calcados - Kidy Birigui Calcados Ind. Confeccoes Ltda','ADVERTISER',1,3,'55000002207',null,'DLA Infant/children',null,null,null,null,null,null,'EN',2851,null,null,1,0,3,null,null,'admin',1);
insert into CUSTOMER (CUSTOMER_ID,CUSTOMER_NAME,CUSTOMER_TYPE,COMPANY_ID,COUNTRY_ID,TAX_ID,BUSINESS_NUMBER,ORGANIZATION_TYPE,TELEPHONE,FAX,AGENCY_COMMISSION_RATE,AGENCY_VOLUME_RATE,MASTER_ORGANIZATION,INVOICE_DELIVERY_PREFERENCE,LANGUAGE,ADDRESS_ID,BILLING_SCENARIO_ID,AGENCY,ACTIVE,EDI,BATCH_ID,TAX_STATUS_ID,VAT_PERCENTAGE,MODIFIED_BY,WITHHOLDING_APPLICABLE) values (2266,'Mapfre Vera Cruz Seguradora S/a','ADVERTISER',1,3,'50000002213','61074175000138','DLA Financial',null,null,null,null,null,null,'EN',2853,null,null,1,0,3,null,null,'admin',1);
insert into CUSTOMER (CUSTOMER_ID,CUSTOMER_NAME,CUSTOMER_TYPE,COMPANY_ID,COUNTRY_ID,TAX_ID,BUSINESS_NUMBER,ORGANIZATION_TYPE,TELEPHONE,FAX,AGENCY_COMMISSION_RATE,AGENCY_VOLUME_RATE,MASTER_ORGANIZATION,INVOICE_DELIVERY_PREFERENCE,LANGUAGE,ADDRESS_ID,BILLING_SCENARIO_ID,AGENCY,ACTIVE,EDI,BATCH_ID,TAX_STATUS_ID,VAT_PERCENTAGE,MODIFIED_BY,WITHHOLDING_APPLICABLE) values (2267,'Verve Comunica????o Ltda','AGENCY',1,3,'51600002213',null,'Agency',null,null,null,null,null,null,'PT',2855,null,null,1,0,3,null,null,'admin',1);
insert into CUSTOMER (CUSTOMER_ID,CUSTOMER_NAME,CUSTOMER_TYPE,COMPANY_ID,COUNTRY_ID,TAX_ID,BUSINESS_NUMBER,ORGANIZATION_TYPE,TELEPHONE,FAX,AGENCY_COMMISSION_RATE,AGENCY_VOLUME_RATE,MASTER_ORGANIZATION,INVOICE_DELIVERY_PREFERENCE,LANGUAGE,ADDRESS_ID,BILLING_SCENARIO_ID,AGENCY,ACTIVE,EDI,BATCH_ID,TAX_STATUS_ID,VAT_PERCENTAGE,MODIFIED_BY,WITHHOLDING_APPLICABLE) values (2268,'Beach Park Hoteis E Turismo S/a','ADVERTISER',1,3,'55000002215',null,'DLA Travel',null,null,null,null,null,null,'EN',2857,null,null,1,0,3,null,null,'admin',1);
insert into CUSTOMER (CUSTOMER_ID,CUSTOMER_NAME,CUSTOMER_TYPE,COMPANY_ID,COUNTRY_ID,TAX_ID,BUSINESS_NUMBER,ORGANIZATION_TYPE,TELEPHONE,FAX,AGENCY_COMMISSION_RATE,AGENCY_VOLUME_RATE,MASTER_ORGANIZATION,INVOICE_DELIVERY_PREFERENCE,LANGUAGE,ADDRESS_ID,BILLING_SCENARIO_ID,AGENCY,ACTIVE,EDI,BATCH_ID,TAX_STATUS_ID,VAT_PERCENTAGE,MODIFIED_BY,WITHHOLDING_APPLICABLE) values (2269,'Diamond Films','ADVERTISER',1,1,'50000002221',null,'DLA Entertainment Me',null,null,null,null,null,null,'EN',2859,null,null,1,0,3,null,null,'admin',1);
insert into CUSTOMER (CUSTOMER_ID,CUSTOMER_NAME,CUSTOMER_TYPE,COMPANY_ID,COUNTRY_ID,TAX_ID,BUSINESS_NUMBER,ORGANIZATION_TYPE,TELEPHONE,FAX,AGENCY_COMMISSION_RATE,AGENCY_VOLUME_RATE,MASTER_ORGANIZATION,INVOICE_DELIVERY_PREFERENCE,LANGUAGE,ADDRESS_ID,BILLING_SCENARIO_ID,AGENCY,ACTIVE,EDI,BATCH_ID,TAX_STATUS_ID,VAT_PERCENTAGE,MODIFIED_BY,WITHHOLDING_APPLICABLE) values (2270,'McM Proesp Comunica????es&Propaganda Ltda','AGENCY',1,3,'51600002221',null,'Agency',null,null,null,null,null,null,'PT',2861,null,null,1,0,3,null,null,'admin',1);
insert into CUSTOMER (CUSTOMER_ID,CUSTOMER_NAME,CUSTOMER_TYPE,COMPANY_ID,COUNTRY_ID,TAX_ID,BUSINESS_NUMBER,ORGANIZATION_TYPE,TELEPHONE,FAX,AGENCY_COMMISSION_RATE,AGENCY_VOLUME_RATE,MASTER_ORGANIZATION,INVOICE_DELIVERY_PREFERENCE,LANGUAGE,ADDRESS_ID,BILLING_SCENARIO_ID,AGENCY,ACTIVE,EDI,BATCH_ID,TAX_STATUS_ID,VAT_PERCENTAGE,MODIFIED_BY,WITHHOLDING_APPLICABLE) values (2271,'Zagaia Resort Hotel','ADVERTISER',1,3,'55000002223',null,'DLA Travel',null,null,null,null,null,null,'EN',2863,null,null,1,0,3,null,null,'admin',1);
insert into CUSTOMER (CUSTOMER_ID,CUSTOMER_NAME,CUSTOMER_TYPE,COMPANY_ID,COUNTRY_ID,TAX_ID,BUSINESS_NUMBER,ORGANIZATION_TYPE,TELEPHONE,FAX,AGENCY_COMMISSION_RATE,AGENCY_VOLUME_RATE,MASTER_ORGANIZATION,INVOICE_DELIVERY_PREFERENCE,LANGUAGE,ADDRESS_ID,BILLING_SCENARIO_ID,AGENCY,ACTIVE,EDI,BATCH_ID,TAX_STATUS_ID,VAT_PERCENTAGE,MODIFIED_BY,WITHHOLDING_APPLICABLE) values (2272,'Hotel Fazenda Vale Sui??o Ltda','ADVERTISER',1,3,'50000002256',null,'DLA Travel',null,null,null,null,null,null,'EN',2865,null,null,1,0,3,null,null,'admin',1);
insert into CUSTOMER (CUSTOMER_ID,CUSTOMER_NAME,CUSTOMER_TYPE,COMPANY_ID,COUNTRY_ID,TAX_ID,BUSINESS_NUMBER,ORGANIZATION_TYPE,TELEPHONE,FAX,AGENCY_COMMISSION_RATE,AGENCY_VOLUME_RATE,MASTER_ORGANIZATION,INVOICE_DELIVERY_PREFERENCE,LANGUAGE,ADDRESS_ID,BILLING_SCENARIO_ID,AGENCY,ACTIVE,EDI,BATCH_ID,TAX_STATUS_ID,VAT_PERCENTAGE,MODIFIED_BY,WITHHOLDING_APPLICABLE) values (2273,'3f Publicidade E Propaganda Ltda','AGENCY',1,3,'51600002256','06144582000166','Agency',null,null,null,null,null,null,'PT',2867,null,null,1,0,3,null,null,'admin',1);
insert into CUSTOMER (CUSTOMER_ID,CUSTOMER_NAME,CUSTOMER_TYPE,COMPANY_ID,COUNTRY_ID,TAX_ID,BUSINESS_NUMBER,ORGANIZATION_TYPE,TELEPHONE,FAX,AGENCY_COMMISSION_RATE,AGENCY_VOLUME_RATE,MASTER_ORGANIZATION,INVOICE_DELIVERY_PREFERENCE,LANGUAGE,ADDRESS_ID,BILLING_SCENARIO_ID,AGENCY,ACTIVE,EDI,BATCH_ID,TAX_STATUS_ID,VAT_PERCENTAGE,MODIFIED_BY,WITHHOLDING_APPLICABLE) values (2274,'Giacometti','AGENCY',1,3,'55000002258',null,'Agency',null,null,null,null,null,null,'PT',2869,null,null,1,0,3,null,null,'admin',1);
insert into CUSTOMER (CUSTOMER_ID,CUSTOMER_NAME,CUSTOMER_TYPE,COMPANY_ID,COUNTRY_ID,TAX_ID,BUSINESS_NUMBER,ORGANIZATION_TYPE,TELEPHONE,FAX,AGENCY_COMMISSION_RATE,AGENCY_VOLUME_RATE,MASTER_ORGANIZATION,INVOICE_DELIVERY_PREFERENCE,LANGUAGE,ADDRESS_ID,BILLING_SCENARIO_ID,AGENCY,ACTIVE,EDI,BATCH_ID,TAX_STATUS_ID,VAT_PERCENTAGE,MODIFIED_BY,WITHHOLDING_APPLICABLE) values (2275,'Pbc Comunicacao Ltda','AGENCY',1,3,'50000002264','73090482000868','Agency',null,null,null,null,null,null,'PT',2871,null,null,1,0,3,null,null,'admin',1);
insert into CUSTOMER (CUSTOMER_ID,CUSTOMER_NAME,CUSTOMER_TYPE,COMPANY_ID,COUNTRY_ID,TAX_ID,BUSINESS_NUMBER,ORGANIZATION_TYPE,TELEPHONE,FAX,AGENCY_COMMISSION_RATE,AGENCY_VOLUME_RATE,MASTER_ORGANIZATION,INVOICE_DELIVERY_PREFERENCE,LANGUAGE,ADDRESS_ID,BILLING_SCENARIO_ID,AGENCY,ACTIVE,EDI,BATCH_ID,TAX_STATUS_ID,VAT_PERCENTAGE,MODIFIED_BY,WITHHOLDING_APPLICABLE) values (2276,'Caso De Cria????o Programa????o Visual Ltda','AGENCY',1,3,'51600002264',null,'Agency',null,null,null,null,null,null,'PT',2873,null,null,1,0,3,null,null,'admin',1);
insert into CUSTOMER (CUSTOMER_ID,CUSTOMER_NAME,CUSTOMER_TYPE,COMPANY_ID,COUNTRY_ID,TAX_ID,BUSINESS_NUMBER,ORGANIZATION_TYPE,TELEPHONE,FAX,AGENCY_COMMISSION_RATE,AGENCY_VOLUME_RATE,MASTER_ORGANIZATION,INVOICE_DELIVERY_PREFERENCE,LANGUAGE,ADDRESS_ID,BILLING_SCENARIO_ID,AGENCY,ACTIVE,EDI,BATCH_ID,TAX_STATUS_ID,VAT_PERCENTAGE,MODIFIED_BY,WITHHOLDING_APPLICABLE) values (2277,'Porto Seguro CIA De Seguros Gerais','ADVERTISER',1,3,'55000002266',null,'DLA Health',null,null,null,null,null,null,'EN',2875,null,null,1,0,3,null,null,'admin',1);
insert into CUSTOMER (CUSTOMER_ID,CUSTOMER_NAME,CUSTOMER_TYPE,COMPANY_ID,COUNTRY_ID,TAX_ID,BUSINESS_NUMBER,ORGANIZATION_TYPE,TELEPHONE,FAX,AGENCY_COMMISSION_RATE,AGENCY_VOLUME_RATE,MASTER_ORGANIZATION,INVOICE_DELIVERY_PREFERENCE,LANGUAGE,ADDRESS_ID,BILLING_SCENARIO_ID,AGENCY,ACTIVE,EDI,BATCH_ID,TAX_STATUS_ID,VAT_PERCENTAGE,MODIFIED_BY,WITHHOLDING_APPLICABLE) values (2278,'Diageo Argentina S.A.','ADVERTISER',1,1,'50000002272',null,'DLA Beverages',null,null,null,null,null,null,'EN',2877,null,null,1,0,3,null,null,'admin',1);
insert into CUSTOMER (CUSTOMER_ID,CUSTOMER_NAME,CUSTOMER_TYPE,COMPANY_ID,COUNTRY_ID,TAX_ID,BUSINESS_NUMBER,ORGANIZATION_TYPE,TELEPHONE,FAX,AGENCY_COMMISSION_RATE,AGENCY_VOLUME_RATE,MASTER_ORGANIZATION,INVOICE_DELIVERY_PREFERENCE,LANGUAGE,ADDRESS_ID,BILLING_SCENARIO_ID,AGENCY,ACTIVE,EDI,BATCH_ID,TAX_STATUS_ID,VAT_PERCENTAGE,MODIFIED_BY,WITHHOLDING_APPLICABLE) values (2279,'M&C Saatchi F&Q Brasil Comunicacao Ltda.','AGENCY',1,3,'51600002272','10658837000186','Agency',null,null,null,null,null,null,'PT',2879,null,null,1,0,3,null,null,'admin',1);
insert into CUSTOMER (CUSTOMER_ID,CUSTOMER_NAME,CUSTOMER_TYPE,COMPANY_ID,COUNTRY_ID,TAX_ID,BUSINESS_NUMBER,ORGANIZATION_TYPE,TELEPHONE,FAX,AGENCY_COMMISSION_RATE,AGENCY_VOLUME_RATE,MASTER_ORGANIZATION,INVOICE_DELIVERY_PREFERENCE,LANGUAGE,ADDRESS_ID,BILLING_SCENARIO_ID,AGENCY,ACTIVE,EDI,BATCH_ID,TAX_STATUS_ID,VAT_PERCENTAGE,MODIFIED_BY,WITHHOLDING_APPLICABLE) values (2280,'Companhia Thermas Do Rio Quente S/a','ADVERTISER',1,3,'55000002274','1540533000129','DLA Leisure',null,null,null,null,null,null,'PT',2881,null,null,1,0,3,null,null,'admin',1);
insert into CUSTOMER (CUSTOMER_ID,CUSTOMER_NAME,CUSTOMER_TYPE,COMPANY_ID,COUNTRY_ID,TAX_ID,BUSINESS_NUMBER,ORGANIZATION_TYPE,TELEPHONE,FAX,AGENCY_COMMISSION_RATE,AGENCY_VOLUME_RATE,MASTER_ORGANIZATION,INVOICE_DELIVERY_PREFERENCE,LANGUAGE,ADDRESS_ID,BILLING_SCENARIO_ID,AGENCY,ACTIVE,EDI,BATCH_ID,TAX_STATUS_ID,VAT_PERCENTAGE,MODIFIED_BY,WITHHOLDING_APPLICABLE) values (2281,'Calcados Beira Rio S.A','ADVERTISER',1,3,'50000002280','88379771003874','DLA Apparel, Acc. &',null,null,null,null,null,null,'PT',2883,null,null,1,0,3,null,null,'admin',1);
insert into CUSTOMER (CUSTOMER_ID,CUSTOMER_NAME,CUSTOMER_TYPE,COMPANY_ID,COUNTRY_ID,TAX_ID,BUSINESS_NUMBER,ORGANIZATION_TYPE,TELEPHONE,FAX,AGENCY_COMMISSION_RATE,AGENCY_VOLUME_RATE,MASTER_ORGANIZATION,INVOICE_DELIVERY_PREFERENCE,LANGUAGE,ADDRESS_ID,BILLING_SCENARIO_ID,AGENCY,ACTIVE,EDI,BATCH_ID,TAX_STATUS_ID,VAT_PERCENTAGE,MODIFIED_BY,WITHHOLDING_APPLICABLE) values (2282,'Medicos Sem Fronteiras','ADVERTISER',1,3,'51600002280','00988096000148','DLA Orgs & Gov',null,null,null,null,null,null,'EN',2885,null,null,1,0,3,null,null,'admin',1);
insert into CUSTOMER (CUSTOMER_ID,CUSTOMER_NAME,CUSTOMER_TYPE,COMPANY_ID,COUNTRY_ID,TAX_ID,BUSINESS_NUMBER,ORGANIZATION_TYPE,TELEPHONE,FAX,AGENCY_COMMISSION_RATE,AGENCY_VOLUME_RATE,MASTER_ORGANIZATION,INVOICE_DELIVERY_PREFERENCE,LANGUAGE,ADDRESS_ID,BILLING_SCENARIO_ID,AGENCY,ACTIVE,EDI,BATCH_ID,TAX_STATUS_ID,VAT_PERCENTAGE,MODIFIED_BY,WITHHOLDING_APPLICABLE) values (2283,'Bom Neg??cio Atividades De Internet Ltda','ADVERTISER',1,3,'55000002282','136737430002 55','DLA Office',null,null,null,null,null,null,'EN',2887,null,null,1,0,3,null,null,'admin',1);
insert into CUSTOMER (CUSTOMER_ID,CUSTOMER_NAME,CUSTOMER_TYPE,COMPANY_ID,COUNTRY_ID,TAX_ID,BUSINESS_NUMBER,ORGANIZATION_TYPE,TELEPHONE,FAX,AGENCY_COMMISSION_RATE,AGENCY_VOLUME_RATE,MASTER_ORGANIZATION,INVOICE_DELIVERY_PREFERENCE,LANGUAGE,ADDRESS_ID,BILLING_SCENARIO_ID,AGENCY,ACTIVE,EDI,BATCH_ID,TAX_STATUS_ID,VAT_PERCENTAGE,MODIFIED_BY,WITHHOLDING_APPLICABLE) values (2284,'Brito E CIA Ltda','ADVERTISER',1,3,'50000002299','28053601/0001-81','DLA Infant/children',null,null,null,null,null,null,'EN',2889,null,null,1,0,3,null,null,'admin',1);
insert into CUSTOMER (CUSTOMER_ID,CUSTOMER_NAME,CUSTOMER_TYPE,COMPANY_ID,COUNTRY_ID,TAX_ID,BUSINESS_NUMBER,ORGANIZATION_TYPE,TELEPHONE,FAX,AGENCY_COMMISSION_RATE,AGENCY_VOLUME_RATE,MASTER_ORGANIZATION,INVOICE_DELIVERY_PREFERENCE,LANGUAGE,ADDRESS_ID,BILLING_SCENARIO_ID,AGENCY,ACTIVE,EDI,BATCH_ID,TAX_STATUS_ID,VAT_PERCENTAGE,MODIFIED_BY,WITHHOLDING_APPLICABLE) values (2285,'Empresa Folha Da Manh?? S/a','ADVERTISER',1,3,'51600002299','60.579.703/0001-','DLA Entertainment Me',null,null,null,null,null,null,'EN',2891,null,null,1,0,3,null,null,'admin',1);
insert into CUSTOMER (CUSTOMER_ID,CUSTOMER_NAME,CUSTOMER_TYPE,COMPANY_ID,COUNTRY_ID,TAX_ID,BUSINESS_NUMBER,ORGANIZATION_TYPE,TELEPHONE,FAX,AGENCY_COMMISSION_RATE,AGENCY_VOLUME_RATE,MASTER_ORGANIZATION,INVOICE_DELIVERY_PREFERENCE,LANGUAGE,ADDRESS_ID,BILLING_SCENARIO_ID,AGENCY,ACTIVE,EDI,BATCH_ID,TAX_STATUS_ID,VAT_PERCENTAGE,MODIFIED_BY,WITHHOLDING_APPLICABLE) values (2286,'Sunset Publicidade E Marketing Ltda','AGENCY',1,3,'55000002290','09.053.054/0001-','Agency',null,null,null,null,null,null,'PT',2893,null,null,1,0,3,null,null,'admin',1);
insert into CUSTOMER (CUSTOMER_ID,CUSTOMER_NAME,CUSTOMER_TYPE,COMPANY_ID,COUNTRY_ID,TAX_ID,BUSINESS_NUMBER,ORGANIZATION_TYPE,TELEPHONE,FAX,AGENCY_COMMISSION_RATE,AGENCY_VOLUME_RATE,MASTER_ORGANIZATION,INVOICE_DELIVERY_PREFERENCE,LANGUAGE,ADDRESS_ID,BILLING_SCENARIO_ID,AGENCY,ACTIVE,EDI,BATCH_ID,TAX_STATUS_ID,VAT_PERCENTAGE,MODIFIED_BY,WITHHOLDING_APPLICABLE) values (2287,'Totvs S.A','ADVERTISER',1,3,'50000002302','53.113.791/0001-','DLA Entertainment Me',null,null,null,null,null,null,'EN',2895,null,null,1,0,3,null,null,'admin',1);
insert into CUSTOMER (CUSTOMER_ID,CUSTOMER_NAME,CUSTOMER_TYPE,COMPANY_ID,COUNTRY_ID,TAX_ID,BUSINESS_NUMBER,ORGANIZATION_TYPE,TELEPHONE,FAX,AGENCY_COMMISSION_RATE,AGENCY_VOLUME_RATE,MASTER_ORGANIZATION,INVOICE_DELIVERY_PREFERENCE,LANGUAGE,ADDRESS_ID,BILLING_SCENARIO_ID,AGENCY,ACTIVE,EDI,BATCH_ID,TAX_STATUS_ID,VAT_PERCENTAGE,MODIFIED_BY,WITHHOLDING_APPLICABLE) values (2288,'Associa????o Gendai','ADVERTISER',1,3,'51600002302','14.452.710/0001-','DLA Food',null,null,null,null,null,null,'EN',2897,null,null,1,0,3,null,null,'admin',1);
insert into CUSTOMER (CUSTOMER_ID,CUSTOMER_NAME,CUSTOMER_TYPE,COMPANY_ID,COUNTRY_ID,TAX_ID,BUSINESS_NUMBER,ORGANIZATION_TYPE,TELEPHONE,FAX,AGENCY_COMMISSION_RATE,AGENCY_VOLUME_RATE,MASTER_ORGANIZATION,INVOICE_DELIVERY_PREFERENCE,LANGUAGE,ADDRESS_ID,BILLING_SCENARIO_ID,AGENCY,ACTIVE,EDI,BATCH_ID,TAX_STATUS_ID,VAT_PERCENTAGE,MODIFIED_BY,WITHHOLDING_APPLICABLE) values (2289,'La Virgina S.A. (Gi??como)','ADVERTISER',1,1,'55000002304',null,'DLA Food',null,null,null,null,null,null,'EN',2899,null,null,1,0,3,null,null,'admin',1);
insert into CUSTOMER (CUSTOMER_ID,CUSTOMER_NAME,CUSTOMER_TYPE,COMPANY_ID,COUNTRY_ID,TAX_ID,BUSINESS_NUMBER,ORGANIZATION_TYPE,TELEPHONE,FAX,AGENCY_COMMISSION_RATE,AGENCY_VOLUME_RATE,MASTER_ORGANIZATION,INVOICE_DELIVERY_PREFERENCE,LANGUAGE,ADDRESS_ID,BILLING_SCENARIO_ID,AGENCY,ACTIVE,EDI,BATCH_ID,TAX_STATUS_ID,VAT_PERCENTAGE,MODIFIED_BY,WITHHOLDING_APPLICABLE) values (2290,'Banco Macro S.A.','ADVERTISER',1,1,'50000002310',null,'DLA Financial',null,null,null,null,null,null,'EN',2901,null,null,1,0,3,null,null,'admin',1);
insert into CUSTOMER (CUSTOMER_ID,CUSTOMER_NAME,CUSTOMER_TYPE,COMPANY_ID,COUNTRY_ID,TAX_ID,BUSINESS_NUMBER,ORGANIZATION_TYPE,TELEPHONE,FAX,AGENCY_COMMISSION_RATE,AGENCY_VOLUME_RATE,MASTER_ORGANIZATION,INVOICE_DELIVERY_PREFERENCE,LANGUAGE,ADDRESS_ID,BILLING_SCENARIO_ID,AGENCY,ACTIVE,EDI,BATCH_ID,TAX_STATUS_ID,VAT_PERCENTAGE,MODIFIED_BY,WITHHOLDING_APPLICABLE) values (2291,'Mead Johnson Nutrition Argentina S.A.','ADVERTISER',1,1,'51600002310',null,'DLA Food',null,null,null,null,null,null,'EN',2903,null,null,1,0,3,null,null,'admin',1);
insert into CUSTOMER (CUSTOMER_ID,CUSTOMER_NAME,CUSTOMER_TYPE,COMPANY_ID,COUNTRY_ID,TAX_ID,BUSINESS_NUMBER,ORGANIZATION_TYPE,TELEPHONE,FAX,AGENCY_COMMISSION_RATE,AGENCY_VOLUME_RATE,MASTER_ORGANIZATION,INVOICE_DELIVERY_PREFERENCE,LANGUAGE,ADDRESS_ID,BILLING_SCENARIO_ID,AGENCY,ACTIVE,EDI,BATCH_ID,TAX_STATUS_ID,VAT_PERCENTAGE,MODIFIED_BY,WITHHOLDING_APPLICABLE) values (2292,'Hotelaria S??o Sebasti??o Ltda - Epp','ADVERTISER',1,3,'55000002312','11.078.476/0001-','DLA Leisure',null,null,null,null,null,null,'EN',2905,null,null,1,0,3,null,null,'admin',1);
insert into CUSTOMER (CUSTOMER_ID,CUSTOMER_NAME,CUSTOMER_TYPE,COMPANY_ID,COUNTRY_ID,TAX_ID,BUSINESS_NUMBER,ORGANIZATION_TYPE,TELEPHONE,FAX,AGENCY_COMMISSION_RATE,AGENCY_VOLUME_RATE,MASTER_ORGANIZATION,INVOICE_DELIVERY_PREFERENCE,LANGUAGE,ADDRESS_ID,BILLING_SCENARIO_ID,AGENCY,ACTIVE,EDI,BATCH_ID,TAX_STATUS_ID,VAT_PERCENTAGE,MODIFIED_BY,WITHHOLDING_APPLICABLE) values (2293,'Sentidos S.A.','AGENCY',1,1,'50000002329',null,'Agency',null,null,null,null,null,null,'ES',2907,null,null,1,0,3,null,null,'admin',1);
insert into CUSTOMER (CUSTOMER_ID,CUSTOMER_NAME,CUSTOMER_TYPE,COMPANY_ID,COUNTRY_ID,TAX_ID,BUSINESS_NUMBER,ORGANIZATION_TYPE,TELEPHONE,FAX,AGENCY_COMMISSION_RATE,AGENCY_VOLUME_RATE,MASTER_ORGANIZATION,INVOICE_DELIVERY_PREFERENCE,LANGUAGE,ADDRESS_ID,BILLING_SCENARIO_ID,AGENCY,ACTIVE,EDI,BATCH_ID,TAX_STATUS_ID,VAT_PERCENTAGE,MODIFIED_BY,WITHHOLDING_APPLICABLE) values (2294,'Provincia De Mendoza','ADVERTISER',1,1,'51600002329',null,'DLA Orgs & Gov',null,null,null,null,null,null,'EN',2909,null,null,1,0,3,null,null,'admin',1);
insert into CUSTOMER (CUSTOMER_ID,CUSTOMER_NAME,CUSTOMER_TYPE,COMPANY_ID,COUNTRY_ID,TAX_ID,BUSINESS_NUMBER,ORGANIZATION_TYPE,TELEPHONE,FAX,AGENCY_COMMISSION_RATE,AGENCY_VOLUME_RATE,MASTER_ORGANIZATION,INVOICE_DELIVERY_PREFERENCE,LANGUAGE,ADDRESS_ID,BILLING_SCENARIO_ID,AGENCY,ACTIVE,EDI,BATCH_ID,TAX_STATUS_ID,VAT_PERCENTAGE,MODIFIED_BY,WITHHOLDING_APPLICABLE) values (2295,'3M Do Brasil Ltda','ADVERTISER',1,3,'55000002320','459853710000108','DLA Packaged Goods',null,null,null,null,null,null,'PT',2911,null,null,1,0,3,null,null,'admin',1);
insert into CUSTOMER (CUSTOMER_ID,CUSTOMER_NAME,CUSTOMER_TYPE,COMPANY_ID,COUNTRY_ID,TAX_ID,BUSINESS_NUMBER,ORGANIZATION_TYPE,TELEPHONE,FAX,AGENCY_COMMISSION_RATE,AGENCY_VOLUME_RATE,MASTER_ORGANIZATION,INVOICE_DELIVERY_PREFERENCE,LANGUAGE,ADDRESS_ID,BILLING_SCENARIO_ID,AGENCY,ACTIVE,EDI,BATCH_ID,TAX_STATUS_ID,VAT_PERCENTAGE,MODIFIED_BY,WITHHOLDING_APPLICABLE) values (2296,'L''oreal Brasil Com. Cosmet. Ltda','ADVERTISER',1,3,'50000002337','30.278.428/0001-','DLA Personal Care',null,null,null,null,null,null,'EN',2913,null,null,1,0,3,null,null,'admin',1);
insert into CUSTOMER (CUSTOMER_ID,CUSTOMER_NAME,CUSTOMER_TYPE,COMPANY_ID,COUNTRY_ID,TAX_ID,BUSINESS_NUMBER,ORGANIZATION_TYPE,TELEPHONE,FAX,AGENCY_COMMISSION_RATE,AGENCY_VOLUME_RATE,MASTER_ORGANIZATION,INVOICE_DELIVERY_PREFERENCE,LANGUAGE,ADDRESS_ID,BILLING_SCENARIO_ID,AGENCY,ACTIVE,EDI,BATCH_ID,TAX_STATUS_ID,VAT_PERCENTAGE,MODIFIED_BY,WITHHOLDING_APPLICABLE) values (2297,'Philips Argentina S.A.','ADVERTISER',1,1,'51600002337',null,'DLA Electronics',null,null,null,null,null,null,'EN',2915,null,null,1,0,3,null,null,'admin',1);
insert into CUSTOMER (CUSTOMER_ID,CUSTOMER_NAME,CUSTOMER_TYPE,COMPANY_ID,COUNTRY_ID,TAX_ID,BUSINESS_NUMBER,ORGANIZATION_TYPE,TELEPHONE,FAX,AGENCY_COMMISSION_RATE,AGENCY_VOLUME_RATE,MASTER_ORGANIZATION,INVOICE_DELIVERY_PREFERENCE,LANGUAGE,ADDRESS_ID,BILLING_SCENARIO_ID,AGENCY,ACTIVE,EDI,BATCH_ID,TAX_STATUS_ID,VAT_PERCENTAGE,MODIFIED_BY,WITHHOLDING_APPLICABLE) values (2298,'Via Varejo S/a','ADVERTISER',1,3,'55000002339','33.041.260/0652-','DLA Purchases',null,null,null,null,null,null,'EN',2917,null,null,1,0,3,null,null,'admin',1);
insert into CUSTOMER (CUSTOMER_ID,CUSTOMER_NAME,CUSTOMER_TYPE,COMPANY_ID,COUNTRY_ID,TAX_ID,BUSINESS_NUMBER,ORGANIZATION_TYPE,TELEPHONE,FAX,AGENCY_COMMISSION_RATE,AGENCY_VOLUME_RATE,MASTER_ORGANIZATION,INVOICE_DELIVERY_PREFERENCE,LANGUAGE,ADDRESS_ID,BILLING_SCENARIO_ID,AGENCY,ACTIVE,EDI,BATCH_ID,TAX_STATUS_ID,VAT_PERCENTAGE,MODIFIED_BY,WITHHOLDING_APPLICABLE) values (2300,'A.G.E.A. S.A.','ADVERTISER',1,1,'30709889334',null,'DLA Entertainment Me',null,null,0,0,null,'EMAIL','ES',2921,3,null,1,0,3,11,null,'admin',1);
insert into CUSTOMER (CUSTOMER_ID,CUSTOMER_NAME,CUSTOMER_TYPE,COMPANY_ID,COUNTRY_ID,TAX_ID,BUSINESS_NUMBER,ORGANIZATION_TYPE,TELEPHONE,FAX,AGENCY_COMMISSION_RATE,AGENCY_VOLUME_RATE,MASTER_ORGANIZATION,INVOICE_DELIVERY_PREFERENCE,LANGUAGE,ADDRESS_ID,BILLING_SCENARIO_ID,AGENCY,ACTIVE,EDI,BATCH_ID,TAX_STATUS_ID,VAT_PERCENTAGE,MODIFIED_BY,WITHHOLDING_APPLICABLE) values (2301,'Rede Brasileira De Bem Estar Franquia De Estabelecimentos Comerciais L','ADVERTISER',1,3,'55000002347','09.318.919/0001-','DLA Health',null,null,null,null,null,null,'EN',2923,null,null,1,0,3,null,null,'admin',1);
insert into CUSTOMER (CUSTOMER_ID,CUSTOMER_NAME,CUSTOMER_TYPE,COMPANY_ID,COUNTRY_ID,TAX_ID,BUSINESS_NUMBER,ORGANIZATION_TYPE,TELEPHONE,FAX,AGENCY_COMMISSION_RATE,AGENCY_VOLUME_RATE,MASTER_ORGANIZATION,INVOICE_DELIVERY_PREFERENCE,LANGUAGE,ADDRESS_ID,BILLING_SCENARIO_ID,AGENCY,ACTIVE,EDI,BATCH_ID,TAX_STATUS_ID,VAT_PERCENTAGE,MODIFIED_BY,WITHHOLDING_APPLICABLE) values (2302,'Fess'' Kobbi Assessoria De Mkt E Comunica????o','AGENCY',1,3,'50000002353','04.408.730/0001-','Agency',null,null,null,null,null,null,'PT',2925,null,null,1,0,3,null,null,'admin',1);
insert into CUSTOMER (CUSTOMER_ID,CUSTOMER_NAME,CUSTOMER_TYPE,COMPANY_ID,COUNTRY_ID,TAX_ID,BUSINESS_NUMBER,ORGANIZATION_TYPE,TELEPHONE,FAX,AGENCY_COMMISSION_RATE,AGENCY_VOLUME_RATE,MASTER_ORGANIZATION,INVOICE_DELIVERY_PREFERENCE,LANGUAGE,ADDRESS_ID,BILLING_SCENARIO_ID,AGENCY,ACTIVE,EDI,BATCH_ID,TAX_STATUS_ID,VAT_PERCENTAGE,MODIFIED_BY,WITHHOLDING_APPLICABLE) values (2303,'Moas Ind. Com. Imp. & Exp. Ltda','ADVERTISER',1,3,'51600002353','05.388.725/0001-','DLA Infant/children',null,null,null,null,null,null,'PT',2927,null,null,1,0,3,null,null,'admin',1);
insert into CUSTOMER (CUSTOMER_ID,CUSTOMER_NAME,CUSTOMER_TYPE,COMPANY_ID,COUNTRY_ID,TAX_ID,BUSINESS_NUMBER,ORGANIZATION_TYPE,TELEPHONE,FAX,AGENCY_COMMISSION_RATE,AGENCY_VOLUME_RATE,MASTER_ORGANIZATION,INVOICE_DELIVERY_PREFERENCE,LANGUAGE,ADDRESS_ID,BILLING_SCENARIO_ID,AGENCY,ACTIVE,EDI,BATCH_ID,TAX_STATUS_ID,VAT_PERCENTAGE,MODIFIED_BY,WITHHOLDING_APPLICABLE) values (2304,'Artsana Brasil Ltda','ADVERTISER',1,3,'55000002355','02340424000120','DLA Infant/children',null,null,null,null,null,null,'EN',2929,null,null,1,0,3,null,null,'admin',1);
insert into CUSTOMER (CUSTOMER_ID,CUSTOMER_NAME,CUSTOMER_TYPE,COMPANY_ID,COUNTRY_ID,TAX_ID,BUSINESS_NUMBER,ORGANIZATION_TYPE,TELEPHONE,FAX,AGENCY_COMMISSION_RATE,AGENCY_VOLUME_RATE,MASTER_ORGANIZATION,INVOICE_DELIVERY_PREFERENCE,LANGUAGE,ADDRESS_ID,BILLING_SCENARIO_ID,AGENCY,ACTIVE,EDI,BATCH_ID,TAX_STATUS_ID,VAT_PERCENTAGE,MODIFIED_BY,WITHHOLDING_APPLICABLE) values (2305,'Servico Brasileiro De Apoio As Micro E Pequenas Empresas','ADVERTISER',1,3,'50000002361',null,'DLA Other Services',null,null,null,null,null,null,'EN',2931,null,null,1,0,3,null,null,'admin',1);
insert into CUSTOMER (CUSTOMER_ID,CUSTOMER_NAME,CUSTOMER_TYPE,COMPANY_ID,COUNTRY_ID,TAX_ID,BUSINESS_NUMBER,ORGANIZATION_TYPE,TELEPHONE,FAX,AGENCY_COMMISSION_RATE,AGENCY_VOLUME_RATE,MASTER_ORGANIZATION,INVOICE_DELIVERY_PREFERENCE,LANGUAGE,ADDRESS_ID,BILLING_SCENARIO_ID,AGENCY,ACTIVE,EDI,BATCH_ID,TAX_STATUS_ID,VAT_PERCENTAGE,MODIFIED_BY,WITHHOLDING_APPLICABLE) values (2306,'Polenghui Industrias Alimenticias Ltda','ADVERTISER',1,3,'51600002361','24949232000159','DLA Food',null,null,null,null,null,null,'EN',2933,null,null,1,0,3,null,null,'admin',1);
insert into CUSTOMER (CUSTOMER_ID,CUSTOMER_NAME,CUSTOMER_TYPE,COMPANY_ID,COUNTRY_ID,TAX_ID,BUSINESS_NUMBER,ORGANIZATION_TYPE,TELEPHONE,FAX,AGENCY_COMMISSION_RATE,AGENCY_VOLUME_RATE,MASTER_ORGANIZATION,INVOICE_DELIVERY_PREFERENCE,LANGUAGE,ADDRESS_ID,BILLING_SCENARIO_ID,AGENCY,ACTIVE,EDI,BATCH_ID,TAX_STATUS_ID,VAT_PERCENTAGE,MODIFIED_BY,WITHHOLDING_APPLICABLE) values (2307,'Disney Destination, Llc','ADVERTISER',1,10,'55000002363',null,'DLA Travel',null,null,null,null,null,null,'EN',2935,null,null,1,0,3,null,null,'admin',1);
insert into CUSTOMER (CUSTOMER_ID,CUSTOMER_NAME,CUSTOMER_TYPE,COMPANY_ID,COUNTRY_ID,TAX_ID,BUSINESS_NUMBER,ORGANIZATION_TYPE,TELEPHONE,FAX,AGENCY_COMMISSION_RATE,AGENCY_VOLUME_RATE,MASTER_ORGANIZATION,INVOICE_DELIVERY_PREFERENCE,LANGUAGE,ADDRESS_ID,BILLING_SCENARIO_ID,AGENCY,ACTIVE,EDI,BATCH_ID,TAX_STATUS_ID,VAT_PERCENTAGE,MODIFIED_BY,WITHHOLDING_APPLICABLE) values (2308,'Universo Online Ltda','ADVERTISER',1,3,'50000002396','01109184000195','Movies, Media, & Adv',null,null,null,null,null,null,'PT',2937,null,null,1,0,3,null,null,'admin',1);
insert into CUSTOMER (CUSTOMER_ID,CUSTOMER_NAME,CUSTOMER_TYPE,COMPANY_ID,COUNTRY_ID,TAX_ID,BUSINESS_NUMBER,ORGANIZATION_TYPE,TELEPHONE,FAX,AGENCY_COMMISSION_RATE,AGENCY_VOLUME_RATE,MASTER_ORGANIZATION,INVOICE_DELIVERY_PREFERENCE,LANGUAGE,ADDRESS_ID,BILLING_SCENARIO_ID,AGENCY,ACTIVE,EDI,BATCH_ID,TAX_STATUS_ID,VAT_PERCENTAGE,MODIFIED_BY,WITHHOLDING_APPLICABLE) values (2309,'Csz Comunicacao Ltda','AGENCY',1,3,'51600002396','03910644000105','Agency',null,null,null,null,null,null,'PT',2939,null,null,1,0,3,null,null,'admin',1);
insert into CUSTOMER (CUSTOMER_ID,CUSTOMER_NAME,CUSTOMER_TYPE,COMPANY_ID,COUNTRY_ID,TAX_ID,BUSINESS_NUMBER,ORGANIZATION_TYPE,TELEPHONE,FAX,AGENCY_COMMISSION_RATE,AGENCY_VOLUME_RATE,MASTER_ORGANIZATION,INVOICE_DELIVERY_PREFERENCE,LANGUAGE,ADDRESS_ID,BILLING_SCENARIO_ID,AGENCY,ACTIVE,EDI,BATCH_ID,TAX_STATUS_ID,VAT_PERCENTAGE,MODIFIED_BY,WITHHOLDING_APPLICABLE) values (2310,'Club Med Do Brasil S.A.','ADVERTISER',1,3,'55000002398','03010384000111','DLA Travel',null,null,null,null,null,null,'EN',2941,null,null,1,0,3,null,null,'admin',1);
insert into CUSTOMER (CUSTOMER_ID,CUSTOMER_NAME,CUSTOMER_TYPE,COMPANY_ID,COUNTRY_ID,TAX_ID,BUSINESS_NUMBER,ORGANIZATION_TYPE,TELEPHONE,FAX,AGENCY_COMMISSION_RATE,AGENCY_VOLUME_RATE,MASTER_ORGANIZATION,INVOICE_DELIVERY_PREFERENCE,LANGUAGE,ADDRESS_ID,BILLING_SCENARIO_ID,AGENCY,ACTIVE,EDI,BATCH_ID,TAX_STATUS_ID,VAT_PERCENTAGE,MODIFIED_BY,WITHHOLDING_APPLICABLE) values (2312,'Mmc Automotores Do Brasil Ltda','ADVERTISER',1,3,'51600002426','54305743000107','DLA Automotive',null,null,null,null,null,null,'PT',2945,null,null,1,0,3,null,null,'admin',1);
insert into CUSTOMER (CUSTOMER_ID,CUSTOMER_NAME,CUSTOMER_TYPE,COMPANY_ID,COUNTRY_ID,TAX_ID,BUSINESS_NUMBER,ORGANIZATION_TYPE,TELEPHONE,FAX,AGENCY_COMMISSION_RATE,AGENCY_VOLUME_RATE,MASTER_ORGANIZATION,INVOICE_DELIVERY_PREFERENCE,LANGUAGE,ADDRESS_ID,BILLING_SCENARIO_ID,AGENCY,ACTIVE,EDI,BATCH_ID,TAX_STATUS_ID,VAT_PERCENTAGE,MODIFIED_BY,WITHHOLDING_APPLICABLE) values (2313,'Associacao Spoleto','ADVERTISER',1,3,'55000002428',null,'DLA Restaurants',null,null,null,null,null,null,'EN',2947,null,null,1,0,3,null,null,'admin',1);
insert into CUSTOMER (CUSTOMER_ID,CUSTOMER_NAME,CUSTOMER_TYPE,COMPANY_ID,COUNTRY_ID,TAX_ID,BUSINESS_NUMBER,ORGANIZATION_TYPE,TELEPHONE,FAX,AGENCY_COMMISSION_RATE,AGENCY_VOLUME_RATE,MASTER_ORGANIZATION,INVOICE_DELIVERY_PREFERENCE,LANGUAGE,ADDRESS_ID,BILLING_SCENARIO_ID,AGENCY,ACTIVE,EDI,BATCH_ID,TAX_STATUS_ID,VAT_PERCENTAGE,MODIFIED_BY,WITHHOLDING_APPLICABLE) values (2314,'Y&R Propaganda Ltda','AGENCY',1,3,'50000002434','58456336000143','DLA Automotive',null,null,null,null,null,null,'PT',2949,null,null,1,0,3,null,null,'admin',1);
insert into CUSTOMER (CUSTOMER_ID,CUSTOMER_NAME,CUSTOMER_TYPE,COMPANY_ID,COUNTRY_ID,TAX_ID,BUSINESS_NUMBER,ORGANIZATION_TYPE,TELEPHONE,FAX,AGENCY_COMMISSION_RATE,AGENCY_VOLUME_RATE,MASTER_ORGANIZATION,INVOICE_DELIVERY_PREFERENCE,LANGUAGE,ADDRESS_ID,BILLING_SCENARIO_ID,AGENCY,ACTIVE,EDI,BATCH_ID,TAX_STATUS_ID,VAT_PERCENTAGE,MODIFIED_BY,WITHHOLDING_APPLICABLE) values (2315,'Peugeot Citroen Do Brasil Automoveis Ltda (Sao Paulo)','ADVERTISER',1,3,'51600002434','67405936001064','DLA Automotive',null,null,null,null,null,null,'PT',2951,null,null,1,0,3,null,null,'admin',1);
insert into CUSTOMER (CUSTOMER_ID,CUSTOMER_NAME,CUSTOMER_TYPE,COMPANY_ID,COUNTRY_ID,TAX_ID,BUSINESS_NUMBER,ORGANIZATION_TYPE,TELEPHONE,FAX,AGENCY_COMMISSION_RATE,AGENCY_VOLUME_RATE,MASTER_ORGANIZATION,INVOICE_DELIVERY_PREFERENCE,LANGUAGE,ADDRESS_ID,BILLING_SCENARIO_ID,AGENCY,ACTIVE,EDI,BATCH_ID,TAX_STATUS_ID,VAT_PERCENTAGE,MODIFIED_BY,WITHHOLDING_APPLICABLE) values (2316,'Olx S.A.','ADVERTISER',1,1,'55000002436',null,'DLA Entertainment Me',null,null,null,null,null,null,'ES',2953,null,null,1,0,3,null,null,'admin',1);
insert into CUSTOMER (CUSTOMER_ID,CUSTOMER_NAME,CUSTOMER_TYPE,COMPANY_ID,COUNTRY_ID,TAX_ID,BUSINESS_NUMBER,ORGANIZATION_TYPE,TELEPHONE,FAX,AGENCY_COMMISSION_RATE,AGENCY_VOLUME_RATE,MASTER_ORGANIZATION,INVOICE_DELIVERY_PREFERENCE,LANGUAGE,ADDRESS_ID,BILLING_SCENARIO_ID,AGENCY,ACTIVE,EDI,BATCH_ID,TAX_STATUS_ID,VAT_PERCENTAGE,MODIFIED_BY,WITHHOLDING_APPLICABLE) values (2317,'T4f Entretenimento S/a','ADVERTISER',1,3,'50000002825','028606940008-39','DLA Entertainment Me',null,null,null,null,null,null,'EN',2955,null,null,1,0,3,null,null,'admin',1);
insert into CUSTOMER (CUSTOMER_ID,CUSTOMER_NAME,CUSTOMER_TYPE,COMPANY_ID,COUNTRY_ID,TAX_ID,BUSINESS_NUMBER,ORGANIZATION_TYPE,TELEPHONE,FAX,AGENCY_COMMISSION_RATE,AGENCY_VOLUME_RATE,MASTER_ORGANIZATION,INVOICE_DELIVERY_PREFERENCE,LANGUAGE,ADDRESS_ID,BILLING_SCENARIO_ID,AGENCY,ACTIVE,EDI,BATCH_ID,TAX_STATUS_ID,VAT_PERCENTAGE,MODIFIED_BY,WITHHOLDING_APPLICABLE) values (2318,'Borghilowe Propaganda E Mkt Ltda (Sao Paulo)','AGENCY',1,3,'51600002825','61067377000152','Agency',null,null,null,null,null,null,'PT',2957,null,null,1,0,3,null,null,'admin',1);
insert into CUSTOMER (CUSTOMER_ID,CUSTOMER_NAME,CUSTOMER_TYPE,COMPANY_ID,COUNTRY_ID,TAX_ID,BUSINESS_NUMBER,ORGANIZATION_TYPE,TELEPHONE,FAX,AGENCY_COMMISSION_RATE,AGENCY_VOLUME_RATE,MASTER_ORGANIZATION,INVOICE_DELIVERY_PREFERENCE,LANGUAGE,ADDRESS_ID,BILLING_SCENARIO_ID,AGENCY,ACTIVE,EDI,BATCH_ID,TAX_STATUS_ID,VAT_PERCENTAGE,MODIFIED_BY,WITHHOLDING_APPLICABLE) values (2319,'F.Biz Comunicacao Ltda','AGENCY',1,3,'55000002827','31565104002110','Agency',null,null,null,null,null,null,'PT',2959,null,null,1,0,3,null,null,'admin',1);
insert into CUSTOMER (CUSTOMER_ID,CUSTOMER_NAME,CUSTOMER_TYPE,COMPANY_ID,COUNTRY_ID,TAX_ID,BUSINESS_NUMBER,ORGANIZATION_TYPE,TELEPHONE,FAX,AGENCY_COMMISSION_RATE,AGENCY_VOLUME_RATE,MASTER_ORGANIZATION,INVOICE_DELIVERY_PREFERENCE,LANGUAGE,ADDRESS_ID,BILLING_SCENARIO_ID,AGENCY,ACTIVE,EDI,BATCH_ID,TAX_STATUS_ID,VAT_PERCENTAGE,MODIFIED_BY,WITHHOLDING_APPLICABLE) values (2320,'Wieden + Kennedy Brasil Comunicacao Ltda','AGENCY',1,3,'50000002841','12339942000188','Agency',null,null,null,null,null,null,'PT',2961,null,null,1,0,3,null,null,'admin',1);
insert into CUSTOMER (CUSTOMER_ID,CUSTOMER_NAME,CUSTOMER_TYPE,COMPANY_ID,COUNTRY_ID,TAX_ID,BUSINESS_NUMBER,ORGANIZATION_TYPE,TELEPHONE,FAX,AGENCY_COMMISSION_RATE,AGENCY_VOLUME_RATE,MASTER_ORGANIZATION,INVOICE_DELIVERY_PREFERENCE,LANGUAGE,ADDRESS_ID,BILLING_SCENARIO_ID,AGENCY,ACTIVE,EDI,BATCH_ID,TAX_STATUS_ID,VAT_PERCENTAGE,MODIFIED_BY,WITHHOLDING_APPLICABLE) values (2321,'G2 Grey Comunicacao E Marketing Ltda','AGENCY',1,3,'51600002841','01621063000470','Agency',null,null,null,null,null,null,'PT',2963,null,null,1,0,3,null,null,'admin',1);
insert into CUSTOMER (CUSTOMER_ID,CUSTOMER_NAME,CUSTOMER_TYPE,COMPANY_ID,COUNTRY_ID,TAX_ID,BUSINESS_NUMBER,ORGANIZATION_TYPE,TELEPHONE,FAX,AGENCY_COMMISSION_RATE,AGENCY_VOLUME_RATE,MASTER_ORGANIZATION,INVOICE_DELIVERY_PREFERENCE,LANGUAGE,ADDRESS_ID,BILLING_SCENARIO_ID,AGENCY,ACTIVE,EDI,BATCH_ID,TAX_STATUS_ID,VAT_PERCENTAGE,MODIFIED_BY,WITHHOLDING_APPLICABLE) values (2322,'Actionaid Brazil','ADVERTISER',1,3,'55000002843','02.825.195/0001-','DLA Orgs & Gov',null,null,null,null,null,null,'EN',2965,null,null,1,0,3,null,null,'admin',1);
insert into CUSTOMER (CUSTOMER_ID,CUSTOMER_NAME,CUSTOMER_TYPE,COMPANY_ID,COUNTRY_ID,TAX_ID,BUSINESS_NUMBER,ORGANIZATION_TYPE,TELEPHONE,FAX,AGENCY_COMMISSION_RATE,AGENCY_VOLUME_RATE,MASTER_ORGANIZATION,INVOICE_DELIVERY_PREFERENCE,LANGUAGE,ADDRESS_ID,BILLING_SCENARIO_ID,AGENCY,ACTIVE,EDI,BATCH_ID,TAX_STATUS_ID,VAT_PERCENTAGE,MODIFIED_BY,WITHHOLDING_APPLICABLE) values (2323,'Premissa Comunicacao Ltda','AGENCY',1,3,'50000002876','04542755000179','Agency',null,null,null,null,null,null,'PT',2967,null,null,1,0,3,null,null,'admin',1);
insert into CUSTOMER (CUSTOMER_ID,CUSTOMER_NAME,CUSTOMER_TYPE,COMPANY_ID,COUNTRY_ID,TAX_ID,BUSINESS_NUMBER,ORGANIZATION_TYPE,TELEPHONE,FAX,AGENCY_COMMISSION_RATE,AGENCY_VOLUME_RATE,MASTER_ORGANIZATION,INVOICE_DELIVERY_PREFERENCE,LANGUAGE,ADDRESS_ID,BILLING_SCENARIO_ID,AGENCY,ACTIVE,EDI,BATCH_ID,TAX_STATUS_ID,VAT_PERCENTAGE,MODIFIED_BY,WITHHOLDING_APPLICABLE) values (2324,'Frajo Internacional De Cosmeticos S.A.','ADVERTISER',1,3,'51600002876','00160015000206','DLA Personal Care',null,null,null,null,null,null,'EN',2969,null,null,1,0,3,null,null,'admin',1);
insert into CUSTOMER (CUSTOMER_ID,CUSTOMER_NAME,CUSTOMER_TYPE,COMPANY_ID,COUNTRY_ID,TAX_ID,BUSINESS_NUMBER,ORGANIZATION_TYPE,TELEPHONE,FAX,AGENCY_COMMISSION_RATE,AGENCY_VOLUME_RATE,MASTER_ORGANIZATION,INVOICE_DELIVERY_PREFERENCE,LANGUAGE,ADDRESS_ID,BILLING_SCENARIO_ID,AGENCY,ACTIVE,EDI,BATCH_ID,TAX_STATUS_ID,VAT_PERCENTAGE,MODIFIED_BY,WITHHOLDING_APPLICABLE) values (2325,'Agencia Matriz Comunicacao E Marketing Ltda','AGENCY',1,3,'55000002878','87039772000115','Agency',null,null,null,null,null,null,'PT',2971,null,null,1,0,3,null,null,'admin',1);
insert into CUSTOMER (CUSTOMER_ID,CUSTOMER_NAME,CUSTOMER_TYPE,COMPANY_ID,COUNTRY_ID,TAX_ID,BUSINESS_NUMBER,ORGANIZATION_TYPE,TELEPHONE,FAX,AGENCY_COMMISSION_RATE,AGENCY_VOLUME_RATE,MASTER_ORGANIZATION,INVOICE_DELIVERY_PREFERENCE,LANGUAGE,ADDRESS_ID,BILLING_SCENARIO_ID,AGENCY,ACTIVE,EDI,BATCH_ID,TAX_STATUS_ID,VAT_PERCENTAGE,MODIFIED_BY,WITHHOLDING_APPLICABLE) values (2326,'Pilecco Nobre Alimentos Ltda','ADVERTISER',1,3,'50000002882','88944558000176','DLA Food',null,null,null,null,null,null,'EN',2973,null,null,1,0,3,null,null,'admin',1);
insert into CUSTOMER (CUSTOMER_ID,CUSTOMER_NAME,CUSTOMER_TYPE,COMPANY_ID,COUNTRY_ID,TAX_ID,BUSINESS_NUMBER,ORGANIZATION_TYPE,TELEPHONE,FAX,AGENCY_COMMISSION_RATE,AGENCY_VOLUME_RATE,MASTER_ORGANIZATION,INVOICE_DELIVERY_PREFERENCE,LANGUAGE,ADDRESS_ID,BILLING_SCENARIO_ID,AGENCY,ACTIVE,EDI,BATCH_ID,TAX_STATUS_ID,VAT_PERCENTAGE,MODIFIED_BY,WITHHOLDING_APPLICABLE) values (2327,'J. Walter Thompson Publicidade Ltda. (Curitiba)','AGENCY',1,3,'51600002884','56927221000750','Agency',null,null,null,null,null,null,'PT',2975,null,null,1,0,3,null,null,'admin',1);
insert into CUSTOMER (CUSTOMER_ID,CUSTOMER_NAME,CUSTOMER_TYPE,COMPANY_ID,COUNTRY_ID,TAX_ID,BUSINESS_NUMBER,ORGANIZATION_TYPE,TELEPHONE,FAX,AGENCY_COMMISSION_RATE,AGENCY_VOLUME_RATE,MASTER_ORGANIZATION,INVOICE_DELIVERY_PREFERENCE,LANGUAGE,ADDRESS_ID,BILLING_SCENARIO_ID,AGENCY,ACTIVE,EDI,BATCH_ID,TAX_STATUS_ID,VAT_PERCENTAGE,MODIFIED_BY,WITHHOLDING_APPLICABLE) values (2329,'Havas Worldwide Sao Paulo Comunicacao','AGENCY',1,3,'50000002892','01061707000170','Agency',null,null,null,null,null,null,'PT',2979,null,null,1,0,3,null,null,'admin',1);
insert into CUSTOMER (CUSTOMER_ID,CUSTOMER_NAME,CUSTOMER_TYPE,COMPANY_ID,COUNTRY_ID,TAX_ID,BUSINESS_NUMBER,ORGANIZATION_TYPE,TELEPHONE,FAX,AGENCY_COMMISSION_RATE,AGENCY_VOLUME_RATE,MASTER_ORGANIZATION,INVOICE_DELIVERY_PREFERENCE,LANGUAGE,ADDRESS_ID,BILLING_SCENARIO_ID,AGENCY,ACTIVE,EDI,BATCH_ID,TAX_STATUS_ID,VAT_PERCENTAGE,MODIFIED_BY,WITHHOLDING_APPLICABLE) values (2330,'Metra Publicidade','AGENCY',1,3,'51600002892','818145270001','Agency',null,null,null,null,null,null,'PT',2981,null,null,1,0,3,null,null,'admin',1);
insert into CUSTOMER (CUSTOMER_ID,CUSTOMER_NAME,CUSTOMER_TYPE,COMPANY_ID,COUNTRY_ID,TAX_ID,BUSINESS_NUMBER,ORGANIZATION_TYPE,TELEPHONE,FAX,AGENCY_COMMISSION_RATE,AGENCY_VOLUME_RATE,MASTER_ORGANIZATION,INVOICE_DELIVERY_PREFERENCE,LANGUAGE,ADDRESS_ID,BILLING_SCENARIO_ID,AGENCY,ACTIVE,EDI,BATCH_ID,TAX_STATUS_ID,VAT_PERCENTAGE,MODIFIED_BY,WITHHOLDING_APPLICABLE) values (2331,'Corporation For Travel Promotion D/b/a/brand Usa','ADVERTISER',1,10,'55000002894','00000000229260','DLA Travel',null,null,null,null,null,null,'EN',2983,null,null,1,0,3,null,null,'admin',1);
insert into CUSTOMER (CUSTOMER_ID,CUSTOMER_NAME,CUSTOMER_TYPE,COMPANY_ID,COUNTRY_ID,TAX_ID,BUSINESS_NUMBER,ORGANIZATION_TYPE,TELEPHONE,FAX,AGENCY_COMMISSION_RATE,AGENCY_VOLUME_RATE,MASTER_ORGANIZATION,INVOICE_DELIVERY_PREFERENCE,LANGUAGE,ADDRESS_ID,BILLING_SCENARIO_ID,AGENCY,ACTIVE,EDI,BATCH_ID,TAX_STATUS_ID,VAT_PERCENTAGE,MODIFIED_BY,WITHHOLDING_APPLICABLE) values (2332,'Epoch Magia Imp. Distrib. De Brinquedos Ltda','ADVERTISER',1,3,'50000002906','17226513000118','DLA Infant/children',null,null,null,null,null,null,'EN',2985,null,null,1,0,3,null,null,'admin',1);
insert into CUSTOMER (CUSTOMER_ID,CUSTOMER_NAME,CUSTOMER_TYPE,COMPANY_ID,COUNTRY_ID,TAX_ID,BUSINESS_NUMBER,ORGANIZATION_TYPE,TELEPHONE,FAX,AGENCY_COMMISSION_RATE,AGENCY_VOLUME_RATE,MASTER_ORGANIZATION,INVOICE_DELIVERY_PREFERENCE,LANGUAGE,ADDRESS_ID,BILLING_SCENARIO_ID,AGENCY,ACTIVE,EDI,BATCH_ID,TAX_STATUS_ID,VAT_PERCENTAGE,MODIFIED_BY,WITHHOLDING_APPLICABLE) values (2333,'Resolve Midia Franchising Brasil Ltda','ADVERTISER',1,3,'51600002906','17380592000117','DLA Other Services',null,null,null,null,null,null,'PT',2987,null,null,1,0,3,null,null,'admin',1);
insert into CUSTOMER (CUSTOMER_ID,CUSTOMER_NAME,CUSTOMER_TYPE,COMPANY_ID,COUNTRY_ID,TAX_ID,BUSINESS_NUMBER,ORGANIZATION_TYPE,TELEPHONE,FAX,AGENCY_COMMISSION_RATE,AGENCY_VOLUME_RATE,MASTER_ORGANIZATION,INVOICE_DELIVERY_PREFERENCE,LANGUAGE,ADDRESS_ID,BILLING_SCENARIO_ID,AGENCY,ACTIVE,EDI,BATCH_ID,TAX_STATUS_ID,VAT_PERCENTAGE,MODIFIED_BY,WITHHOLDING_APPLICABLE) values (2334,'Nbc Agenciamento E Publicidade Ltda','AGENCY',1,3,'55000002908','05962928000170','Agency',null,null,null,null,null,null,'PT',2989,null,null,1,0,3,null,null,'admin',1);
insert into CUSTOMER (CUSTOMER_ID,CUSTOMER_NAME,CUSTOMER_TYPE,COMPANY_ID,COUNTRY_ID,TAX_ID,BUSINESS_NUMBER,ORGANIZATION_TYPE,TELEPHONE,FAX,AGENCY_COMMISSION_RATE,AGENCY_VOLUME_RATE,MASTER_ORGANIZATION,INVOICE_DELIVERY_PREFERENCE,LANGUAGE,ADDRESS_ID,BILLING_SCENARIO_ID,AGENCY,ACTIVE,EDI,BATCH_ID,TAX_STATUS_ID,VAT_PERCENTAGE,MODIFIED_BY,WITHHOLDING_APPLICABLE) values (2335,'Mococa S/a Produtos Aliment??cios','ADVERTISER',1,3,'50000002914','52502507000147','DLA Food',null,null,null,null,null,null,'EN',2991,null,null,1,0,3,null,null,'admin',1);
insert into CUSTOMER (CUSTOMER_ID,CUSTOMER_NAME,CUSTOMER_TYPE,COMPANY_ID,COUNTRY_ID,TAX_ID,BUSINESS_NUMBER,ORGANIZATION_TYPE,TELEPHONE,FAX,AGENCY_COMMISSION_RATE,AGENCY_VOLUME_RATE,MASTER_ORGANIZATION,INVOICE_DELIVERY_PREFERENCE,LANGUAGE,ADDRESS_ID,BILLING_SCENARIO_ID,AGENCY,ACTIVE,EDI,BATCH_ID,TAX_STATUS_ID,VAT_PERCENTAGE,MODIFIED_BY,WITHHOLDING_APPLICABLE) values (2336,'Despegar.Com Tlc','ADVERTISER',1,1,'51600002914',null,'DLA Travel',null,null,10,0,null,'EMAIL','ES',2993,3,null,1,0,3,11,null,'admin',1);
insert into CUSTOMER (CUSTOMER_ID,CUSTOMER_NAME,CUSTOMER_TYPE,COMPANY_ID,COUNTRY_ID,TAX_ID,BUSINESS_NUMBER,ORGANIZATION_TYPE,TELEPHONE,FAX,AGENCY_COMMISSION_RATE,AGENCY_VOLUME_RATE,MASTER_ORGANIZATION,INVOICE_DELIVERY_PREFERENCE,LANGUAGE,ADDRESS_ID,BILLING_SCENARIO_ID,AGENCY,ACTIVE,EDI,BATCH_ID,TAX_STATUS_ID,VAT_PERCENTAGE,MODIFIED_BY,WITHHOLDING_APPLICABLE) values (2337,'Tramontina Farroupilha S/a Ind. Metal','ADVERTISER',1,3,'55000002916','87834883000113','DLA Household Produc',null,null,null,null,null,null,'EN',2995,null,null,1,0,3,null,null,'admin',1);
insert into CUSTOMER (CUSTOMER_ID,CUSTOMER_NAME,CUSTOMER_TYPE,COMPANY_ID,COUNTRY_ID,TAX_ID,BUSINESS_NUMBER,ORGANIZATION_TYPE,TELEPHONE,FAX,AGENCY_COMMISSION_RATE,AGENCY_VOLUME_RATE,MASTER_ORGANIZATION,INVOICE_DELIVERY_PREFERENCE,LANGUAGE,ADDRESS_ID,BILLING_SCENARIO_ID,AGENCY,ACTIVE,EDI,BATCH_ID,TAX_STATUS_ID,VAT_PERCENTAGE,MODIFIED_BY,WITHHOLDING_APPLICABLE) values (2338,'Fundacao Antonio Prudente','ADVERTISER',1,3,'50000002922','60691968000106','DLA Health',null,null,null,null,null,null,'EN',2997,null,null,1,0,3,null,null,'admin',1);
insert into CUSTOMER (CUSTOMER_ID,CUSTOMER_NAME,CUSTOMER_TYPE,COMPANY_ID,COUNTRY_ID,TAX_ID,BUSINESS_NUMBER,ORGANIZATION_TYPE,TELEPHONE,FAX,AGENCY_COMMISSION_RATE,AGENCY_VOLUME_RATE,MASTER_ORGANIZATION,INVOICE_DELIVERY_PREFERENCE,LANGUAGE,ADDRESS_ID,BILLING_SCENARIO_ID,AGENCY,ACTIVE,EDI,BATCH_ID,TAX_STATUS_ID,VAT_PERCENTAGE,MODIFIED_BY,WITHHOLDING_APPLICABLE) values (2339,'Telefonica Brasil S/a','ADVERTISER',1,3,'51600002922','02558157051824','DLA Telecommunicatio',null,null,null,null,null,null,'EN',2999,null,null,1,0,3,null,null,'admin',1);
insert into CUSTOMER (CUSTOMER_ID,CUSTOMER_NAME,CUSTOMER_TYPE,COMPANY_ID,COUNTRY_ID,TAX_ID,BUSINESS_NUMBER,ORGANIZATION_TYPE,TELEPHONE,FAX,AGENCY_COMMISSION_RATE,AGENCY_VOLUME_RATE,MASTER_ORGANIZATION,INVOICE_DELIVERY_PREFERENCE,LANGUAGE,ADDRESS_ID,BILLING_SCENARIO_ID,AGENCY,ACTIVE,EDI,BATCH_ID,TAX_STATUS_ID,VAT_PERCENTAGE,MODIFIED_BY,WITHHOLDING_APPLICABLE) values (2340,'Monte Verde S.A.','ADVERTISER',1,1,'55000002924',null,'DLA Health',null,null,null,null,null,null,'ES',3001,null,null,1,0,3,null,null,'admin',1);
insert into CUSTOMER (CUSTOMER_ID,CUSTOMER_NAME,CUSTOMER_TYPE,COMPANY_ID,COUNTRY_ID,TAX_ID,BUSINESS_NUMBER,ORGANIZATION_TYPE,TELEPHONE,FAX,AGENCY_COMMISSION_RATE,AGENCY_VOLUME_RATE,MASTER_ORGANIZATION,INVOICE_DELIVERY_PREFERENCE,LANGUAGE,ADDRESS_ID,BILLING_SCENARIO_ID,AGENCY,ACTIVE,EDI,BATCH_ID,TAX_STATUS_ID,VAT_PERCENTAGE,MODIFIED_BY,WITHHOLDING_APPLICABLE) values (2341,'Borello Propaganda Ltda','AGENCY',1,3,'50000002930','11755889000133','Agency',null,null,null,null,null,null,'PT',3003,null,null,1,0,3,null,null,'admin',1);
insert into CUSTOMER (CUSTOMER_ID,CUSTOMER_NAME,CUSTOMER_TYPE,COMPANY_ID,COUNTRY_ID,TAX_ID,BUSINESS_NUMBER,ORGANIZATION_TYPE,TELEPHONE,FAX,AGENCY_COMMISSION_RATE,AGENCY_VOLUME_RATE,MASTER_ORGANIZATION,INVOICE_DELIVERY_PREFERENCE,LANGUAGE,ADDRESS_ID,BILLING_SCENARIO_ID,AGENCY,ACTIVE,EDI,BATCH_ID,TAX_STATUS_ID,VAT_PERCENTAGE,MODIFIED_BY,WITHHOLDING_APPLICABLE) values (2342,'Sociedade Civil Casas De Educacao','ADVERTISER',1,3,'51600002930','33618984000128','DLA Orgs & Gov',null,null,null,null,null,null,'EN',3005,null,null,1,0,3,null,null,'admin',1);
insert into CUSTOMER (CUSTOMER_ID,CUSTOMER_NAME,CUSTOMER_TYPE,COMPANY_ID,COUNTRY_ID,TAX_ID,BUSINESS_NUMBER,ORGANIZATION_TYPE,TELEPHONE,FAX,AGENCY_COMMISSION_RATE,AGENCY_VOLUME_RATE,MASTER_ORGANIZATION,INVOICE_DELIVERY_PREFERENCE,LANGUAGE,ADDRESS_ID,BILLING_SCENARIO_ID,AGENCY,ACTIVE,EDI,BATCH_ID,TAX_STATUS_ID,VAT_PERCENTAGE,MODIFIED_BY,WITHHOLDING_APPLICABLE) values (2343,'Multilaser Industrial S/a','ADVERTISER',1,3,'55000002932','59717553000102','DLA Infant/children',null,null,null,null,null,null,'EN',3007,null,null,1,0,3,null,null,'admin',1);
insert into CUSTOMER (CUSTOMER_ID,CUSTOMER_NAME,CUSTOMER_TYPE,COMPANY_ID,COUNTRY_ID,TAX_ID,BUSINESS_NUMBER,ORGANIZATION_TYPE,TELEPHONE,FAX,AGENCY_COMMISSION_RATE,AGENCY_VOLUME_RATE,MASTER_ORGANIZATION,INVOICE_DELIVERY_PREFERENCE,LANGUAGE,ADDRESS_ID,BILLING_SCENARIO_ID,AGENCY,ACTIVE,EDI,BATCH_ID,TAX_STATUS_ID,VAT_PERCENTAGE,MODIFIED_BY,WITHHOLDING_APPLICABLE) values (2344,'Area Comunicacao  Propaganda E Marketing Ltda','AGENCY',1,3,'50000002981','06866550000174','Agency',null,null,null,null,null,null,'PT',3009,null,null,1,0,3,null,null,'admin',1);
insert into CUSTOMER (CUSTOMER_ID,CUSTOMER_NAME,CUSTOMER_TYPE,COMPANY_ID,COUNTRY_ID,TAX_ID,BUSINESS_NUMBER,ORGANIZATION_TYPE,TELEPHONE,FAX,AGENCY_COMMISSION_RATE,AGENCY_VOLUME_RATE,MASTER_ORGANIZATION,INVOICE_DELIVERY_PREFERENCE,LANGUAGE,ADDRESS_ID,BILLING_SCENARIO_ID,AGENCY,ACTIVE,EDI,BATCH_ID,TAX_STATUS_ID,VAT_PERCENTAGE,MODIFIED_BY,WITHHOLDING_APPLICABLE) values (2345,'Conselho Federal De Medicina Veterin??ria - Cfmv','ADVERTISER',1,3,'51600002981','00119784000171','DLA Household Pets',null,null,null,null,null,null,'EN',3011,null,null,1,0,3,null,null,'admin',1);
insert into CUSTOMER (CUSTOMER_ID,CUSTOMER_NAME,CUSTOMER_TYPE,COMPANY_ID,COUNTRY_ID,TAX_ID,BUSINESS_NUMBER,ORGANIZATION_TYPE,TELEPHONE,FAX,AGENCY_COMMISSION_RATE,AGENCY_VOLUME_RATE,MASTER_ORGANIZATION,INVOICE_DELIVERY_PREFERENCE,LANGUAGE,ADDRESS_ID,BILLING_SCENARIO_ID,AGENCY,ACTIVE,EDI,BATCH_ID,TAX_STATUS_ID,VAT_PERCENTAGE,MODIFIED_BY,WITHHOLDING_APPLICABLE) values (2346,'Intek Brinquedos Do Brasil Ltda','ADVERTISER',1,3,'55000002983','13632409000172','DLA Infant/children',null,null,null,null,null,null,'EN',3013,null,null,1,0,3,null,null,'admin',1);
insert into CUSTOMER (CUSTOMER_ID,CUSTOMER_NAME,CUSTOMER_TYPE,COMPANY_ID,COUNTRY_ID,TAX_ID,BUSINESS_NUMBER,ORGANIZATION_TYPE,TELEPHONE,FAX,AGENCY_COMMISSION_RATE,AGENCY_VOLUME_RATE,MASTER_ORGANIZATION,INVOICE_DELIVERY_PREFERENCE,LANGUAGE,ADDRESS_ID,BILLING_SCENARIO_ID,AGENCY,ACTIVE,EDI,BATCH_ID,TAX_STATUS_ID,VAT_PERCENTAGE,MODIFIED_BY,WITHHOLDING_APPLICABLE) values (2347,'Grupo Ignis S.A.','AGENCY',1,1,'50000003007',null,'Agency',null,null,null,null,null,null,'ES',3015,null,null,1,0,3,null,null,'admin',1);
insert into CUSTOMER (CUSTOMER_ID,CUSTOMER_NAME,CUSTOMER_TYPE,COMPANY_ID,COUNTRY_ID,TAX_ID,BUSINESS_NUMBER,ORGANIZATION_TYPE,TELEPHONE,FAX,AGENCY_COMMISSION_RATE,AGENCY_VOLUME_RATE,MASTER_ORGANIZATION,INVOICE_DELIVERY_PREFERENCE,LANGUAGE,ADDRESS_ID,BILLING_SCENARIO_ID,AGENCY,ACTIVE,EDI,BATCH_ID,TAX_STATUS_ID,VAT_PERCENTAGE,MODIFIED_BY,WITHHOLDING_APPLICABLE) values (2348,'Motorola Mobility Comercio De Produtos Eletronicos','ADVERTISER',1,3,'51600003007','01472720000384','DLA Electronics',null,null,null,null,null,null,'EN',3017,null,null,1,0,3,null,null,'admin',1);
insert into CUSTOMER (CUSTOMER_ID,CUSTOMER_NAME,CUSTOMER_TYPE,COMPANY_ID,COUNTRY_ID,TAX_ID,BUSINESS_NUMBER,ORGANIZATION_TYPE,TELEPHONE,FAX,AGENCY_COMMISSION_RATE,AGENCY_VOLUME_RATE,MASTER_ORGANIZATION,INVOICE_DELIVERY_PREFERENCE,LANGUAGE,ADDRESS_ID,BILLING_SCENARIO_ID,AGENCY,ACTIVE,EDI,BATCH_ID,TAX_STATUS_ID,VAT_PERCENTAGE,MODIFIED_BY,WITHHOLDING_APPLICABLE) values (2349,'Mattel Do Brasil Ltda','ADVERTISER',1,3,'55000003009','54558002000120','DLA Infant/children',null,null,null,null,null,null,'EN',3019,null,null,1,0,3,null,null,'admin',1);
insert into CUSTOMER (CUSTOMER_ID,CUSTOMER_NAME,CUSTOMER_TYPE,COMPANY_ID,COUNTRY_ID,TAX_ID,BUSINESS_NUMBER,ORGANIZATION_TYPE,TELEPHONE,FAX,AGENCY_COMMISSION_RATE,AGENCY_VOLUME_RATE,MASTER_ORGANIZATION,INVOICE_DELIVERY_PREFERENCE,LANGUAGE,ADDRESS_ID,BILLING_SCENARIO_ID,AGENCY,ACTIVE,EDI,BATCH_ID,TAX_STATUS_ID,VAT_PERCENTAGE,MODIFIED_BY,WITHHOLDING_APPLICABLE) values (2350,'Lolly Baby Produtos Infantis Ltda','ADVERTISER',1,3,'50000003015','62367032000187','DLA Infant/children',null,null,null,null,null,null,'EN',3021,null,null,1,0,3,null,null,'admin',1);
insert into CUSTOMER (CUSTOMER_ID,CUSTOMER_NAME,CUSTOMER_TYPE,COMPANY_ID,COUNTRY_ID,TAX_ID,BUSINESS_NUMBER,ORGANIZATION_TYPE,TELEPHONE,FAX,AGENCY_COMMISSION_RATE,AGENCY_VOLUME_RATE,MASTER_ORGANIZATION,INVOICE_DELIVERY_PREFERENCE,LANGUAGE,ADDRESS_ID,BILLING_SCENARIO_ID,AGENCY,ACTIVE,EDI,BATCH_ID,TAX_STATUS_ID,VAT_PERCENTAGE,MODIFIED_BY,WITHHOLDING_APPLICABLE) values (2351,'Contem Design Ag De Pub Ltda','AGENCY',1,3,'51600003015','11018489000145','DLA Travel',null,null,null,null,null,null,'PT',3023,null,null,1,0,3,null,null,'admin',1);
insert into CUSTOMER (CUSTOMER_ID,CUSTOMER_NAME,CUSTOMER_TYPE,COMPANY_ID,COUNTRY_ID,TAX_ID,BUSINESS_NUMBER,ORGANIZATION_TYPE,TELEPHONE,FAX,AGENCY_COMMISSION_RATE,AGENCY_VOLUME_RATE,MASTER_ORGANIZATION,INVOICE_DELIVERY_PREFERENCE,LANGUAGE,ADDRESS_ID,BILLING_SCENARIO_ID,AGENCY,ACTIVE,EDI,BATCH_ID,TAX_STATUS_ID,VAT_PERCENTAGE,MODIFIED_BY,WITHHOLDING_APPLICABLE) values (2352,'Metrive S.A','ADVERTISER',1,1,'55000003017',null,'DLA Household Pets',null,null,null,null,null,null,'ES',3025,null,null,1,0,3,null,null,'admin',1);
insert into CUSTOMER (CUSTOMER_ID,CUSTOMER_NAME,CUSTOMER_TYPE,COMPANY_ID,COUNTRY_ID,TAX_ID,BUSINESS_NUMBER,ORGANIZATION_TYPE,TELEPHONE,FAX,AGENCY_COMMISSION_RATE,AGENCY_VOLUME_RATE,MASTER_ORGANIZATION,INVOICE_DELIVERY_PREFERENCE,LANGUAGE,ADDRESS_ID,BILLING_SCENARIO_ID,AGENCY,ACTIVE,EDI,BATCH_ID,TAX_STATUS_ID,VAT_PERCENTAGE,MODIFIED_BY,WITHHOLDING_APPLICABLE) values (2353,'Catalina Etchebehere','AGENCY',1,1,'50000003023',null,'Agency',null,null,null,null,null,null,'ES',3027,null,null,1,0,3,null,null,'admin',1);
insert into CUSTOMER (CUSTOMER_ID,CUSTOMER_NAME,CUSTOMER_TYPE,COMPANY_ID,COUNTRY_ID,TAX_ID,BUSINESS_NUMBER,ORGANIZATION_TYPE,TELEPHONE,FAX,AGENCY_COMMISSION_RATE,AGENCY_VOLUME_RATE,MASTER_ORGANIZATION,INVOICE_DELIVERY_PREFERENCE,LANGUAGE,ADDRESS_ID,BILLING_SCENARIO_ID,AGENCY,ACTIVE,EDI,BATCH_ID,TAX_STATUS_ID,VAT_PERCENTAGE,MODIFIED_BY,WITHHOLDING_APPLICABLE) values (2355,'Borghilowe Propaganda E Mkt Ltda (Rio De Janeiro)','AGENCY',1,3,'55000003025','34274233000102','Agency',null,null,null,null,null,null,'PT',3031,null,null,1,0,3,null,null,'admin',1);
insert into CUSTOMER (CUSTOMER_ID,CUSTOMER_NAME,CUSTOMER_TYPE,COMPANY_ID,COUNTRY_ID,TAX_ID,BUSINESS_NUMBER,ORGANIZATION_TYPE,TELEPHONE,FAX,AGENCY_COMMISSION_RATE,AGENCY_VOLUME_RATE,MASTER_ORGANIZATION,INVOICE_DELIVERY_PREFERENCE,LANGUAGE,ADDRESS_ID,BILLING_SCENARIO_ID,AGENCY,ACTIVE,EDI,BATCH_ID,TAX_STATUS_ID,VAT_PERCENTAGE,MODIFIED_BY,WITHHOLDING_APPLICABLE) values (2356,'Walmart Brasil Ltda','ADVERTISER',1,3,'50000003031','00063960000109','DLA Purchases',null,null,null,null,null,null,'EN',3033,null,null,1,0,3,null,null,'admin',1);
insert into CUSTOMER (CUSTOMER_ID,CUSTOMER_NAME,CUSTOMER_TYPE,COMPANY_ID,COUNTRY_ID,TAX_ID,BUSINESS_NUMBER,ORGANIZATION_TYPE,TELEPHONE,FAX,AGENCY_COMMISSION_RATE,AGENCY_VOLUME_RATE,MASTER_ORGANIZATION,INVOICE_DELIVERY_PREFERENCE,LANGUAGE,ADDRESS_ID,BILLING_SCENARIO_ID,AGENCY,ACTIVE,EDI,BATCH_ID,TAX_STATUS_ID,VAT_PERCENTAGE,MODIFIED_BY,WITHHOLDING_APPLICABLE) values (2357,'Soft Comunicacao Ag De Publ  E Prop Ss Ltda','AGENCY',1,3,'51600003031','03889479000157','Agency',null,null,null,null,null,null,'PT',3035,null,null,1,0,3,null,null,'admin',1);
insert into CUSTOMER (CUSTOMER_ID,CUSTOMER_NAME,CUSTOMER_TYPE,COMPANY_ID,COUNTRY_ID,TAX_ID,BUSINESS_NUMBER,ORGANIZATION_TYPE,TELEPHONE,FAX,AGENCY_COMMISSION_RATE,AGENCY_VOLUME_RATE,MASTER_ORGANIZATION,INVOICE_DELIVERY_PREFERENCE,LANGUAGE,ADDRESS_ID,BILLING_SCENARIO_ID,AGENCY,ACTIVE,EDI,BATCH_ID,TAX_STATUS_ID,VAT_PERCENTAGE,MODIFIED_BY,WITHHOLDING_APPLICABLE) values (2358,'Dtc Trading Company Eireli','ADVERTISER',1,3,'55000003033','5448850000170','DLA Infant/children',null,null,null,null,null,null,'PT',3037,null,null,1,0,3,null,null,'admin',1);
insert into CUSTOMER (CUSTOMER_ID,CUSTOMER_NAME,CUSTOMER_TYPE,COMPANY_ID,COUNTRY_ID,TAX_ID,BUSINESS_NUMBER,ORGANIZATION_TYPE,TELEPHONE,FAX,AGENCY_COMMISSION_RATE,AGENCY_VOLUME_RATE,MASTER_ORGANIZATION,INVOICE_DELIVERY_PREFERENCE,LANGUAGE,ADDRESS_ID,BILLING_SCENARIO_ID,AGENCY,ACTIVE,EDI,BATCH_ID,TAX_STATUS_ID,VAT_PERCENTAGE,MODIFIED_BY,WITHHOLDING_APPLICABLE) values (2359,'Laboratorios Bago S.A.','ADVERTISER',1,1,'50000003066',null,'DLA Health',null,null,null,null,null,null,'ES',3039,null,null,1,0,3,null,null,'admin',1);
insert into CUSTOMER (CUSTOMER_ID,CUSTOMER_NAME,CUSTOMER_TYPE,COMPANY_ID,COUNTRY_ID,TAX_ID,BUSINESS_NUMBER,ORGANIZATION_TYPE,TELEPHONE,FAX,AGENCY_COMMISSION_RATE,AGENCY_VOLUME_RATE,MASTER_ORGANIZATION,INVOICE_DELIVERY_PREFERENCE,LANGUAGE,ADDRESS_ID,BILLING_SCENARIO_ID,AGENCY,ACTIVE,EDI,BATCH_ID,TAX_STATUS_ID,VAT_PERCENTAGE,MODIFIED_BY,WITHHOLDING_APPLICABLE) values (2360,'Etna - Tellerina Comercio De Presentes','ADVERTISER',1,3,'51600003066','84453844002121','DLA Apparel, Acc. &',null,null,null,null,null,null,'EN',3041,null,null,1,0,3,null,null,'admin',1);
insert into CUSTOMER (CUSTOMER_ID,CUSTOMER_NAME,CUSTOMER_TYPE,COMPANY_ID,COUNTRY_ID,TAX_ID,BUSINESS_NUMBER,ORGANIZATION_TYPE,TELEPHONE,FAX,AGENCY_COMMISSION_RATE,AGENCY_VOLUME_RATE,MASTER_ORGANIZATION,INVOICE_DELIVERY_PREFERENCE,LANGUAGE,ADDRESS_ID,BILLING_SCENARIO_ID,AGENCY,ACTIVE,EDI,BATCH_ID,TAX_STATUS_ID,VAT_PERCENTAGE,MODIFIED_BY,WITHHOLDING_APPLICABLE) values (2361,'Fazzenda Park Hotel Ltda','ADVERTISER',1,3,'55000003068','01235218000198','Airline Travel, Hote',null,null,null,null,null,null,'EN',3043,null,null,1,0,3,null,null,'admin',1);
insert into CUSTOMER (CUSTOMER_ID,CUSTOMER_NAME,CUSTOMER_TYPE,COMPANY_ID,COUNTRY_ID,TAX_ID,BUSINESS_NUMBER,ORGANIZATION_TYPE,TELEPHONE,FAX,AGENCY_COMMISSION_RATE,AGENCY_VOLUME_RATE,MASTER_ORGANIZATION,INVOICE_DELIVERY_PREFERENCE,LANGUAGE,ADDRESS_ID,BILLING_SCENARIO_ID,AGENCY,ACTIVE,EDI,BATCH_ID,TAX_STATUS_ID,VAT_PERCENTAGE,MODIFIED_BY,WITHHOLDING_APPLICABLE) values (2362,'Click Jogos','ADVERTISER',1,3,'50000003074','09036250000156','DLA Entertainment Me',null,null,null,null,null,null,'PT',3045,null,null,1,0,3,null,null,'admin',1);
insert into CUSTOMER (CUSTOMER_ID,CUSTOMER_NAME,CUSTOMER_TYPE,COMPANY_ID,COUNTRY_ID,TAX_ID,BUSINESS_NUMBER,ORGANIZATION_TYPE,TELEPHONE,FAX,AGENCY_COMMISSION_RATE,AGENCY_VOLUME_RATE,MASTER_ORGANIZATION,INVOICE_DELIVERY_PREFERENCE,LANGUAGE,ADDRESS_ID,BILLING_SCENARIO_ID,AGENCY,ACTIVE,EDI,BATCH_ID,TAX_STATUS_ID,VAT_PERCENTAGE,MODIFIED_BY,WITHHOLDING_APPLICABLE) values (2363,'Hunter Douglas Do Brasil Ltda','ADVERTISER',1,3,'51600003074','48775191000190','DLA Other Services',null,null,null,null,null,null,'PT',3047,null,null,1,0,3,null,null,'admin',1);
insert into CUSTOMER (CUSTOMER_ID,CUSTOMER_NAME,CUSTOMER_TYPE,COMPANY_ID,COUNTRY_ID,TAX_ID,BUSINESS_NUMBER,ORGANIZATION_TYPE,TELEPHONE,FAX,AGENCY_COMMISSION_RATE,AGENCY_VOLUME_RATE,MASTER_ORGANIZATION,INVOICE_DELIVERY_PREFERENCE,LANGUAGE,ADDRESS_ID,BILLING_SCENARIO_ID,AGENCY,ACTIVE,EDI,BATCH_ID,TAX_STATUS_ID,VAT_PERCENTAGE,MODIFIED_BY,WITHHOLDING_APPLICABLE) values (2364,'Werte Comunicacao Ltda','AGENCY',1,3,'55000003076','14999146000105','DLA Other Services',null,null,null,null,null,null,'PT',3049,null,null,1,0,3,null,null,'admin',1);
insert into CUSTOMER (CUSTOMER_ID,CUSTOMER_NAME,CUSTOMER_TYPE,COMPANY_ID,COUNTRY_ID,TAX_ID,BUSINESS_NUMBER,ORGANIZATION_TYPE,TELEPHONE,FAX,AGENCY_COMMISSION_RATE,AGENCY_VOLUME_RATE,MASTER_ORGANIZATION,INVOICE_DELIVERY_PREFERENCE,LANGUAGE,ADDRESS_ID,BILLING_SCENARIO_ID,AGENCY,ACTIVE,EDI,BATCH_ID,TAX_STATUS_ID,VAT_PERCENTAGE,MODIFIED_BY,WITHHOLDING_APPLICABLE) values (2365,'Agency Licensing','AGENCY',1,1,'30555555554',null,'srl',null,null,0.2,0.01,null,'EMAIL','ES',3051,1,null,0,0,null,11,null,'admin',1);
insert into CUSTOMER (CUSTOMER_ID,CUSTOMER_NAME,CUSTOMER_TYPE,COMPANY_ID,COUNTRY_ID,TAX_ID,BUSINESS_NUMBER,ORGANIZATION_TYPE,TELEPHONE,FAX,AGENCY_COMMISSION_RATE,AGENCY_VOLUME_RATE,MASTER_ORGANIZATION,INVOICE_DELIVERY_PREFERENCE,LANGUAGE,ADDRESS_ID,BILLING_SCENARIO_ID,AGENCY,ACTIVE,EDI,BATCH_ID,TAX_STATUS_ID,VAT_PERCENTAGE,MODIFIED_BY,WITHHOLDING_APPLICABLE) values (2421,'Bolivia Advertiser ','ADVERTISER',1,2,'0',null,null,null,null,0.15,0.03,null,'EMAIL','ES',3101,3,null,1,0,null,13,null,'admin',1);
insert into CUSTOMER (CUSTOMER_ID,CUSTOMER_NAME,CUSTOMER_TYPE,COMPANY_ID,COUNTRY_ID,TAX_ID,BUSINESS_NUMBER,ORGANIZATION_TYPE,TELEPHONE,FAX,AGENCY_COMMISSION_RATE,AGENCY_VOLUME_RATE,MASTER_ORGANIZATION,INVOICE_DELIVERY_PREFERENCE,LANGUAGE,ADDRESS_ID,BILLING_SCENARIO_ID,AGENCY,ACTIVE,EDI,BATCH_ID,TAX_STATUS_ID,VAT_PERCENTAGE,MODIFIED_BY,WITHHOLDING_APPLICABLE) values (2442,'Adm. Federal de Ingresos Publicos-AFIP','AGENCY',1,1,'33693450239',null,'Gobierno',null,null,0,0,null,'EMAIL','ES',3123,7,null,1,0,null,11,null,'admin',1);
insert into CUSTOMER (CUSTOMER_ID,CUSTOMER_NAME,CUSTOMER_TYPE,COMPANY_ID,COUNTRY_ID,TAX_ID,BUSINESS_NUMBER,ORGANIZATION_TYPE,TELEPHONE,FAX,AGENCY_COMMISSION_RATE,AGENCY_VOLUME_RATE,MASTER_ORGANIZATION,INVOICE_DELIVERY_PREFERENCE,LANGUAGE,ADDRESS_ID,BILLING_SCENARIO_ID,AGENCY,ACTIVE,EDI,BATCH_ID,TAX_STATUS_ID,VAT_PERCENTAGE,MODIFIED_BY,WITHHOLDING_APPLICABLE) values (2443,'Cinco Ediciones y Contenidos S.A.','ADVERTISER',1,1,'33707558089',null,null,null,null,0,0,null,'EMAIL','ES',3125,3,null,1,0,null,11,null,'admin',1);
insert into CUSTOMER (CUSTOMER_ID,CUSTOMER_NAME,CUSTOMER_TYPE,COMPANY_ID,COUNTRY_ID,TAX_ID,BUSINESS_NUMBER,ORGANIZATION_TYPE,TELEPHONE,FAX,AGENCY_COMMISSION_RATE,AGENCY_VOLUME_RATE,MASTER_ORGANIZATION,INVOICE_DELIVERY_PREFERENCE,LANGUAGE,ADDRESS_ID,BILLING_SCENARIO_ID,AGENCY,ACTIVE,EDI,BATCH_ID,TAX_STATUS_ID,VAT_PERCENTAGE,MODIFIED_BY,WITHHOLDING_APPLICABLE) values (2461,'MMS COMUNICACIONES ARGENTINA S.A.','AGENCY',1,1,'30630308557',null,null,null,null,0.1,0,null,'EMAIL','ES',3141,1,null,1,0,null,null,null,'admin',1);
insert into CUSTOMER (CUSTOMER_ID,CUSTOMER_NAME,CUSTOMER_TYPE,COMPANY_ID,COUNTRY_ID,TAX_ID,BUSINESS_NUMBER,ORGANIZATION_TYPE,TELEPHONE,FAX,AGENCY_COMMISSION_RATE,AGENCY_VOLUME_RATE,MASTER_ORGANIZATION,INVOICE_DELIVERY_PREFERENCE,LANGUAGE,ADDRESS_ID,BILLING_SCENARIO_ID,AGENCY,ACTIVE,EDI,BATCH_ID,TAX_STATUS_ID,VAT_PERCENTAGE,MODIFIED_BY,WITHHOLDING_APPLICABLE) values (2481,'Gobierno de la Ciudad de Buenos Aires','ADVERTISER',1,1,'500000001165',null,null,null,null,0,0,null,'EMAIL','ES',3161,6,null,0,0,null,13,null,'admin',1);
insert into CUSTOMER (CUSTOMER_ID,CUSTOMER_NAME,CUSTOMER_TYPE,COMPANY_ID,COUNTRY_ID,TAX_ID,BUSINESS_NUMBER,ORGANIZATION_TYPE,TELEPHONE,FAX,AGENCY_COMMISSION_RATE,AGENCY_VOLUME_RATE,MASTER_ORGANIZATION,INVOICE_DELIVERY_PREFERENCE,LANGUAGE,ADDRESS_ID,BILLING_SCENARIO_ID,AGENCY,ACTIVE,EDI,BATCH_ID,TAX_STATUS_ID,VAT_PERCENTAGE,MODIFIED_BY,WITHHOLDING_APPLICABLE) values (2401,'Tsuro','AGENCY',1,3,'423423423432',null,null,null,null,0.4,0.01,null,'EMAIL','ES',3081,1,null,0,0,null,13,null,'admin',1);
insert into CUSTOMER (CUSTOMER_ID,CUSTOMER_NAME,CUSTOMER_TYPE,COMPANY_ID,COUNTRY_ID,TAX_ID,BUSINESS_NUMBER,ORGANIZATION_TYPE,TELEPHONE,FAX,AGENCY_COMMISSION_RATE,AGENCY_VOLUME_RATE,MASTER_ORGANIZATION,INVOICE_DELIVERY_PREFERENCE,LANGUAGE,ADDRESS_ID,BILLING_SCENARIO_ID,AGENCY,ACTIVE,EDI,BATCH_ID,TAX_STATUS_ID,VAT_PERCENTAGE,MODIFIED_BY,WITHHOLDING_APPLICABLE) values (2402,'Brazil Customer for Licensing','AGENCY',1,3,'55',null,null,'55678978654',null,0.1,0.03,null,'EMAIL','PT',3083,5,null,1,0,null,13,null,'admin',1);
insert into CUSTOMER (CUSTOMER_ID,CUSTOMER_NAME,CUSTOMER_TYPE,COMPANY_ID,COUNTRY_ID,TAX_ID,BUSINESS_NUMBER,ORGANIZATION_TYPE,TELEPHONE,FAX,AGENCY_COMMISSION_RATE,AGENCY_VOLUME_RATE,MASTER_ORGANIZATION,INVOICE_DELIVERY_PREFERENCE,LANGUAGE,ADDRESS_ID,BILLING_SCENARIO_ID,AGENCY,ACTIVE,EDI,BATCH_ID,TAX_STATUS_ID,VAT_PERCENTAGE,MODIFIED_BY,WITHHOLDING_APPLICABLE) values (2167,'Mindshare Argentina','AGENCY',1,1,'30707456732',null,'Agency',null,null,10,0,null,'EMAIL','ES',2655,1,2482,1,0,3,11,null,'admin',1);
insert into CUSTOMER (CUSTOMER_ID,CUSTOMER_NAME,CUSTOMER_TYPE,COMPANY_ID,COUNTRY_ID,TAX_ID,BUSINESS_NUMBER,ORGANIZATION_TYPE,TELEPHONE,FAX,AGENCY_COMMISSION_RATE,AGENCY_VOLUME_RATE,MASTER_ORGANIZATION,INVOICE_DELIVERY_PREFERENCE,LANGUAGE,ADDRESS_ID,BILLING_SCENARIO_ID,AGENCY,ACTIVE,EDI,BATCH_ID,TAX_STATUS_ID,VAT_PERCENTAGE,MODIFIED_BY,WITHHOLDING_APPLICABLE) values (2381,'Agencia Digital Digital Digital Digital Digital SA','AGENCY',1,1,'30999999876',null,'sa',null,null,0.6,0.01,null,'EMAIL','ES',3061,5,null,0,0,null,11,null,'admin',1);
insert into CUSTOMER (CUSTOMER_ID,CUSTOMER_NAME,CUSTOMER_TYPE,COMPANY_ID,COUNTRY_ID,TAX_ID,BUSINESS_NUMBER,ORGANIZATION_TYPE,TELEPHONE,FAX,AGENCY_COMMISSION_RATE,AGENCY_VOLUME_RATE,MASTER_ORGANIZATION,INVOICE_DELIVERY_PREFERENCE,LANGUAGE,ADDRESS_ID,BILLING_SCENARIO_ID,AGENCY,ACTIVE,EDI,BATCH_ID,TAX_STATUS_ID,VAT_PERCENTAGE,MODIFIED_BY,WITHHOLDING_APPLICABLE) values (2042,'Renault Do Brasil Sa','ADVERTISER',1,3,'55000000034',null,'DLA Automotive',null,null,0.44,0.33,null,'EMAIL','EN',2404,2,2041,1,0,3,null,null,'admin',1);
insert into CUSTOMER (CUSTOMER_ID,CUSTOMER_NAME,CUSTOMER_TYPE,COMPANY_ID,COUNTRY_ID,TAX_ID,BUSINESS_NUMBER,ORGANIZATION_TYPE,TELEPHONE,FAX,AGENCY_COMMISSION_RATE,AGENCY_VOLUME_RATE,MASTER_ORGANIZATION,INVOICE_DELIVERY_PREFERENCE,LANGUAGE,ADDRESS_ID,BILLING_SCENARIO_ID,AGENCY,ACTIVE,EDI,BATCH_ID,TAX_STATUS_ID,VAT_PERCENTAGE,MODIFIED_BY,WITHHOLDING_APPLICABLE) values (2036,'Paramount Home Entertainment Brazil','ADVERTISER',1,3,null,'04229761000502','DLA Entertainment Me',null,null,10,1,null,'EMAIL','PT',2392,3,2041,1,0,3,14,null,'admin',1);
insert into CUSTOMER (CUSTOMER_ID,CUSTOMER_NAME,CUSTOMER_TYPE,COMPANY_ID,COUNTRY_ID,TAX_ID,BUSINESS_NUMBER,ORGANIZATION_TYPE,TELEPHONE,FAX,AGENCY_COMMISSION_RATE,AGENCY_VOLUME_RATE,MASTER_ORGANIZATION,INVOICE_DELIVERY_PREFERENCE,LANGUAGE,ADDRESS_ID,BILLING_SCENARIO_ID,AGENCY,ACTIVE,EDI,BATCH_ID,TAX_STATUS_ID,VAT_PERCENTAGE,MODIFIED_BY,WITHHOLDING_APPLICABLE) values (2079,'Cerveceria Y Malteria Quilmes','ADVERTISER',1,1,'50000001160',null,'DLA Beverages',null,null,null,null,null,null,'EN',2478,null,2051,1,0,3,null,null,'admin',1);
insert into CUSTOMER (CUSTOMER_ID,CUSTOMER_NAME,CUSTOMER_TYPE,COMPANY_ID,COUNTRY_ID,TAX_ID,BUSINESS_NUMBER,ORGANIZATION_TYPE,TELEPHONE,FAX,AGENCY_COMMISSION_RATE,AGENCY_VOLUME_RATE,MASTER_ORGANIZATION,INVOICE_DELIVERY_PREFERENCE,LANGUAGE,ADDRESS_ID,BILLING_SCENARIO_ID,AGENCY,ACTIVE,EDI,BATCH_ID,TAX_STATUS_ID,VAT_PERCENTAGE,MODIFIED_BY,WITHHOLDING_APPLICABLE) values (2066,'Coty Argentina S.A.','ADVERTISER',1,1,'55000001073',null,'DLA Personal Care',null,null,null,null,null,null,'EN',2452,null,2051,1,0,3,null,null,'admin',1);
insert into CUSTOMER (CUSTOMER_ID,CUSTOMER_NAME,CUSTOMER_TYPE,COMPANY_ID,COUNTRY_ID,TAX_ID,BUSINESS_NUMBER,ORGANIZATION_TYPE,TELEPHONE,FAX,AGENCY_COMMISSION_RATE,AGENCY_VOLUME_RATE,MASTER_ORGANIZATION,INVOICE_DELIVERY_PREFERENCE,LANGUAGE,ADDRESS_ID,BILLING_SCENARIO_ID,AGENCY,ACTIVE,EDI,BATCH_ID,TAX_STATUS_ID,VAT_PERCENTAGE,MODIFIED_BY,WITHHOLDING_APPLICABLE) values (2403,'Local Customer','ADVERTISER',1,1,'30711888111',null,'SA','541129293343',null,0.5,0.7,null,'EMAIL','ES',3085,3,2051,0,0,null,11,null,'admin',1);
insert into CUSTOMER (CUSTOMER_ID,CUSTOMER_NAME,CUSTOMER_TYPE,COMPANY_ID,COUNTRY_ID,TAX_ID,BUSINESS_NUMBER,ORGANIZATION_TYPE,TELEPHONE,FAX,AGENCY_COMMISSION_RATE,AGENCY_VOLUME_RATE,MASTER_ORGANIZATION,INVOICE_DELIVERY_PREFERENCE,LANGUAGE,ADDRESS_ID,BILLING_SCENARIO_ID,AGENCY,ACTIVE,EDI,BATCH_ID,TAX_STATUS_ID,VAT_PERCENTAGE,MODIFIED_BY,WITHHOLDING_APPLICABLE) values (2441,'Alto Palermo S.A.','ADVERTISER',1,1,'30765444443',null,null,null,null,0.25,0.11,null,'EMAIL','ES',3121,1,2139,1,0,null,11,null,'admin',1);
insert into CUSTOMER (CUSTOMER_ID,CUSTOMER_NAME,CUSTOMER_TYPE,COMPANY_ID,COUNTRY_ID,TAX_ID,BUSINESS_NUMBER,ORGANIZATION_TYPE,TELEPHONE,FAX,AGENCY_COMMISSION_RATE,AGENCY_VOLUME_RATE,MASTER_ORGANIZATION,INVOICE_DELIVERY_PREFERENCE,LANGUAGE,ADDRESS_ID,BILLING_SCENARIO_ID,AGENCY,ACTIVE,EDI,BATCH_ID,TAX_STATUS_ID,VAT_PERCENTAGE,MODIFIED_BY,WITHHOLDING_APPLICABLE) values (2181,'Banco Frances','ADVERTISER',1,1,'30500003193',null,'DLA Financial',null,null,0,0,null,'EMAIL','EN',2683,1,2167,1,0,3,11,null,'admin',1);
insert into CUSTOMER (CUSTOMER_ID,CUSTOMER_NAME,CUSTOMER_TYPE,COMPANY_ID,COUNTRY_ID,TAX_ID,BUSINESS_NUMBER,ORGANIZATION_TYPE,TELEPHONE,FAX,AGENCY_COMMISSION_RATE,AGENCY_VOLUME_RATE,MASTER_ORGANIZATION,INVOICE_DELIVERY_PREFERENCE,LANGUAGE,ADDRESS_ID,BILLING_SCENARIO_ID,AGENCY,ACTIVE,EDI,BATCH_ID,TAX_STATUS_ID,VAT_PERCENTAGE,MODIFIED_BY,WITHHOLDING_APPLICABLE) values (2132,'Kimberly Clark Argentina S.A.','ADVERTISER',1,1,'55000001359',null,'DLA Packaged Goods',null,null,null,null,null,null,'ES',2584,null,2167,1,0,3,null,null,'admin',1);
insert into CUSTOMER (CUSTOMER_ID,CUSTOMER_NAME,CUSTOMER_TYPE,COMPANY_ID,COUNTRY_ID,TAX_ID,BUSINESS_NUMBER,ORGANIZATION_TYPE,TELEPHONE,FAX,AGENCY_COMMISSION_RATE,AGENCY_VOLUME_RATE,MASTER_ORGANIZATION,INVOICE_DELIVERY_PREFERENCE,LANGUAGE,ADDRESS_ID,BILLING_SCENARIO_ID,AGENCY,ACTIVE,EDI,BATCH_ID,TAX_STATUS_ID,VAT_PERCENTAGE,MODIFIED_BY,WITHHOLDING_APPLICABLE) values (2173,'Nestle Argentina S.A.','ADVERTISER',1,1,'30546764040',null,'DLA Food',null,null,0,0,null,'EMAIL','ES',2667,1,2167,1,0,3,11,null,'admin',1);
insert into CUSTOMER (CUSTOMER_ID,CUSTOMER_NAME,CUSTOMER_TYPE,COMPANY_ID,COUNTRY_ID,TAX_ID,BUSINESS_NUMBER,ORGANIZATION_TYPE,TELEPHONE,FAX,AGENCY_COMMISSION_RATE,AGENCY_VOLUME_RATE,MASTER_ORGANIZATION,INVOICE_DELIVERY_PREFERENCE,LANGUAGE,ADDRESS_ID,BILLING_SCENARIO_ID,AGENCY,ACTIVE,EDI,BATCH_ID,TAX_STATUS_ID,VAT_PERCENTAGE,MODIFIED_BY,WITHHOLDING_APPLICABLE) values (2179,'Unilever De Argentina S.A.','ADVERTISER',1,1,'51600001543',null,'DLA Packaged Goods',null,null,null,null,null,null,'ES',2679,null,2175,1,0,3,null,null,'admin',1);
insert into CUSTOMER (CUSTOMER_ID,CUSTOMER_NAME,CUSTOMER_TYPE,COMPANY_ID,COUNTRY_ID,TAX_ID,BUSINESS_NUMBER,ORGANIZATION_TYPE,TELEPHONE,FAX,AGENCY_COMMISSION_RATE,AGENCY_VOLUME_RATE,MASTER_ORGANIZATION,INVOICE_DELIVERY_PREFERENCE,LANGUAGE,ADDRESS_ID,BILLING_SCENARIO_ID,AGENCY,ACTIVE,EDI,BATCH_ID,TAX_STATUS_ID,VAT_PERCENTAGE,MODIFIED_BY,WITHHOLDING_APPLICABLE) values (2045,'Coca Cola De Argentina S.A.','ADVERTISER',1,1,'55000000042',null,'DLA Beverages',null,null,null,null,null,null,'EN',2410,null,2180,1,0,3,null,null,'admin',1);
insert into CUSTOMER (CUSTOMER_ID,CUSTOMER_NAME,CUSTOMER_TYPE,COMPANY_ID,COUNTRY_ID,TAX_ID,BUSINESS_NUMBER,ORGANIZATION_TYPE,TELEPHONE,FAX,AGENCY_COMMISSION_RATE,AGENCY_VOLUME_RATE,MASTER_ORGANIZATION,INVOICE_DELIVERY_PREFERENCE,LANGUAGE,ADDRESS_ID,BILLING_SCENARIO_ID,AGENCY,ACTIVE,EDI,BATCH_ID,TAX_STATUS_ID,VAT_PERCENTAGE,MODIFIED_BY,WITHHOLDING_APPLICABLE) values (2354,'Pedidos Ya S.A.','ADVERTISER',1,6,'51600003023',null,'DLA Entertainment Me',null,null,null,null,null,null,'EN',3029,null,2180,1,0,3,null,null,'admin',1);
insert into CUSTOMER (CUSTOMER_ID,CUSTOMER_NAME,CUSTOMER_TYPE,COMPANY_ID,COUNTRY_ID,TAX_ID,BUSINESS_NUMBER,ORGANIZATION_TYPE,TELEPHONE,FAX,AGENCY_COMMISSION_RATE,AGENCY_VOLUME_RATE,MASTER_ORGANIZATION,INVOICE_DELIVERY_PREFERENCE,LANGUAGE,ADDRESS_ID,BILLING_SCENARIO_ID,AGENCY,ACTIVE,EDI,BATCH_ID,TAX_STATUS_ID,VAT_PERCENTAGE,MODIFIED_BY,WITHHOLDING_APPLICABLE) values (2172,'Kraft Foods Argentina S.A.','ADVERTISER',1,1,'50000001527',null,'DLA Food',null,null,null,null,null,null,'EN',2665,null,2180,1,0,3,null,null,'admin',1);
insert into CUSTOMER (CUSTOMER_ID,CUSTOMER_NAME,CUSTOMER_TYPE,COMPANY_ID,COUNTRY_ID,TAX_ID,BUSINESS_NUMBER,ORGANIZATION_TYPE,TELEPHONE,FAX,AGENCY_COMMISSION_RATE,AGENCY_VOLUME_RATE,MASTER_ORGANIZATION,INVOICE_DELIVERY_PREFERENCE,LANGUAGE,ADDRESS_ID,BILLING_SCENARIO_ID,AGENCY,ACTIVE,EDI,BATCH_ID,TAX_STATUS_ID,VAT_PERCENTAGE,MODIFIED_BY,WITHHOLDING_APPLICABLE) values (2142,'Bagley Argentina S.A.','ADVERTISER',1,1,'50000001403',null,'DLA Food',null,null,null,null,null,null,'EN',2604,null,2182,1,0,3,null,null,'admin',1);
insert into CUSTOMER (CUSTOMER_ID,CUSTOMER_NAME,CUSTOMER_TYPE,COMPANY_ID,COUNTRY_ID,TAX_ID,BUSINESS_NUMBER,ORGANIZATION_TYPE,TELEPHONE,FAX,AGENCY_COMMISSION_RATE,AGENCY_VOLUME_RATE,MASTER_ORGANIZATION,INVOICE_DELIVERY_PREFERENCE,LANGUAGE,ADDRESS_ID,BILLING_SCENARIO_ID,AGENCY,ACTIVE,EDI,BATCH_ID,TAX_STATUS_ID,VAT_PERCENTAGE,MODIFIED_BY,WITHHOLDING_APPLICABLE) values (2143,'Arcor S.A.I.C.','ADVERTISER',1,1,'51600001403',null,'DLA Food',null,null,null,null,null,null,'EN',2606,null,2182,1,0,3,null,null,'admin',1);
insert into CUSTOMER (CUSTOMER_ID,CUSTOMER_NAME,CUSTOMER_TYPE,COMPANY_ID,COUNTRY_ID,TAX_ID,BUSINESS_NUMBER,ORGANIZATION_TYPE,TELEPHONE,FAX,AGENCY_COMMISSION_RATE,AGENCY_VOLUME_RATE,MASTER_ORGANIZATION,INVOICE_DELIVERY_PREFERENCE,LANGUAGE,ADDRESS_ID,BILLING_SCENARIO_ID,AGENCY,ACTIVE,EDI,BATCH_ID,TAX_STATUS_ID,VAT_PERCENTAGE,MODIFIED_BY,WITHHOLDING_APPLICABLE) values (2102,'Garbarino S.A.','ADVERTISER',1,1,'30540088213',null,'DLA Purchases',null,null,0.1,0.01,null,'EMAIL','EN',2524,1,2182,1,0,3,11,null,'admin',1);
insert into CUSTOMER (CUSTOMER_ID,CUSTOMER_NAME,CUSTOMER_TYPE,COMPANY_ID,COUNTRY_ID,TAX_ID,BUSINESS_NUMBER,ORGANIZATION_TYPE,TELEPHONE,FAX,AGENCY_COMMISSION_RATE,AGENCY_VOLUME_RATE,MASTER_ORGANIZATION,INVOICE_DELIVERY_PREFERENCE,LANGUAGE,ADDRESS_ID,BILLING_SCENARIO_ID,AGENCY,ACTIVE,EDI,BATCH_ID,TAX_STATUS_ID,VAT_PERCENTAGE,MODIFIED_BY,WITHHOLDING_APPLICABLE) values (2053,'S.A. La Nacion','ADVERTISER',1,1,'30500089624',null,'DLA Entertainment Me',null,null,10,0,null,'EMAIL','EN',2426,4,2182,1,0,3,11,null,'admin',1);
insert into CUSTOMER (CUSTOMER_ID,CUSTOMER_NAME,CUSTOMER_TYPE,COMPANY_ID,COUNTRY_ID,TAX_ID,BUSINESS_NUMBER,ORGANIZATION_TYPE,TELEPHONE,FAX,AGENCY_COMMISSION_RATE,AGENCY_VOLUME_RATE,MASTER_ORGANIZATION,INVOICE_DELIVERY_PREFERENCE,LANGUAGE,ADDRESS_ID,BILLING_SCENARIO_ID,AGENCY,ACTIVE,EDI,BATCH_ID,TAX_STATUS_ID,VAT_PERCENTAGE,MODIFIED_BY,WITHHOLDING_APPLICABLE) values (2311,'Blaisten S.A.','ADVERTISER',1,1,'50000002426',null,'DLA Purchases',null,null,null,null,null,null,'EN',2943,null,2186,1,0,3,null,null,'admin',1);
insert into CUSTOMER (CUSTOMER_ID,CUSTOMER_NAME,CUSTOMER_TYPE,COMPANY_ID,COUNTRY_ID,TAX_ID,BUSINESS_NUMBER,ORGANIZATION_TYPE,TELEPHONE,FAX,AGENCY_COMMISSION_RATE,AGENCY_VOLUME_RATE,MASTER_ORGANIZATION,INVOICE_DELIVERY_PREFERENCE,LANGUAGE,ADDRESS_ID,BILLING_SCENARIO_ID,AGENCY,ACTIVE,EDI,BATCH_ID,TAX_STATUS_ID,VAT_PERCENTAGE,MODIFIED_BY,WITHHOLDING_APPLICABLE) values (2328,'Trivago Gmbh1','ADVERTISER',1,9,'55000002884','DE814414038','DLA Travel',null,null,null,null,null,null,'EN',2977,null,2186,1,0,3,null,null,'admin',1);
insert into CUSTOMER (CUSTOMER_ID,CUSTOMER_NAME,CUSTOMER_TYPE,COMPANY_ID,COUNTRY_ID,TAX_ID,BUSINESS_NUMBER,ORGANIZATION_TYPE,TELEPHONE,FAX,AGENCY_COMMISSION_RATE,AGENCY_VOLUME_RATE,MASTER_ORGANIZATION,INVOICE_DELIVERY_PREFERENCE,LANGUAGE,ADDRESS_ID,BILLING_SCENARIO_ID,AGENCY,ACTIVE,EDI,BATCH_ID,TAX_STATUS_ID,VAT_PERCENTAGE,MODIFIED_BY,WITHHOLDING_APPLICABLE) values (2060,'Natura Cosmeticos S/a','ADVERTISER',1,3,'55000001049','71673990000177','DLA Personal Care',null,null,null,null,null,null,'EN',2440,null,2186,1,0,3,null,null,'admin',1);
insert into CUSTOMER (CUSTOMER_ID,CUSTOMER_NAME,CUSTOMER_TYPE,COMPANY_ID,COUNTRY_ID,TAX_ID,BUSINESS_NUMBER,ORGANIZATION_TYPE,TELEPHONE,FAX,AGENCY_COMMISSION_RATE,AGENCY_VOLUME_RATE,MASTER_ORGANIZATION,INVOICE_DELIVERY_PREFERENCE,LANGUAGE,ADDRESS_ID,BILLING_SCENARIO_ID,AGENCY,ACTIVE,EDI,BATCH_ID,TAX_STATUS_ID,VAT_PERCENTAGE,MODIFIED_BY,WITHHOLDING_APPLICABLE) values (2218,'Cencosud S. A.','ADVERTISER',1,1,'50000001896',null,'DLA Purchases',null,null,null,null,null,null,'ES',2757,null,2186,1,0,3,null,null,'admin',1);
insert into CUSTOMER (CUSTOMER_ID,CUSTOMER_NAME,CUSTOMER_TYPE,COMPANY_ID,COUNTRY_ID,TAX_ID,BUSINESS_NUMBER,ORGANIZATION_TYPE,TELEPHONE,FAX,AGENCY_COMMISSION_RATE,AGENCY_VOLUME_RATE,MASTER_ORGANIZATION,INVOICE_DELIVERY_PREFERENCE,LANGUAGE,ADDRESS_ID,BILLING_SCENARIO_ID,AGENCY,ACTIVE,EDI,BATCH_ID,TAX_STATUS_ID,VAT_PERCENTAGE,MODIFIED_BY,WITHHOLDING_APPLICABLE) values (2260,'Laboratorios Andr??maco S.A.I.C.I.','ADVERTISER',1,1,'50000002191',null,'DLA Health',null,null,null,null,null,null,'EN',2841,null,2186,1,0,3,null,null,'admin',1);
insert into CUSTOMER (CUSTOMER_ID,CUSTOMER_NAME,CUSTOMER_TYPE,COMPANY_ID,COUNTRY_ID,TAX_ID,BUSINESS_NUMBER,ORGANIZATION_TYPE,TELEPHONE,FAX,AGENCY_COMMISSION_RATE,AGENCY_VOLUME_RATE,MASTER_ORGANIZATION,INVOICE_DELIVERY_PREFERENCE,LANGUAGE,ADDRESS_ID,BILLING_SCENARIO_ID,AGENCY,ACTIVE,EDI,BATCH_ID,TAX_STATUS_ID,VAT_PERCENTAGE,MODIFIED_BY,WITHHOLDING_APPLICABLE) values (2246,'Remax Argentina Srl','ADVERTISER',1,1,'51600002140',null,'DLA Travel',null,null,null,null,null,null,'ES',2813,null,2186,1,0,3,null,null,'admin',1);
insert into CUSTOMER (CUSTOMER_ID,CUSTOMER_NAME,CUSTOMER_TYPE,COMPANY_ID,COUNTRY_ID,TAX_ID,BUSINESS_NUMBER,ORGANIZATION_TYPE,TELEPHONE,FAX,AGENCY_COMMISSION_RATE,AGENCY_VOLUME_RATE,MASTER_ORGANIZATION,INVOICE_DELIVERY_PREFERENCE,LANGUAGE,ADDRESS_ID,BILLING_SCENARIO_ID,AGENCY,ACTIVE,EDI,BATCH_ID,TAX_STATUS_ID,VAT_PERCENTAGE,MODIFIED_BY,WITHHOLDING_APPLICABLE) values (2189,'Mediacom Argentina','AGENCY',1,1,'30697957290',null,'Agency',null,null,10,0,null,'EMAIL','ES',2699,1,2482,1,0,3,11,null,'admin',1);
insert into CUSTOMER (CUSTOMER_ID,CUSTOMER_NAME,CUSTOMER_TYPE,COMPANY_ID,COUNTRY_ID,TAX_ID,BUSINESS_NUMBER,ORGANIZATION_TYPE,TELEPHONE,FAX,AGENCY_COMMISSION_RATE,AGENCY_VOLUME_RATE,MASTER_ORGANIZATION,INVOICE_DELIVERY_PREFERENCE,LANGUAGE,ADDRESS_ID,BILLING_SCENARIO_ID,AGENCY,ACTIVE,EDI,BATCH_ID,TAX_STATUS_ID,VAT_PERCENTAGE,MODIFIED_BY,WITHHOLDING_APPLICABLE) values (2199,'Volkswagen Argentina S.A.','ADVERTISER',1,1,'50000001713',null,'DLA Automotive',null,null,null,null,null,null,'EN',2719,null,2189,1,0,3,null,null,'admin',1);
insert into CUSTOMER (CUSTOMER_ID,CUSTOMER_NAME,CUSTOMER_TYPE,COMPANY_ID,COUNTRY_ID,TAX_ID,BUSINESS_NUMBER,ORGANIZATION_TYPE,TELEPHONE,FAX,AGENCY_COMMISSION_RATE,AGENCY_VOLUME_RATE,MASTER_ORGANIZATION,INVOICE_DELIVERY_PREFERENCE,LANGUAGE,ADDRESS_ID,BILLING_SCENARIO_ID,AGENCY,ACTIVE,EDI,BATCH_ID,TAX_STATUS_ID,VAT_PERCENTAGE,MODIFIED_BY,WITHHOLDING_APPLICABLE) values (2197,'Santander Rio S.A.','ADVERTISER',1,1,'51600001705',null,'DLA Financial',null,null,null,null,null,null,'EN',2715,null,2189,1,0,3,null,null,'admin',1);
insert into CUSTOMER (CUSTOMER_ID,CUSTOMER_NAME,CUSTOMER_TYPE,COMPANY_ID,COUNTRY_ID,TAX_ID,BUSINESS_NUMBER,ORGANIZATION_TYPE,TELEPHONE,FAX,AGENCY_COMMISSION_RATE,AGENCY_VOLUME_RATE,MASTER_ORGANIZATION,INVOICE_DELIVERY_PREFERENCE,LANGUAGE,ADDRESS_ID,BILLING_SCENARIO_ID,AGENCY,ACTIVE,EDI,BATCH_ID,TAX_STATUS_ID,VAT_PERCENTAGE,MODIFIED_BY,WITHHOLDING_APPLICABLE,TAX_LEGAL_NAME) values (2192,'Bayer S.A. (Argentina)','ADVERTISER',1,1,'55000001626',null,'DLA Health',null,null,null,null,null,null,'EN',2705,null,2189,1,0,3,null,null,'admin',1, 'Bayer S.A. (Argentina)');
insert into CUSTOMER (CUSTOMER_ID,CUSTOMER_NAME,CUSTOMER_TYPE,COMPANY_ID,COUNTRY_ID,TAX_ID,BUSINESS_NUMBER,ORGANIZATION_TYPE,TELEPHONE,FAX,AGENCY_COMMISSION_RATE,AGENCY_VOLUME_RATE,MASTER_ORGANIZATION,INVOICE_DELIVERY_PREFERENCE,LANGUAGE,ADDRESS_ID,BILLING_SCENARIO_ID,AGENCY,ACTIVE,EDI,BATCH_ID,TAX_STATUS_ID,VAT_PERCENTAGE,MODIFIED_BY,WITHHOLDING_APPLICABLE) values (2056,'Glaxo Smithkline Argentina S.A.','ADVERTISER',1,1,'51600001039',null,'DLA Health',null,null,null,null,null,null,'EN',2432,null,2189,1,0,3,null,null,'admin',1);
insert into CUSTOMER (CUSTOMER_ID,CUSTOMER_NAME,CUSTOMER_TYPE,COMPANY_ID,COUNTRY_ID,TAX_ID,BUSINESS_NUMBER,ORGANIZATION_TYPE,TELEPHONE,FAX,AGENCY_COMMISSION_RATE,AGENCY_VOLUME_RATE,MASTER_ORGANIZATION,INVOICE_DELIVERY_PREFERENCE,LANGUAGE,ADDRESS_ID,BILLING_SCENARIO_ID,AGENCY,ACTIVE,EDI,BATCH_ID,TAX_STATUS_ID,VAT_PERCENTAGE,MODIFIED_BY,WITHHOLDING_APPLICABLE) values (2191,'Sancor Cooperativas Unidadas','ADVERTISER',1,1,'51600001624',null,'DLA Food',null,null,null,null,null,null,'EN',2703,null,2232,1,0,3,null,null,'admin',1);
insert into CUSTOMER (CUSTOMER_ID,CUSTOMER_NAME,CUSTOMER_TYPE,COMPANY_ID,COUNTRY_ID,TAX_ID,BUSINESS_NUMBER,ORGANIZATION_TYPE,TELEPHONE,FAX,AGENCY_COMMISSION_RATE,AGENCY_VOLUME_RATE,MASTER_ORGANIZATION,INVOICE_DELIVERY_PREFERENCE,LANGUAGE,ADDRESS_ID,BILLING_SCENARIO_ID,AGENCY,ACTIVE,EDI,BATCH_ID,TAX_STATUS_ID,VAT_PERCENTAGE,MODIFIED_BY,WITHHOLDING_APPLICABLE) values (2187,'Ferrero Argentina Sa','ADVERTISER',1,1,'50000001616',null,'DLA Food',null,null,null,null,null,null,'EN',2695,null,2232,1,0,3,null,null,'admin',1);
insert into CUSTOMER (CUSTOMER_ID,CUSTOMER_NAME,CUSTOMER_TYPE,COMPANY_ID,COUNTRY_ID,TAX_ID,BUSINESS_NUMBER,ORGANIZATION_TYPE,TELEPHONE,FAX,AGENCY_COMMISSION_RATE,AGENCY_VOLUME_RATE,MASTER_ORGANIZATION,INVOICE_DELIVERY_PREFERENCE,LANGUAGE,ADDRESS_ID,BILLING_SCENARIO_ID,AGENCY,ACTIVE,EDI,BATCH_ID,TAX_STATUS_ID,VAT_PERCENTAGE,MODIFIED_BY,WITHHOLDING_APPLICABLE) values (2299,'Maxus (Espacios)','AGENCY',1,1,'30712097538',null,'Agency',null,null,10,0,null,'EMAIL','ES',2919,1,2482,1,0,3,11,null,'admin',1);
insert into CUSTOMER (CUSTOMER_ID,CUSTOMER_NAME,CUSTOMER_TYPE,COMPANY_ID,COUNTRY_ID,TAX_ID,BUSINESS_NUMBER,ORGANIZATION_TYPE,TELEPHONE,FAX,AGENCY_COMMISSION_RATE,AGENCY_VOLUME_RATE,MASTER_ORGANIZATION,INVOICE_DELIVERY_PREFERENCE,LANGUAGE,ADDRESS_ID,BILLING_SCENARIO_ID,AGENCY,ACTIVE,EDI,BATCH_ID,TAX_STATUS_ID,VAT_PERCENTAGE,MODIFIED_BY,WITHHOLDING_APPLICABLE) values (2176,'S.C. Johnson & Son De Argentina S.A.','ADVERTISER',1,1,'30503747533',null,'DLA Household Produc',null,null,10,0,null,'EMAIL','EN',2673,2,2299,1,0,3,11,null,'admin',1);
insert into CUSTOMER (CUSTOMER_ID,CUSTOMER_NAME,CUSTOMER_TYPE,COMPANY_ID,COUNTRY_ID,TAX_ID,BUSINESS_NUMBER,ORGANIZATION_TYPE,TELEPHONE,FAX,AGENCY_COMMISSION_RATE,AGENCY_VOLUME_RATE,MASTER_ORGANIZATION,INVOICE_DELIVERY_PREFERENCE,LANGUAGE,ADDRESS_ID,BILLING_SCENARIO_ID,AGENCY,ACTIVE,EDI,BATCH_ID,TAX_STATUS_ID,VAT_PERCENTAGE,MODIFIED_BY,WITHHOLDING_APPLICABLE) values (2118,'Laboratorio Abbott S.A.','ADVERTISER',1,1,'50000001314',null,'DLA Health',null,null,null,null,null,null,'ES',2556,null,2299,1,0,3,null,null,'admin',1);
insert into CUSTOMER (CUSTOMER_ID,CUSTOMER_NAME,CUSTOMER_TYPE,COMPANY_ID,COUNTRY_ID,TAX_ID,BUSINESS_NUMBER,ORGANIZATION_TYPE,TELEPHONE,FAX,AGENCY_COMMISSION_RATE,AGENCY_VOLUME_RATE,MASTER_ORGANIZATION,INVOICE_DELIVERY_PREFERENCE,LANGUAGE,ADDRESS_ID,BILLING_SCENARIO_ID,AGENCY,ACTIVE,EDI,BATCH_ID,TAX_STATUS_ID,VAT_PERCENTAGE,MODIFIED_BY,WITHHOLDING_APPLICABLE) values (2099,'Media Edge C??a.','AGENCY',1,1,'30705555636',null,'Agency',null,null,10,0,null,'EMAIL','ES',2518,7,2482,1,0,3,11,null,'admin',1);

insert into CUSTOMER (CUSTOMER_ID,CUSTOMER_NAME,CUSTOMER_TYPE,COMPANY_ID,COUNTRY_ID,TAX_ID,BUSINESS_NUMBER,ORGANIZATION_TYPE,TELEPHONE,FAX,AGENCY_COMMISSION_RATE,AGENCY_VOLUME_RATE,MASTER_ORGANIZATION,INVOICE_DELIVERY_PREFERENCE,LANGUAGE,ADDRESS_ID,BILLING_SCENARIO_ID,AGENCY,ACTIVE,EDI,BATCH_ID,TAX_STATUS_ID,VAT_PERCENTAGE,TAX_LEGAL_NAME,MODIFIED_BY) values (1,'AGENCY_1','AGENCY',1,1,'20287695714','BUSINESS_NUMBER_AGENCY_1','ORGANIZATION_TYPE_AGENCY_1','TELEPHONE_AGENCY_1',null,10,10,'MASTER_ORGANIZATION_AGENCY_1','POSTAL','EN',1,1,null,1,0,null,11,null,'AGENCY 1','admin');
insert into CUSTOMER (CUSTOMER_ID,CUSTOMER_NAME,CUSTOMER_TYPE,COMPANY_ID,COUNTRY_ID,TAX_ID,BUSINESS_NUMBER,ORGANIZATION_TYPE,TELEPHONE,FAX,AGENCY_COMMISSION_RATE,AGENCY_VOLUME_RATE,MASTER_ORGANIZATION,INVOICE_DELIVERY_PREFERENCE,LANGUAGE,ADDRESS_ID,BILLING_SCENARIO_ID,AGENCY,ACTIVE,EDI,BATCH_ID,TAX_STATUS_ID,VAT_PERCENTAGE,MODIFIED_BY) values (2,'AGENCY_2','AGENCY',1,2,'30639453738','BUSINESS_NUMBER_2','ORGANIZATION_TYPE_6','TELEPHONE_6',null,20,20,'MASTER_ORGANIZATION_6','EMAIL','EN',2,1,null,1,0,null,12,null,'admin');
insert into CUSTOMER (CUSTOMER_ID,CUSTOMER_NAME,CUSTOMER_TYPE,COMPANY_ID,COUNTRY_ID,TAX_ID,BUSINESS_NUMBER,ORGANIZATION_TYPE,TELEPHONE,FAX,AGENCY_COMMISSION_RATE,AGENCY_VOLUME_RATE,MASTER_ORGANIZATION,INVOICE_DELIVERY_PREFERENCE,LANGUAGE,ADDRESS_ID,BILLING_SCENARIO_ID,AGENCY,ACTIVE,EDI,BATCH_ID,TAX_STATUS_ID,VAT_PERCENTAGE,MODIFIED_BY) values (3,'AGENCY_3 CON PARENT AGENCY','AGENCY',1,1,'30712275185','BUSINESS_NUMBER_7','ORGANIZATION_TYPE_7','TELEPHONE_7',null,30,60,'MASTER_ORGANIZATION_7','EMAIL','EN',3,2,3,1,0,null,11,null,'admin');
insert into CUSTOMER (CUSTOMER_ID,CUSTOMER_NAME,CUSTOMER_TYPE,COMPANY_ID,COUNTRY_ID,TAX_ID,BUSINESS_NUMBER,ORGANIZATION_TYPE,TELEPHONE,FAX,AGENCY_COMMISSION_RATE,AGENCY_VOLUME_RATE,MASTER_ORGANIZATION,INVOICE_DELIVERY_PREFERENCE,LANGUAGE,ADDRESS_ID,BILLING_SCENARIO_ID,AGENCY,ACTIVE,EDI,BATCH_ID,TAX_STATUS_ID,VAT_PERCENTAGE,TAX_LEGAL_NAME,MODIFIED_BY) values (4,'ADVERTISER_4','ADVERTISER',1,1,'30639453738','BUSINESS_NUMBER_8','ORGANIZATION_TYPE_8','TELEPHONE_8',null,40,80,'MASTER_ORGANIZATION_8','EMAIL','EN',4,2,1,1,0,null,11,null,'ADVERTISER 4','admin');
insert into CUSTOMER (CUSTOMER_ID,CUSTOMER_NAME,CUSTOMER_TYPE,COMPANY_ID,COUNTRY_ID,TAX_ID,BUSINESS_NUMBER,ORGANIZATION_TYPE,TELEPHONE,FAX,AGENCY_COMMISSION_RATE,AGENCY_VOLUME_RATE,MASTER_ORGANIZATION,INVOICE_DELIVERY_PREFERENCE,LANGUAGE,ADDRESS_ID,BILLING_SCENARIO_ID,AGENCY,ACTIVE,EDI,BATCH_ID,TAX_STATUS_ID,VAT_PERCENTAGE,MODIFIED_BY) values (6,'ADVERTISER_6 Direct','ADVERTISER',1,1,'30639453738','BUSINESS_NUMBER_8','ORGANIZATION_TYPE_8','TELEPHONE_8',null,40,80,'MASTER_ORGANIZATION_8','EMAIL','EN',6,1,null,1,0,null,11,null,'admin');
insert into CUSTOMER (CUSTOMER_ID,CUSTOMER_NAME,CUSTOMER_TYPE,COMPANY_ID,COUNTRY_ID,TAX_ID,BUSINESS_NUMBER,ORGANIZATION_TYPE,TELEPHONE,FAX,AGENCY_COMMISSION_RATE,AGENCY_VOLUME_RATE,MASTER_ORGANIZATION,INVOICE_DELIVERY_PREFERENCE,LANGUAGE,ADDRESS_ID,BILLING_SCENARIO_ID,AGENCY,ACTIVE,EDI,BATCH_ID,TAX_STATUS_ID,VAT_PERCENTAGE,MODIFIED_BY,CREDIT_NOTE_LINE_DESCRIPTION) values (7,'LAMAC','AGENCY',1,1,'30679669857','BUSINESS_NUMBER_LAMAC','ORGANIZATION_TYPE_LAMAC','TELEPHONE_LAMAC',null,40,80,'MASTER_ORGANIZATION_LAMAC','EMAIL','EN',7,2,null,1,0,null,14,null,'admin', 'Bonificación por Volumen de Agencia');
insert into CUSTOMER (CUSTOMER_ID,CUSTOMER_NAME,CUSTOMER_TYPE,COMPANY_ID,COUNTRY_ID,TAX_ID,BUSINESS_NUMBER,ORGANIZATION_TYPE,TELEPHONE,FAX,AGENCY_COMMISSION_RATE,AGENCY_VOLUME_RATE,MASTER_ORGANIZATION,INVOICE_DELIVERY_PREFERENCE,LANGUAGE,ADDRESS_ID,BILLING_SCENARIO_ID,AGENCY,ACTIVE,EDI,BATCH_ID,TAX_STATUS_ID,VAT_PERCENTAGE,MODIFIED_BY) values (5,'ADVERTISER_5','ADVERTISER',1,3,'20287695714','BUSINESS_NUMBER_8','ORGANIZATION_TYPE_8','TELEPHONE_8',null,40,80,'MASTER_ORGANIZATION_5','EMAIL','EN',5,2,7,1,0,null,14,null,'admin');
insert into CUSTOMER (CUSTOMER_ID,CUSTOMER_NAME,CUSTOMER_TYPE,COMPANY_ID,COUNTRY_ID,TAX_ID,BUSINESS_NUMBER,ORGANIZATION_TYPE,TELEPHONE,FAX,AGENCY_COMMISSION_RATE,AGENCY_VOLUME_RATE,MASTER_ORGANIZATION,INVOICE_DELIVERY_PREFERENCE,LANGUAGE,ADDRESS_ID,BILLING_SCENARIO_ID,AGENCY,ACTIVE,EDI,BATCH_ID,TAX_STATUS_ID,VAT_PERCENTAGE,MODIFIED_BY) values (8,'OTHER_1','OTHER',1,3,'20289699714','BUSINESS_NUMBER_8','ORGANIZATION_TYPE_8','TELEPHONE_8',null,40,80,'MASTER_ORGANIZATION_5','EMAIL','EN',8,2,7,1,0,null,11,null,'admin');

insert into CUSTOMER (CUSTOMER_ID,CUSTOMER_NAME,CUSTOMER_TYPE,COMPANY_ID,COUNTRY_ID,TAX_ID,BUSINESS_NUMBER,ORGANIZATION_TYPE,TELEPHONE,FAX,AGENCY_COMMISSION_RATE,AGENCY_VOLUME_RATE,MASTER_ORGANIZATION,INVOICE_DELIVERY_PREFERENCE,LANGUAGE,ADDRESS_ID,BILLING_SCENARIO_ID,AGENCY,ACTIVE,EDI,BATCH_ID,TAX_STATUS_ID,VAT_PERCENTAGE,MODIFIED_BY,TAX_LEGAL_NAME,TAX_ID_FORMATTED,CREDIT_NOTE_LINE_DESCRIPTION) values (11105,'Filmsuez','AGENCY',1,'6','55000000018',null,'Agency','598 29018594',null,'10',0,null,'EMAIL','ES',12209,1,null,1,0,null,14,null,null,'Savarel S.A.',null,null);
insert into CUSTOMER (CUSTOMER_ID,CUSTOMER_NAME,CUSTOMER_TYPE,COMPANY_ID,COUNTRY_ID,TAX_ID,BUSINESS_NUMBER,ORGANIZATION_TYPE,TELEPHONE,FAX,AGENCY_COMMISSION_RATE,AGENCY_VOLUME_RATE,MASTER_ORGANIZATION,INVOICE_DELIVERY_PREFERENCE,LANGUAGE,ADDRESS_ID,BILLING_SCENARIO_ID,AGENCY,ACTIVE,EDI,BATCH_ID,TAX_STATUS_ID,VAT_PERCENTAGE,MODIFIED_BY,TAX_LEGAL_NAME,TAX_ID_FORMATTED,CREDIT_NOTE_LINE_DESCRIPTION) values (11106,'Bimbo De Uruguay','ADVERTISER',1,'6','55000000018',null,'DLA Food','0000-00000',null,'10','0',null,'POSTAL','EN',12211,1,'11105',1,0,null,14,null,null,'Panificadora Bimbo del Uruguay S.A.',null,null);

-- Withholding Customer
insert into ADDRESS (ADDRESS_ID,REGION_ID,CITY,POSTAL_CODE,COUNTRY) values (10300,3001,'City','12321',21);
insert into CUSTOMER (CUSTOMER_ID,CUSTOMER_NAME,CUSTOMER_TYPE,COMPANY_ID,COUNTRY_ID,TAX_ID,BUSINESS_NUMBER,ORGANIZATION_TYPE,TELEPHONE,FAX,AGENCY_COMMISSION_RATE,AGENCY_VOLUME_RATE,MASTER_ORGANIZATION,INVOICE_DELIVERY_PREFERENCE,LANGUAGE,ADDRESS_ID,BILLING_SCENARIO_ID,AGENCY,ACTIVE,EDI,BATCH_ID,TAX_STATUS_ID,VAT_PERCENTAGE,MODIFIED_BY,CREDIT_NOTE_LINE_DESCRIPTION,WITHHOLDING_APPLICABLE) values (10300,'WITHHOLDING','AGENCY',1,1,'30679669857','BUSINESS_NUMBER_LAMAC','ORGANIZATION_TYPE_LAMAC','TELEPHONE_LAMAC',null,40,80,'MASTER_ORGANIZATION_LAMAC','EMAIL','EN',10300,2,null,1,0,null,14,null,'admin', 'Bonificación por Volumen de Agencia', 1);


-- MX Customers
insert into ADDRESS (ADDRESS_ID,REGION_ID,CITY,POSTAL_CODE,COUNTRY,MODIFIED_BY) values (4000,2000,'City','12321',21,'dgarcia');
insert into CUSTOMER (CUSTOMER_ID,CUSTOMER_NAME,CUSTOMER_TYPE,COMPANY_ID,COUNTRY_ID,TAX_ID,BUSINESS_NUMBER,ORGANIZATION_TYPE,TELEPHONE,FAX,AGENCY_COMMISSION_RATE,AGENCY_VOLUME_RATE,MASTER_ORGANIZATION,INVOICE_DELIVERY_PREFERENCE,LANGUAGE,ADDRESS_ID,BILLING_SCENARIO_ID,AGENCY,ACTIVE,EDI,BATCH_ID,TAX_STATUS_ID,VAT_PERCENTAGE,TAX_LEGAL_NAME,MODIFIED_BY) values (4000,'Direct Advertiser','ADVERTISER',2,21,'SIN070928HM3','BUSINESS_NUMBER_8','ORGANIZATION_TYPE_8','1812121212','1812121212',15.00,20.00,'MASTER_ORGANIZATION_8','POSTAL','ES',4000,210,null,1,0,null,21,16.00,'Advertiser','admin');

insert into ADDRESS (ADDRESS_ID,REGION_ID,CITY,POSTAL_CODE,COUNTRY,MODIFIED_BY) values (5000,3000,'City','12321',7,'dgarcia');
Insert into STREET (STREET_ID,DESCRIPTION,STREET_TYPE_ID,ADDRESS_ID) values (5000,'Street 1',31,5000);
insert into CUSTOMER (CUSTOMER_ID,CUSTOMER_NAME,CUSTOMER_TYPE,COMPANY_ID,COUNTRY_ID,TAX_ID,BUSINESS_NUMBER,ORGANIZATION_TYPE,TELEPHONE,FAX,AGENCY_COMMISSION_RATE,AGENCY_VOLUME_RATE,MASTER_ORGANIZATION,INVOICE_DELIVERY_PREFERENCE,LANGUAGE,ADDRESS_ID,BILLING_SCENARIO_ID,AGENCY,ACTIVE,EDI,BATCH_ID,TAX_STATUS_ID,VAT_PERCENTAGE,TAX_LEGAL_NAME,MODIFIED_BY,WITHHOLDING_APPLICABLE) values (5000,'Direct Advertiser','ADVERTISER',3,7,'9222336131','BUSINESS_NUMBER_8','ORGANIZATION_TYPE_8','9222336131','9222336131',15.00,20.00,'MASTER_ORGANIZATION_8','POSTAL','ES',5000,303,null,1,0,null,31,16.00,'Advertiser','admin',1);
insert into CUSTOMER_CROSS_REFERENCE(DIS_REFERENCE,BMS_REFERENCE,ERP_REFERENCE) values (5000,'IBMS5000','MSD5000');

insert into ADVERTISERS_CUSTOMER (CUSTOMER_ID , ADVERTISERS_ID ) values (1 , 3);
insert into ADVERTISERS_CUSTOMER (CUSTOMER_ID , ADVERTISERS_ID ) values (2 , 5);
insert into ADVERTISERS_CUSTOMER (CUSTOMER_ID , ADVERTISERS_ID ) values (1 , 4);
insert into ADVERTISERS_CUSTOMER (CUSTOMER_ID , ADVERTISERS_ID ) values (7 , 5);

insert into ADVERTISERS_CUSTOMER (CUSTOMER_ID,ADVERTISERS_ID) values (2041,2036);
insert into ADVERTISERS_CUSTOMER (CUSTOMER_ID,ADVERTISERS_ID) values (2180,2045);
insert into ADVERTISERS_CUSTOMER (CUSTOMER_ID,ADVERTISERS_ID) values (2180,2172);
insert into ADVERTISERS_CUSTOMER (CUSTOMER_ID,ADVERTISERS_ID) values (2180,2354);
insert into ADVERTISERS_CUSTOMER (CUSTOMER_ID,ADVERTISERS_ID) values (2193,2483);
insert into ADVERTISERS_CUSTOMER (CUSTOMER_ID,ADVERTISERS_ID) values (2041,2042);
insert into ADVERTISERS_CUSTOMER (CUSTOMER_ID,ADVERTISERS_ID) values (2402,2036);
insert into ADVERTISERS_CUSTOMER (CUSTOMER_ID,ADVERTISERS_ID) values (2402,2042);
insert into ADVERTISERS_CUSTOMER (CUSTOMER_ID,ADVERTISERS_ID) values (2402,2035);
insert into ADVERTISERS_CUSTOMER (CUSTOMER_ID,ADVERTISERS_ID) values (2139,2441);
insert into ADVERTISERS_CUSTOMER (CUSTOMER_ID,ADVERTISERS_ID) values (2182,2143);
insert into ADVERTISERS_CUSTOMER (CUSTOMER_ID,ADVERTISERS_ID) values (2182,2102);
insert into ADVERTISERS_CUSTOMER (CUSTOMER_ID,ADVERTISERS_ID) values (2182,2053);
insert into ADVERTISERS_CUSTOMER (CUSTOMER_ID,ADVERTISERS_ID) values (2182,2142);
insert into ADVERTISERS_CUSTOMER (CUSTOMER_ID,ADVERTISERS_ID) values (2186,2060);
insert into ADVERTISERS_CUSTOMER (CUSTOMER_ID,ADVERTISERS_ID) values (2186,2328);
insert into ADVERTISERS_CUSTOMER (CUSTOMER_ID,ADVERTISERS_ID) values (2186,2311);
insert into ADVERTISERS_CUSTOMER (CUSTOMER_ID,ADVERTISERS_ID) values (2186,2246);
insert into ADVERTISERS_CUSTOMER (CUSTOMER_ID,ADVERTISERS_ID) values (2186,2260);
insert into ADVERTISERS_CUSTOMER (CUSTOMER_ID,ADVERTISERS_ID) values (2186,2218);
insert into ADVERTISERS_CUSTOMER (CUSTOMER_ID,ADVERTISERS_ID) values (2232,2187);
insert into ADVERTISERS_CUSTOMER (CUSTOMER_ID,ADVERTISERS_ID) values (2167,2181);
insert into ADVERTISERS_CUSTOMER (CUSTOMER_ID,ADVERTISERS_ID) values (2299,2176);
insert into ADVERTISERS_CUSTOMER (CUSTOMER_ID,ADVERTISERS_ID) values (2299,2118);
insert into ADVERTISERS_CUSTOMER (CUSTOMER_ID,ADVERTISERS_ID) values (2232,2191);
insert into ADVERTISERS_CUSTOMER (CUSTOMER_ID,ADVERTISERS_ID) values (2051,2079);
insert into ADVERTISERS_CUSTOMER (CUSTOMER_ID,ADVERTISERS_ID) values (2167,2132);
insert into ADVERTISERS_CUSTOMER (CUSTOMER_ID,ADVERTISERS_ID) values (2051,2066);
insert into ADVERTISERS_CUSTOMER (CUSTOMER_ID,ADVERTISERS_ID) values (2167,2173);
insert into ADVERTISERS_CUSTOMER (CUSTOMER_ID,ADVERTISERS_ID) values (2482,2189);
insert into ADVERTISERS_CUSTOMER (CUSTOMER_ID,ADVERTISERS_ID) values (2189,2192);
insert into ADVERTISERS_CUSTOMER (CUSTOMER_ID,ADVERTISERS_ID) values (2189,2199);
insert into ADVERTISERS_CUSTOMER (CUSTOMER_ID,ADVERTISERS_ID) values (2189,2197);
insert into ADVERTISERS_CUSTOMER (CUSTOMER_ID,ADVERTISERS_ID) values (2189,2056);
insert into ADVERTISERS_CUSTOMER (CUSTOMER_ID,ADVERTISERS_ID) values (2482,2099);
insert into ADVERTISERS_CUSTOMER (CUSTOMER_ID,ADVERTISERS_ID) values (2482,2299);
insert into ADVERTISERS_CUSTOMER (CUSTOMER_ID,ADVERTISERS_ID) values (2482,2167);
insert into ADVERTISERS_CUSTOMER (CUSTOMER_ID,ADVERTISERS_ID) values (2482,2179);

insert into ADVERTISERS_CUSTOMER (CUSTOMER_ID,ADVERTISERS_ID) values (2168,2169)

insert into ADVERTISERS_CUSTOMER (CUSTOMER_ID,ADVERTISERS_ID) values (11105,11106)


-- Report Contact
insert into REPORT_CONTACT(REPORT_CONTACT_ID,REPORT_CONTACT_NAME,TELEPHONE,ADDRESS_ID) values(1,'reportcontact_name_1','111111',6);

insert into REPORT_CONTACT (REPORT_CONTACT_ID,REPORT_CONTACT_NAME,TELEPHONE,ADDRESS_ID,MODIFIED_BY) values ('11105',null,null,'12210',null);
insert into REPORT_CONTACT (REPORT_CONTACT_ID,REPORT_CONTACT_NAME,TELEPHONE,ADDRESS_ID,MODIFIED_BY) values ('11106',null,null,'12212',null);


-- Billing Contact
insert into BILLING_CONTACT(BILLING_CONTACT_ID,NAME,ADDITIONAL_CONTACT_NAME,TELEPHONE,FAX,SALES_GROUP_TYPE) values(1,'name_1','additional_contact_name_1','telephone_1','fax_1','sales_group_type_5');
insert into BILLING_CONTACT(BILLING_CONTACT_ID,NAME,ADDITIONAL_CONTACT_NAME,TELEPHONE,FAX,SALES_GROUP_TYPE) values(2,'name_2','additional_contact_name_2','telephone_6','fax_4','sales_group_type_6');
insert into BILLING_CONTACT(BILLING_CONTACT_ID,NAME,ADDITIONAL_CONTACT_NAME,TELEPHONE,FAX,SALES_GROUP_TYPE) values(3,'name_3','additional_contact_name_3','telephone_1','fax_1','sales_group_type_5');
insert into BILLING_CONTACT(BILLING_CONTACT_ID,NAME,ADDITIONAL_CONTACT_NAME,TELEPHONE,FAX,SALES_GROUP_TYPE) values(4,'name_4','additional_contact_name_4','telephone_6','fax_4','sales_group_type_6');
insert into BILLING_CONTACT(BILLING_CONTACT_ID,NAME,ADDITIONAL_CONTACT_NAME,TELEPHONE,FAX,SALES_GROUP_TYPE) values(5,'name_4','additional_contact_name_4','telephone_6','fax_4','sales_group_type_6');

--Customer Cross Reference
insert into CUSTOMER_CROSS_REFERENCE(DIS_REFERENCE,BMS_REFERENCE,ERP_REFERENCE) values (1,'bms1','erp1');
insert into CUSTOMER_CROSS_REFERENCE(DIS_REFERENCE,BMS_REFERENCE,ERP_REFERENCE) values (2,'bms2','erp2');
insert into CUSTOMER_CROSS_REFERENCE(DIS_REFERENCE,BMS_REFERENCE,ERP_REFERENCE) values (3,'bms3','erp3');
insert into CUSTOMER_CROSS_REFERENCE(DIS_REFERENCE,BMS_REFERENCE,ERP_REFERENCE) values (4,'bms4','erp4');
insert into CUSTOMER_CROSS_REFERENCE(DIS_REFERENCE,BMS_REFERENCE,ERP_REFERENCE) values (5,'bms5','erp5');
insert into CUSTOMER_CROSS_REFERENCE(DIS_REFERENCE,BMS_REFERENCE,ERP_REFERENCE) values (2196,'IBMS','Tango');

insert into CUSTOMER_CROSS_REFERENCE (DIS_REFERENCE,BMS_REFERENCE,ERP_REFERENCE,MODIFIED_BY) values ('11105','0002107983',null,null);
insert into CUSTOMER_CROSS_REFERENCE (DIS_REFERENCE,BMS_REFERENCE,ERP_REFERENCE,MODIFIED_BY) values ('11106','0002108003',null,null);


--Customer <-> Service Received Type
--insert INTO SERVICE_RECEIVED_TYPE_CUSTOMER(CUSTOMER_ID,SERVICE_RECEIVED_TYPE_ID) VALUES (1,1);
--insert INTO SERVICE_RECEIVED_TYPE_CUSTOMER(CUSTOMER_ID,SERVICE_RECEIVED_TYPE_ID) VALUES (1,2);
--insert INTO SERVICE_RECEIVED_TYPE_CUSTOMER(CUSTOMER_ID,SERVICE_RECEIVED_TYPE_ID) VALUES (1,3);
--insert INTO SERVICE_RECEIVED_TYPE_CUSTOMER(CUSTOMER_ID,SERVICE_RECEIVED_TYPE_ID) VALUES (2,1);
--insert INTO SERVICE_RECEIVED_TYPE_CUSTOMER(CUSTOMER_ID,SERVICE_RECEIVED_TYPE_ID) VALUES (2,2);
--insert INTO SERVICE_RECEIVED_TYPE_CUSTOMER(CUSTOMER_ID,SERVICE_RECEIVED_TYPE_ID) VALUES (2,3);
--insert INTO SERVICE_RECEIVED_TYPE_CUSTOMER(CUSTOMER_ID,SERVICE_RECEIVED_TYPE_ID) VALUES (3,1);
--insert INTO SERVICE_RECEIVED_TYPE_CUSTOMER(CUSTOMER_ID,SERVICE_RECEIVED_TYPE_ID) VALUES (3,2);
--insert INTO SERVICE_RECEIVED_TYPE_CUSTOMER(CUSTOMER_ID,SERVICE_RECEIVED_TYPE_ID) VALUES (3,3);
--insert INTO SERVICE_RECEIVED_TYPE_CUSTOMER(CUSTOMER_ID,SERVICE_RECEIVED_TYPE_ID) VALUES (3,4);
--insert INTO SERVICE_RECEIVED_TYPE_CUSTOMER(CUSTOMER_ID,SERVICE_RECEIVED_TYPE_ID) VALUES (4,1);
--insert INTO SERVICE_RECEIVED_TYPE_CUSTOMER(CUSTOMER_ID,SERVICE_RECEIVED_TYPE_ID) VALUES (4,2);
--insert INTO SERVICE_RECEIVED_TYPE_CUSTOMER(CUSTOMER_ID,SERVICE_RECEIVED_TYPE_ID) VALUES (4,3);
--insert INTO SERVICE_RECEIVED_TYPE_CUSTOMER(CUSTOMER_ID,SERVICE_RECEIVED_TYPE_ID) VALUES (4,4);
--insert INTO SERVICE_RECEIVED_TYPE_CUSTOMER(CUSTOMER_ID,SERVICE_RECEIVED_TYPE_ID) VALUES (4,5);
--insert INTO SERVICE_RECEIVED_TYPE_CUSTOMER(CUSTOMER_ID,SERVICE_RECEIVED_TYPE_ID) VALUES (5,3);
--insert INTO SERVICE_RECEIVED_TYPE_CUSTOMER(CUSTOMER_ID,SERVICE_RECEIVED_TYPE_ID) VALUES (5,4);
--insert INTO SERVICE_RECEIVED_TYPE_CUSTOMER(CUSTOMER_ID,SERVICE_RECEIVED_TYPE_ID) VALUES (5,5);
----Direct
--insert into SERVICE_RECEIVED_TYPE_CUSTOMER(CUSTOMER_ID,SERVICE_RECEIVED_TYPE_ID) values (6,5);
insert into SERVICE_RECEIVED_TYPE_CUSTOMER(CUSTOMER_ID,SERVICE_RECEIVED_TYPE_ID) values (7,1);
insert INTO SERVICE_RECEIVED_TYPE_CUSTOMER(CUSTOMER_ID,SERVICE_RECEIVED_TYPE_ID) VALUES (7,3);
insert INTO SERVICE_RECEIVED_TYPE_CUSTOMER(CUSTOMER_ID,SERVICE_RECEIVED_TYPE_ID) VALUES (7,4);
insert INTO SERVICE_RECEIVED_TYPE_CUSTOMER(CUSTOMER_ID,SERVICE_RECEIVED_TYPE_ID) VALUES (7,5);

insert into SERVICE_RECEIVED_TYPE_CUSTOMER (CUSTOMER_ID,SERVICE_RECEIVED_TYPE_ID) values (2042,4);
insert into SERVICE_RECEIVED_TYPE_CUSTOMER (CUSTOMER_ID,SERVICE_RECEIVED_TYPE_ID) values (2442,3);
insert into SERVICE_RECEIVED_TYPE_CUSTOMER (CUSTOMER_ID,SERVICE_RECEIVED_TYPE_ID) values (2442,5);
insert into SERVICE_RECEIVED_TYPE_CUSTOMER (CUSTOMER_ID,SERVICE_RECEIVED_TYPE_ID) values (2442,2);
insert into SERVICE_RECEIVED_TYPE_CUSTOMER (CUSTOMER_ID,SERVICE_RECEIVED_TYPE_ID) values (2442,4);
insert into SERVICE_RECEIVED_TYPE_CUSTOMER (CUSTOMER_ID,SERVICE_RECEIVED_TYPE_ID) values (2461,2);
insert into SERVICE_RECEIVED_TYPE_CUSTOMER (CUSTOMER_ID,SERVICE_RECEIVED_TYPE_ID) values (2176,2);
insert into SERVICE_RECEIVED_TYPE_CUSTOMER (CUSTOMER_ID,SERVICE_RECEIVED_TYPE_ID) values (2482,1);
insert into SERVICE_RECEIVED_TYPE_CUSTOMER (CUSTOMER_ID,SERVICE_RECEIVED_TYPE_ID) values (2182,2);
insert into SERVICE_RECEIVED_TYPE_CUSTOMER (CUSTOMER_ID,SERVICE_RECEIVED_TYPE_ID) values (2483,2);
insert into SERVICE_RECEIVED_TYPE_CUSTOMER (CUSTOMER_ID,SERVICE_RECEIVED_TYPE_ID) values (2035,1);
insert into SERVICE_RECEIVED_TYPE_CUSTOMER (CUSTOMER_ID,SERVICE_RECEIVED_TYPE_ID) values (2036,1);
insert into SERVICE_RECEIVED_TYPE_CUSTOMER (CUSTOMER_ID,SERVICE_RECEIVED_TYPE_ID) values (2037,1);
insert into SERVICE_RECEIVED_TYPE_CUSTOMER (CUSTOMER_ID,SERVICE_RECEIVED_TYPE_ID) values (2038,1);
insert into SERVICE_RECEIVED_TYPE_CUSTOMER (CUSTOMER_ID,SERVICE_RECEIVED_TYPE_ID) values (2039,1);
insert into SERVICE_RECEIVED_TYPE_CUSTOMER (CUSTOMER_ID,SERVICE_RECEIVED_TYPE_ID) values (2040,1);
insert into SERVICE_RECEIVED_TYPE_CUSTOMER (CUSTOMER_ID,SERVICE_RECEIVED_TYPE_ID) values (2041,1);
insert into SERVICE_RECEIVED_TYPE_CUSTOMER (CUSTOMER_ID,SERVICE_RECEIVED_TYPE_ID) values (2042,1);
insert into SERVICE_RECEIVED_TYPE_CUSTOMER (CUSTOMER_ID,SERVICE_RECEIVED_TYPE_ID) values (2043,1);
insert into SERVICE_RECEIVED_TYPE_CUSTOMER (CUSTOMER_ID,SERVICE_RECEIVED_TYPE_ID) values (2044,1);
insert into SERVICE_RECEIVED_TYPE_CUSTOMER (CUSTOMER_ID,SERVICE_RECEIVED_TYPE_ID) values (2045,1);
insert into SERVICE_RECEIVED_TYPE_CUSTOMER (CUSTOMER_ID,SERVICE_RECEIVED_TYPE_ID) values (2046,1);
insert into SERVICE_RECEIVED_TYPE_CUSTOMER (CUSTOMER_ID,SERVICE_RECEIVED_TYPE_ID) values (2047,1);
insert into SERVICE_RECEIVED_TYPE_CUSTOMER (CUSTOMER_ID,SERVICE_RECEIVED_TYPE_ID) values (2048,1);
insert into SERVICE_RECEIVED_TYPE_CUSTOMER (CUSTOMER_ID,SERVICE_RECEIVED_TYPE_ID) values (2049,1);
insert into SERVICE_RECEIVED_TYPE_CUSTOMER (CUSTOMER_ID,SERVICE_RECEIVED_TYPE_ID) values (2050,1);
insert into SERVICE_RECEIVED_TYPE_CUSTOMER (CUSTOMER_ID,SERVICE_RECEIVED_TYPE_ID) values (2051,1);
insert into SERVICE_RECEIVED_TYPE_CUSTOMER (CUSTOMER_ID,SERVICE_RECEIVED_TYPE_ID) values (2052,1);
insert into SERVICE_RECEIVED_TYPE_CUSTOMER (CUSTOMER_ID,SERVICE_RECEIVED_TYPE_ID) values (2053,1);
insert into SERVICE_RECEIVED_TYPE_CUSTOMER (CUSTOMER_ID,SERVICE_RECEIVED_TYPE_ID) values (2054,1);
insert into SERVICE_RECEIVED_TYPE_CUSTOMER (CUSTOMER_ID,SERVICE_RECEIVED_TYPE_ID) values (2055,1);
insert into SERVICE_RECEIVED_TYPE_CUSTOMER (CUSTOMER_ID,SERVICE_RECEIVED_TYPE_ID) values (2056,1);
insert into SERVICE_RECEIVED_TYPE_CUSTOMER (CUSTOMER_ID,SERVICE_RECEIVED_TYPE_ID) values (2057,1);
insert into SERVICE_RECEIVED_TYPE_CUSTOMER (CUSTOMER_ID,SERVICE_RECEIVED_TYPE_ID) values (2058,1);
insert into SERVICE_RECEIVED_TYPE_CUSTOMER (CUSTOMER_ID,SERVICE_RECEIVED_TYPE_ID) values (2059,1);
insert into SERVICE_RECEIVED_TYPE_CUSTOMER (CUSTOMER_ID,SERVICE_RECEIVED_TYPE_ID) values (2060,1);
insert into SERVICE_RECEIVED_TYPE_CUSTOMER (CUSTOMER_ID,SERVICE_RECEIVED_TYPE_ID) values (2061,1);
insert into SERVICE_RECEIVED_TYPE_CUSTOMER (CUSTOMER_ID,SERVICE_RECEIVED_TYPE_ID) values (2062,1);
insert into SERVICE_RECEIVED_TYPE_CUSTOMER (CUSTOMER_ID,SERVICE_RECEIVED_TYPE_ID) values (2063,1);
insert into SERVICE_RECEIVED_TYPE_CUSTOMER (CUSTOMER_ID,SERVICE_RECEIVED_TYPE_ID) values (2064,1);
insert into SERVICE_RECEIVED_TYPE_CUSTOMER (CUSTOMER_ID,SERVICE_RECEIVED_TYPE_ID) values (2065,1);
insert into SERVICE_RECEIVED_TYPE_CUSTOMER (CUSTOMER_ID,SERVICE_RECEIVED_TYPE_ID) values (2066,1);
insert into SERVICE_RECEIVED_TYPE_CUSTOMER (CUSTOMER_ID,SERVICE_RECEIVED_TYPE_ID) values (2067,1);
insert into SERVICE_RECEIVED_TYPE_CUSTOMER (CUSTOMER_ID,SERVICE_RECEIVED_TYPE_ID) values (2068,1);
insert into SERVICE_RECEIVED_TYPE_CUSTOMER (CUSTOMER_ID,SERVICE_RECEIVED_TYPE_ID) values (2069,1);
insert into SERVICE_RECEIVED_TYPE_CUSTOMER (CUSTOMER_ID,SERVICE_RECEIVED_TYPE_ID) values (2070,1);
insert into SERVICE_RECEIVED_TYPE_CUSTOMER (CUSTOMER_ID,SERVICE_RECEIVED_TYPE_ID) values (2071,1);
insert into SERVICE_RECEIVED_TYPE_CUSTOMER (CUSTOMER_ID,SERVICE_RECEIVED_TYPE_ID) values (2072,1);
insert into SERVICE_RECEIVED_TYPE_CUSTOMER (CUSTOMER_ID,SERVICE_RECEIVED_TYPE_ID) values (2073,1);
insert into SERVICE_RECEIVED_TYPE_CUSTOMER (CUSTOMER_ID,SERVICE_RECEIVED_TYPE_ID) values (2074,1);
insert into SERVICE_RECEIVED_TYPE_CUSTOMER (CUSTOMER_ID,SERVICE_RECEIVED_TYPE_ID) values (2075,1);
insert into SERVICE_RECEIVED_TYPE_CUSTOMER (CUSTOMER_ID,SERVICE_RECEIVED_TYPE_ID) values (2076,1);
insert into SERVICE_RECEIVED_TYPE_CUSTOMER (CUSTOMER_ID,SERVICE_RECEIVED_TYPE_ID) values (2077,1);
insert into SERVICE_RECEIVED_TYPE_CUSTOMER (CUSTOMER_ID,SERVICE_RECEIVED_TYPE_ID) values (2078,1);
insert into SERVICE_RECEIVED_TYPE_CUSTOMER (CUSTOMER_ID,SERVICE_RECEIVED_TYPE_ID) values (2079,1);
insert into SERVICE_RECEIVED_TYPE_CUSTOMER (CUSTOMER_ID,SERVICE_RECEIVED_TYPE_ID) values (2080,1);
insert into SERVICE_RECEIVED_TYPE_CUSTOMER (CUSTOMER_ID,SERVICE_RECEIVED_TYPE_ID) values (2081,1);
insert into SERVICE_RECEIVED_TYPE_CUSTOMER (CUSTOMER_ID,SERVICE_RECEIVED_TYPE_ID) values (2082,1);
insert into SERVICE_RECEIVED_TYPE_CUSTOMER (CUSTOMER_ID,SERVICE_RECEIVED_TYPE_ID) values (2083,1);
insert into SERVICE_RECEIVED_TYPE_CUSTOMER (CUSTOMER_ID,SERVICE_RECEIVED_TYPE_ID) values (2084,1);
insert into SERVICE_RECEIVED_TYPE_CUSTOMER (CUSTOMER_ID,SERVICE_RECEIVED_TYPE_ID) values (2085,1);
insert into SERVICE_RECEIVED_TYPE_CUSTOMER (CUSTOMER_ID,SERVICE_RECEIVED_TYPE_ID) values (2086,1);
insert into SERVICE_RECEIVED_TYPE_CUSTOMER (CUSTOMER_ID,SERVICE_RECEIVED_TYPE_ID) values (2087,1);
insert into SERVICE_RECEIVED_TYPE_CUSTOMER (CUSTOMER_ID,SERVICE_RECEIVED_TYPE_ID) values (2088,1);
insert into SERVICE_RECEIVED_TYPE_CUSTOMER (CUSTOMER_ID,SERVICE_RECEIVED_TYPE_ID) values (2089,1);
insert into SERVICE_RECEIVED_TYPE_CUSTOMER (CUSTOMER_ID,SERVICE_RECEIVED_TYPE_ID) values (2090,1);
insert into SERVICE_RECEIVED_TYPE_CUSTOMER (CUSTOMER_ID,SERVICE_RECEIVED_TYPE_ID) values (2091,1);
insert into SERVICE_RECEIVED_TYPE_CUSTOMER (CUSTOMER_ID,SERVICE_RECEIVED_TYPE_ID) values (2092,1);
insert into SERVICE_RECEIVED_TYPE_CUSTOMER (CUSTOMER_ID,SERVICE_RECEIVED_TYPE_ID) values (2093,1);
insert into SERVICE_RECEIVED_TYPE_CUSTOMER (CUSTOMER_ID,SERVICE_RECEIVED_TYPE_ID) values (2094,1);
insert into SERVICE_RECEIVED_TYPE_CUSTOMER (CUSTOMER_ID,SERVICE_RECEIVED_TYPE_ID) values (2095,1);
insert into SERVICE_RECEIVED_TYPE_CUSTOMER (CUSTOMER_ID,SERVICE_RECEIVED_TYPE_ID) values (2096,1);
insert into SERVICE_RECEIVED_TYPE_CUSTOMER (CUSTOMER_ID,SERVICE_RECEIVED_TYPE_ID) values (2097,1);
insert into SERVICE_RECEIVED_TYPE_CUSTOMER (CUSTOMER_ID,SERVICE_RECEIVED_TYPE_ID) values (2098,1);
insert into SERVICE_RECEIVED_TYPE_CUSTOMER (CUSTOMER_ID,SERVICE_RECEIVED_TYPE_ID) values (2099,1);
insert into SERVICE_RECEIVED_TYPE_CUSTOMER (CUSTOMER_ID,SERVICE_RECEIVED_TYPE_ID) values (2100,1);
insert into SERVICE_RECEIVED_TYPE_CUSTOMER (CUSTOMER_ID,SERVICE_RECEIVED_TYPE_ID) values (2101,1);
insert into SERVICE_RECEIVED_TYPE_CUSTOMER (CUSTOMER_ID,SERVICE_RECEIVED_TYPE_ID) values (2102,1);
insert into SERVICE_RECEIVED_TYPE_CUSTOMER (CUSTOMER_ID,SERVICE_RECEIVED_TYPE_ID) values (2103,1);
insert into SERVICE_RECEIVED_TYPE_CUSTOMER (CUSTOMER_ID,SERVICE_RECEIVED_TYPE_ID) values (2104,1);
insert into SERVICE_RECEIVED_TYPE_CUSTOMER (CUSTOMER_ID,SERVICE_RECEIVED_TYPE_ID) values (2105,1);
insert into SERVICE_RECEIVED_TYPE_CUSTOMER (CUSTOMER_ID,SERVICE_RECEIVED_TYPE_ID) values (2106,1);
insert into SERVICE_RECEIVED_TYPE_CUSTOMER (CUSTOMER_ID,SERVICE_RECEIVED_TYPE_ID) values (2107,1);
insert into SERVICE_RECEIVED_TYPE_CUSTOMER (CUSTOMER_ID,SERVICE_RECEIVED_TYPE_ID) values (2108,1);
insert into SERVICE_RECEIVED_TYPE_CUSTOMER (CUSTOMER_ID,SERVICE_RECEIVED_TYPE_ID) values (2109,1);
insert into SERVICE_RECEIVED_TYPE_CUSTOMER (CUSTOMER_ID,SERVICE_RECEIVED_TYPE_ID) values (2110,1);
insert into SERVICE_RECEIVED_TYPE_CUSTOMER (CUSTOMER_ID,SERVICE_RECEIVED_TYPE_ID) values (2111,1);
insert into SERVICE_RECEIVED_TYPE_CUSTOMER (CUSTOMER_ID,SERVICE_RECEIVED_TYPE_ID) values (2112,1);
insert into SERVICE_RECEIVED_TYPE_CUSTOMER (CUSTOMER_ID,SERVICE_RECEIVED_TYPE_ID) values (2113,1);
insert into SERVICE_RECEIVED_TYPE_CUSTOMER (CUSTOMER_ID,SERVICE_RECEIVED_TYPE_ID) values (2114,1);
insert into SERVICE_RECEIVED_TYPE_CUSTOMER (CUSTOMER_ID,SERVICE_RECEIVED_TYPE_ID) values (2115,1);
insert into SERVICE_RECEIVED_TYPE_CUSTOMER (CUSTOMER_ID,SERVICE_RECEIVED_TYPE_ID) values (2116,1);
insert into SERVICE_RECEIVED_TYPE_CUSTOMER (CUSTOMER_ID,SERVICE_RECEIVED_TYPE_ID) values (2117,1);
insert into SERVICE_RECEIVED_TYPE_CUSTOMER (CUSTOMER_ID,SERVICE_RECEIVED_TYPE_ID) values (2118,1);
insert into SERVICE_RECEIVED_TYPE_CUSTOMER (CUSTOMER_ID,SERVICE_RECEIVED_TYPE_ID) values (2119,1);
insert into SERVICE_RECEIVED_TYPE_CUSTOMER (CUSTOMER_ID,SERVICE_RECEIVED_TYPE_ID) values (2120,1);
insert into SERVICE_RECEIVED_TYPE_CUSTOMER (CUSTOMER_ID,SERVICE_RECEIVED_TYPE_ID) values (2121,1);
insert into SERVICE_RECEIVED_TYPE_CUSTOMER (CUSTOMER_ID,SERVICE_RECEIVED_TYPE_ID) values (2122,1);
insert into SERVICE_RECEIVED_TYPE_CUSTOMER (CUSTOMER_ID,SERVICE_RECEIVED_TYPE_ID) values (2123,1);
insert into SERVICE_RECEIVED_TYPE_CUSTOMER (CUSTOMER_ID,SERVICE_RECEIVED_TYPE_ID) values (2124,1);
insert into SERVICE_RECEIVED_TYPE_CUSTOMER (CUSTOMER_ID,SERVICE_RECEIVED_TYPE_ID) values (2125,1);
insert into SERVICE_RECEIVED_TYPE_CUSTOMER (CUSTOMER_ID,SERVICE_RECEIVED_TYPE_ID) values (2126,1);
insert into SERVICE_RECEIVED_TYPE_CUSTOMER (CUSTOMER_ID,SERVICE_RECEIVED_TYPE_ID) values (2127,1);
insert into SERVICE_RECEIVED_TYPE_CUSTOMER (CUSTOMER_ID,SERVICE_RECEIVED_TYPE_ID) values (2128,1);
insert into SERVICE_RECEIVED_TYPE_CUSTOMER (CUSTOMER_ID,SERVICE_RECEIVED_TYPE_ID) values (2129,1);
insert into SERVICE_RECEIVED_TYPE_CUSTOMER (CUSTOMER_ID,SERVICE_RECEIVED_TYPE_ID) values (2130,1);
insert into SERVICE_RECEIVED_TYPE_CUSTOMER (CUSTOMER_ID,SERVICE_RECEIVED_TYPE_ID) values (2131,1);
insert into SERVICE_RECEIVED_TYPE_CUSTOMER (CUSTOMER_ID,SERVICE_RECEIVED_TYPE_ID) values (2132,1);
insert into SERVICE_RECEIVED_TYPE_CUSTOMER (CUSTOMER_ID,SERVICE_RECEIVED_TYPE_ID) values (2133,1);
insert into SERVICE_RECEIVED_TYPE_CUSTOMER (CUSTOMER_ID,SERVICE_RECEIVED_TYPE_ID) values (2134,1);
insert into SERVICE_RECEIVED_TYPE_CUSTOMER (CUSTOMER_ID,SERVICE_RECEIVED_TYPE_ID) values (2135,1);
insert into SERVICE_RECEIVED_TYPE_CUSTOMER (CUSTOMER_ID,SERVICE_RECEIVED_TYPE_ID) values (2136,1);
insert into SERVICE_RECEIVED_TYPE_CUSTOMER (CUSTOMER_ID,SERVICE_RECEIVED_TYPE_ID) values (2137,1);
insert into SERVICE_RECEIVED_TYPE_CUSTOMER (CUSTOMER_ID,SERVICE_RECEIVED_TYPE_ID) values (2138,1);
insert into SERVICE_RECEIVED_TYPE_CUSTOMER (CUSTOMER_ID,SERVICE_RECEIVED_TYPE_ID) values (2139,1);
insert into SERVICE_RECEIVED_TYPE_CUSTOMER (CUSTOMER_ID,SERVICE_RECEIVED_TYPE_ID) values (2140,1);
insert into SERVICE_RECEIVED_TYPE_CUSTOMER (CUSTOMER_ID,SERVICE_RECEIVED_TYPE_ID) values (2141,1);
insert into SERVICE_RECEIVED_TYPE_CUSTOMER (CUSTOMER_ID,SERVICE_RECEIVED_TYPE_ID) values (2142,1);
insert into SERVICE_RECEIVED_TYPE_CUSTOMER (CUSTOMER_ID,SERVICE_RECEIVED_TYPE_ID) values (2143,1);
insert into SERVICE_RECEIVED_TYPE_CUSTOMER (CUSTOMER_ID,SERVICE_RECEIVED_TYPE_ID) values (2144,1);
insert into SERVICE_RECEIVED_TYPE_CUSTOMER (CUSTOMER_ID,SERVICE_RECEIVED_TYPE_ID) values (2145,1);
insert into SERVICE_RECEIVED_TYPE_CUSTOMER (CUSTOMER_ID,SERVICE_RECEIVED_TYPE_ID) values (2146,1);
insert into SERVICE_RECEIVED_TYPE_CUSTOMER (CUSTOMER_ID,SERVICE_RECEIVED_TYPE_ID) values (2147,1);
insert into SERVICE_RECEIVED_TYPE_CUSTOMER (CUSTOMER_ID,SERVICE_RECEIVED_TYPE_ID) values (2148,1);
insert into SERVICE_RECEIVED_TYPE_CUSTOMER (CUSTOMER_ID,SERVICE_RECEIVED_TYPE_ID) values (2149,1);
insert into SERVICE_RECEIVED_TYPE_CUSTOMER (CUSTOMER_ID,SERVICE_RECEIVED_TYPE_ID) values (2150,1);
insert into SERVICE_RECEIVED_TYPE_CUSTOMER (CUSTOMER_ID,SERVICE_RECEIVED_TYPE_ID) values (2151,1);
insert into SERVICE_RECEIVED_TYPE_CUSTOMER (CUSTOMER_ID,SERVICE_RECEIVED_TYPE_ID) values (2152,1);
insert into SERVICE_RECEIVED_TYPE_CUSTOMER (CUSTOMER_ID,SERVICE_RECEIVED_TYPE_ID) values (2153,1);
insert into SERVICE_RECEIVED_TYPE_CUSTOMER (CUSTOMER_ID,SERVICE_RECEIVED_TYPE_ID) values (2154,1);
insert into SERVICE_RECEIVED_TYPE_CUSTOMER (CUSTOMER_ID,SERVICE_RECEIVED_TYPE_ID) values (2155,1);
insert into SERVICE_RECEIVED_TYPE_CUSTOMER (CUSTOMER_ID,SERVICE_RECEIVED_TYPE_ID) values (2156,1);
insert into SERVICE_RECEIVED_TYPE_CUSTOMER (CUSTOMER_ID,SERVICE_RECEIVED_TYPE_ID) values (2157,1);
insert into SERVICE_RECEIVED_TYPE_CUSTOMER (CUSTOMER_ID,SERVICE_RECEIVED_TYPE_ID) values (2158,1);
insert into SERVICE_RECEIVED_TYPE_CUSTOMER (CUSTOMER_ID,SERVICE_RECEIVED_TYPE_ID) values (2159,1);
insert into SERVICE_RECEIVED_TYPE_CUSTOMER (CUSTOMER_ID,SERVICE_RECEIVED_TYPE_ID) values (2160,1);
insert into SERVICE_RECEIVED_TYPE_CUSTOMER (CUSTOMER_ID,SERVICE_RECEIVED_TYPE_ID) values (2161,1);
insert into SERVICE_RECEIVED_TYPE_CUSTOMER (CUSTOMER_ID,SERVICE_RECEIVED_TYPE_ID) values (2162,1);
insert into SERVICE_RECEIVED_TYPE_CUSTOMER (CUSTOMER_ID,SERVICE_RECEIVED_TYPE_ID) values (2163,1);
insert into SERVICE_RECEIVED_TYPE_CUSTOMER (CUSTOMER_ID,SERVICE_RECEIVED_TYPE_ID) values (2164,1);
insert into SERVICE_RECEIVED_TYPE_CUSTOMER (CUSTOMER_ID,SERVICE_RECEIVED_TYPE_ID) values (2165,1);
insert into SERVICE_RECEIVED_TYPE_CUSTOMER (CUSTOMER_ID,SERVICE_RECEIVED_TYPE_ID) values (2166,1);
insert into SERVICE_RECEIVED_TYPE_CUSTOMER (CUSTOMER_ID,SERVICE_RECEIVED_TYPE_ID) values (2167,1);
insert into SERVICE_RECEIVED_TYPE_CUSTOMER (CUSTOMER_ID,SERVICE_RECEIVED_TYPE_ID) values (2168,1);
insert into SERVICE_RECEIVED_TYPE_CUSTOMER (CUSTOMER_ID,SERVICE_RECEIVED_TYPE_ID) values (2168,2);
insert into SERVICE_RECEIVED_TYPE_CUSTOMER (CUSTOMER_ID,SERVICE_RECEIVED_TYPE_ID) values (2168,3);
insert into SERVICE_RECEIVED_TYPE_CUSTOMER (CUSTOMER_ID,SERVICE_RECEIVED_TYPE_ID) values (2169,1);
insert into SERVICE_RECEIVED_TYPE_CUSTOMER (CUSTOMER_ID,SERVICE_RECEIVED_TYPE_ID) values (2169,2);
insert into SERVICE_RECEIVED_TYPE_CUSTOMER (CUSTOMER_ID,SERVICE_RECEIVED_TYPE_ID) values (2169,3);
insert into SERVICE_RECEIVED_TYPE_CUSTOMER (CUSTOMER_ID,SERVICE_RECEIVED_TYPE_ID) values (2170,1);
insert into SERVICE_RECEIVED_TYPE_CUSTOMER (CUSTOMER_ID,SERVICE_RECEIVED_TYPE_ID) values (2171,1);
insert into SERVICE_RECEIVED_TYPE_CUSTOMER (CUSTOMER_ID,SERVICE_RECEIVED_TYPE_ID) values (2172,1);
insert into SERVICE_RECEIVED_TYPE_CUSTOMER (CUSTOMER_ID,SERVICE_RECEIVED_TYPE_ID) values (2173,1);
insert into SERVICE_RECEIVED_TYPE_CUSTOMER (CUSTOMER_ID,SERVICE_RECEIVED_TYPE_ID) values (2174,1);
insert into SERVICE_RECEIVED_TYPE_CUSTOMER (CUSTOMER_ID,SERVICE_RECEIVED_TYPE_ID) values (2175,1);
insert into SERVICE_RECEIVED_TYPE_CUSTOMER (CUSTOMER_ID,SERVICE_RECEIVED_TYPE_ID) values (2176,1);
insert into SERVICE_RECEIVED_TYPE_CUSTOMER (CUSTOMER_ID,SERVICE_RECEIVED_TYPE_ID) values (2177,1);
insert into SERVICE_RECEIVED_TYPE_CUSTOMER (CUSTOMER_ID,SERVICE_RECEIVED_TYPE_ID) values (2178,1);
insert into SERVICE_RECEIVED_TYPE_CUSTOMER (CUSTOMER_ID,SERVICE_RECEIVED_TYPE_ID) values (2179,1);
insert into SERVICE_RECEIVED_TYPE_CUSTOMER (CUSTOMER_ID,SERVICE_RECEIVED_TYPE_ID) values (2180,1);
insert into SERVICE_RECEIVED_TYPE_CUSTOMER (CUSTOMER_ID,SERVICE_RECEIVED_TYPE_ID) values (2181,1);
insert into SERVICE_RECEIVED_TYPE_CUSTOMER (CUSTOMER_ID,SERVICE_RECEIVED_TYPE_ID) values (2182,1);
insert into SERVICE_RECEIVED_TYPE_CUSTOMER (CUSTOMER_ID,SERVICE_RECEIVED_TYPE_ID) values (2183,1);
insert into SERVICE_RECEIVED_TYPE_CUSTOMER (CUSTOMER_ID,SERVICE_RECEIVED_TYPE_ID) values (2184,1);
insert into SERVICE_RECEIVED_TYPE_CUSTOMER (CUSTOMER_ID,SERVICE_RECEIVED_TYPE_ID) values (2185,1);
insert into SERVICE_RECEIVED_TYPE_CUSTOMER (CUSTOMER_ID,SERVICE_RECEIVED_TYPE_ID) values (2186,1);
insert into SERVICE_RECEIVED_TYPE_CUSTOMER (CUSTOMER_ID,SERVICE_RECEIVED_TYPE_ID) values (2187,1);
insert into SERVICE_RECEIVED_TYPE_CUSTOMER (CUSTOMER_ID,SERVICE_RECEIVED_TYPE_ID) values (2188,1);
insert into SERVICE_RECEIVED_TYPE_CUSTOMER (CUSTOMER_ID,SERVICE_RECEIVED_TYPE_ID) values (2189,1);
insert into SERVICE_RECEIVED_TYPE_CUSTOMER (CUSTOMER_ID,SERVICE_RECEIVED_TYPE_ID) values (2190,1);
insert into SERVICE_RECEIVED_TYPE_CUSTOMER (CUSTOMER_ID,SERVICE_RECEIVED_TYPE_ID) values (2191,1);
insert into SERVICE_RECEIVED_TYPE_CUSTOMER (CUSTOMER_ID,SERVICE_RECEIVED_TYPE_ID) values (2192,1);
insert into SERVICE_RECEIVED_TYPE_CUSTOMER (CUSTOMER_ID,SERVICE_RECEIVED_TYPE_ID) values (2193,1);
insert into SERVICE_RECEIVED_TYPE_CUSTOMER (CUSTOMER_ID,SERVICE_RECEIVED_TYPE_ID) values (2194,1);
insert into SERVICE_RECEIVED_TYPE_CUSTOMER (CUSTOMER_ID,SERVICE_RECEIVED_TYPE_ID) values (2195,1);
insert into SERVICE_RECEIVED_TYPE_CUSTOMER (CUSTOMER_ID,SERVICE_RECEIVED_TYPE_ID) values (2196,1);
insert into SERVICE_RECEIVED_TYPE_CUSTOMER (CUSTOMER_ID,SERVICE_RECEIVED_TYPE_ID) values (2197,1);
insert into SERVICE_RECEIVED_TYPE_CUSTOMER (CUSTOMER_ID,SERVICE_RECEIVED_TYPE_ID) values (2198,1);
insert into SERVICE_RECEIVED_TYPE_CUSTOMER (CUSTOMER_ID,SERVICE_RECEIVED_TYPE_ID) values (2199,1);
insert into SERVICE_RECEIVED_TYPE_CUSTOMER (CUSTOMER_ID,SERVICE_RECEIVED_TYPE_ID) values (2200,1);
insert into SERVICE_RECEIVED_TYPE_CUSTOMER (CUSTOMER_ID,SERVICE_RECEIVED_TYPE_ID) values (2201,1);
insert into SERVICE_RECEIVED_TYPE_CUSTOMER (CUSTOMER_ID,SERVICE_RECEIVED_TYPE_ID) values (2202,1);
insert into SERVICE_RECEIVED_TYPE_CUSTOMER (CUSTOMER_ID,SERVICE_RECEIVED_TYPE_ID) values (2203,1);
insert into SERVICE_RECEIVED_TYPE_CUSTOMER (CUSTOMER_ID,SERVICE_RECEIVED_TYPE_ID) values (2204,1);
insert into SERVICE_RECEIVED_TYPE_CUSTOMER (CUSTOMER_ID,SERVICE_RECEIVED_TYPE_ID) values (2205,1);
insert into SERVICE_RECEIVED_TYPE_CUSTOMER (CUSTOMER_ID,SERVICE_RECEIVED_TYPE_ID) values (2206,1);
insert into SERVICE_RECEIVED_TYPE_CUSTOMER (CUSTOMER_ID,SERVICE_RECEIVED_TYPE_ID) values (2207,1);
insert into SERVICE_RECEIVED_TYPE_CUSTOMER (CUSTOMER_ID,SERVICE_RECEIVED_TYPE_ID) values (2208,1);
insert into SERVICE_RECEIVED_TYPE_CUSTOMER (CUSTOMER_ID,SERVICE_RECEIVED_TYPE_ID) values (2209,1);
insert into SERVICE_RECEIVED_TYPE_CUSTOMER (CUSTOMER_ID,SERVICE_RECEIVED_TYPE_ID) values (2210,1);
insert into SERVICE_RECEIVED_TYPE_CUSTOMER (CUSTOMER_ID,SERVICE_RECEIVED_TYPE_ID) values (2211,1);
insert into SERVICE_RECEIVED_TYPE_CUSTOMER (CUSTOMER_ID,SERVICE_RECEIVED_TYPE_ID) values (2212,1);
insert into SERVICE_RECEIVED_TYPE_CUSTOMER (CUSTOMER_ID,SERVICE_RECEIVED_TYPE_ID) values (2213,1);
insert into SERVICE_RECEIVED_TYPE_CUSTOMER (CUSTOMER_ID,SERVICE_RECEIVED_TYPE_ID) values (2214,1);
insert into SERVICE_RECEIVED_TYPE_CUSTOMER (CUSTOMER_ID,SERVICE_RECEIVED_TYPE_ID) values (2215,1);
insert into SERVICE_RECEIVED_TYPE_CUSTOMER (CUSTOMER_ID,SERVICE_RECEIVED_TYPE_ID) values (2216,1);
insert into SERVICE_RECEIVED_TYPE_CUSTOMER (CUSTOMER_ID,SERVICE_RECEIVED_TYPE_ID) values (2217,1);
insert into SERVICE_RECEIVED_TYPE_CUSTOMER (CUSTOMER_ID,SERVICE_RECEIVED_TYPE_ID) values (2218,1);
insert into SERVICE_RECEIVED_TYPE_CUSTOMER (CUSTOMER_ID,SERVICE_RECEIVED_TYPE_ID) values (2219,1);
insert into SERVICE_RECEIVED_TYPE_CUSTOMER (CUSTOMER_ID,SERVICE_RECEIVED_TYPE_ID) values (2220,1);
insert into SERVICE_RECEIVED_TYPE_CUSTOMER (CUSTOMER_ID,SERVICE_RECEIVED_TYPE_ID) values (2221,1);
insert into SERVICE_RECEIVED_TYPE_CUSTOMER (CUSTOMER_ID,SERVICE_RECEIVED_TYPE_ID) values (2222,1);
insert into SERVICE_RECEIVED_TYPE_CUSTOMER (CUSTOMER_ID,SERVICE_RECEIVED_TYPE_ID) values (2223,1);
insert into SERVICE_RECEIVED_TYPE_CUSTOMER (CUSTOMER_ID,SERVICE_RECEIVED_TYPE_ID) values (2224,1);
insert into SERVICE_RECEIVED_TYPE_CUSTOMER (CUSTOMER_ID,SERVICE_RECEIVED_TYPE_ID) values (2225,1);
insert into SERVICE_RECEIVED_TYPE_CUSTOMER (CUSTOMER_ID,SERVICE_RECEIVED_TYPE_ID) values (2226,1);
insert into SERVICE_RECEIVED_TYPE_CUSTOMER (CUSTOMER_ID,SERVICE_RECEIVED_TYPE_ID) values (2227,1);
insert into SERVICE_RECEIVED_TYPE_CUSTOMER (CUSTOMER_ID,SERVICE_RECEIVED_TYPE_ID) values (2228,1);
insert into SERVICE_RECEIVED_TYPE_CUSTOMER (CUSTOMER_ID,SERVICE_RECEIVED_TYPE_ID) values (2229,1);
insert into SERVICE_RECEIVED_TYPE_CUSTOMER (CUSTOMER_ID,SERVICE_RECEIVED_TYPE_ID) values (2230,1);
insert into SERVICE_RECEIVED_TYPE_CUSTOMER (CUSTOMER_ID,SERVICE_RECEIVED_TYPE_ID) values (2231,1);
insert into SERVICE_RECEIVED_TYPE_CUSTOMER (CUSTOMER_ID,SERVICE_RECEIVED_TYPE_ID) values (2232,1);
insert into SERVICE_RECEIVED_TYPE_CUSTOMER (CUSTOMER_ID,SERVICE_RECEIVED_TYPE_ID) values (2233,1);
insert into SERVICE_RECEIVED_TYPE_CUSTOMER (CUSTOMER_ID,SERVICE_RECEIVED_TYPE_ID) values (2234,1);
insert into SERVICE_RECEIVED_TYPE_CUSTOMER (CUSTOMER_ID,SERVICE_RECEIVED_TYPE_ID) values (2235,1);
insert into SERVICE_RECEIVED_TYPE_CUSTOMER (CUSTOMER_ID,SERVICE_RECEIVED_TYPE_ID) values (2236,1);
insert into SERVICE_RECEIVED_TYPE_CUSTOMER (CUSTOMER_ID,SERVICE_RECEIVED_TYPE_ID) values (2237,1);
insert into SERVICE_RECEIVED_TYPE_CUSTOMER (CUSTOMER_ID,SERVICE_RECEIVED_TYPE_ID) values (2238,1);
insert into SERVICE_RECEIVED_TYPE_CUSTOMER (CUSTOMER_ID,SERVICE_RECEIVED_TYPE_ID) values (2239,1);
insert into SERVICE_RECEIVED_TYPE_CUSTOMER (CUSTOMER_ID,SERVICE_RECEIVED_TYPE_ID) values (2240,1);
insert into SERVICE_RECEIVED_TYPE_CUSTOMER (CUSTOMER_ID,SERVICE_RECEIVED_TYPE_ID) values (2241,1);
insert into SERVICE_RECEIVED_TYPE_CUSTOMER (CUSTOMER_ID,SERVICE_RECEIVED_TYPE_ID) values (2242,1);
insert into SERVICE_RECEIVED_TYPE_CUSTOMER (CUSTOMER_ID,SERVICE_RECEIVED_TYPE_ID) values (2243,1);
insert into SERVICE_RECEIVED_TYPE_CUSTOMER (CUSTOMER_ID,SERVICE_RECEIVED_TYPE_ID) values (2244,1);
insert into SERVICE_RECEIVED_TYPE_CUSTOMER (CUSTOMER_ID,SERVICE_RECEIVED_TYPE_ID) values (2245,1);
insert into SERVICE_RECEIVED_TYPE_CUSTOMER (CUSTOMER_ID,SERVICE_RECEIVED_TYPE_ID) values (2246,1);
insert into SERVICE_RECEIVED_TYPE_CUSTOMER (CUSTOMER_ID,SERVICE_RECEIVED_TYPE_ID) values (2247,1);
insert into SERVICE_RECEIVED_TYPE_CUSTOMER (CUSTOMER_ID,SERVICE_RECEIVED_TYPE_ID) values (2248,1);
insert into SERVICE_RECEIVED_TYPE_CUSTOMER (CUSTOMER_ID,SERVICE_RECEIVED_TYPE_ID) values (2249,1);
insert into SERVICE_RECEIVED_TYPE_CUSTOMER (CUSTOMER_ID,SERVICE_RECEIVED_TYPE_ID) values (2250,1);
insert into SERVICE_RECEIVED_TYPE_CUSTOMER (CUSTOMER_ID,SERVICE_RECEIVED_TYPE_ID) values (2251,1);
insert into SERVICE_RECEIVED_TYPE_CUSTOMER (CUSTOMER_ID,SERVICE_RECEIVED_TYPE_ID) values (2252,1);
insert into SERVICE_RECEIVED_TYPE_CUSTOMER (CUSTOMER_ID,SERVICE_RECEIVED_TYPE_ID) values (2253,1);
insert into SERVICE_RECEIVED_TYPE_CUSTOMER (CUSTOMER_ID,SERVICE_RECEIVED_TYPE_ID) values (2254,1);
insert into SERVICE_RECEIVED_TYPE_CUSTOMER (CUSTOMER_ID,SERVICE_RECEIVED_TYPE_ID) values (2255,1);
insert into SERVICE_RECEIVED_TYPE_CUSTOMER (CUSTOMER_ID,SERVICE_RECEIVED_TYPE_ID) values (2256,1);
insert into SERVICE_RECEIVED_TYPE_CUSTOMER (CUSTOMER_ID,SERVICE_RECEIVED_TYPE_ID) values (2257,1);
insert into SERVICE_RECEIVED_TYPE_CUSTOMER (CUSTOMER_ID,SERVICE_RECEIVED_TYPE_ID) values (2258,1);
insert into SERVICE_RECEIVED_TYPE_CUSTOMER (CUSTOMER_ID,SERVICE_RECEIVED_TYPE_ID) values (2259,1);
insert into SERVICE_RECEIVED_TYPE_CUSTOMER (CUSTOMER_ID,SERVICE_RECEIVED_TYPE_ID) values (2260,1);
insert into SERVICE_RECEIVED_TYPE_CUSTOMER (CUSTOMER_ID,SERVICE_RECEIVED_TYPE_ID) values (2261,1);
insert into SERVICE_RECEIVED_TYPE_CUSTOMER (CUSTOMER_ID,SERVICE_RECEIVED_TYPE_ID) values (2262,1);
insert into SERVICE_RECEIVED_TYPE_CUSTOMER (CUSTOMER_ID,SERVICE_RECEIVED_TYPE_ID) values (2263,1);
insert into SERVICE_RECEIVED_TYPE_CUSTOMER (CUSTOMER_ID,SERVICE_RECEIVED_TYPE_ID) values (2264,1);
insert into SERVICE_RECEIVED_TYPE_CUSTOMER (CUSTOMER_ID,SERVICE_RECEIVED_TYPE_ID) values (2265,1);
insert into SERVICE_RECEIVED_TYPE_CUSTOMER (CUSTOMER_ID,SERVICE_RECEIVED_TYPE_ID) values (2266,1);
insert into SERVICE_RECEIVED_TYPE_CUSTOMER (CUSTOMER_ID,SERVICE_RECEIVED_TYPE_ID) values (2267,1);
insert into SERVICE_RECEIVED_TYPE_CUSTOMER (CUSTOMER_ID,SERVICE_RECEIVED_TYPE_ID) values (2268,1);
insert into SERVICE_RECEIVED_TYPE_CUSTOMER (CUSTOMER_ID,SERVICE_RECEIVED_TYPE_ID) values (2269,1);
insert into SERVICE_RECEIVED_TYPE_CUSTOMER (CUSTOMER_ID,SERVICE_RECEIVED_TYPE_ID) values (2270,1);
insert into SERVICE_RECEIVED_TYPE_CUSTOMER (CUSTOMER_ID,SERVICE_RECEIVED_TYPE_ID) values (2271,1);
insert into SERVICE_RECEIVED_TYPE_CUSTOMER (CUSTOMER_ID,SERVICE_RECEIVED_TYPE_ID) values (2272,1);
insert into SERVICE_RECEIVED_TYPE_CUSTOMER (CUSTOMER_ID,SERVICE_RECEIVED_TYPE_ID) values (2273,1);
insert into SERVICE_RECEIVED_TYPE_CUSTOMER (CUSTOMER_ID,SERVICE_RECEIVED_TYPE_ID) values (2274,1);
insert into SERVICE_RECEIVED_TYPE_CUSTOMER (CUSTOMER_ID,SERVICE_RECEIVED_TYPE_ID) values (2275,1);
insert into SERVICE_RECEIVED_TYPE_CUSTOMER (CUSTOMER_ID,SERVICE_RECEIVED_TYPE_ID) values (2276,1);
insert into SERVICE_RECEIVED_TYPE_CUSTOMER (CUSTOMER_ID,SERVICE_RECEIVED_TYPE_ID) values (2277,1);
insert into SERVICE_RECEIVED_TYPE_CUSTOMER (CUSTOMER_ID,SERVICE_RECEIVED_TYPE_ID) values (2278,1);
insert into SERVICE_RECEIVED_TYPE_CUSTOMER (CUSTOMER_ID,SERVICE_RECEIVED_TYPE_ID) values (2279,1);
insert into SERVICE_RECEIVED_TYPE_CUSTOMER (CUSTOMER_ID,SERVICE_RECEIVED_TYPE_ID) values (2280,1);
insert into SERVICE_RECEIVED_TYPE_CUSTOMER (CUSTOMER_ID,SERVICE_RECEIVED_TYPE_ID) values (2281,1);
insert into SERVICE_RECEIVED_TYPE_CUSTOMER (CUSTOMER_ID,SERVICE_RECEIVED_TYPE_ID) values (2282,1);
insert into SERVICE_RECEIVED_TYPE_CUSTOMER (CUSTOMER_ID,SERVICE_RECEIVED_TYPE_ID) values (2283,1);
insert into SERVICE_RECEIVED_TYPE_CUSTOMER (CUSTOMER_ID,SERVICE_RECEIVED_TYPE_ID) values (2284,1);
insert into SERVICE_RECEIVED_TYPE_CUSTOMER (CUSTOMER_ID,SERVICE_RECEIVED_TYPE_ID) values (2285,1);
insert into SERVICE_RECEIVED_TYPE_CUSTOMER (CUSTOMER_ID,SERVICE_RECEIVED_TYPE_ID) values (2286,1);
insert into SERVICE_RECEIVED_TYPE_CUSTOMER (CUSTOMER_ID,SERVICE_RECEIVED_TYPE_ID) values (2287,1);
insert into SERVICE_RECEIVED_TYPE_CUSTOMER (CUSTOMER_ID,SERVICE_RECEIVED_TYPE_ID) values (2288,1);
insert into SERVICE_RECEIVED_TYPE_CUSTOMER (CUSTOMER_ID,SERVICE_RECEIVED_TYPE_ID) values (2289,1);
insert into SERVICE_RECEIVED_TYPE_CUSTOMER (CUSTOMER_ID,SERVICE_RECEIVED_TYPE_ID) values (2290,1);
insert into SERVICE_RECEIVED_TYPE_CUSTOMER (CUSTOMER_ID,SERVICE_RECEIVED_TYPE_ID) values (2291,1);
insert into SERVICE_RECEIVED_TYPE_CUSTOMER (CUSTOMER_ID,SERVICE_RECEIVED_TYPE_ID) values (2292,1);
insert into SERVICE_RECEIVED_TYPE_CUSTOMER (CUSTOMER_ID,SERVICE_RECEIVED_TYPE_ID) values (2293,1);
insert into SERVICE_RECEIVED_TYPE_CUSTOMER (CUSTOMER_ID,SERVICE_RECEIVED_TYPE_ID) values (2294,1);
insert into SERVICE_RECEIVED_TYPE_CUSTOMER (CUSTOMER_ID,SERVICE_RECEIVED_TYPE_ID) values (2295,1);
insert into SERVICE_RECEIVED_TYPE_CUSTOMER (CUSTOMER_ID,SERVICE_RECEIVED_TYPE_ID) values (2296,1);
insert into SERVICE_RECEIVED_TYPE_CUSTOMER (CUSTOMER_ID,SERVICE_RECEIVED_TYPE_ID) values (2297,1);
insert into SERVICE_RECEIVED_TYPE_CUSTOMER (CUSTOMER_ID,SERVICE_RECEIVED_TYPE_ID) values (2298,1);
insert into SERVICE_RECEIVED_TYPE_CUSTOMER (CUSTOMER_ID,SERVICE_RECEIVED_TYPE_ID) values (2299,1);
insert into SERVICE_RECEIVED_TYPE_CUSTOMER (CUSTOMER_ID,SERVICE_RECEIVED_TYPE_ID) values (2300,1);
insert into SERVICE_RECEIVED_TYPE_CUSTOMER (CUSTOMER_ID,SERVICE_RECEIVED_TYPE_ID) values (2301,1);
insert into SERVICE_RECEIVED_TYPE_CUSTOMER (CUSTOMER_ID,SERVICE_RECEIVED_TYPE_ID) values (2302,1);
insert into SERVICE_RECEIVED_TYPE_CUSTOMER (CUSTOMER_ID,SERVICE_RECEIVED_TYPE_ID) values (2303,1);
insert into SERVICE_RECEIVED_TYPE_CUSTOMER (CUSTOMER_ID,SERVICE_RECEIVED_TYPE_ID) values (2304,1);
insert into SERVICE_RECEIVED_TYPE_CUSTOMER (CUSTOMER_ID,SERVICE_RECEIVED_TYPE_ID) values (2305,1);
insert into SERVICE_RECEIVED_TYPE_CUSTOMER (CUSTOMER_ID,SERVICE_RECEIVED_TYPE_ID) values (2306,1);
insert into SERVICE_RECEIVED_TYPE_CUSTOMER (CUSTOMER_ID,SERVICE_RECEIVED_TYPE_ID) values (2307,1);
insert into SERVICE_RECEIVED_TYPE_CUSTOMER (CUSTOMER_ID,SERVICE_RECEIVED_TYPE_ID) values (2308,1);
insert into SERVICE_RECEIVED_TYPE_CUSTOMER (CUSTOMER_ID,SERVICE_RECEIVED_TYPE_ID) values (2309,1);
insert into SERVICE_RECEIVED_TYPE_CUSTOMER (CUSTOMER_ID,SERVICE_RECEIVED_TYPE_ID) values (2310,1);
insert into SERVICE_RECEIVED_TYPE_CUSTOMER (CUSTOMER_ID,SERVICE_RECEIVED_TYPE_ID) values (2311,1);
insert into SERVICE_RECEIVED_TYPE_CUSTOMER (CUSTOMER_ID,SERVICE_RECEIVED_TYPE_ID) values (2312,1);
insert into SERVICE_RECEIVED_TYPE_CUSTOMER (CUSTOMER_ID,SERVICE_RECEIVED_TYPE_ID) values (2313,1);
insert into SERVICE_RECEIVED_TYPE_CUSTOMER (CUSTOMER_ID,SERVICE_RECEIVED_TYPE_ID) values (2314,1);
insert into SERVICE_RECEIVED_TYPE_CUSTOMER (CUSTOMER_ID,SERVICE_RECEIVED_TYPE_ID) values (2315,1);
insert into SERVICE_RECEIVED_TYPE_CUSTOMER (CUSTOMER_ID,SERVICE_RECEIVED_TYPE_ID) values (2316,1);
insert into SERVICE_RECEIVED_TYPE_CUSTOMER (CUSTOMER_ID,SERVICE_RECEIVED_TYPE_ID) values (2317,1);
insert into SERVICE_RECEIVED_TYPE_CUSTOMER (CUSTOMER_ID,SERVICE_RECEIVED_TYPE_ID) values (2318,1);
insert into SERVICE_RECEIVED_TYPE_CUSTOMER (CUSTOMER_ID,SERVICE_RECEIVED_TYPE_ID) values (2319,1);
insert into SERVICE_RECEIVED_TYPE_CUSTOMER (CUSTOMER_ID,SERVICE_RECEIVED_TYPE_ID) values (2320,1);
insert into SERVICE_RECEIVED_TYPE_CUSTOMER (CUSTOMER_ID,SERVICE_RECEIVED_TYPE_ID) values (2321,1);
insert into SERVICE_RECEIVED_TYPE_CUSTOMER (CUSTOMER_ID,SERVICE_RECEIVED_TYPE_ID) values (2322,1);
insert into SERVICE_RECEIVED_TYPE_CUSTOMER (CUSTOMER_ID,SERVICE_RECEIVED_TYPE_ID) values (2323,1);
insert into SERVICE_RECEIVED_TYPE_CUSTOMER (CUSTOMER_ID,SERVICE_RECEIVED_TYPE_ID) values (2324,1);
insert into SERVICE_RECEIVED_TYPE_CUSTOMER (CUSTOMER_ID,SERVICE_RECEIVED_TYPE_ID) values (2325,1);
insert into SERVICE_RECEIVED_TYPE_CUSTOMER (CUSTOMER_ID,SERVICE_RECEIVED_TYPE_ID) values (2326,1);
insert into SERVICE_RECEIVED_TYPE_CUSTOMER (CUSTOMER_ID,SERVICE_RECEIVED_TYPE_ID) values (2327,1);
insert into SERVICE_RECEIVED_TYPE_CUSTOMER (CUSTOMER_ID,SERVICE_RECEIVED_TYPE_ID) values (2328,1);
insert into SERVICE_RECEIVED_TYPE_CUSTOMER (CUSTOMER_ID,SERVICE_RECEIVED_TYPE_ID) values (2329,1);
insert into SERVICE_RECEIVED_TYPE_CUSTOMER (CUSTOMER_ID,SERVICE_RECEIVED_TYPE_ID) values (2330,1);
insert into SERVICE_RECEIVED_TYPE_CUSTOMER (CUSTOMER_ID,SERVICE_RECEIVED_TYPE_ID) values (2331,1);
insert into SERVICE_RECEIVED_TYPE_CUSTOMER (CUSTOMER_ID,SERVICE_RECEIVED_TYPE_ID) values (2332,1);
insert into SERVICE_RECEIVED_TYPE_CUSTOMER (CUSTOMER_ID,SERVICE_RECEIVED_TYPE_ID) values (2333,1);
insert into SERVICE_RECEIVED_TYPE_CUSTOMER (CUSTOMER_ID,SERVICE_RECEIVED_TYPE_ID) values (2334,1);
insert into SERVICE_RECEIVED_TYPE_CUSTOMER (CUSTOMER_ID,SERVICE_RECEIVED_TYPE_ID) values (2335,1);
insert into SERVICE_RECEIVED_TYPE_CUSTOMER (CUSTOMER_ID,SERVICE_RECEIVED_TYPE_ID) values (2336,1);
insert into SERVICE_RECEIVED_TYPE_CUSTOMER (CUSTOMER_ID,SERVICE_RECEIVED_TYPE_ID) values (2337,1);
insert into SERVICE_RECEIVED_TYPE_CUSTOMER (CUSTOMER_ID,SERVICE_RECEIVED_TYPE_ID) values (2338,1);
insert into SERVICE_RECEIVED_TYPE_CUSTOMER (CUSTOMER_ID,SERVICE_RECEIVED_TYPE_ID) values (2339,1);
insert into SERVICE_RECEIVED_TYPE_CUSTOMER (CUSTOMER_ID,SERVICE_RECEIVED_TYPE_ID) values (2340,1);
insert into SERVICE_RECEIVED_TYPE_CUSTOMER (CUSTOMER_ID,SERVICE_RECEIVED_TYPE_ID) values (2341,1);
insert into SERVICE_RECEIVED_TYPE_CUSTOMER (CUSTOMER_ID,SERVICE_RECEIVED_TYPE_ID) values (2342,1);
insert into SERVICE_RECEIVED_TYPE_CUSTOMER (CUSTOMER_ID,SERVICE_RECEIVED_TYPE_ID) values (2343,1);
insert into SERVICE_RECEIVED_TYPE_CUSTOMER (CUSTOMER_ID,SERVICE_RECEIVED_TYPE_ID) values (2344,1);
insert into SERVICE_RECEIVED_TYPE_CUSTOMER (CUSTOMER_ID,SERVICE_RECEIVED_TYPE_ID) values (2345,1);
insert into SERVICE_RECEIVED_TYPE_CUSTOMER (CUSTOMER_ID,SERVICE_RECEIVED_TYPE_ID) values (2346,1);
insert into SERVICE_RECEIVED_TYPE_CUSTOMER (CUSTOMER_ID,SERVICE_RECEIVED_TYPE_ID) values (2347,1);
insert into SERVICE_RECEIVED_TYPE_CUSTOMER (CUSTOMER_ID,SERVICE_RECEIVED_TYPE_ID) values (2348,1);
insert into SERVICE_RECEIVED_TYPE_CUSTOMER (CUSTOMER_ID,SERVICE_RECEIVED_TYPE_ID) values (2349,1);
insert into SERVICE_RECEIVED_TYPE_CUSTOMER (CUSTOMER_ID,SERVICE_RECEIVED_TYPE_ID) values (2350,1);
insert into SERVICE_RECEIVED_TYPE_CUSTOMER (CUSTOMER_ID,SERVICE_RECEIVED_TYPE_ID) values (2351,1);
insert into SERVICE_RECEIVED_TYPE_CUSTOMER (CUSTOMER_ID,SERVICE_RECEIVED_TYPE_ID) values (2352,1);
insert into SERVICE_RECEIVED_TYPE_CUSTOMER (CUSTOMER_ID,SERVICE_RECEIVED_TYPE_ID) values (2353,1);
insert into SERVICE_RECEIVED_TYPE_CUSTOMER (CUSTOMER_ID,SERVICE_RECEIVED_TYPE_ID) values (2354,1);
insert into SERVICE_RECEIVED_TYPE_CUSTOMER (CUSTOMER_ID,SERVICE_RECEIVED_TYPE_ID) values (2355,1);
insert into SERVICE_RECEIVED_TYPE_CUSTOMER (CUSTOMER_ID,SERVICE_RECEIVED_TYPE_ID) values (2356,1);
insert into SERVICE_RECEIVED_TYPE_CUSTOMER (CUSTOMER_ID,SERVICE_RECEIVED_TYPE_ID) values (2357,1);
insert into SERVICE_RECEIVED_TYPE_CUSTOMER (CUSTOMER_ID,SERVICE_RECEIVED_TYPE_ID) values (2358,1);
insert into SERVICE_RECEIVED_TYPE_CUSTOMER (CUSTOMER_ID,SERVICE_RECEIVED_TYPE_ID) values (2359,1);
insert into SERVICE_RECEIVED_TYPE_CUSTOMER (CUSTOMER_ID,SERVICE_RECEIVED_TYPE_ID) values (2360,1);
insert into SERVICE_RECEIVED_TYPE_CUSTOMER (CUSTOMER_ID,SERVICE_RECEIVED_TYPE_ID) values (2361,1);
insert into SERVICE_RECEIVED_TYPE_CUSTOMER (CUSTOMER_ID,SERVICE_RECEIVED_TYPE_ID) values (2362,1);
insert into SERVICE_RECEIVED_TYPE_CUSTOMER (CUSTOMER_ID,SERVICE_RECEIVED_TYPE_ID) values (2363,1);
insert into SERVICE_RECEIVED_TYPE_CUSTOMER (CUSTOMER_ID,SERVICE_RECEIVED_TYPE_ID) values (2364,1);
insert into SERVICE_RECEIVED_TYPE_CUSTOMER (CUSTOMER_ID,SERVICE_RECEIVED_TYPE_ID) values (2033,1);
insert into SERVICE_RECEIVED_TYPE_CUSTOMER (CUSTOMER_ID,SERVICE_RECEIVED_TYPE_ID) values (2034,1);
insert into SERVICE_RECEIVED_TYPE_CUSTOMER (CUSTOMER_ID,SERVICE_RECEIVED_TYPE_ID) values (2035,4);
insert into SERVICE_RECEIVED_TYPE_CUSTOMER (CUSTOMER_ID,SERVICE_RECEIVED_TYPE_ID) values (2102,4);
insert into SERVICE_RECEIVED_TYPE_CUSTOMER (CUSTOMER_ID,SERVICE_RECEIVED_TYPE_ID) values (2365,3);
insert into SERVICE_RECEIVED_TYPE_CUSTOMER (CUSTOMER_ID,SERVICE_RECEIVED_TYPE_ID) values (2381,2);
insert into SERVICE_RECEIVED_TYPE_CUSTOMER (CUSTOMER_ID,SERVICE_RECEIVED_TYPE_ID) values (2401,2);
insert into SERVICE_RECEIVED_TYPE_CUSTOMER (CUSTOMER_ID,SERVICE_RECEIVED_TYPE_ID) values (2402,3);
insert into SERVICE_RECEIVED_TYPE_CUSTOMER (CUSTOMER_ID,SERVICE_RECEIVED_TYPE_ID) values (2041,2);
insert into SERVICE_RECEIVED_TYPE_CUSTOMER (CUSTOMER_ID,SERVICE_RECEIVED_TYPE_ID) values (2403,4);
insert into SERVICE_RECEIVED_TYPE_CUSTOMER (CUSTOMER_ID,SERVICE_RECEIVED_TYPE_ID) values (2441,2);
insert into SERVICE_RECEIVED_TYPE_CUSTOMER (CUSTOMER_ID,SERVICE_RECEIVED_TYPE_ID) values (2139,2);
insert into SERVICE_RECEIVED_TYPE_CUSTOMER (CUSTOMER_ID,SERVICE_RECEIVED_TYPE_ID) values (2443,3);
insert into SERVICE_RECEIVED_TYPE_CUSTOMER (CUSTOMER_ID,SERVICE_RECEIVED_TYPE_ID) values (2052,5);
insert into SERVICE_RECEIVED_TYPE_CUSTOMER (CUSTOMER_ID,SERVICE_RECEIVED_TYPE_ID) values (2481,4);
insert into SERVICE_RECEIVED_TYPE_CUSTOMER (CUSTOMER_ID,SERVICE_RECEIVED_TYPE_ID) values (2481,2);
insert into SERVICE_RECEIVED_TYPE_CUSTOMER (CUSTOMER_ID,SERVICE_RECEIVED_TYPE_ID) values (2088,4);
insert into SERVICE_RECEIVED_TYPE_CUSTOMER (CUSTOMER_ID,SERVICE_RECEIVED_TYPE_ID) values (2088,2);
insert into SERVICE_RECEIVED_TYPE_CUSTOMER (CUSTOMER_ID,SERVICE_RECEIVED_TYPE_ID) values (2053,2);
insert into SERVICE_RECEIVED_TYPE_CUSTOMER (CUSTOMER_ID,SERVICE_RECEIVED_TYPE_ID) values (2167,2);
insert into SERVICE_RECEIVED_TYPE_CUSTOMER (CUSTOMER_ID,SERVICE_RECEIVED_TYPE_ID) values (2482,2);
insert into SERVICE_RECEIVED_TYPE_CUSTOMER (CUSTOMER_ID,SERVICE_RECEIVED_TYPE_ID) values (2232,2);
insert into SERVICE_RECEIVED_TYPE_CUSTOMER (CUSTOMER_ID,SERVICE_RECEIVED_TYPE_ID) values (2232,3);
insert into SERVICE_RECEIVED_TYPE_CUSTOMER (CUSTOMER_ID,SERVICE_RECEIVED_TYPE_ID) values (2175,2);
insert into SERVICE_RECEIVED_TYPE_CUSTOMER (CUSTOMER_ID,SERVICE_RECEIVED_TYPE_ID) values (2336,2);
insert into SERVICE_RECEIVED_TYPE_CUSTOMER (CUSTOMER_ID,SERVICE_RECEIVED_TYPE_ID) values (2104,2);
insert into SERVICE_RECEIVED_TYPE_CUSTOMER (CUSTOMER_ID,SERVICE_RECEIVED_TYPE_ID) values (2193,2);
insert into SERVICE_RECEIVED_TYPE_CUSTOMER (CUSTOMER_ID,SERVICE_RECEIVED_TYPE_ID) values (1,2);
insert into SERVICE_RECEIVED_TYPE_CUSTOMER (CUSTOMER_ID,SERVICE_RECEIVED_TYPE_ID) values (1,3);
insert into SERVICE_RECEIVED_TYPE_CUSTOMER (CUSTOMER_ID,SERVICE_RECEIVED_TYPE_ID) values (2,1);
insert into SERVICE_RECEIVED_TYPE_CUSTOMER (CUSTOMER_ID,SERVICE_RECEIVED_TYPE_ID) values (2,2);
insert into SERVICE_RECEIVED_TYPE_CUSTOMER (CUSTOMER_ID,SERVICE_RECEIVED_TYPE_ID) values (2,3);
insert into SERVICE_RECEIVED_TYPE_CUSTOMER (CUSTOMER_ID,SERVICE_RECEIVED_TYPE_ID) values (2365,4);
insert into SERVICE_RECEIVED_TYPE_CUSTOMER (CUSTOMER_ID,SERVICE_RECEIVED_TYPE_ID) values (1,1);
insert into SERVICE_RECEIVED_TYPE_CUSTOMER (CUSTOMER_ID,SERVICE_RECEIVED_TYPE_ID) values (3,1);
insert into SERVICE_RECEIVED_TYPE_CUSTOMER (CUSTOMER_ID,SERVICE_RECEIVED_TYPE_ID) values (3,2);
insert into SERVICE_RECEIVED_TYPE_CUSTOMER (CUSTOMER_ID,SERVICE_RECEIVED_TYPE_ID) values (3,3);
insert into SERVICE_RECEIVED_TYPE_CUSTOMER (CUSTOMER_ID,SERVICE_RECEIVED_TYPE_ID) values (3,4);
insert into SERVICE_RECEIVED_TYPE_CUSTOMER (CUSTOMER_ID,SERVICE_RECEIVED_TYPE_ID) values (4,1);
insert into SERVICE_RECEIVED_TYPE_CUSTOMER (CUSTOMER_ID,SERVICE_RECEIVED_TYPE_ID) values (4,2);
insert into SERVICE_RECEIVED_TYPE_CUSTOMER (CUSTOMER_ID,SERVICE_RECEIVED_TYPE_ID) values (4,3);
insert into SERVICE_RECEIVED_TYPE_CUSTOMER (CUSTOMER_ID,SERVICE_RECEIVED_TYPE_ID) values (4,4);
insert into SERVICE_RECEIVED_TYPE_CUSTOMER (CUSTOMER_ID,SERVICE_RECEIVED_TYPE_ID) values (4,5);
insert into SERVICE_RECEIVED_TYPE_CUSTOMER (CUSTOMER_ID,SERVICE_RECEIVED_TYPE_ID) values (5,3);
insert into SERVICE_RECEIVED_TYPE_CUSTOMER (CUSTOMER_ID,SERVICE_RECEIVED_TYPE_ID) values (5,4);
insert into SERVICE_RECEIVED_TYPE_CUSTOMER (CUSTOMER_ID,SERVICE_RECEIVED_TYPE_ID) values (5,5);
insert into SERVICE_RECEIVED_TYPE_CUSTOMER (CUSTOMER_ID,SERVICE_RECEIVED_TYPE_ID) values (2181,2);
insert into SERVICE_RECEIVED_TYPE_CUSTOMER (CUSTOMER_ID,SERVICE_RECEIVED_TYPE_ID) values (2051,2);
insert into SERVICE_RECEIVED_TYPE_CUSTOMER (CUSTOMER_ID,SERVICE_RECEIVED_TYPE_ID) values (2186,2);
insert into SERVICE_RECEIVED_TYPE_CUSTOMER (CUSTOMER_ID,SERVICE_RECEIVED_TYPE_ID) values (2189,2);
insert into SERVICE_RECEIVED_TYPE_CUSTOMER (CUSTOMER_ID,SERVICE_RECEIVED_TYPE_ID) values (2099,2);
insert into SERVICE_RECEIVED_TYPE_CUSTOMER (CUSTOMER_ID,SERVICE_RECEIVED_TYPE_ID) values (2421,4);
insert into SERVICE_RECEIVED_TYPE_CUSTOMER (CUSTOMER_ID,SERVICE_RECEIVED_TYPE_ID) values (2179,2);
insert into SERVICE_RECEIVED_TYPE_CUSTOMER (CUSTOMER_ID,SERVICE_RECEIVED_TYPE_ID) values (2192,3);

insert into SERVICE_RECEIVED_TYPE_CUSTOMER (CUSTOMER_ID,SERVICE_RECEIVED_TYPE_ID) values (11105,1);
insert into SERVICE_RECEIVED_TYPE_CUSTOMER (CUSTOMER_ID,SERVICE_RECEIVED_TYPE_ID) values (11105,3);
insert into SERVICE_RECEIVED_TYPE_CUSTOMER (CUSTOMER_ID,SERVICE_RECEIVED_TYPE_ID) values (11106,1);
insert into SERVICE_RECEIVED_TYPE_CUSTOMER (CUSTOMER_ID,SERVICE_RECEIVED_TYPE_ID) values (11106,3);

insert into SERVICE_RECEIVED_TYPE_CUSTOMER (CUSTOMER_ID,SERVICE_RECEIVED_TYPE_ID) values (4000,1);
insert into SERVICE_RECEIVED_TYPE_CUSTOMER (CUSTOMER_ID,SERVICE_RECEIVED_TYPE_ID) values (4000,2);
insert into SERVICE_RECEIVED_TYPE_CUSTOMER (CUSTOMER_ID,SERVICE_RECEIVED_TYPE_ID) values (4000,3);

insert into SERVICE_RECEIVED_TYPE_CUSTOMER (CUSTOMER_ID,SERVICE_RECEIVED_TYPE_ID) values (5000,1);
insert into SERVICE_RECEIVED_TYPE_CUSTOMER (CUSTOMER_ID,SERVICE_RECEIVED_TYPE_ID) values (5000,2);
insert into SERVICE_RECEIVED_TYPE_CUSTOMER (CUSTOMER_ID,SERVICE_RECEIVED_TYPE_ID) values (5000,3);


insert into TIN_VALIDATION (TIN_VALIDATION_ID , DESCRIPTION , REGEX , MATCHING_EXAMPLES ,COMPANY_ID,COUNTRY_ID,TIN_FORMAT_REGEX,TIN_FORMAT_REPLACEMENT) values (1, 'Clave Unica de Identificación Tributaria (CUIT) with dashes' , '(^[0-9]{2}-[0-9]{8}-[0-9]$)' , '30-71227518-5' , 1, 1,'(\d{2})(\d{8})(\d{1})','$1-$2-$3');
insert into TIN_VALIDATION (TIN_VALIDATION_ID , DESCRIPTION , REGEX , MATCHING_EXAMPLES ,COMPANY_ID,COUNTRY_ID,TIN_FORMAT_REGEX,TIN_FORMAT_REPLACEMENT) values (2, 'Clave Unica de Identificación Tributaria (CUIT) without any dashes' , '([0-9]{11})' , '30712275185' , 1, 1,'(\d{2})(\d{8})(\d{1})','$1-$2-$3');
--insert into TIN_VALIDATION (TIN_VALIDATION_ID , DESCRIPTION , REGEX , MATCHING_EXAMPLES ,COMPANY_ID,COUNTRY_ID,TIN_FORMAT_REGEX,TIN_FORMAT_REPLACEMENT) values (3, '(Bolivia) Número de Identificación Fiscal (NIF)' , '^[0-9]{10}$' , '30712275185', 1, 2,'(\d{10})','$1');
--insert into TIN_VALIDATION (TIN_VALIDATION_ID , DESCRIPTION , REGEX , MATCHING_EXAMPLES ,COMPANY_ID,COUNTRY_ID,TIN_FORMAT_REGEX,TIN_FORMAT_REPLACEMENT) values (4, '(Brazil) Cadastro Nacional da Pessoa Jurídica' , '^[0-9]{2}\.[0-9]{3}\.[0-9]{3}\/[0-9]{4}-[0-9]{2}$' , '11.111.111/0001-55' , 1, 3,'(\d{2})(\d{3})(\d{3})(\d{4})(\d{2})','$1.$2.$3/$4-$5');
--insert into TIN_VALIDATION (TIN_VALIDATION_ID , DESCRIPTION , REGEX , MATCHING_EXAMPLES ,COMPANY_ID,COUNTRY_ID,TIN_FORMAT_REGEX,TIN_FORMAT_REPLACEMENT) values (5, '(Brazil) Cadastro de Pessoas Físicas (CPF)' , '^[0-9]{3}\.[0-9]{3}\.[0-9]{3}-[0-9]{2}$' , '111.111.111-55' , 1, 3,'(\d{3})(\d{3})(\d{3})(\d{2})','$1.$2.$3-$4');
--insert into TIN_VALIDATION (TIN_VALIDATION_ID , DESCRIPTION , REGEX , MATCHING_EXAMPLES ,COMPANY_ID,COUNTRY_ID,TIN_FORMAT_REGEX,TIN_FORMAT_REPLACEMENT) values (6, '(Chile) Rol Unico Tributario (RUT)' , '^[0-9]{8}-[0-9]$' , '11111111-1' , 1, 4,'(\d{8})(\d{1})','$1-$2');
--insert into TIN_VALIDATION (TIN_VALIDATION_ID , DESCRIPTION , REGEX , MATCHING_EXAMPLES ,COMPANY_ID,COUNTRY_ID,TIN_FORMAT_REGEX,TIN_FORMAT_REPLACEMENT) values (7, '(Paraguay) Registro Unico del Contribuyente (RUC)' , '^[0-9]{2}\.[0-9]{3}\.[0-9]{3}-[0-9]$' , '80.003.567-9' , 1, 5,'(\d{2})(\d{3})(\d{3})(\d{1})','$1.$2.$3-$4');
--insert into TIN_VALIDATION (TIN_VALIDATION_ID , DESCRIPTION , REGEX , MATCHING_EXAMPLES ,COMPANY_ID,COUNTRY_ID,TIN_FORMAT_REGEX,TIN_FORMAT_REPLACEMENT) values (8, '(Uruguay) Registro Unico Tributario (RUT)' , '^[0-9]{2}-[0-9]{6}-[0-9]{3}-[0-9]$' , '11-123456-123-1' , 1, 6,'(\d{2})(\d{6})(\d{3})(\d{1})','$1-$2-$3-$4');
insert into TIN_VALIDATION (TIN_VALIDATION_ID , DESCRIPTION , REGEX , MATCHING_EXAMPLES ,COMPANY_ID,COUNTRY_ID,TIN_FORMAT_REGEX,TIN_FORMAT_REPLACEMENT) values (9, '(Colombia) Número de Identificación Tributaria (NIT)' , '(^[0-9]{3}\.[0-9]{3}\.[0-9]{3}-[0-9]$)' , '111.111.111-1' , 3, 7,'(\d{3})(\d{3})(\d{3})(\d{1})','$1.$2.$3-$4');
insert into TIN_VALIDATION (TIN_VALIDATION_ID , DESCRIPTION , REGEX , MATCHING_EXAMPLES ,COMPANY_ID,COUNTRY_ID,TIN_FORMAT_REGEX,TIN_FORMAT_REPLACEMENT) values (10, '(Colombia) Número de Identificación Tributaria (NIT) without only digit verification dash' , '(^[0-9]{8,9}-[0-9]$)' , '83004781-9' , 3, 7,'(\d{3})(\d{3})(\d{3})(\d{1})','$1.$2.$3-$4');
insert into TIN_VALIDATION (TIN_VALIDATION_ID , DESCRIPTION , REGEX , MATCHING_EXAMPLES ,COMPANY_ID,COUNTRY_ID,TIN_FORMAT_REGEX,TIN_FORMAT_REPLACEMENT) values (11, '(Colombia) Número de Identificación Tributaria (NIT) without punctuation marks' , '([0-9]{9,10})' , '830047819' , 3, 7,'(\d{3})(\d{3})(\d{3})(\d{1})','$1.$2.$3-$4');
--insert into TIN_VALIDATION (TIN_VALIDATION_ID , DESCRIPTION , REGEX , MATCHING_EXAMPLES ,COMPANY_ID,COUNTRY_ID,TIN_FORMAT_REGEX,TIN_FORMAT_REPLACEMENT) values (10,'(Barbados)' , '^2[0-9]{7}-[0-9]$' , '21111111-1' , 1, 12,'(\d{8})(\d{1})','$1-$2');
--insert into TIN_VALIDATION (TIN_VALIDATION_ID , DESCRIPTION , REGEX , MATCHING_EXAMPLES ,COMPANY_ID,COUNTRY_ID,TIN_FORMAT_REGEX,TIN_FORMAT_REPLACEMENT) values (11,'(Costa Rica) Person´s National Identification Number' , '^[0-9]{9,12}$' , '123456789' , 1, 14,'(\d{9,12})','$1');
--insert into TIN_VALIDATION (TIN_VALIDATION_ID , DESCRIPTION , REGEX , MATCHING_EXAMPLES ,COMPANY_ID,COUNTRY_ID,TIN_FORMAT_REGEX,TIN_FORMAT_REPLACEMENT) values (12,'(Costa Rica) Número de Identificación Tributaria Especial (NITE)' , '^[0-9]{10,12}$' , '1234567890' , 1, 14,'(\d{10,12})','$1');
--insert into TIN_VALIDATION (TIN_VALIDATION_ID , DESCRIPTION , REGEX , MATCHING_EXAMPLES ,COMPANY_ID,COUNTRY_ID,TIN_FORMAT_REGEX,TIN_FORMAT_REPLACEMENT) values (13,'(Costa Rica) Enterprise´s National Identification Number' , '^[0-9]{10,12}$' , '1234567890' , 1, 14,'(\d{10,12})','$1');
--insert into TIN_VALIDATION (TIN_VALIDATION_ID , DESCRIPTION , REGEX , MATCHING_EXAMPLES ,COMPANY_ID,COUNTRY_ID,TIN_FORMAT_REGEX,TIN_FORMAT_REPLACEMENT) values (14,'(Costa Rica) Documento de Identificación de Migración y Extranjería (DIMEX)' , '^[0-9]{11,12}$' , '12345678901' , 1, 14,'(\d{11,12})','$1');
--insert into TIN_VALIDATION (TIN_VALIDATION_ID , DESCRIPTION , REGEX , MATCHING_EXAMPLES ,COMPANY_ID,COUNTRY_ID,TIN_FORMAT_REGEX,TIN_FORMAT_REPLACEMENT) values (15,'(Dominica) Número de Identificación Tributaria (NIT)' , '^[0-9]{3}-[0-9]{5}-[0-9]$' , '130-99999-1' , 1, 15,'(\d{3})(\d{5})(\d{1})','$1-$2-$3');
--insert into TIN_VALIDATION (TIN_VALIDATION_ID , DESCRIPTION , REGEX , MATCHING_EXAMPLES ,COMPANY_ID,COUNTRY_ID,TIN_FORMAT_REGEX,TIN_FORMAT_REPLACEMENT) values (16,'(Ecuador) Registro Unico de Contribuyentes (RUC)' , '[0-9]{13}' , '1234567890123' , 1, 16,'(\d{13})','$1');
--insert into TIN_VALIDATION (TIN_VALIDATION_ID , DESCRIPTION , REGEX , MATCHING_EXAMPLES ,COMPANY_ID,COUNTRY_ID,TIN_FORMAT_REGEX,TIN_FORMAT_REPLACEMENT) values (17,'(El Salvador) Número de Identificación Tributaria (NIT)' , '^[0-9]{4}-[0-9]{6}-[0-9]{3}-[0-9]$' , '1234-123456-123-1' , 1, 17,'(\d{4})(\d{6})(\d{3})(\d{1})','$1-$2-$3-$4');
--insert into TIN_VALIDATION (TIN_VALIDATION_ID , DESCRIPTION , REGEX , MATCHING_EXAMPLES ,COMPANY_ID,COUNTRY_ID,TIN_FORMAT_REGEX,TIN_FORMAT_REPLACEMENT) values (18,'(Guatemala) Número de Identificación Tributaria (NIT)' , '^[0-9]{7}-[0-9]$' , '1234567-1' , 1, 19,'(\d{7})(\d{1})','$1-$2');
insert into TIN_VALIDATION (TIN_VALIDATION_ID , DESCRIPTION , REGEX , MATCHING_EXAMPLES ,COMPANY_ID,COUNTRY_ID,TIN_FORMAT_REGEX,TIN_FORMAT_REPLACEMENT) values (19,'(Mexico) Registro Federal de Contribuyentes Natural (RFC)' , '^[A-Z,&]{4}[0-9]{6}[A-Z,0-9]{3}$' , 'AAGB860519G31' , 2, 21,'(.{13})','$1');
insert into TIN_VALIDATION (TIN_VALIDATION_ID , DESCRIPTION , REGEX , MATCHING_EXAMPLES ,COMPANY_ID,COUNTRY_ID,TIN_FORMAT_REGEX,TIN_FORMAT_REPLACEMENT) values (20,'(Mexico) Registro Federal de Contribuyentes Companies (RFC)' , '^[A-Z,&]{3}[0-9]{6}[A-Z,0-9]{3}$' , 'P&G851223B24' , 2, 21,'(.{12})','$1');
--insert into TIN_VALIDATION (TIN_VALIDATION_ID , DESCRIPTION , REGEX , MATCHING_EXAMPLES ,COMPANY_ID,COUNTRY_ID,TIN_FORMAT_REGEX,TIN_FORMAT_REPLACEMENT) values (21,'(Nicaragua) Número de Registro Unico de Contribuyentes (RUC)' , '^[0-9]{4}-[0-9]{6}-[0-9]{4}$' , '0000-210567-9639' , 1, 22,'(\d{4})(\d{6})(\d{4})','$1-$2-$3');
--insert into TIN_VALIDATION (TIN_VALIDATION_ID , DESCRIPTION , REGEX , MATCHING_EXAMPLES ,COMPANY_ID,COUNTRY_ID,TIN_FORMAT_REGEX,TIN_FORMAT_REPLACEMENT) values (22,'(Panamá) Registro Unico del Contribuyente (RUC)' , '^[0-9]{4}-[0-9]{3}-[0-9]{4}$' , '4578-586-9873' , 1, 23,'(\d{4})(\d{3})(\d{4})','$1-$2-$3');
--insert into TIN_VALIDATION (TIN_VALIDATION_ID , DESCRIPTION , REGEX , MATCHING_EXAMPLES ,COMPANY_ID,COUNTRY_ID,TIN_FORMAT_REGEX,TIN_FORMAT_REPLACEMENT) values (23,'(República Dominicana) Registro Nacional del Contribuyente Legal Persons (RNC)' , '^[0-9]{11}$' , '12345678901' , 1, 26,'(\d{11})','$1');
--insert into TIN_VALIDATION (TIN_VALIDATION_ID , DESCRIPTION , REGEX , MATCHING_EXAMPLES ,COMPANY_ID,COUNTRY_ID,TIN_FORMAT_REGEX,TIN_FORMAT_REPLACEMENT) values (24,'(República Dominicana) Registro Nacional del Contribuyente Companies (RNC)' , '^[0-9]{9}$' , '123456789' , 1, 26,'(\d{9})','$1');
--insert into TIN_VALIDATION (TIN_VALIDATION_ID , DESCRIPTION , REGEX , MATCHING_EXAMPLES ,COMPANY_ID,COUNTRY_ID,TIN_FORMAT_REGEX,TIN_FORMAT_REPLACEMENT) values (25,'(Venezuela) Registro Unico de Informacion Fiscal (RIF)' , '^(J|G|V|E)-[0-9]{8}([0-9]|-[0-9])$' , 'J-30595991-8' , 1, 27,'(.{1})(\d{8})(\d{1})','$1-$2-$3');
--insert into TIN_VALIDATION (TIN_VALIDATION_ID , DESCRIPTION , REGEX , MATCHING_EXAMPLES ,COMPANY_ID,COUNTRY_ID,TIN_FORMAT_REGEX,TIN_FORMAT_REPLACEMENT) values (26,'(South Africa) Taxpayer Registration Number (TRN)' , '^[0-9]{9}$' , '123456789' , 1, 8,'(\d{9})','$1');
--insert into TIN_VALIDATION (TIN_VALIDATION_ID , DESCRIPTION , REGEX , MATCHING_EXAMPLES ,COMPANY_ID,COUNTRY_ID,TIN_FORMAT_REGEX,TIN_FORMAT_REPLACEMENT) values (27,'(Germany) Umsatzsteuer-Identifikationsnummer' , '^DE[0-9]{9}$' , 'DE123456789' , 1, 9,'(.{2})(\d{9})','$1$2');
--insert into TIN_VALIDATION (TIN_VALIDATION_ID , DESCRIPTION , REGEX , MATCHING_EXAMPLES ,COMPANY_ID,COUNTRY_ID,TIN_FORMAT_REGEX,TIN_FORMAT_REPLACEMENT) values (28,'(España) Número de Identificación Fiscal (NIF)' , '^ES.[0-9]{7}.$' , 'ESA1234567A' , 1, 11,'(.{3})(\d{7})(.)','$1$2$3');
--insert into TIN_VALIDATION (TIN_VALIDATION_ID , DESCRIPTION , REGEX , MATCHING_EXAMPLES ,COMPANY_ID,COUNTRY_ID,TIN_FORMAT_REGEX,TIN_FORMAT_REPLACEMENT) values (29,'(Peru) Registro Unico del Contribuyente (RUC)' , '^[0-9]{11}$' , '12345678901' , 1, 24,'(\d{11})','$1');
--insert into TIN_VALIDATION (TIN_VALIDATION_ID , DESCRIPTION , REGEX , MATCHING_EXAMPLES ,COMPANY_ID,COUNTRY_ID,TIN_FORMAT_REGEX,TIN_FORMAT_REPLACEMENT) values (30,'(Australia) Tax File Number (TFN)' , '^[0-9]{9}$' , '123456789' , 1, 24,'(\d{9})','$1');
--insert into TIN_VALIDATION (TIN_VALIDATION_ID , DESCRIPTION , REGEX , MATCHING_EXAMPLES ,COMPANY_ID,COUNTRY_ID,TIN_FORMAT_REGEX,TIN_FORMAT_REPLACEMENT) values (31,'(Jamaica) Taxpayer Registration Number (TRN)' , '^[0-9]{9}$' , '123456789' , 1, 20,'(\d{9})','$1');

--faltaban
--insert into TIN_VALIDATION (TIN_VALIDATION_ID , DESCRIPTION , REGEX , MATCHING_EXAMPLES ,COMPANY_ID,COUNTRY_ID,TIN_FORMAT_REGEX,TIN_FORMAT_REPLACEMENT) values (32,'(Bermuda)' , '.*?' , '123456789' , 1, 13,'(.*)','$1');
--insert into TIN_VALIDATION (TIN_VALIDATION_ID , DESCRIPTION , REGEX , MATCHING_EXAMPLES ,COMPANY_ID,COUNTRY_ID,TIN_FORMAT_REGEX,TIN_FORMAT_REPLACEMENT) values (33,'(Grand Cayman)' , '.*?' , '123456789' , 1, 18,'(.*)','$1');
--insert into TIN_VALIDATION (TIN_VALIDATION_ID , DESCRIPTION , REGEX , MATCHING_EXAMPLES ,COMPANY_ID,COUNTRY_ID,TIN_FORMAT_REGEX,TIN_FORMAT_REPLACEMENT) values (34,'(United States)', '.*?' , '123456789' , 1, 10,'(.*)','$1'); -- falta, creo q es SSN 
--insert into TIN_VALIDATION (TIN_VALIDATION_ID , DESCRIPTION , REGEX , MATCHING_EXAMPLES ,COMPANY_ID,COUNTRY_ID,TIN_FORMAT_REGEX,TIN_FORMAT_REPLACEMENT) values (35,'(Puerto Rico)', '.*?' , '123456789' , 1, 25,'(.*)','$1'); -- falta, creo q es SSN 
--insert into TIN_VALIDATION (TIN_VALIDATION_ID , DESCRIPTION , REGEX , MATCHING_EXAMPLES ,COMPANY_ID,COUNTRY_ID,TIN_FORMAT_REGEX,TIN_FORMAT_REPLACEMENT) values (36,'(South Africa)' , '.*?' , '123456789' , 1, 8,'(.*)','$1');
--insert into TIN_VALIDATION (TIN_VALIDATION_ID , DESCRIPTION , REGEX , MATCHING_EXAMPLES ,COMPANY_ID,COUNTRY_ID,TIN_FORMAT_REGEX,TIN_FORMAT_REPLACEMENT) values (37,'(Panama)' , '.*?' , '123456789' , 1, 23,'(.*)','$1');
--insert into TIN_VALIDATION (TIN_VALIDATION_ID , DESCRIPTION , REGEX , MATCHING_EXAMPLES ,COMPANY_ID,COUNTRY_ID,TIN_FORMAT_REGEX,TIN_FORMAT_REPLACEMENT) values (38,'(Grand Cayman)' , '.*?' , '123456789' , 1, 13,'(.*)','$1');

-- Invoice Types: Argentina
insert into INVOICE_TYPE(INVOICE_TYPE_ID,INVOICE_TYPE_CODE,DESCRIPTION,ADJUSTMENT,ACTIVE) values(1,'FA','Factura A',0,1);
insert into INVOICE_TYPE(INVOICE_TYPE_ID,INVOICE_TYPE_CODE,DESCRIPTION,ADJUSTMENT,ACTIVE) values(2,'FB','Factura B',0,1);
insert into INVOICE_TYPE(INVOICE_TYPE_ID,INVOICE_TYPE_CODE,DESCRIPTION,ADJUSTMENT,ACTIVE) values(3,'FE','Factura E',0,1);
insert into INVOICE_TYPE(INVOICE_TYPE_ID,INVOICE_TYPE_CODE,DESCRIPTION,ADJUSTMENT,ACTIVE) values(4,'CA','Nota de Credito A',1,1);
insert into INVOICE_TYPE(INVOICE_TYPE_ID,INVOICE_TYPE_CODE,DESCRIPTION,ADJUSTMENT,ACTIVE) values(5,'CB','Nota de Credito B',1,1);
insert into INVOICE_TYPE(INVOICE_TYPE_ID,INVOICE_TYPE_CODE,DESCRIPTION,ADJUSTMENT,ACTIVE) values(6,'CE','Nota de Credito E',1,1);
insert into INVOICE_TYPE(INVOICE_TYPE_ID,INVOICE_TYPE_CODE,DESCRIPTION,ADJUSTMENT,ACTIVE) values(7,'DA','Nota de Debito A',1,1);
insert into INVOICE_TYPE(INVOICE_TYPE_ID,INVOICE_TYPE_CODE,DESCRIPTION,ADJUSTMENT,ACTIVE) values(8,'DB','Nota de Debito B',1,1);
insert into INVOICE_TYPE(INVOICE_TYPE_ID,INVOICE_TYPE_CODE,DESCRIPTION,ADJUSTMENT,ACTIVE) values(9,'DE','Nota de Debito E',1,1);
insert into INVOICE_TYPE(INVOICE_TYPE_ID,INVOICE_TYPE_CODE,DESCRIPTION,ADJUSTMENT,ACTIVE,CONSUMPTION) values(10,'PBC','Consumo de Prebill',0,1,1);
insert into INVOICE_TYPE(INVOICE_TYPE_ID,INVOICE_TYPE_CODE,DESCRIPTION,ADJUSTMENT,ACTIVE,CONSUMPTION) values(11,'PBCR','Reversión de Consumo de Prebill',1,1,1);

--insert into INVOICE_TYPE(INVOICE_TYPE_ID,INVOICE_TYPE_CODE,DESCRIPTION,COMPANY_ID,ADJUSTMENT,ACTIVE) values(1,'FA','Factura A',1,0,1);
--insert into INVOICE_TYPE(INVOICE_TYPE_ID,INVOICE_TYPE_CODE,DESCRIPTION,COMPANY_ID,ADJUSTMENT,ACTIVE) values(2,'FB','Factura C',1,0,1);
--insert into INVOICE_TYPE(INVOICE_TYPE_ID,INVOICE_TYPE_CODE,DESCRIPTION,COMPANY_ID,ADJUSTMENT,ACTIVE) values(3,'FE','Factura E',1,0,1);
--insert into INVOICE_TYPE(INVOICE_TYPE_ID,INVOICE_TYPE_CODE,DESCRIPTION,COMPANY_ID,ADJUSTMENT,ACTIVE) values(4,'CA','Nota de Credito A',1,1,1);
--insert into INVOICE_TYPE(INVOICE_TYPE_ID,INVOICE_TYPE_CODE,DESCRIPTION,COMPANY_ID,ADJUSTMENT,ACTIVE) values(5,'CB','Nota de Credito C',1,1,1);
--insert into INVOICE_TYPE(INVOICE_TYPE_ID,INVOICE_TYPE_CODE,DESCRIPTION,COMPANY_ID,ADJUSTMENT,ACTIVE) values(6,'CE','Nota de Credito E',1,1,1);
--insert into INVOICE_TYPE(INVOICE_TYPE_ID,INVOICE_TYPE_CODE,DESCRIPTION,COMPANY_ID,ADJUSTMENT,ACTIVE) values(7,'DA','Nota de Debito A',1,1,1);
--insert into INVOICE_TYPE(INVOICE_TYPE_ID,INVOICE_TYPE_CODE,DESCRIPTION,COMPANY_ID,ADJUSTMENT,ACTIVE) values(8,'DB','Nota de Debito C',1,1,1);
--insert into INVOICE_TYPE(INVOICE_TYPE_ID,INVOICE_TYPE_CODE,DESCRIPTION,COMPANY_ID,ADJUSTMENT,ACTIVE) values(9,'DE','Nota de Debito E',1,1,1);
--insert into INVOICE_TYPE(INVOICE_TYPE_ID,INVOICE_TYPE_CODE,DESCRIPTION,COMPANY_ID,ADJUSTMENT,ACTIVE,CONSUMPTION) values(10,'PBC','Consumo de Prebill',1,0,1,1);
--insert into INVOICE_TYPE(INVOICE_TYPE_ID,INVOICE_TYPE_CODE,DESCRIPTION,COMPANY_ID,ADJUSTMENT,ACTIVE,CONSUMPTION) values(11,'PBCR','Reversión de Consumo de Prebill',1,1,1,1);

-- Invoice Types: Mexico
--insert into INVOICE_TYPE(INVOICE_TYPE_ID,INVOICE_TYPE_CODE,DESCRIPTION,COMPANY_ID,ADJUSTMENT,ACTIVE) values(100,'FA','Factura',2,0,1);
--insert into INVOICE_TYPE(INVOICE_TYPE_ID,INVOICE_TYPE_CODE,DESCRIPTION,COMPANY_ID,ADJUSTMENT,ACTIVE) values(101,'CA','Nota de Credito',2,1,1);
--insert into INVOICE_TYPE(INVOICE_TYPE_ID,INVOICE_TYPE_CODE,DESCRIPTION,COMPANY_ID,ADJUSTMENT,ACTIVE) values(102,'DA','Nota de Debito',2,1,1);
--insert into INVOICE_TYPE(INVOICE_TYPE_ID,INVOICE_TYPE_CODE,DESCRIPTION,COMPANY_ID,ADJUSTMENT,CONSUMPTION,ACTIVE) values(106,'PBC','Consumo de Prebill',2,0,1,1);
--insert into INVOICE_TYPE(INVOICE_TYPE_ID,INVOICE_TYPE_CODE,DESCRIPTION,COMPANY_ID,ADJUSTMENT,CONSUMPTION,ACTIVE) values(107,'PBCR','Reversión de Consumo de Prebill',2,1,1,1);

-- Invoice Type Mapping
-- * ARG - 331 *
-- IN/AF - Invoice
insert into INVOICE_TYPE_MAPPING (INVOICE_TYPE_MAPPING_ID,COMPANY_ID,DOC_TYPE,TAX_STATUS_CODE,INVOICE_TYPE_ID) values (101,1,'IN','TAXABLE',1);
insert into INVOICE_TYPE_MAPPING (INVOICE_TYPE_MAPPING_ID,COMPANY_ID,DOC_TYPE,TAX_STATUS_CODE,INVOICE_TYPE_ID) values (102,1,'IN','NON_TAXABLE',2);
insert into INVOICE_TYPE_MAPPING (INVOICE_TYPE_MAPPING_ID,COMPANY_ID,DOC_TYPE,TAX_STATUS_CODE,INVOICE_TYPE_ID) values (103,1,'IN','EXEMPT',2);
insert into INVOICE_TYPE_MAPPING (INVOICE_TYPE_MAPPING_ID,COMPANY_ID,DOC_TYPE,TAX_STATUS_CODE,INVOICE_TYPE_ID) values (104,1,'IN','FOREIGN',2);
insert into INVOICE_TYPE_MAPPING (INVOICE_TYPE_MAPPING_ID,COMPANY_ID,DOC_TYPE,TAX_STATUS_CODE,INVOICE_TYPE_ID) values (105,1,'IN','FOREIGN',3);
insert into INVOICE_TYPE_MAPPING (INVOICE_TYPE_MAPPING_ID,COMPANY_ID,DOC_TYPE,TAX_STATUS_CODE,INVOICE_TYPE_ID) values (106,1,'AF','TAXABLE',1);
insert into INVOICE_TYPE_MAPPING (INVOICE_TYPE_MAPPING_ID,COMPANY_ID,DOC_TYPE,TAX_STATUS_CODE,INVOICE_TYPE_ID) values (107,1,'AF','NON_TAXABLE',2);
insert into INVOICE_TYPE_MAPPING (INVOICE_TYPE_MAPPING_ID,COMPANY_ID,DOC_TYPE,TAX_STATUS_CODE,INVOICE_TYPE_ID) values (108,1,'AF','EXEMPT',2);
insert into INVOICE_TYPE_MAPPING (INVOICE_TYPE_MAPPING_ID,COMPANY_ID,DOC_TYPE,TAX_STATUS_CODE,INVOICE_TYPE_ID) values (109,1,'AF','FOREIGN',2);
insert into INVOICE_TYPE_MAPPING (INVOICE_TYPE_MAPPING_ID,COMPANY_ID,DOC_TYPE,TAX_STATUS_CODE,INVOICE_TYPE_ID) values (110,1,'AF','FOREIGN',3);
-- CR - Credit Note
insert into INVOICE_TYPE_MAPPING (INVOICE_TYPE_MAPPING_ID,COMPANY_ID,DOC_TYPE,TAX_STATUS_CODE,INVOICE_TYPE_ID) values (111,1,'CR','TAXABLE',4);
insert into INVOICE_TYPE_MAPPING (INVOICE_TYPE_MAPPING_ID,COMPANY_ID,DOC_TYPE,TAX_STATUS_CODE,INVOICE_TYPE_ID) values (112,1,'CR','NON_TAXABLE',5);
insert into INVOICE_TYPE_MAPPING (INVOICE_TYPE_MAPPING_ID,COMPANY_ID,DOC_TYPE,TAX_STATUS_CODE,INVOICE_TYPE_ID) values (113,1,'CR','EXEMPT',5);
insert into INVOICE_TYPE_MAPPING (INVOICE_TYPE_MAPPING_ID,COMPANY_ID,DOC_TYPE,TAX_STATUS_CODE,INVOICE_TYPE_ID) values (114,1,'CR','FOREIGN',5);
insert into INVOICE_TYPE_MAPPING (INVOICE_TYPE_MAPPING_ID,COMPANY_ID,DOC_TYPE,TAX_STATUS_CODE,INVOICE_TYPE_ID) values (115,1,'CR','FOREIGN',6);
-- DM -Debit Memo
insert into INVOICE_TYPE_MAPPING (INVOICE_TYPE_MAPPING_ID,COMPANY_ID,DOC_TYPE,TAX_STATUS_CODE,INVOICE_TYPE_ID) values (116,1,'DM','TAXABLE',7);
insert into INVOICE_TYPE_MAPPING (INVOICE_TYPE_MAPPING_ID,COMPANY_ID,DOC_TYPE,TAX_STATUS_CODE,INVOICE_TYPE_ID) values (117,1,'DM','NON_TAXABLE',8);
insert into INVOICE_TYPE_MAPPING (INVOICE_TYPE_MAPPING_ID,COMPANY_ID,DOC_TYPE,TAX_STATUS_CODE,INVOICE_TYPE_ID) values (118,1,'DM','EXEMPT',8);
insert into INVOICE_TYPE_MAPPING (INVOICE_TYPE_MAPPING_ID,COMPANY_ID,DOC_TYPE,TAX_STATUS_CODE,INVOICE_TYPE_ID) values (119,1,'DM','FOREIGN',8);
insert into INVOICE_TYPE_MAPPING (INVOICE_TYPE_MAPPING_ID,COMPANY_ID,DOC_TYPE,TAX_STATUS_CODE,INVOICE_TYPE_ID) values (120,1,'DM','FOREIGN',9);
-- PBC - Prebill Consumption
insert into INVOICE_TYPE_MAPPING (INVOICE_TYPE_MAPPING_ID,COMPANY_ID,DOC_TYPE,TAX_STATUS_CODE,INVOICE_TYPE_ID,CONSUMPTION) values (121,1,'IN','TAXABLE',10,1);
insert into INVOICE_TYPE_MAPPING (INVOICE_TYPE_MAPPING_ID,COMPANY_ID,DOC_TYPE,TAX_STATUS_CODE,INVOICE_TYPE_ID,CONSUMPTION) values (122,1,'IN','NON_TAXABLE',10,1);
insert into INVOICE_TYPE_MAPPING (INVOICE_TYPE_MAPPING_ID,COMPANY_ID,DOC_TYPE,TAX_STATUS_CODE,INVOICE_TYPE_ID,CONSUMPTION) values (123,1,'IN','EXEMPT',10,1);
insert into INVOICE_TYPE_MAPPING (INVOICE_TYPE_MAPPING_ID,COMPANY_ID,DOC_TYPE,TAX_STATUS_CODE,INVOICE_TYPE_ID,CONSUMPTION) values (124,1,'IN','FOREIGN',10,1);
-- PBCR - Reversal Prebill Consumption
insert into INVOICE_TYPE_MAPPING (INVOICE_TYPE_MAPPING_ID,COMPANY_ID,DOC_TYPE,TAX_STATUS_CODE,INVOICE_TYPE_ID,CONSUMPTION) values (125,1,'RV','TAXABLE',11,1);
insert into INVOICE_TYPE_MAPPING (INVOICE_TYPE_MAPPING_ID,COMPANY_ID,DOC_TYPE,TAX_STATUS_CODE,INVOICE_TYPE_ID,CONSUMPTION) values (126,1,'RV','NON_TAXABLE',11,1);
insert into INVOICE_TYPE_MAPPING (INVOICE_TYPE_MAPPING_ID,COMPANY_ID,DOC_TYPE,TAX_STATUS_CODE,INVOICE_TYPE_ID,CONSUMPTION) values (127,1,'RV','EXEMPT',11,1);
insert into INVOICE_TYPE_MAPPING (INVOICE_TYPE_MAPPING_ID,COMPANY_ID,DOC_TYPE,TAX_STATUS_CODE,INVOICE_TYPE_ID,CONSUMPTION) values (128,1,'RV','FOREIGN',11,1);

-- * MEX - 315 *
-- IN/AF - Invoice
insert into INVOICE_TYPE_MAPPING (INVOICE_TYPE_MAPPING_ID,COMPANY_ID,DOC_TYPE,TAX_STATUS_CODE,INVOICE_TYPE_ID) values (201,2,'IN','TAXABLE',1);
insert into INVOICE_TYPE_MAPPING (INVOICE_TYPE_MAPPING_ID,COMPANY_ID,DOC_TYPE,TAX_STATUS_CODE,INVOICE_TYPE_ID) values (202,2,'IN','NON_TAXABLE',1);
insert into INVOICE_TYPE_MAPPING (INVOICE_TYPE_MAPPING_ID,COMPANY_ID,DOC_TYPE,TAX_STATUS_CODE,INVOICE_TYPE_ID) values (203,2,'IN','FOREIGN',1);
insert into INVOICE_TYPE_MAPPING (INVOICE_TYPE_MAPPING_ID,COMPANY_ID,DOC_TYPE,TAX_STATUS_CODE,INVOICE_TYPE_ID) values (204,2,'IN','EXEMPT',1);
insert into INVOICE_TYPE_MAPPING (INVOICE_TYPE_MAPPING_ID,COMPANY_ID,DOC_TYPE,TAX_STATUS_CODE,INVOICE_TYPE_ID) values (205,2,'AF','TAXABLE',1);
insert into INVOICE_TYPE_MAPPING (INVOICE_TYPE_MAPPING_ID,COMPANY_ID,DOC_TYPE,TAX_STATUS_CODE,INVOICE_TYPE_ID) values (206,2,'AF','NON_TAXABLE',1);
insert into INVOICE_TYPE_MAPPING (INVOICE_TYPE_MAPPING_ID,COMPANY_ID,DOC_TYPE,TAX_STATUS_CODE,INVOICE_TYPE_ID) values (207,2,'AF','EXEMPT',1);
insert into INVOICE_TYPE_MAPPING (INVOICE_TYPE_MAPPING_ID,COMPANY_ID,DOC_TYPE,TAX_STATUS_CODE,INVOICE_TYPE_ID) values (208,2,'AF','FOREIGN',1);
-- CR - Credit Note
insert into INVOICE_TYPE_MAPPING (INVOICE_TYPE_MAPPING_ID,COMPANY_ID,DOC_TYPE,TAX_STATUS_CODE,INVOICE_TYPE_ID) values (209,2,'CR','TAXABLE',4);
insert into INVOICE_TYPE_MAPPING (INVOICE_TYPE_MAPPING_ID,COMPANY_ID,DOC_TYPE,TAX_STATUS_CODE,INVOICE_TYPE_ID) values (210,2,'CR','NON_TAXABLE',4);
insert into INVOICE_TYPE_MAPPING (INVOICE_TYPE_MAPPING_ID,COMPANY_ID,DOC_TYPE,TAX_STATUS_CODE,INVOICE_TYPE_ID) values (211,2,'CR','EXEMPT',4);
insert into INVOICE_TYPE_MAPPING (INVOICE_TYPE_MAPPING_ID,COMPANY_ID,DOC_TYPE,TAX_STATUS_CODE,INVOICE_TYPE_ID) values (212,2,'CR','FOREIGN',4);
-- DM -Debit Memo
insert into INVOICE_TYPE_MAPPING (INVOICE_TYPE_MAPPING_ID,COMPANY_ID,DOC_TYPE,TAX_STATUS_CODE,INVOICE_TYPE_ID) values (213,2,'DM','TAXABLE',7);
insert into INVOICE_TYPE_MAPPING (INVOICE_TYPE_MAPPING_ID,COMPANY_ID,DOC_TYPE,TAX_STATUS_CODE,INVOICE_TYPE_ID) values (214,2,'DM','NON_TAXABLE',7);
insert into INVOICE_TYPE_MAPPING (INVOICE_TYPE_MAPPING_ID,COMPANY_ID,DOC_TYPE,TAX_STATUS_CODE,INVOICE_TYPE_ID) values (215,2,'DM','EXEMPT',7);
insert into INVOICE_TYPE_MAPPING (INVOICE_TYPE_MAPPING_ID,COMPANY_ID,DOC_TYPE,TAX_STATUS_CODE,INVOICE_TYPE_ID) values (216,2,'DM','FOREIGN',7);
-- PBC - Prebill Consumption
insert into INVOICE_TYPE_MAPPING (INVOICE_TYPE_MAPPING_ID,COMPANY_ID,DOC_TYPE,TAX_STATUS_CODE,INVOICE_TYPE_ID,CONSUMPTION) values (217,2,'IN','TAXABLE',10,1);
insert into INVOICE_TYPE_MAPPING (INVOICE_TYPE_MAPPING_ID,COMPANY_ID,DOC_TYPE,TAX_STATUS_CODE,INVOICE_TYPE_ID,CONSUMPTION) values (218,2,'IN','NON_TAXABLE',10,1);
insert into INVOICE_TYPE_MAPPING (INVOICE_TYPE_MAPPING_ID,COMPANY_ID,DOC_TYPE,TAX_STATUS_CODE,INVOICE_TYPE_ID,CONSUMPTION) values (219,2,'IN','EXEMPT',10,1);
insert into INVOICE_TYPE_MAPPING (INVOICE_TYPE_MAPPING_ID,COMPANY_ID,DOC_TYPE,TAX_STATUS_CODE,INVOICE_TYPE_ID,CONSUMPTION) values (220,2,'IN','FOREIGN',10,1);
-- PBCR - Reversal Prebill Consumption
insert into INVOICE_TYPE_MAPPING (INVOICE_TYPE_MAPPING_ID,COMPANY_ID,DOC_TYPE,TAX_STATUS_CODE,INVOICE_TYPE_ID,CONSUMPTION) values (221,2,'RV','TAXABLE',11,1);
insert into INVOICE_TYPE_MAPPING (INVOICE_TYPE_MAPPING_ID,COMPANY_ID,DOC_TYPE,TAX_STATUS_CODE,INVOICE_TYPE_ID,CONSUMPTION) values (222,2,'RV','NON_TAXABLE',11,1);
insert into INVOICE_TYPE_MAPPING (INVOICE_TYPE_MAPPING_ID,COMPANY_ID,DOC_TYPE,TAX_STATUS_CODE,INVOICE_TYPE_ID,CONSUMPTION) values (223,2,'RV','EXEMPT',11,1);
insert into INVOICE_TYPE_MAPPING (INVOICE_TYPE_MAPPING_ID,COMPANY_ID,DOC_TYPE,TAX_STATUS_CODE,INVOICE_TYPE_ID,CONSUMPTION) values (224,2,'RV','FOREIGN',11,1);

-- * COL - 318 *
-- IN/AF - Invoice
insert into INVOICE_TYPE_MAPPING (INVOICE_TYPE_MAPPING_ID,COMPANY_ID,DOC_TYPE,TAX_STATUS_CODE,INVOICE_TYPE_ID) values (301,3,'IN','TAXABLE',1);
insert into INVOICE_TYPE_MAPPING (INVOICE_TYPE_MAPPING_ID,COMPANY_ID,DOC_TYPE,TAX_STATUS_CODE,INVOICE_TYPE_ID) values (302,3,'IN','NON_TAXABLE',1);
insert into INVOICE_TYPE_MAPPING (INVOICE_TYPE_MAPPING_ID,COMPANY_ID,DOC_TYPE,TAX_STATUS_CODE,INVOICE_TYPE_ID) values (303,3,'IN','FOREIGN',1);
insert into INVOICE_TYPE_MAPPING (INVOICE_TYPE_MAPPING_ID,COMPANY_ID,DOC_TYPE,TAX_STATUS_CODE,INVOICE_TYPE_ID) values (304,3,'IN','EXEMPT',1);
insert into INVOICE_TYPE_MAPPING (INVOICE_TYPE_MAPPING_ID,COMPANY_ID,DOC_TYPE,TAX_STATUS_CODE,INVOICE_TYPE_ID) values (305,3,'AF','TAXABLE',1);
insert into INVOICE_TYPE_MAPPING (INVOICE_TYPE_MAPPING_ID,COMPANY_ID,DOC_TYPE,TAX_STATUS_CODE,INVOICE_TYPE_ID) values (306,3,'AF','NON_TAXABLE',1);
insert into INVOICE_TYPE_MAPPING (INVOICE_TYPE_MAPPING_ID,COMPANY_ID,DOC_TYPE,TAX_STATUS_CODE,INVOICE_TYPE_ID) values (307,3,'AF','EXEMPT',1);
insert into INVOICE_TYPE_MAPPING (INVOICE_TYPE_MAPPING_ID,COMPANY_ID,DOC_TYPE,TAX_STATUS_CODE,INVOICE_TYPE_ID) values (308,3,'AF','FOREIGN',1);
-- CR - Credit Note
insert into INVOICE_TYPE_MAPPING (INVOICE_TYPE_MAPPING_ID,COMPANY_ID,DOC_TYPE,TAX_STATUS_CODE,INVOICE_TYPE_ID) values (309,3,'CR','TAXABLE',4);
insert into INVOICE_TYPE_MAPPING (INVOICE_TYPE_MAPPING_ID,COMPANY_ID,DOC_TYPE,TAX_STATUS_CODE,INVOICE_TYPE_ID) values (310,3,'CR','NON_TAXABLE',4);
insert into INVOICE_TYPE_MAPPING (INVOICE_TYPE_MAPPING_ID,COMPANY_ID,DOC_TYPE,TAX_STATUS_CODE,INVOICE_TYPE_ID) values (311,3,'CR','EXEMPT',4);
insert into INVOICE_TYPE_MAPPING (INVOICE_TYPE_MAPPING_ID,COMPANY_ID,DOC_TYPE,TAX_STATUS_CODE,INVOICE_TYPE_ID) values (312,3,'CR','FOREIGN',4);
-- DM -Debit Memo
insert into INVOICE_TYPE_MAPPING (INVOICE_TYPE_MAPPING_ID,COMPANY_ID,DOC_TYPE,TAX_STATUS_CODE,INVOICE_TYPE_ID) values (313,3,'DM','TAXABLE',7);
insert into INVOICE_TYPE_MAPPING (INVOICE_TYPE_MAPPING_ID,COMPANY_ID,DOC_TYPE,TAX_STATUS_CODE,INVOICE_TYPE_ID) values (314,3,'DM','NON_TAXABLE',7);
insert into INVOICE_TYPE_MAPPING (INVOICE_TYPE_MAPPING_ID,COMPANY_ID,DOC_TYPE,TAX_STATUS_CODE,INVOICE_TYPE_ID) values (315,3,'DM','EXEMPT',7);
insert into INVOICE_TYPE_MAPPING (INVOICE_TYPE_MAPPING_ID,COMPANY_ID,DOC_TYPE,TAX_STATUS_CODE,INVOICE_TYPE_ID) values (316,3,'DM','FOREIGN',7);
-- PBC - Prebill Consumption
insert into INVOICE_TYPE_MAPPING (INVOICE_TYPE_MAPPING_ID,COMPANY_ID,DOC_TYPE,TAX_STATUS_CODE,INVOICE_TYPE_ID,CONSUMPTION) values (317,3,'IN','TAXABLE',10,1);
insert into INVOICE_TYPE_MAPPING (INVOICE_TYPE_MAPPING_ID,COMPANY_ID,DOC_TYPE,TAX_STATUS_CODE,INVOICE_TYPE_ID,CONSUMPTION) values (318,3,'IN','NON_TAXABLE',10,1);
insert into INVOICE_TYPE_MAPPING (INVOICE_TYPE_MAPPING_ID,COMPANY_ID,DOC_TYPE,TAX_STATUS_CODE,INVOICE_TYPE_ID,CONSUMPTION) values (319,3,'IN','EXEMPT',10,1);
insert into INVOICE_TYPE_MAPPING (INVOICE_TYPE_MAPPING_ID,COMPANY_ID,DOC_TYPE,TAX_STATUS_CODE,INVOICE_TYPE_ID,CONSUMPTION) values (320,3,'IN','FOREIGN',10,1);
-- PBCR - Reversal Prebill Consumption
insert into INVOICE_TYPE_MAPPING (INVOICE_TYPE_MAPPING_ID,COMPANY_ID,DOC_TYPE,TAX_STATUS_CODE,INVOICE_TYPE_ID,CONSUMPTION) values (321,3,'RV','TAXABLE',11,1);
insert into INVOICE_TYPE_MAPPING (INVOICE_TYPE_MAPPING_ID,COMPANY_ID,DOC_TYPE,TAX_STATUS_CODE,INVOICE_TYPE_ID,CONSUMPTION) values (322,3,'RV','NON_TAXABLE',11,1);
insert into INVOICE_TYPE_MAPPING (INVOICE_TYPE_MAPPING_ID,COMPANY_ID,DOC_TYPE,TAX_STATUS_CODE,INVOICE_TYPE_ID,CONSUMPTION) values (323,3,'RV','EXEMPT',11,1);
insert into INVOICE_TYPE_MAPPING (INVOICE_TYPE_MAPPING_ID,COMPANY_ID,DOC_TYPE,TAX_STATUS_CODE,INVOICE_TYPE_ID,CONSUMPTION) values (324,3,'RV','FOREIGN',11,1);




-- ACCOUNT
-- Company 331 - ARG
insert into ACCOUNT (ACCOUNT_ID,COMPANY_ID,ACCOUNT_NUMBER,DESCRIPTION,ACTIVE,ACCOUNT_TYPE) values (11,1,'53610','Agency Commission Fee',1,'EXPENSE');
insert into ACCOUNT (ACCOUNT_ID,COMPANY_ID,ACCOUNT_NUMBER,DESCRIPTION,ACTIVE,ACCOUNT_TYPE) values (12,1,'40050','Online Advertising Sales',1,'REVENUE');
insert into ACCOUNT (ACCOUNT_ID,COMPANY_ID,ACCOUNT_NUMBER,DESCRIPTION,ACTIVE,ACCOUNT_TYPE) values (13,1,'20230','VAT output',1,'ASSET');
insert into ACCOUNT (ACCOUNT_ID,COMPANY_ID,ACCOUNT_NUMBER,DESCRIPTION,ACTIVE,ACCOUNT_TYPE) values (14,1,'120010','Accounts Receivable: Trade',1,'ASSET');
insert into ACCOUNT (ACCOUNT_ID,COMPANY_ID,ACCOUNT_NUMBER,DESCRIPTION,ACTIVE,ACCOUNT_TYPE) values (15,1,'12210','A/R: Unbilled Receivable',1,'ASSET');
insert into ACCOUNT (ACCOUNT_ID,COMPANY_ID,ACCOUNT_NUMBER,DESCRIPTION,ACTIVE,ACCOUNT_TYPE) values (16,1,'21220','A/L Ad Sales Commissions',1,'LIABILITY');
insert into ACCOUNT (ACCOUNT_ID,COMPANY_ID,ACCOUNT_NUMBER,DESCRIPTION,ACTIVE,ACCOUNT_TYPE) values (17,1,'23010','Deferred Revenue Advertising',1,'LIABILITY');
insert into ACCOUNT (ACCOUNT_ID,COMPANY_ID,ACCOUNT_NUMBER,DESCRIPTION,ACTIVE,ACCOUNT_TYPE) values (18,1,'23040','Deferred Revenue Licensing',1,'LIABILITY');
insert into ACCOUNT (ACCOUNT_ID,COMPANY_ID,ACCOUNT_NUMBER,DESCRIPTION,ACTIVE,ACCOUNT_TYPE) values (19,1,'27010','LAMAC Expenses paid on behalf',1,'LIABILITY');
insert into ACCOUNT (ACCOUNT_ID,COMPANY_ID,ACCOUNT_NUMBER,DESCRIPTION,ACTIVE,ACCOUNT_TYPE) values (110,1,'53611','Commission: Agency Incentive',1,'EXPENSE');
insert into ACCOUNT (ACCOUNT_ID,COMPANY_ID,ACCOUNT_NUMBER,DESCRIPTION,ACTIVE,ACCOUNT_TYPE) values (111,1,'40310','Intl Advertising',1,'REVENUE');
insert into ACCOUNT (ACCOUNT_ID,COMPANY_ID,ACCOUNT_NUMBER,DESCRIPTION,ACTIVE,ACCOUNT_TYPE) values (112,1,'40350','Production Ad Revenue',1,'REVENUE');
insert into ACCOUNT (ACCOUNT_ID,COMPANY_ID,ACCOUNT_NUMBER,DESCRIPTION,ACTIVE,ACCOUNT_TYPE) values (113,1,'43010','Licensing Revenue: Merchandise',1,'REVENUE');
insert into ACCOUNT (ACCOUNT_ID,COMPANY_ID,ACCOUNT_NUMBER,DESCRIPTION,ACTIVE,ACCOUNT_TYPE) values (114,1,'45040','Other Revenue: Other',1,'REVENUE');
insert into ACCOUNT (ACCOUNT_ID,COMPANY_ID,ACCOUNT_NUMBER,DESCRIPTION,ACTIVE,ACCOUNT_TYPE) values (115,1,'45050','Fee LAMAC',1,'REVENUE');
insert into ACCOUNT (ACCOUNT_ID,COMPANY_ID,ACCOUNT_NUMBER,DESCRIPTION,ACTIVE,ACCOUNT_TYPE) values (116,1,'40040','Barter Revenue',1,'REVENUE');
insert into ACCOUNT (ACCOUNT_ID,COMPANY_ID,ACCOUNT_NUMBER,DESCRIPTION,ACTIVE,ACCOUNT_TYPE) values (120,1,'55551','Withholding CREE1 Debit ',1,'ASSET');
insert into ACCOUNT (ACCOUNT_ID,COMPANY_ID,ACCOUNT_NUMBER,DESCRIPTION,ACTIVE,ACCOUNT_TYPE) values (121,1,'55555','Withholding CREE1 Credit',1,'ASSET');
insert into ACCOUNT (ACCOUNT_ID,COMPANY_ID,ACCOUNT_NUMBER,DESCRIPTION,ACTIVE,ACCOUNT_TYPE) values (122,1,'44441','Withholding CREE2 Debit ',1,'ASSET');
insert into ACCOUNT (ACCOUNT_ID,COMPANY_ID,ACCOUNT_NUMBER,DESCRIPTION,ACTIVE,ACCOUNT_TYPE) values (123,1,'44444','Withholding CREE2 Credit',1,'ASSET');

-- Company 315 - MEX
insert into ACCOUNT (ACCOUNT_ID,COMPANY_ID,ACCOUNT_NUMBER,DESCRIPTION,ACTIVE,ACCOUNT_TYPE) values (21,2,'53610','Agency Commission Fee',1,'EXPENSE');
insert into ACCOUNT (ACCOUNT_ID,COMPANY_ID,ACCOUNT_NUMBER,DESCRIPTION,ACTIVE,ACCOUNT_TYPE) values (22,2,'40050','Online Advertising Sales',1,'REVENUE');
insert into ACCOUNT (ACCOUNT_ID,COMPANY_ID,ACCOUNT_NUMBER,DESCRIPTION,ACTIVE,ACCOUNT_TYPE) values (23,2,'20230','VAT output',1,'ASSET');
insert into ACCOUNT (ACCOUNT_ID,COMPANY_ID,ACCOUNT_NUMBER,DESCRIPTION,ACTIVE,ACCOUNT_TYPE) values (24,2,'120010','Accounts Receivable: Trade',1,'ASSET');
insert into ACCOUNT (ACCOUNT_ID,COMPANY_ID,ACCOUNT_NUMBER,DESCRIPTION,ACTIVE,ACCOUNT_TYPE) values (25,2,'12210','A/R: Unbilled Receivable',1,'ASSET');
insert into ACCOUNT (ACCOUNT_ID,COMPANY_ID,ACCOUNT_NUMBER,DESCRIPTION,ACTIVE,ACCOUNT_TYPE) values (26,2,'21220','A/L Ad Sales Commissions',1,'LIABILITY');
insert into ACCOUNT (ACCOUNT_ID,COMPANY_ID,ACCOUNT_NUMBER,DESCRIPTION,ACTIVE,ACCOUNT_TYPE) values (27,2,'23010','Deferred Revenue Advertising',1,'LIABILITY');
insert into ACCOUNT (ACCOUNT_ID,COMPANY_ID,ACCOUNT_NUMBER,DESCRIPTION,ACTIVE,ACCOUNT_TYPE) values (28,2,'23040','Deferred Revenue Licensing',1,'LIABILITY');
insert into ACCOUNT (ACCOUNT_ID,COMPANY_ID,ACCOUNT_NUMBER,DESCRIPTION,ACTIVE,ACCOUNT_TYPE) values (29,2,'27010','LAMAC Expenses paid on behalf',1,'LIABILITY');
insert into ACCOUNT (ACCOUNT_ID,COMPANY_ID,ACCOUNT_NUMBER,DESCRIPTION,ACTIVE,ACCOUNT_TYPE) values (210,2,'53611','Commission: Agency Incentive',1,'EXPENSE');
insert into ACCOUNT (ACCOUNT_ID,COMPANY_ID,ACCOUNT_NUMBER,DESCRIPTION,ACTIVE,ACCOUNT_TYPE) values (211,2,'40310','Intl Advertising',1,'REVENUE');
insert into ACCOUNT (ACCOUNT_ID,COMPANY_ID,ACCOUNT_NUMBER,DESCRIPTION,ACTIVE,ACCOUNT_TYPE) values (212,2,'40350','Production Ad Revenue',1,'REVENUE');
insert into ACCOUNT (ACCOUNT_ID,COMPANY_ID,ACCOUNT_NUMBER,DESCRIPTION,ACTIVE,ACCOUNT_TYPE) values (213,2,'43010','Licensing Revenue: Merchandise',1,'REVENUE');
insert into ACCOUNT (ACCOUNT_ID,COMPANY_ID,ACCOUNT_NUMBER,DESCRIPTION,ACTIVE,ACCOUNT_TYPE) values (214,2,'45040','Other Revenue: Other',1,'REVENUE');
insert into ACCOUNT (ACCOUNT_ID,COMPANY_ID,ACCOUNT_NUMBER,DESCRIPTION,ACTIVE,ACCOUNT_TYPE) values (215,2,'45050','Fee LAMAC',1,'REVENUE');
insert into ACCOUNT (ACCOUNT_ID,COMPANY_ID,ACCOUNT_NUMBER,DESCRIPTION,ACTIVE,ACCOUNT_TYPE) values (216,2,'40040','Barter Revenue',1,'REVENUE');
-- Company 318 - COL
Insert into ACCOUNT (ACCOUNT_ID,COMPANY_ID,ACCOUNT_NUMBER,DESCRIPTION,ACTIVE,ACCOUNT_TYPE,MODIFIED_BY) values (301,3,'53610','Agency Commission Fee',1,'EXPENSE',null);
Insert into ACCOUNT (ACCOUNT_ID,COMPANY_ID,ACCOUNT_NUMBER,DESCRIPTION,ACTIVE,ACCOUNT_TYPE,MODIFIED_BY) values (302,3,'40050','Online Advertising Sales',1,'REVENUE',null);
Insert into ACCOUNT (ACCOUNT_ID,COMPANY_ID,ACCOUNT_NUMBER,DESCRIPTION,ACTIVE,ACCOUNT_TYPE,MODIFIED_BY) values (303,3,'20230','VAT Output',1,'LIABILITY','admin');
Insert into ACCOUNT (ACCOUNT_ID,COMPANY_ID,ACCOUNT_NUMBER,DESCRIPTION,ACTIVE,ACCOUNT_TYPE,MODIFIED_BY) values (304,3,'120010','Accounts Receivable: Trade',1,'ASSET',null);
Insert into ACCOUNT (ACCOUNT_ID,COMPANY_ID,ACCOUNT_NUMBER,DESCRIPTION,ACTIVE,ACCOUNT_TYPE,MODIFIED_BY) values (305,3,'12210','A/R: Unbilled Receivable',1,'ASSET',null);
Insert into ACCOUNT (ACCOUNT_ID,COMPANY_ID,ACCOUNT_NUMBER,DESCRIPTION,ACTIVE,ACCOUNT_TYPE,MODIFIED_BY) values (306,3,'21220','A/L Ad Sales Commissions',1,'LIABILITY',null);
Insert into ACCOUNT (ACCOUNT_ID,COMPANY_ID,ACCOUNT_NUMBER,DESCRIPTION,ACTIVE,ACCOUNT_TYPE,MODIFIED_BY) values (307,3,'23010','Deferred Revenue Advertising',1,'LIABILITY',null);
Insert into ACCOUNT (ACCOUNT_ID,COMPANY_ID,ACCOUNT_NUMBER,DESCRIPTION,ACTIVE,ACCOUNT_TYPE,MODIFIED_BY) values (308,3,'23040','Deferred Revenue Licensing',1,'LIABILITY',null);
Insert into ACCOUNT (ACCOUNT_ID,COMPANY_ID,ACCOUNT_NUMBER,DESCRIPTION,ACTIVE,ACCOUNT_TYPE,MODIFIED_BY) values (309,3,'27010','LAMAC Expenses paid on behalf',1,'LIABILITY',null);
Insert into ACCOUNT (ACCOUNT_ID,COMPANY_ID,ACCOUNT_NUMBER,DESCRIPTION,ACTIVE,ACCOUNT_TYPE,MODIFIED_BY) values (310,3,'53611','Commission: Agency Incentive',1,'EXPENSE',null);
Insert into ACCOUNT (ACCOUNT_ID,COMPANY_ID,ACCOUNT_NUMBER,DESCRIPTION,ACTIVE,ACCOUNT_TYPE,MODIFIED_BY) values (311,3,'40310','Intl Advertising',1,'REVENUE',null);
Insert into ACCOUNT (ACCOUNT_ID,COMPANY_ID,ACCOUNT_NUMBER,DESCRIPTION,ACTIVE,ACCOUNT_TYPE,MODIFIED_BY) values (312,3,'40350','Production Ad Revenue',1,'REVENUE',null);
Insert into ACCOUNT (ACCOUNT_ID,COMPANY_ID,ACCOUNT_NUMBER,DESCRIPTION,ACTIVE,ACCOUNT_TYPE,MODIFIED_BY) values (313,3,'43010','Licensing Revenue: Merchandise',1,'REVENUE',null);
Insert into ACCOUNT (ACCOUNT_ID,COMPANY_ID,ACCOUNT_NUMBER,DESCRIPTION,ACTIVE,ACCOUNT_TYPE,MODIFIED_BY) values (314,3,'45040','Other Revenue: Other',1,'REVENUE',null);
Insert into ACCOUNT (ACCOUNT_ID,COMPANY_ID,ACCOUNT_NUMBER,DESCRIPTION,ACTIVE,ACCOUNT_TYPE,MODIFIED_BY) values (315,3,'45050','Fee LAMAC',1,'REVENUE',null);
Insert into ACCOUNT (ACCOUNT_ID,COMPANY_ID,ACCOUNT_NUMBER,DESCRIPTION,ACTIVE,ACCOUNT_TYPE,MODIFIED_BY) values (316,3,'40040','Barter Revenue',1,'REVENUE',null);
Insert into ACCOUNT (ACCOUNT_ID,COMPANY_ID,ACCOUNT_NUMBER,DESCRIPTION,ACTIVE,ACCOUNT_TYPE,MODIFIED_BY) values (317,3,'14810','Income Tax Refunds Revenue',1,'ASSET',null);
Insert into ACCOUNT (ACCOUNT_ID,COMPANY_ID,ACCOUNT_NUMBER,DESCRIPTION,ACTIVE,ACCOUNT_TYPE,MODIFIED_BY) values (318,3,'21030','Withholding Taxes',1,'LIABILITY',null);


-- PLATFORM
-- Company 331 - ARG
insert into PLATFORM (PLATFORM_ID,COMPANY_ID,PLATFORM_CODE,DESCRIPTION,ACTIVE,MODIFIED_BY) values (11,1,'120','Pay TV / Adv',1,'emlopez');
insert into PLATFORM (PLATFORM_ID,COMPANY_ID,PLATFORM_CODE,DESCRIPTION,ACTIVE,MODIFIED_BY) values (12,1,'210','Online',1,'emlopez');
insert into PLATFORM (PLATFORM_ID,COMPANY_ID,PLATFORM_CODE,DESCRIPTION,ACTIVE,MODIFIED_BY) values (13,1,'465','Licensing',1,null);
insert into PLATFORM (PLATFORM_ID,COMPANY_ID,PLATFORM_CODE,DESCRIPTION,ACTIVE,MODIFIED_BY) values (14,1,'900','No Platform',1,null);
-- Company 315 - MEX
insert into PLATFORM (PLATFORM_ID,COMPANY_ID,PLATFORM_CODE,DESCRIPTION,ACTIVE,MODIFIED_BY) values (21,2,'120','Pay TV / Adv',1,'emlopez');
insert into PLATFORM (PLATFORM_ID,COMPANY_ID,PLATFORM_CODE,DESCRIPTION,ACTIVE,MODIFIED_BY) values (22,2,'210','Online',1,'emlopez');
insert into PLATFORM (PLATFORM_ID,COMPANY_ID,PLATFORM_CODE,DESCRIPTION,ACTIVE,MODIFIED_BY) values (23,2,'465','Licensing',1,null);
insert into PLATFORM (PLATFORM_ID,COMPANY_ID,PLATFORM_CODE,DESCRIPTION,ACTIVE,MODIFIED_BY) values (24,2,'900','No Platform',1,null);
-- Company 318 - COL
insert into PLATFORM (PLATFORM_ID,COMPANY_ID,PLATFORM_CODE,DESCRIPTION,ACTIVE,MODIFIED_BY) values (31,3,'120','Pay TV / Adv',1,'emlopez');
insert into PLATFORM (PLATFORM_ID,COMPANY_ID,PLATFORM_CODE,DESCRIPTION,ACTIVE,MODIFIED_BY) values (32,3,'210','Online',1,'emlopez');
insert into PLATFORM (PLATFORM_ID,COMPANY_ID,PLATFORM_CODE,DESCRIPTION,ACTIVE,MODIFIED_BY) values (33,3,'465','Licensing',1,null);
insert into PLATFORM (PLATFORM_ID,COMPANY_ID,PLATFORM_CODE,DESCRIPTION,ACTIVE,MODIFIED_BY) values (34,3,'900','No Platform',1,null);



-- Invoice Subtypes
insert into INVOICE_SUBTYPE (INVOICE_SUBTYPE_CODE,DESCRIPTION) values ('COMMISSION','Commission');
insert into INVOICE_SUBTYPE (INVOICE_SUBTYPE_CODE,DESCRIPTION) values ('ACCRUAL','Expense Accrual');
insert into INVOICE_SUBTYPE (INVOICE_SUBTYPE_CODE,DESCRIPTION) values ('COMMISSION_FREE','Commission Free');
insert into INVOICE_SUBTYPE (INVOICE_SUBTYPE_CODE,DESCRIPTION) values ('BARTER','Barter');
insert into INVOICE_SUBTYPE (INVOICE_SUBTYPE_CODE,DESCRIPTION) values ('FOREIGN','Foreign');
insert into INVOICE_SUBTYPE (INVOICE_SUBTYPE_CODE,DESCRIPTION) values ('CONSUMPTION','Consumption');

insert into INVOICE_SUBTYPE (INVOICE_SUBTYPE_CODE,DESCRIPTION) values ('RV_CONSUMPTION','Reversal Consumption');

--LAMAC SubTypes
insert into INVOICE_SUBTYPE (INVOICE_SUBTYPE_CODE,DESCRIPTION) values ('LAMAC1','Latin American Multichannel Advertising Council 1');
insert into INVOICE_SUBTYPE (INVOICE_SUBTYPE_CODE,DESCRIPTION) values ('LAMAC2','Latin American Multichannel Advertising Council 2');


-- Invoice Subtypes Customer Relation
insert into INVOICE_SUBTYPE_CUSTOMER (INVOICE_SUBTYPE_CODE,CUSTOMER_ID) values ('LAMAC1',7);
insert into INVOICE_SUBTYPE_CUSTOMER (INVOICE_SUBTYPE_CODE,CUSTOMER_ID) values ('LAMAC2',7);

-- Journal Entry Rules
--------
-- FA --
insert into JOURNAL_ENTRY_RULE (JOURNAL_ENTRY_RULE_ID, INVOICE_TYPE_ID,BILLING_SCENARIO_ID, PREBILL, COMMISSION, JOURNAL_ENTRY_LINE_TYPE,LINE_ORDER,ACCOUNTING_TREATMENT, AMOUNT_TYPE) values (101,1,NULL,0,0,'AR',0,'DEBIT','GROSS');
insert into JOURNAL_ENTRY_RULE (JOURNAL_ENTRY_RULE_ID, INVOICE_TYPE_ID,BILLING_SCENARIO_ID, PREBILL, COMMISSION, JOURNAL_ENTRY_LINE_TYPE,LINE_ORDER,ACCOUNTING_TREATMENT, AMOUNT_TYPE) values (102,1,NULL,0,0,'VAT',1,'CREDIT','VAT');
insert into JOURNAL_ENTRY_RULE (JOURNAL_ENTRY_RULE_ID, INVOICE_TYPE_ID,BILLING_SCENARIO_ID, PREBILL, COMMISSION, JOURNAL_ENTRY_LINE_TYPE,LINE_ORDER,ACCOUNTING_TREATMENT, AMOUNT_TYPE) values (103,1,NULL,0,0,'REVENUE',2,'CREDIT','NET');

-- EXTRA Withholding
-- insert into JOURNAL_ENTRY_RULE (JOURNAL_ENTRY_RULE_ID, INVOICE_TYPE_ID,BILLING_SCENARIO_ID, PREBILL, COMMISSION, JOURNAL_ENTRY_LINE_TYPE,LINE_ORDER,ACCOUNTING_TREATMENT, AMOUNT_TYPE) values (104,1,NULL,0,0,'WITHHOLDING',3,'CREDIT','NET');
--insert into JOURNAL_ENTRY_RULE (JOURNAL_ENTRY_RULE_ID, INVOICE_TYPE_ID,BILLING_SCENARIO_ID, PREBILL, COMMISSION, JOURNAL_ENTRY_LINE_TYPE,LINE_ORDER,ACCOUNTING_TREATMENT, AMOUNT_TYPE) values (105,1,NULL,0,0,'WITHHOLDING',4,'CREDIT','WITHHOLDING');


insert into JOURNAL_ENTRY_RULE (JOURNAL_ENTRY_RULE_ID, INVOICE_TYPE_ID,BILLING_SCENARIO_ID, PREBILL, COMMISSION, JOURNAL_ENTRY_LINE_TYPE,LINE_ORDER,ACCOUNTING_TREATMENT, AMOUNT_TYPE) values (111,1,NULL,1,0,'AR',0,'DEBIT','GROSS');
insert into JOURNAL_ENTRY_RULE (JOURNAL_ENTRY_RULE_ID, INVOICE_TYPE_ID,BILLING_SCENARIO_ID, PREBILL, COMMISSION, JOURNAL_ENTRY_LINE_TYPE,LINE_ORDER,ACCOUNTING_TREATMENT, AMOUNT_TYPE) values (112,1,NULL,1,0,'VAT',1,'CREDIT','VAT');
insert into JOURNAL_ENTRY_RULE (JOURNAL_ENTRY_RULE_ID, INVOICE_TYPE_ID,BILLING_SCENARIO_ID, PREBILL, COMMISSION, JOURNAL_ENTRY_LINE_TYPE,LINE_ORDER,ACCOUNTING_TREATMENT, AMOUNT_TYPE) values (113,1,NULL,1,0,'DEFERRED_REV',2,'CREDIT','NET');

insert into JOURNAL_ENTRY_RULE (JOURNAL_ENTRY_RULE_ID, INVOICE_TYPE_ID,BILLING_SCENARIO_ID, PREBILL, COMMISSION, JOURNAL_ENTRY_LINE_TYPE,LINE_ORDER,ACCOUNTING_TREATMENT, AMOUNT_TYPE) values (121,1,6,0,0,'AR',0,'DEBIT','GROSS');
insert into JOURNAL_ENTRY_RULE (JOURNAL_ENTRY_RULE_ID, INVOICE_TYPE_ID,BILLING_SCENARIO_ID, PREBILL, COMMISSION, JOURNAL_ENTRY_LINE_TYPE,LINE_ORDER,ACCOUNTING_TREATMENT, AMOUNT_TYPE) values (122,1,6,0,0,'COMMISSION',1,'DEBIT','COMMISSION');
insert into JOURNAL_ENTRY_RULE (JOURNAL_ENTRY_RULE_ID, INVOICE_TYPE_ID,BILLING_SCENARIO_ID, PREBILL, COMMISSION, JOURNAL_ENTRY_LINE_TYPE,LINE_ORDER,ACCOUNTING_TREATMENT, AMOUNT_TYPE) values (123,1,6,0,0,'VAT',2,'CREDIT','VAT');
insert into JOURNAL_ENTRY_RULE (JOURNAL_ENTRY_RULE_ID, INVOICE_TYPE_ID,BILLING_SCENARIO_ID, PREBILL, COMMISSION, JOURNAL_ENTRY_LINE_TYPE,LINE_ORDER,ACCOUNTING_TREATMENT, AMOUNT_TYPE) values (124,1,6,0,0,'DEFERRED_REV',3,'CREDIT','UNIT_PRICE');

insert into JOURNAL_ENTRY_RULE (JOURNAL_ENTRY_RULE_ID, INVOICE_TYPE_ID,BILLING_SCENARIO_ID, PREBILL, COMMISSION, JOURNAL_ENTRY_LINE_TYPE,LINE_ORDER,ACCOUNTING_TREATMENT, AMOUNT_TYPE) values (131,1,6,1,0,'AR',0,'DEBIT','GROSS');
insert into JOURNAL_ENTRY_RULE (JOURNAL_ENTRY_RULE_ID, INVOICE_TYPE_ID,BILLING_SCENARIO_ID, PREBILL, COMMISSION, JOURNAL_ENTRY_LINE_TYPE,LINE_ORDER,ACCOUNTING_TREATMENT, AMOUNT_TYPE) values (133,1,6,1,0,'VAT',1,'CREDIT','VAT');
insert into JOURNAL_ENTRY_RULE (JOURNAL_ENTRY_RULE_ID, INVOICE_TYPE_ID,BILLING_SCENARIO_ID, PREBILL, COMMISSION, JOURNAL_ENTRY_LINE_TYPE,LINE_ORDER,ACCOUNTING_TREATMENT, AMOUNT_TYPE) values (134,1,6,1,0,'DEFERRED_REV',2,'CREDIT','NET');

insert into JOURNAL_ENTRY_RULE (JOURNAL_ENTRY_RULE_ID, INVOICE_TYPE_ID,BILLING_SCENARIO_ID, PREBILL, COMMISSION, JOURNAL_ENTRY_LINE_TYPE,LINE_ORDER,ACCOUNTING_TREATMENT, AMOUNT_TYPE) values (141,1,2,0,0,'AR',0,'DEBIT','GROSS');
insert into JOURNAL_ENTRY_RULE (JOURNAL_ENTRY_RULE_ID, INVOICE_TYPE_ID,BILLING_SCENARIO_ID, PREBILL, COMMISSION, JOURNAL_ENTRY_LINE_TYPE,LINE_ORDER,ACCOUNTING_TREATMENT, AMOUNT_TYPE) values (142,1,2,0,0,'VAT',1,'CREDIT','VAT');
insert into JOURNAL_ENTRY_RULE (JOURNAL_ENTRY_RULE_ID, INVOICE_TYPE_ID,BILLING_SCENARIO_ID, PREBILL, COMMISSION, JOURNAL_ENTRY_LINE_TYPE,LINE_ORDER,ACCOUNTING_TREATMENT, AMOUNT_TYPE) values (143,1,2,0,0,'DEFERRED_REV',2,'CREDIT','NET');
insert into JOURNAL_ENTRY_RULE (JOURNAL_ENTRY_RULE_ID, INVOICE_TYPE_ID,BILLING_SCENARIO_ID, PREBILL, COMMISSION, JOURNAL_ENTRY_LINE_TYPE,LINE_ORDER,ACCOUNTING_TREATMENT, AMOUNT_TYPE) values (144,1,2,0,0,'COMMISSION',3,'DEBIT','COMMISSION');
insert into JOURNAL_ENTRY_RULE (JOURNAL_ENTRY_RULE_ID, INVOICE_TYPE_ID,BILLING_SCENARIO_ID, PREBILL, COMMISSION, JOURNAL_ENTRY_LINE_TYPE,LINE_ORDER,ACCOUNTING_TREATMENT, AMOUNT_TYPE) values (145,1,2,0,0,'COMMISSION_LIABILITY',4,'CREDIT','COMMISSION');

insert into JOURNAL_ENTRY_RULE (JOURNAL_ENTRY_RULE_ID, INVOICE_TYPE_ID,BILLING_SCENARIO_ID, PREBILL, COMMISSION, JOURNAL_ENTRY_LINE_TYPE,LINE_ORDER,ACCOUNTING_TREATMENT, AMOUNT_TYPE) values (146,1,2,1,0,'AR',0,'DEBIT','NET_COMMISSION_FREE_PLUS_VAT');
insert into JOURNAL_ENTRY_RULE (JOURNAL_ENTRY_RULE_ID, INVOICE_TYPE_ID,BILLING_SCENARIO_ID, PREBILL, COMMISSION, JOURNAL_ENTRY_LINE_TYPE,LINE_ORDER,ACCOUNTING_TREATMENT, AMOUNT_TYPE) values (147,1,2,1,0,'VAT',1,'CREDIT','VAT');
insert into JOURNAL_ENTRY_RULE (JOURNAL_ENTRY_RULE_ID, INVOICE_TYPE_ID,BILLING_SCENARIO_ID, PREBILL, COMMISSION, JOURNAL_ENTRY_LINE_TYPE,LINE_ORDER,ACCOUNTING_TREATMENT, AMOUNT_TYPE) values (148,1,2,1,0,'DEFERRED_REV',2,'CREDIT','NET_COMMISSION_FREE');

insert into JOURNAL_ENTRY_RULE (JOURNAL_ENTRY_RULE_ID, INVOICE_TYPE_ID,BILLING_SCENARIO_ID, PREBILL, COMMISSION, JOURNAL_ENTRY_LINE_TYPE,LINE_ORDER,ACCOUNTING_TREATMENT, AMOUNT_TYPE) values (151,1,5,0,0,'AR',0,'DEBIT','GROSS');
insert into JOURNAL_ENTRY_RULE (JOURNAL_ENTRY_RULE_ID, INVOICE_TYPE_ID,BILLING_SCENARIO_ID, PREBILL, COMMISSION, JOURNAL_ENTRY_LINE_TYPE,LINE_ORDER,ACCOUNTING_TREATMENT, AMOUNT_TYPE) values (152,1,5,0,0,'VAT',1,'CREDIT','VAT');
insert into JOURNAL_ENTRY_RULE (JOURNAL_ENTRY_RULE_ID, INVOICE_TYPE_ID,BILLING_SCENARIO_ID, PREBILL, COMMISSION, JOURNAL_ENTRY_LINE_TYPE,LINE_ORDER,ACCOUNTING_TREATMENT, AMOUNT_TYPE) values (153,1,5,0,0,'REVENUE',2,'CREDIT','NET');
insert into JOURNAL_ENTRY_RULE (JOURNAL_ENTRY_RULE_ID, INVOICE_TYPE_ID,BILLING_SCENARIO_ID, PREBILL, COMMISSION, JOURNAL_ENTRY_LINE_TYPE,LINE_ORDER,ACCOUNTING_TREATMENT, AMOUNT_TYPE) values (154,1,5,0,0,'COMMISSION',3,'DEBIT','COMMISSION');
insert into JOURNAL_ENTRY_RULE (JOURNAL_ENTRY_RULE_ID, INVOICE_TYPE_ID,BILLING_SCENARIO_ID, PREBILL, COMMISSION, JOURNAL_ENTRY_LINE_TYPE,LINE_ORDER,ACCOUNTING_TREATMENT, AMOUNT_TYPE) values (155,1,5,0,0,'COMMISSION_LIABILITY',4,'CREDIT','COMMISSION');

insert into JOURNAL_ENTRY_RULE (JOURNAL_ENTRY_RULE_ID, INVOICE_TYPE_ID,BILLING_SCENARIO_ID, PREBILL, COMMISSION, JOURNAL_ENTRY_LINE_TYPE,LINE_ORDER,ACCOUNTING_TREATMENT, AMOUNT_TYPE) values (156,1,5,1,0,'AR',0,'DEBIT','NET_COMMISSION_FREE_PLUS_VAT');
insert into JOURNAL_ENTRY_RULE (JOURNAL_ENTRY_RULE_ID, INVOICE_TYPE_ID,BILLING_SCENARIO_ID, PREBILL, COMMISSION, JOURNAL_ENTRY_LINE_TYPE,LINE_ORDER,ACCOUNTING_TREATMENT, AMOUNT_TYPE) values (157,1,5,1,0,'VAT',1,'CREDIT','VAT');
insert into JOURNAL_ENTRY_RULE (JOURNAL_ENTRY_RULE_ID, INVOICE_TYPE_ID,BILLING_SCENARIO_ID, PREBILL, COMMISSION, JOURNAL_ENTRY_LINE_TYPE,LINE_ORDER,ACCOUNTING_TREATMENT, AMOUNT_TYPE) values (158,1,5,1,0,'DEFERRED_REV',2,'CREDIT','NET_COMMISSION_FREE');

--------
-- FB --
insert into JOURNAL_ENTRY_RULE (JOURNAL_ENTRY_RULE_ID, INVOICE_TYPE_ID,BILLING_SCENARIO_ID, PREBILL, COMMISSION, JOURNAL_ENTRY_LINE_TYPE,LINE_ORDER,ACCOUNTING_TREATMENT, AMOUNT_TYPE) values (201,2,NULL,0,0,'AR',0,'DEBIT','GROSS');
insert into JOURNAL_ENTRY_RULE (JOURNAL_ENTRY_RULE_ID, INVOICE_TYPE_ID,BILLING_SCENARIO_ID, PREBILL, COMMISSION, JOURNAL_ENTRY_LINE_TYPE,LINE_ORDER,ACCOUNTING_TREATMENT, AMOUNT_TYPE) values (202,2,NULL,0,0,'VAT',1,'CREDIT','VAT');
insert into JOURNAL_ENTRY_RULE (JOURNAL_ENTRY_RULE_ID, INVOICE_TYPE_ID,BILLING_SCENARIO_ID, PREBILL, COMMISSION, JOURNAL_ENTRY_LINE_TYPE,LINE_ORDER,ACCOUNTING_TREATMENT, AMOUNT_TYPE) values (203,2,NULL,0,0,'REVENUE',2,'CREDIT','NET');

insert into JOURNAL_ENTRY_RULE (JOURNAL_ENTRY_RULE_ID, INVOICE_TYPE_ID,BILLING_SCENARIO_ID, PREBILL, COMMISSION, JOURNAL_ENTRY_LINE_TYPE,LINE_ORDER,ACCOUNTING_TREATMENT, AMOUNT_TYPE) values (211,2,NULL,1,0,'AR',0,'DEBIT','GROSS');
insert into JOURNAL_ENTRY_RULE (JOURNAL_ENTRY_RULE_ID, INVOICE_TYPE_ID,BILLING_SCENARIO_ID, PREBILL, COMMISSION, JOURNAL_ENTRY_LINE_TYPE,LINE_ORDER,ACCOUNTING_TREATMENT, AMOUNT_TYPE) values (212,2,NULL,1,0,'VAT',1,'CREDIT','VAT');
insert into JOURNAL_ENTRY_RULE (JOURNAL_ENTRY_RULE_ID, INVOICE_TYPE_ID,BILLING_SCENARIO_ID, PREBILL, COMMISSION, JOURNAL_ENTRY_LINE_TYPE,LINE_ORDER,ACCOUNTING_TREATMENT, AMOUNT_TYPE) values (213,2,NULL,1,0,'DEFERRED_REV',2,'CREDIT','NET');

insert into JOURNAL_ENTRY_RULE (JOURNAL_ENTRY_RULE_ID, INVOICE_TYPE_ID,BILLING_SCENARIO_ID, PREBILL, COMMISSION, JOURNAL_ENTRY_LINE_TYPE,LINE_ORDER,ACCOUNTING_TREATMENT, AMOUNT_TYPE) values (221,2,6,0,0,'AR',0,'DEBIT','GROSS');
insert into JOURNAL_ENTRY_RULE (JOURNAL_ENTRY_RULE_ID, INVOICE_TYPE_ID,BILLING_SCENARIO_ID, PREBILL, COMMISSION, JOURNAL_ENTRY_LINE_TYPE,LINE_ORDER,ACCOUNTING_TREATMENT, AMOUNT_TYPE) values (222,2,6,0,0,'COMMISSION',1,'DEBIT','COMMISSION');
insert into JOURNAL_ENTRY_RULE (JOURNAL_ENTRY_RULE_ID, INVOICE_TYPE_ID,BILLING_SCENARIO_ID, PREBILL, COMMISSION, JOURNAL_ENTRY_LINE_TYPE,LINE_ORDER,ACCOUNTING_TREATMENT, AMOUNT_TYPE) values (223,2,6,0,0,'VAT',2,'CREDIT','VAT');
insert into JOURNAL_ENTRY_RULE (JOURNAL_ENTRY_RULE_ID, INVOICE_TYPE_ID,BILLING_SCENARIO_ID, PREBILL, COMMISSION, JOURNAL_ENTRY_LINE_TYPE,LINE_ORDER,ACCOUNTING_TREATMENT, AMOUNT_TYPE) values (224,2,6,0,0,'DEFERRED_REV',3,'CREDIT','UNIT_PRICE');

insert into JOURNAL_ENTRY_RULE (JOURNAL_ENTRY_RULE_ID, INVOICE_TYPE_ID,BILLING_SCENARIO_ID, PREBILL, COMMISSION, JOURNAL_ENTRY_LINE_TYPE,LINE_ORDER,ACCOUNTING_TREATMENT, AMOUNT_TYPE) values (231,2,6,1,0,'AR',0,'DEBIT','GROSS');
insert into JOURNAL_ENTRY_RULE (JOURNAL_ENTRY_RULE_ID, INVOICE_TYPE_ID,BILLING_SCENARIO_ID, PREBILL, COMMISSION, JOURNAL_ENTRY_LINE_TYPE,LINE_ORDER,ACCOUNTING_TREATMENT, AMOUNT_TYPE) values (232,2,6,1,0,'COMMISSION',1,'DEBIT','COMMISSION');
insert into JOURNAL_ENTRY_RULE (JOURNAL_ENTRY_RULE_ID, INVOICE_TYPE_ID,BILLING_SCENARIO_ID, PREBILL, COMMISSION, JOURNAL_ENTRY_LINE_TYPE,LINE_ORDER,ACCOUNTING_TREATMENT, AMOUNT_TYPE) values (233,2,6,1,0,'VAT',2,'CREDIT','VAT');
insert into JOURNAL_ENTRY_RULE (JOURNAL_ENTRY_RULE_ID, INVOICE_TYPE_ID,BILLING_SCENARIO_ID, PREBILL, COMMISSION, JOURNAL_ENTRY_LINE_TYPE,LINE_ORDER,ACCOUNTING_TREATMENT, AMOUNT_TYPE) values (234,2,6,1,0,'DEFERRED_REV',3,'CREDIT','NET');

insert into JOURNAL_ENTRY_RULE (JOURNAL_ENTRY_RULE_ID, INVOICE_TYPE_ID,BILLING_SCENARIO_ID, PREBILL, COMMISSION, JOURNAL_ENTRY_LINE_TYPE,LINE_ORDER,ACCOUNTING_TREATMENT, AMOUNT_TYPE) values (241,2,2,0,0,'AR',0,'DEBIT','GROSS');
insert into JOURNAL_ENTRY_RULE (JOURNAL_ENTRY_RULE_ID, INVOICE_TYPE_ID,BILLING_SCENARIO_ID, PREBILL, COMMISSION, JOURNAL_ENTRY_LINE_TYPE,LINE_ORDER,ACCOUNTING_TREATMENT, AMOUNT_TYPE) values (242,2,2,0,0,'VAT',1,'CREDIT','VAT');
insert into JOURNAL_ENTRY_RULE (JOURNAL_ENTRY_RULE_ID, INVOICE_TYPE_ID,BILLING_SCENARIO_ID, PREBILL, COMMISSION, JOURNAL_ENTRY_LINE_TYPE,LINE_ORDER,ACCOUNTING_TREATMENT, AMOUNT_TYPE) values (243,2,2,0,0,'REVENUE',2,'CREDIT','NET');
insert into JOURNAL_ENTRY_RULE (JOURNAL_ENTRY_RULE_ID, INVOICE_TYPE_ID,BILLING_SCENARIO_ID, PREBILL, COMMISSION, JOURNAL_ENTRY_LINE_TYPE,LINE_ORDER,ACCOUNTING_TREATMENT, AMOUNT_TYPE) values (244,2,2,0,0,'COMMISSION',3,'DEBIT','COMMISSION');
insert into JOURNAL_ENTRY_RULE (JOURNAL_ENTRY_RULE_ID, INVOICE_TYPE_ID,BILLING_SCENARIO_ID, PREBILL, COMMISSION, JOURNAL_ENTRY_LINE_TYPE,LINE_ORDER,ACCOUNTING_TREATMENT, AMOUNT_TYPE) values (245,2,2,0,0,'COMMISSION_LIABILITY',4,'CREDIT','COMMISSION');

insert into JOURNAL_ENTRY_RULE (JOURNAL_ENTRY_RULE_ID, INVOICE_TYPE_ID,BILLING_SCENARIO_ID, PREBILL, COMMISSION, JOURNAL_ENTRY_LINE_TYPE,LINE_ORDER,ACCOUNTING_TREATMENT, AMOUNT_TYPE) values (246,2,2,1,0,'AR',0,'DEBIT','NET_COMMISSION_FREE_PLUS_VAT');
insert into JOURNAL_ENTRY_RULE (JOURNAL_ENTRY_RULE_ID, INVOICE_TYPE_ID,BILLING_SCENARIO_ID, PREBILL, COMMISSION, JOURNAL_ENTRY_LINE_TYPE,LINE_ORDER,ACCOUNTING_TREATMENT, AMOUNT_TYPE) values (247,2,2,1,0,'VAT',1,'CREDIT','VAT');
insert into JOURNAL_ENTRY_RULE (JOURNAL_ENTRY_RULE_ID, INVOICE_TYPE_ID,BILLING_SCENARIO_ID, PREBILL, COMMISSION, JOURNAL_ENTRY_LINE_TYPE,LINE_ORDER,ACCOUNTING_TREATMENT, AMOUNT_TYPE) values (248,2,2,1,0,'DEFERRED_REV',2,'CREDIT','NET_COMMISSION_FREE');

insert into JOURNAL_ENTRY_RULE (JOURNAL_ENTRY_RULE_ID, INVOICE_TYPE_ID,BILLING_SCENARIO_ID, PREBILL, COMMISSION, JOURNAL_ENTRY_LINE_TYPE,LINE_ORDER,ACCOUNTING_TREATMENT, AMOUNT_TYPE) values (251,2,5,0,0,'AR',0,'DEBIT','GROSS');
insert into JOURNAL_ENTRY_RULE (JOURNAL_ENTRY_RULE_ID, INVOICE_TYPE_ID,BILLING_SCENARIO_ID, PREBILL, COMMISSION, JOURNAL_ENTRY_LINE_TYPE,LINE_ORDER,ACCOUNTING_TREATMENT, AMOUNT_TYPE) values (252,2,5,0,0,'VAT',1,'CREDIT','VAT');
insert into JOURNAL_ENTRY_RULE (JOURNAL_ENTRY_RULE_ID, INVOICE_TYPE_ID,BILLING_SCENARIO_ID, PREBILL, COMMISSION, JOURNAL_ENTRY_LINE_TYPE,LINE_ORDER,ACCOUNTING_TREATMENT, AMOUNT_TYPE) values (253,2,5,0,0,'REVENUE',2,'CREDIT','NET');
insert into JOURNAL_ENTRY_RULE (JOURNAL_ENTRY_RULE_ID, INVOICE_TYPE_ID,BILLING_SCENARIO_ID, PREBILL, COMMISSION, JOURNAL_ENTRY_LINE_TYPE,LINE_ORDER,ACCOUNTING_TREATMENT, AMOUNT_TYPE) values (254,2,5,0,0,'COMMISSION',3,'DEBIT','COMMISSION');
insert into JOURNAL_ENTRY_RULE (JOURNAL_ENTRY_RULE_ID, INVOICE_TYPE_ID,BILLING_SCENARIO_ID, PREBILL, COMMISSION, JOURNAL_ENTRY_LINE_TYPE,LINE_ORDER,ACCOUNTING_TREATMENT, AMOUNT_TYPE) values (255,2,5,0,0,'COMMISSION_LIABILITY',4,'CREDIT','COMMISSION');

insert into JOURNAL_ENTRY_RULE (JOURNAL_ENTRY_RULE_ID, INVOICE_TYPE_ID,BILLING_SCENARIO_ID, PREBILL, COMMISSION, JOURNAL_ENTRY_LINE_TYPE,LINE_ORDER,ACCOUNTING_TREATMENT, AMOUNT_TYPE) values (256,2,5,1,0,'AR',0,'DEBIT','NET_COMMISSION_FREE_PLUS_VAT');
insert into JOURNAL_ENTRY_RULE (JOURNAL_ENTRY_RULE_ID, INVOICE_TYPE_ID,BILLING_SCENARIO_ID, PREBILL, COMMISSION, JOURNAL_ENTRY_LINE_TYPE,LINE_ORDER,ACCOUNTING_TREATMENT, AMOUNT_TYPE) values (257,2,5,1,0,'VAT',1,'CREDIT','VAT');
insert into JOURNAL_ENTRY_RULE (JOURNAL_ENTRY_RULE_ID, INVOICE_TYPE_ID,BILLING_SCENARIO_ID, PREBILL, COMMISSION, JOURNAL_ENTRY_LINE_TYPE,LINE_ORDER,ACCOUNTING_TREATMENT, AMOUNT_TYPE) values (258,2,5,1,0,'DEFERRED_REV',2,'CREDIT','NET_COMMISSION_FREE');

--------
-- FE --
insert into JOURNAL_ENTRY_RULE (JOURNAL_ENTRY_RULE_ID, INVOICE_TYPE_ID,BILLING_SCENARIO_ID, PREBILL, COMMISSION, JOURNAL_ENTRY_LINE_TYPE,LINE_ORDER,ACCOUNTING_TREATMENT, AMOUNT_TYPE) values (301,3,NULL,0,0,'AR',0,'DEBIT','NET');
insert into JOURNAL_ENTRY_RULE (JOURNAL_ENTRY_RULE_ID, INVOICE_TYPE_ID,BILLING_SCENARIO_ID, PREBILL, COMMISSION, JOURNAL_ENTRY_LINE_TYPE,LINE_ORDER,ACCOUNTING_TREATMENT, AMOUNT_TYPE) values (303,3,NULL,0,0,'REVENUE',1,'CREDIT','NET');

insert into JOURNAL_ENTRY_RULE (JOURNAL_ENTRY_RULE_ID, INVOICE_TYPE_ID,BILLING_SCENARIO_ID, PREBILL, COMMISSION, JOURNAL_ENTRY_LINE_TYPE,LINE_ORDER,ACCOUNTING_TREATMENT, AMOUNT_TYPE) values (311,3,NULL,1,0,'AR',0,'DEBIT','NET');
insert into JOURNAL_ENTRY_RULE (JOURNAL_ENTRY_RULE_ID, INVOICE_TYPE_ID,BILLING_SCENARIO_ID, PREBILL, COMMISSION, JOURNAL_ENTRY_LINE_TYPE,LINE_ORDER,ACCOUNTING_TREATMENT, AMOUNT_TYPE) values (313,3,NULL,1,0,'DEFERRED_REV',1,'CREDIT','NET');

insert into JOURNAL_ENTRY_RULE (JOURNAL_ENTRY_RULE_ID, INVOICE_TYPE_ID,BILLING_SCENARIO_ID, PREBILL, COMMISSION, JOURNAL_ENTRY_LINE_TYPE,LINE_ORDER,ACCOUNTING_TREATMENT, AMOUNT_TYPE) values (321,3,6,0,0,'AR',0,'DEBIT','GROSS');
insert into JOURNAL_ENTRY_RULE (JOURNAL_ENTRY_RULE_ID, INVOICE_TYPE_ID,BILLING_SCENARIO_ID, PREBILL, COMMISSION, JOURNAL_ENTRY_LINE_TYPE,LINE_ORDER,ACCOUNTING_TREATMENT, AMOUNT_TYPE) values (322,3,6,0,0,'COMMISSION',1,'DEBIT','COMMISSION');
insert into JOURNAL_ENTRY_RULE (JOURNAL_ENTRY_RULE_ID, INVOICE_TYPE_ID,BILLING_SCENARIO_ID, PREBILL, COMMISSION, JOURNAL_ENTRY_LINE_TYPE,LINE_ORDER,ACCOUNTING_TREATMENT, AMOUNT_TYPE) values (324,3,6,0,0,'DEFERRED_REV',2,'CREDIT','UNIT_PRICE');

insert into JOURNAL_ENTRY_RULE (JOURNAL_ENTRY_RULE_ID, INVOICE_TYPE_ID,BILLING_SCENARIO_ID, PREBILL, COMMISSION, JOURNAL_ENTRY_LINE_TYPE,LINE_ORDER,ACCOUNTING_TREATMENT, AMOUNT_TYPE) values (331,3,6,1,0,'AR',0,'DEBIT','GROSS');
insert into JOURNAL_ENTRY_RULE (JOURNAL_ENTRY_RULE_ID, INVOICE_TYPE_ID,BILLING_SCENARIO_ID, PREBILL, COMMISSION, JOURNAL_ENTRY_LINE_TYPE,LINE_ORDER,ACCOUNTING_TREATMENT, AMOUNT_TYPE) values (332,3,6,1,0,'COMMISSION',1,'DEBIT','COMMISSION');
insert into JOURNAL_ENTRY_RULE (JOURNAL_ENTRY_RULE_ID, INVOICE_TYPE_ID,BILLING_SCENARIO_ID, PREBILL, COMMISSION, JOURNAL_ENTRY_LINE_TYPE,LINE_ORDER,ACCOUNTING_TREATMENT, AMOUNT_TYPE) values (334,3,6,1,0,'DEFERRED_REV',2,'CREDIT','UNIT_PRICE');

insert into JOURNAL_ENTRY_RULE (JOURNAL_ENTRY_RULE_ID, INVOICE_TYPE_ID,BILLING_SCENARIO_ID, PREBILL, COMMISSION, JOURNAL_ENTRY_LINE_TYPE,LINE_ORDER,ACCOUNTING_TREATMENT, AMOUNT_TYPE) values (341,3,2,0,0,'AR',0,'DEBIT','NET');
insert into JOURNAL_ENTRY_RULE (JOURNAL_ENTRY_RULE_ID, INVOICE_TYPE_ID,BILLING_SCENARIO_ID, PREBILL, COMMISSION, JOURNAL_ENTRY_LINE_TYPE,LINE_ORDER,ACCOUNTING_TREATMENT, AMOUNT_TYPE) values (342,3,2,0,0,'REVENUE',1,'CREDIT','NET');
insert into JOURNAL_ENTRY_RULE (JOURNAL_ENTRY_RULE_ID, INVOICE_TYPE_ID,BILLING_SCENARIO_ID, PREBILL, COMMISSION, JOURNAL_ENTRY_LINE_TYPE,LINE_ORDER,ACCOUNTING_TREATMENT, AMOUNT_TYPE) values (343,3,2,0,0,'COMMISSION',2,'DEBIT','COMMISSION');
insert into JOURNAL_ENTRY_RULE (JOURNAL_ENTRY_RULE_ID, INVOICE_TYPE_ID,BILLING_SCENARIO_ID, PREBILL, COMMISSION, JOURNAL_ENTRY_LINE_TYPE,LINE_ORDER,ACCOUNTING_TREATMENT, AMOUNT_TYPE) values (344,3,2,0,0,'COMMISSION_LIABILITY',3,'CREDIT','COMMISSION');

insert into JOURNAL_ENTRY_RULE (JOURNAL_ENTRY_RULE_ID, INVOICE_TYPE_ID,BILLING_SCENARIO_ID, PREBILL, COMMISSION, JOURNAL_ENTRY_LINE_TYPE,LINE_ORDER,ACCOUNTING_TREATMENT, AMOUNT_TYPE) values (345,3,2,1,0,'AR',0,'DEBIT','NET_COMMISSION_FREE_PLUS_VAT');
insert into JOURNAL_ENTRY_RULE (JOURNAL_ENTRY_RULE_ID, INVOICE_TYPE_ID,BILLING_SCENARIO_ID, PREBILL, COMMISSION, JOURNAL_ENTRY_LINE_TYPE,LINE_ORDER,ACCOUNTING_TREATMENT, AMOUNT_TYPE) values (346,3,2,1,0,'DEFERRED_REV',1,'CREDIT','NET_COMMISSION_FREE');

insert into JOURNAL_ENTRY_RULE (JOURNAL_ENTRY_RULE_ID, INVOICE_TYPE_ID,BILLING_SCENARIO_ID, PREBILL, COMMISSION, JOURNAL_ENTRY_LINE_TYPE,LINE_ORDER,ACCOUNTING_TREATMENT, AMOUNT_TYPE) values (351,3,5,0,0,'AR',0,'DEBIT','NET');
insert into JOURNAL_ENTRY_RULE (JOURNAL_ENTRY_RULE_ID, INVOICE_TYPE_ID,BILLING_SCENARIO_ID, PREBILL, COMMISSION, JOURNAL_ENTRY_LINE_TYPE,LINE_ORDER,ACCOUNTING_TREATMENT, AMOUNT_TYPE) values (352,3,5,0,0,'REVENUE',1,'CREDIT','NET');
insert into JOURNAL_ENTRY_RULE (JOURNAL_ENTRY_RULE_ID, INVOICE_TYPE_ID,BILLING_SCENARIO_ID, PREBILL, COMMISSION, JOURNAL_ENTRY_LINE_TYPE,LINE_ORDER,ACCOUNTING_TREATMENT, AMOUNT_TYPE) values (353,3,5,0,0,'COMMISSION',2,'DEBIT','COMMISSION');
insert into JOURNAL_ENTRY_RULE (JOURNAL_ENTRY_RULE_ID, INVOICE_TYPE_ID,BILLING_SCENARIO_ID, PREBILL, COMMISSION, JOURNAL_ENTRY_LINE_TYPE,LINE_ORDER,ACCOUNTING_TREATMENT, AMOUNT_TYPE) values (354,3,5,0,0,'COMMISSION_LIABILITY',3,'CREDIT','COMMISSION');

insert into JOURNAL_ENTRY_RULE (JOURNAL_ENTRY_RULE_ID, INVOICE_TYPE_ID,BILLING_SCENARIO_ID, PREBILL, COMMISSION, JOURNAL_ENTRY_LINE_TYPE,LINE_ORDER,ACCOUNTING_TREATMENT, AMOUNT_TYPE) values (355,3,5,1,0,'AR',0,'DEBIT','NET_COMMISSION_FREE_PLUS_VAT');
insert into JOURNAL_ENTRY_RULE (JOURNAL_ENTRY_RULE_ID, INVOICE_TYPE_ID,BILLING_SCENARIO_ID, PREBILL, COMMISSION, JOURNAL_ENTRY_LINE_TYPE,LINE_ORDER,ACCOUNTING_TREATMENT, AMOUNT_TYPE) values (356,3,5,1,0,'DEFERRED_REV',1,'CREDIT','NET_COMMISSION_FREE');

--------
-- CA --
insert into JOURNAL_ENTRY_RULE (JOURNAL_ENTRY_RULE_ID, INVOICE_TYPE_ID,BILLING_SCENARIO_ID, PREBILL, COMMISSION, JOURNAL_ENTRY_LINE_TYPE,LINE_ORDER,ACCOUNTING_TREATMENT, AMOUNT_TYPE) values (401,4,NULL,0,0,'REVENUE',0,'DEBIT','NET');
insert into JOURNAL_ENTRY_RULE (JOURNAL_ENTRY_RULE_ID, INVOICE_TYPE_ID,BILLING_SCENARIO_ID, PREBILL, COMMISSION, JOURNAL_ENTRY_LINE_TYPE,LINE_ORDER,ACCOUNTING_TREATMENT, AMOUNT_TYPE) values (402,4,NULL,0,0,'VAT',1,'DEBIT','VAT');
insert into JOURNAL_ENTRY_RULE (JOURNAL_ENTRY_RULE_ID, INVOICE_TYPE_ID,BILLING_SCENARIO_ID, PREBILL, COMMISSION, JOURNAL_ENTRY_LINE_TYPE,LINE_ORDER,ACCOUNTING_TREATMENT, AMOUNT_TYPE) values (403,4,NULL,0,0,'AR',2,'CREDIT','GROSS');

insert into JOURNAL_ENTRY_RULE (JOURNAL_ENTRY_RULE_ID, INVOICE_TYPE_ID,BILLING_SCENARIO_ID, PREBILL, COMMISSION, JOURNAL_ENTRY_LINE_TYPE,LINE_ORDER,ACCOUNTING_TREATMENT, AMOUNT_TYPE) values (404,4,NULL,1,1,'DEFERRED_REV',0,'DEBIT','NET');
insert into JOURNAL_ENTRY_RULE (JOURNAL_ENTRY_RULE_ID, INVOICE_TYPE_ID,BILLING_SCENARIO_ID, PREBILL, COMMISSION, JOURNAL_ENTRY_LINE_TYPE,LINE_ORDER,ACCOUNTING_TREATMENT, AMOUNT_TYPE) values (405,4,NULL,1,1,'VAT',1,'DEBIT','VAT');
insert into JOURNAL_ENTRY_RULE (JOURNAL_ENTRY_RULE_ID, INVOICE_TYPE_ID,BILLING_SCENARIO_ID, PREBILL, COMMISSION, JOURNAL_ENTRY_LINE_TYPE,LINE_ORDER,ACCOUNTING_TREATMENT, AMOUNT_TYPE) values (406,4,NULL,1,1,'AR',2,'CREDIT','GROSS');

insert into JOURNAL_ENTRY_RULE (JOURNAL_ENTRY_RULE_ID, INVOICE_TYPE_ID,BILLING_SCENARIO_ID, PREBILL, COMMISSION, JOURNAL_ENTRY_LINE_TYPE,LINE_ORDER,ACCOUNTING_TREATMENT, AMOUNT_TYPE) values (411,4,1,0,1,'COMMISSION',0,'DEBIT','NET');
insert into JOURNAL_ENTRY_RULE (JOURNAL_ENTRY_RULE_ID, INVOICE_TYPE_ID,BILLING_SCENARIO_ID, PREBILL, COMMISSION, JOURNAL_ENTRY_LINE_TYPE,LINE_ORDER,ACCOUNTING_TREATMENT, AMOUNT_TYPE) values (412,4,1,0,1,'VAT',1,'DEBIT','VAT');
insert into JOURNAL_ENTRY_RULE (JOURNAL_ENTRY_RULE_ID, INVOICE_TYPE_ID,BILLING_SCENARIO_ID, PREBILL, COMMISSION, JOURNAL_ENTRY_LINE_TYPE,LINE_ORDER,ACCOUNTING_TREATMENT, AMOUNT_TYPE) values (413,4,1,0,1,'AR',2,'CREDIT','GROSS');

insert into JOURNAL_ENTRY_RULE (JOURNAL_ENTRY_RULE_ID, INVOICE_TYPE_ID,BILLING_SCENARIO_ID, PREBILL, COMMISSION, JOURNAL_ENTRY_LINE_TYPE,LINE_ORDER,ACCOUNTING_TREATMENT, AMOUNT_TYPE) values (421,4,2,0,0,'REVENUE',0,'DEBIT','NET');
insert into JOURNAL_ENTRY_RULE (JOURNAL_ENTRY_RULE_ID, INVOICE_TYPE_ID,BILLING_SCENARIO_ID, PREBILL, COMMISSION, JOURNAL_ENTRY_LINE_TYPE,LINE_ORDER,ACCOUNTING_TREATMENT, AMOUNT_TYPE) values (422,4,2,0,0,'VAT',1,'DEBIT','VAT');
insert into JOURNAL_ENTRY_RULE (JOURNAL_ENTRY_RULE_ID, INVOICE_TYPE_ID,BILLING_SCENARIO_ID, PREBILL, COMMISSION, JOURNAL_ENTRY_LINE_TYPE,LINE_ORDER,ACCOUNTING_TREATMENT, AMOUNT_TYPE) values (423,4,2,0,0,'AR',2,'CREDIT','GROSS');
insert into JOURNAL_ENTRY_RULE (JOURNAL_ENTRY_RULE_ID, INVOICE_TYPE_ID,BILLING_SCENARIO_ID, PREBILL, COMMISSION, JOURNAL_ENTRY_LINE_TYPE,LINE_ORDER,ACCOUNTING_TREATMENT, AMOUNT_TYPE) values (424,4,2,0,0,'COMMISSION_LIABILITY',3,'DEBIT','COMMISSION');
insert into JOURNAL_ENTRY_RULE (JOURNAL_ENTRY_RULE_ID, INVOICE_TYPE_ID,BILLING_SCENARIO_ID, PREBILL, COMMISSION, JOURNAL_ENTRY_LINE_TYPE,LINE_ORDER,ACCOUNTING_TREATMENT, AMOUNT_TYPE) values (425,4,2,0,0,'COMMISSION',4,'CREDIT','COMMISSION');

insert into JOURNAL_ENTRY_RULE (JOURNAL_ENTRY_RULE_ID, INVOICE_TYPE_ID,BILLING_SCENARIO_ID, PREBILL, COMMISSION, JOURNAL_ENTRY_LINE_TYPE,LINE_ORDER,ACCOUNTING_TREATMENT, AMOUNT_TYPE) values (441,4,4,0,1,'COMMISSION',0,'DEBIT','NET');
insert into JOURNAL_ENTRY_RULE (JOURNAL_ENTRY_RULE_ID, INVOICE_TYPE_ID,BILLING_SCENARIO_ID, PREBILL, COMMISSION, JOURNAL_ENTRY_LINE_TYPE,LINE_ORDER,ACCOUNTING_TREATMENT, AMOUNT_TYPE) values (442,4,4,0,1,'VAT',1,'DEBIT','VAT');
insert into JOURNAL_ENTRY_RULE (JOURNAL_ENTRY_RULE_ID, INVOICE_TYPE_ID,BILLING_SCENARIO_ID, PREBILL, COMMISSION, JOURNAL_ENTRY_LINE_TYPE,LINE_ORDER,ACCOUNTING_TREATMENT, AMOUNT_TYPE) values (443,4,4,0,1,'AR',2,'CREDIT','GROSS');

insert into JOURNAL_ENTRY_RULE (JOURNAL_ENTRY_RULE_ID, INVOICE_TYPE_ID,BILLING_SCENARIO_ID, PREBILL, COMMISSION, JOURNAL_ENTRY_LINE_TYPE,LINE_ORDER,ACCOUNTING_TREATMENT, AMOUNT_TYPE) values (451,4,5,0,0,'REVENUE',0,'DEBIT','NET');
insert into JOURNAL_ENTRY_RULE (JOURNAL_ENTRY_RULE_ID, INVOICE_TYPE_ID,BILLING_SCENARIO_ID, PREBILL, COMMISSION, JOURNAL_ENTRY_LINE_TYPE,LINE_ORDER,ACCOUNTING_TREATMENT, AMOUNT_TYPE) values (452,4,5,0,0,'VAT',1,'DEBIT','VAT');
insert into JOURNAL_ENTRY_RULE (JOURNAL_ENTRY_RULE_ID, INVOICE_TYPE_ID,BILLING_SCENARIO_ID, PREBILL, COMMISSION, JOURNAL_ENTRY_LINE_TYPE,LINE_ORDER,ACCOUNTING_TREATMENT, AMOUNT_TYPE) values (453,4,5,0,0,'AR',2,'CREDIT','GROSS');
insert into JOURNAL_ENTRY_RULE (JOURNAL_ENTRY_RULE_ID, INVOICE_TYPE_ID,BILLING_SCENARIO_ID, PREBILL, COMMISSION, JOURNAL_ENTRY_LINE_TYPE,LINE_ORDER,ACCOUNTING_TREATMENT, AMOUNT_TYPE) values (454,4,5,0,0,'COMMISSION_LIABILITY',3,'DEBIT','COMMISSION');
insert into JOURNAL_ENTRY_RULE (JOURNAL_ENTRY_RULE_ID, INVOICE_TYPE_ID,BILLING_SCENARIO_ID, PREBILL, COMMISSION, JOURNAL_ENTRY_LINE_TYPE,LINE_ORDER,ACCOUNTING_TREATMENT, AMOUNT_TYPE) values (455,4,5,0,0,'COMMISSION',4,'CREDIT','COMMISSION');

insert into JOURNAL_ENTRY_RULE (JOURNAL_ENTRY_RULE_ID, INVOICE_TYPE_ID,BILLING_SCENARIO_ID, PREBILL, COMMISSION, JOURNAL_ENTRY_LINE_TYPE,LINE_ORDER,ACCOUNTING_TREATMENT, AMOUNT_TYPE) values (461,4,6,0,0,'REVENUE',0,'DEBIT','UNIT_PRICE');
insert into JOURNAL_ENTRY_RULE (JOURNAL_ENTRY_RULE_ID, INVOICE_TYPE_ID,BILLING_SCENARIO_ID, PREBILL, COMMISSION, JOURNAL_ENTRY_LINE_TYPE,LINE_ORDER,ACCOUNTING_TREATMENT, AMOUNT_TYPE) values (462,4,6,0,0,'VAT',1,'DEBIT','VAT');
insert into JOURNAL_ENTRY_RULE (JOURNAL_ENTRY_RULE_ID, INVOICE_TYPE_ID,BILLING_SCENARIO_ID, PREBILL, COMMISSION, JOURNAL_ENTRY_LINE_TYPE,LINE_ORDER,ACCOUNTING_TREATMENT, AMOUNT_TYPE) values (463,4,6,0,0,'COMMISSION',2,'CREDIT','COMMISSION');
insert into JOURNAL_ENTRY_RULE (JOURNAL_ENTRY_RULE_ID, INVOICE_TYPE_ID,BILLING_SCENARIO_ID, PREBILL, COMMISSION, JOURNAL_ENTRY_LINE_TYPE,LINE_ORDER,ACCOUNTING_TREATMENT, AMOUNT_TYPE) values (464,4,6,0,0,'AR',3,'CREDIT','GROSS');

insert into JOURNAL_ENTRY_RULE (JOURNAL_ENTRY_RULE_ID, INVOICE_TYPE_ID,BILLING_SCENARIO_ID, PREBILL, COMMISSION, JOURNAL_ENTRY_LINE_TYPE,LINE_ORDER,ACCOUNTING_TREATMENT, AMOUNT_TYPE) values (465,4,6,1,0,'DEFERRED_REV',0,'DEBIT','NET');
insert into JOURNAL_ENTRY_RULE (JOURNAL_ENTRY_RULE_ID, INVOICE_TYPE_ID,BILLING_SCENARIO_ID, PREBILL, COMMISSION, JOURNAL_ENTRY_LINE_TYPE,LINE_ORDER,ACCOUNTING_TREATMENT, AMOUNT_TYPE) values (466,4,6,1,0,'VAT',1,'DEBIT','VAT');
insert into JOURNAL_ENTRY_RULE (JOURNAL_ENTRY_RULE_ID, INVOICE_TYPE_ID,BILLING_SCENARIO_ID, PREBILL, COMMISSION, JOURNAL_ENTRY_LINE_TYPE,LINE_ORDER,ACCOUNTING_TREATMENT, AMOUNT_TYPE) values (467,4,6,1,0,'COMMISSION',2,'CREDIT','COMMISSION');
insert into JOURNAL_ENTRY_RULE (JOURNAL_ENTRY_RULE_ID, INVOICE_TYPE_ID,BILLING_SCENARIO_ID, PREBILL, COMMISSION, JOURNAL_ENTRY_LINE_TYPE,LINE_ORDER,ACCOUNTING_TREATMENT, AMOUNT_TYPE) values (468,4,6,1,0,'AR',3,'CREDIT','GROSS');

--------
-- CB --
insert into JOURNAL_ENTRY_RULE (JOURNAL_ENTRY_RULE_ID, INVOICE_TYPE_ID,BILLING_SCENARIO_ID, PREBILL, COMMISSION, JOURNAL_ENTRY_LINE_TYPE,LINE_ORDER,ACCOUNTING_TREATMENT, AMOUNT_TYPE) values (501,5,NULL,0,0,'REVENUE',0,'DEBIT','NET');
insert into JOURNAL_ENTRY_RULE (JOURNAL_ENTRY_RULE_ID, INVOICE_TYPE_ID,BILLING_SCENARIO_ID, PREBILL, COMMISSION, JOURNAL_ENTRY_LINE_TYPE,LINE_ORDER,ACCOUNTING_TREATMENT, AMOUNT_TYPE) values (502,5,NULL,0,0,'VAT',1,'DEBIT','VAT');
insert into JOURNAL_ENTRY_RULE (JOURNAL_ENTRY_RULE_ID, INVOICE_TYPE_ID,BILLING_SCENARIO_ID, PREBILL, COMMISSION, JOURNAL_ENTRY_LINE_TYPE,LINE_ORDER,ACCOUNTING_TREATMENT, AMOUNT_TYPE) values (503,5,NULL,0,0,'AR',2,'CREDIT','GROSS');

insert into JOURNAL_ENTRY_RULE (JOURNAL_ENTRY_RULE_ID, INVOICE_TYPE_ID,BILLING_SCENARIO_ID, PREBILL, COMMISSION, JOURNAL_ENTRY_LINE_TYPE,LINE_ORDER,ACCOUNTING_TREATMENT, AMOUNT_TYPE) values (504,5,NULL,1,1,'DEFERRED_REV',0,'DEBIT','NET');
insert into JOURNAL_ENTRY_RULE (JOURNAL_ENTRY_RULE_ID, INVOICE_TYPE_ID,BILLING_SCENARIO_ID, PREBILL, COMMISSION, JOURNAL_ENTRY_LINE_TYPE,LINE_ORDER,ACCOUNTING_TREATMENT, AMOUNT_TYPE) values (505,5,NULL,1,1,'VAT',1,'DEBIT','VAT');
insert into JOURNAL_ENTRY_RULE (JOURNAL_ENTRY_RULE_ID, INVOICE_TYPE_ID,BILLING_SCENARIO_ID, PREBILL, COMMISSION, JOURNAL_ENTRY_LINE_TYPE,LINE_ORDER,ACCOUNTING_TREATMENT, AMOUNT_TYPE) values (506,5,NULL,1,1,'AR',2,'CREDIT','GROSS');

insert into JOURNAL_ENTRY_RULE (JOURNAL_ENTRY_RULE_ID, INVOICE_TYPE_ID,BILLING_SCENARIO_ID, PREBILL, COMMISSION, JOURNAL_ENTRY_LINE_TYPE,LINE_ORDER,ACCOUNTING_TREATMENT, AMOUNT_TYPE) values (511,5,1,0,1,'COMMISSION',0,'DEBIT','NET');
insert into JOURNAL_ENTRY_RULE (JOURNAL_ENTRY_RULE_ID, INVOICE_TYPE_ID,BILLING_SCENARIO_ID, PREBILL, COMMISSION, JOURNAL_ENTRY_LINE_TYPE,LINE_ORDER,ACCOUNTING_TREATMENT, AMOUNT_TYPE) values (512,5,1,0,1,'VAT',1,'DEBIT','VAT');
insert into JOURNAL_ENTRY_RULE (JOURNAL_ENTRY_RULE_ID, INVOICE_TYPE_ID,BILLING_SCENARIO_ID, PREBILL, COMMISSION, JOURNAL_ENTRY_LINE_TYPE,LINE_ORDER,ACCOUNTING_TREATMENT, AMOUNT_TYPE) values (513,5,1,0,1,'AR',2,'CREDIT','GROSS');

insert into JOURNAL_ENTRY_RULE (JOURNAL_ENTRY_RULE_ID, INVOICE_TYPE_ID,BILLING_SCENARIO_ID, PREBILL, COMMISSION, JOURNAL_ENTRY_LINE_TYPE,LINE_ORDER,ACCOUNTING_TREATMENT, AMOUNT_TYPE) values (521,5,2,0,0,'REVENUE',0,'DEBIT','NET');
insert into JOURNAL_ENTRY_RULE (JOURNAL_ENTRY_RULE_ID, INVOICE_TYPE_ID,BILLING_SCENARIO_ID, PREBILL, COMMISSION, JOURNAL_ENTRY_LINE_TYPE,LINE_ORDER,ACCOUNTING_TREATMENT, AMOUNT_TYPE) values (522,5,2,0,0,'VAT',1,'DEBIT','VAT');
insert into JOURNAL_ENTRY_RULE (JOURNAL_ENTRY_RULE_ID, INVOICE_TYPE_ID,BILLING_SCENARIO_ID, PREBILL, COMMISSION, JOURNAL_ENTRY_LINE_TYPE,LINE_ORDER,ACCOUNTING_TREATMENT, AMOUNT_TYPE) values (523,5,2,0,0,'AR',2,'CREDIT','GROSS');
insert into JOURNAL_ENTRY_RULE (JOURNAL_ENTRY_RULE_ID, INVOICE_TYPE_ID,BILLING_SCENARIO_ID, PREBILL, COMMISSION, JOURNAL_ENTRY_LINE_TYPE,LINE_ORDER,ACCOUNTING_TREATMENT, AMOUNT_TYPE) values (524,5,2,0,0,'COMMISSION_LIABILITY',3,'DEBIT','COMMISSION');
insert into JOURNAL_ENTRY_RULE (JOURNAL_ENTRY_RULE_ID, INVOICE_TYPE_ID,BILLING_SCENARIO_ID, PREBILL, COMMISSION, JOURNAL_ENTRY_LINE_TYPE,LINE_ORDER,ACCOUNTING_TREATMENT, AMOUNT_TYPE) values (525,5,2,0,0,'COMMISSION',4,'CREDIT','COMMISSION');

insert into JOURNAL_ENTRY_RULE (JOURNAL_ENTRY_RULE_ID, INVOICE_TYPE_ID,BILLING_SCENARIO_ID, PREBILL, COMMISSION, JOURNAL_ENTRY_LINE_TYPE,LINE_ORDER,ACCOUNTING_TREATMENT, AMOUNT_TYPE) values (541,5,4,0,1,'COMMISSION',0,'DEBIT','NET');
insert into JOURNAL_ENTRY_RULE (JOURNAL_ENTRY_RULE_ID, INVOICE_TYPE_ID,BILLING_SCENARIO_ID, PREBILL, COMMISSION, JOURNAL_ENTRY_LINE_TYPE,LINE_ORDER,ACCOUNTING_TREATMENT, AMOUNT_TYPE) values (542,5,4,0,1,'VAT',1,'DEBIT','VAT');
insert into JOURNAL_ENTRY_RULE (JOURNAL_ENTRY_RULE_ID, INVOICE_TYPE_ID,BILLING_SCENARIO_ID, PREBILL, COMMISSION, JOURNAL_ENTRY_LINE_TYPE,LINE_ORDER,ACCOUNTING_TREATMENT, AMOUNT_TYPE) values (543,5,4,0,1,'AR',2,'CREDIT','GROSS');

insert into JOURNAL_ENTRY_RULE (JOURNAL_ENTRY_RULE_ID, INVOICE_TYPE_ID,BILLING_SCENARIO_ID, PREBILL, COMMISSION, JOURNAL_ENTRY_LINE_TYPE,LINE_ORDER,ACCOUNTING_TREATMENT, AMOUNT_TYPE) values (551,5,5,0,0,'REVENUE',0,'DEBIT','NET');
insert into JOURNAL_ENTRY_RULE (JOURNAL_ENTRY_RULE_ID, INVOICE_TYPE_ID,BILLING_SCENARIO_ID, PREBILL, COMMISSION, JOURNAL_ENTRY_LINE_TYPE,LINE_ORDER,ACCOUNTING_TREATMENT, AMOUNT_TYPE) values (552,5,5,0,0,'VAT',1,'DEBIT','VAT');
insert into JOURNAL_ENTRY_RULE (JOURNAL_ENTRY_RULE_ID, INVOICE_TYPE_ID,BILLING_SCENARIO_ID, PREBILL, COMMISSION, JOURNAL_ENTRY_LINE_TYPE,LINE_ORDER,ACCOUNTING_TREATMENT, AMOUNT_TYPE) values (553,5,5,0,0,'AR',2,'CREDIT','GROSS');
insert into JOURNAL_ENTRY_RULE (JOURNAL_ENTRY_RULE_ID, INVOICE_TYPE_ID,BILLING_SCENARIO_ID, PREBILL, COMMISSION, JOURNAL_ENTRY_LINE_TYPE,LINE_ORDER,ACCOUNTING_TREATMENT, AMOUNT_TYPE) values (554,5,5,0,0,'COMMISSION_LIABILITY',3,'DEBIT','COMMISSION');
insert into JOURNAL_ENTRY_RULE (JOURNAL_ENTRY_RULE_ID, INVOICE_TYPE_ID,BILLING_SCENARIO_ID, PREBILL, COMMISSION, JOURNAL_ENTRY_LINE_TYPE,LINE_ORDER,ACCOUNTING_TREATMENT, AMOUNT_TYPE) values (555,5,5,0,0,'COMMISSION',4,'CREDIT','COMMISSION');

insert into JOURNAL_ENTRY_RULE (JOURNAL_ENTRY_RULE_ID, INVOICE_TYPE_ID,BILLING_SCENARIO_ID, PREBILL, COMMISSION, JOURNAL_ENTRY_LINE_TYPE,LINE_ORDER,ACCOUNTING_TREATMENT, AMOUNT_TYPE) values (561,5,6,0,0,'REVENUE',0,'DEBIT','UNIT_PRICE');
insert into JOURNAL_ENTRY_RULE (JOURNAL_ENTRY_RULE_ID, INVOICE_TYPE_ID,BILLING_SCENARIO_ID, PREBILL, COMMISSION, JOURNAL_ENTRY_LINE_TYPE,LINE_ORDER,ACCOUNTING_TREATMENT, AMOUNT_TYPE) values (562,5,6,0,0,'VAT',1,'DEBIT','VAT');
insert into JOURNAL_ENTRY_RULE (JOURNAL_ENTRY_RULE_ID, INVOICE_TYPE_ID,BILLING_SCENARIO_ID, PREBILL, COMMISSION, JOURNAL_ENTRY_LINE_TYPE,LINE_ORDER,ACCOUNTING_TREATMENT, AMOUNT_TYPE) values (563,5,6,0,0,'COMMISSION',2,'CREDIT','COMMISSION');
insert into JOURNAL_ENTRY_RULE (JOURNAL_ENTRY_RULE_ID, INVOICE_TYPE_ID,BILLING_SCENARIO_ID, PREBILL, COMMISSION, JOURNAL_ENTRY_LINE_TYPE,LINE_ORDER,ACCOUNTING_TREATMENT, AMOUNT_TYPE) values (564,5,6,0,0,'AR',3,'CREDIT','GROSS');

insert into JOURNAL_ENTRY_RULE (JOURNAL_ENTRY_RULE_ID, INVOICE_TYPE_ID,BILLING_SCENARIO_ID, PREBILL, COMMISSION, JOURNAL_ENTRY_LINE_TYPE,LINE_ORDER,ACCOUNTING_TREATMENT, AMOUNT_TYPE) values (565,5,6,1,0,'DEFERRED_REV',0,'DEBIT','NET');
insert into JOURNAL_ENTRY_RULE (JOURNAL_ENTRY_RULE_ID, INVOICE_TYPE_ID,BILLING_SCENARIO_ID, PREBILL, COMMISSION, JOURNAL_ENTRY_LINE_TYPE,LINE_ORDER,ACCOUNTING_TREATMENT, AMOUNT_TYPE) values (566,5,6,1,0,'VAT',1,'DEBIT','VAT');
insert into JOURNAL_ENTRY_RULE (JOURNAL_ENTRY_RULE_ID, INVOICE_TYPE_ID,BILLING_SCENARIO_ID, PREBILL, COMMISSION, JOURNAL_ENTRY_LINE_TYPE,LINE_ORDER,ACCOUNTING_TREATMENT, AMOUNT_TYPE) values (567,5,6,1,0,'COMMISSION',2,'CREDIT','COMMISSION');
insert into JOURNAL_ENTRY_RULE (JOURNAL_ENTRY_RULE_ID, INVOICE_TYPE_ID,BILLING_SCENARIO_ID, PREBILL, COMMISSION, JOURNAL_ENTRY_LINE_TYPE,LINE_ORDER,ACCOUNTING_TREATMENT, AMOUNT_TYPE) values (568,5,6,1,0,'AR',3,'CREDIT','GROSS');

--------
-- CE --
insert into JOURNAL_ENTRY_RULE (JOURNAL_ENTRY_RULE_ID, INVOICE_TYPE_ID,BILLING_SCENARIO_ID, PREBILL, COMMISSION, JOURNAL_ENTRY_LINE_TYPE,LINE_ORDER,ACCOUNTING_TREATMENT, AMOUNT_TYPE) values (601,6,NULL,0,0,'REVENUE',0,'DEBIT','NET');
insert into JOURNAL_ENTRY_RULE (JOURNAL_ENTRY_RULE_ID, INVOICE_TYPE_ID,BILLING_SCENARIO_ID, PREBILL, COMMISSION, JOURNAL_ENTRY_LINE_TYPE,LINE_ORDER,ACCOUNTING_TREATMENT, AMOUNT_TYPE) values (602,6,NULL,0,0,'AR',1,'CREDIT','NET');

insert into JOURNAL_ENTRY_RULE (JOURNAL_ENTRY_RULE_ID, INVOICE_TYPE_ID,BILLING_SCENARIO_ID, PREBILL, COMMISSION, JOURNAL_ENTRY_LINE_TYPE,LINE_ORDER,ACCOUNTING_TREATMENT, AMOUNT_TYPE) values (603,6,NULL,1,1,'DEFERRED_REV',0,'DEBIT','NET');
insert into JOURNAL_ENTRY_RULE (JOURNAL_ENTRY_RULE_ID, INVOICE_TYPE_ID,BILLING_SCENARIO_ID, PREBILL, COMMISSION, JOURNAL_ENTRY_LINE_TYPE,LINE_ORDER,ACCOUNTING_TREATMENT, AMOUNT_TYPE) values (604,6,NULL,1,1,'AR',1,'CREDIT','NET');

insert into JOURNAL_ENTRY_RULE (JOURNAL_ENTRY_RULE_ID, INVOICE_TYPE_ID,BILLING_SCENARIO_ID, PREBILL, COMMISSION, JOURNAL_ENTRY_LINE_TYPE,LINE_ORDER,ACCOUNTING_TREATMENT, AMOUNT_TYPE) values (611,6,1,0,1,'COMMISSION',0,'DEBIT','NET');
insert into JOURNAL_ENTRY_RULE (JOURNAL_ENTRY_RULE_ID, INVOICE_TYPE_ID,BILLING_SCENARIO_ID, PREBILL, COMMISSION, JOURNAL_ENTRY_LINE_TYPE,LINE_ORDER,ACCOUNTING_TREATMENT, AMOUNT_TYPE) values (613,6,1,0,1,'AR',1,'CREDIT','NET');

insert into JOURNAL_ENTRY_RULE (JOURNAL_ENTRY_RULE_ID, INVOICE_TYPE_ID,BILLING_SCENARIO_ID, PREBILL, COMMISSION, JOURNAL_ENTRY_LINE_TYPE,LINE_ORDER,ACCOUNTING_TREATMENT, AMOUNT_TYPE) values (621,6,2,0,0,'REVENUE',0,'DEBIT','NET');
insert into JOURNAL_ENTRY_RULE (JOURNAL_ENTRY_RULE_ID, INVOICE_TYPE_ID,BILLING_SCENARIO_ID, PREBILL, COMMISSION, JOURNAL_ENTRY_LINE_TYPE,LINE_ORDER,ACCOUNTING_TREATMENT, AMOUNT_TYPE) values (622,6,2,0,0,'AR',1,'CREDIT','NET');
insert into JOURNAL_ENTRY_RULE (JOURNAL_ENTRY_RULE_ID, INVOICE_TYPE_ID,BILLING_SCENARIO_ID, PREBILL, COMMISSION, JOURNAL_ENTRY_LINE_TYPE,LINE_ORDER,ACCOUNTING_TREATMENT, AMOUNT_TYPE) values (623,6,2,0,0,'COMMISSION_LIABILITY',2,'DEBIT','COMMISSION');
insert into JOURNAL_ENTRY_RULE (JOURNAL_ENTRY_RULE_ID, INVOICE_TYPE_ID,BILLING_SCENARIO_ID, PREBILL, COMMISSION, JOURNAL_ENTRY_LINE_TYPE,LINE_ORDER,ACCOUNTING_TREATMENT, AMOUNT_TYPE) values (624,6,2,0,0,'COMMISSION',3,'CREDIT','COMMISSION');

insert into JOURNAL_ENTRY_RULE (JOURNAL_ENTRY_RULE_ID, INVOICE_TYPE_ID,BILLING_SCENARIO_ID, PREBILL, COMMISSION, JOURNAL_ENTRY_LINE_TYPE,LINE_ORDER,ACCOUNTING_TREATMENT, AMOUNT_TYPE) values (641,6,4,0,1,'COMMISSION',0,'DEBIT','NET');
insert into JOURNAL_ENTRY_RULE (JOURNAL_ENTRY_RULE_ID, INVOICE_TYPE_ID,BILLING_SCENARIO_ID, PREBILL, COMMISSION, JOURNAL_ENTRY_LINE_TYPE,LINE_ORDER,ACCOUNTING_TREATMENT, AMOUNT_TYPE) values (642,6,4,0,1,'AR',1,'CREDIT','NET');

insert into JOURNAL_ENTRY_RULE (JOURNAL_ENTRY_RULE_ID, INVOICE_TYPE_ID,BILLING_SCENARIO_ID, PREBILL, COMMISSION, JOURNAL_ENTRY_LINE_TYPE,LINE_ORDER,ACCOUNTING_TREATMENT, AMOUNT_TYPE) values (651,6,5,0,0,'REVENUE',0,'DEBIT','NET');
insert into JOURNAL_ENTRY_RULE (JOURNAL_ENTRY_RULE_ID, INVOICE_TYPE_ID,BILLING_SCENARIO_ID, PREBILL, COMMISSION, JOURNAL_ENTRY_LINE_TYPE,LINE_ORDER,ACCOUNTING_TREATMENT, AMOUNT_TYPE) values (652,6,5,0,0,'AR',1,'CREDIT','NET');
insert into JOURNAL_ENTRY_RULE (JOURNAL_ENTRY_RULE_ID, INVOICE_TYPE_ID,BILLING_SCENARIO_ID, PREBILL, COMMISSION, JOURNAL_ENTRY_LINE_TYPE,LINE_ORDER,ACCOUNTING_TREATMENT, AMOUNT_TYPE) values (653,6,5,0,0,'COMMISSION_LIABILITY',2,'DEBIT','COMMISSION');
insert into JOURNAL_ENTRY_RULE (JOURNAL_ENTRY_RULE_ID, INVOICE_TYPE_ID,BILLING_SCENARIO_ID, PREBILL, COMMISSION, JOURNAL_ENTRY_LINE_TYPE,LINE_ORDER,ACCOUNTING_TREATMENT, AMOUNT_TYPE) values (654,6,5,0,0,'COMMISSION',3,'CREDIT','COMMISSION');

insert into JOURNAL_ENTRY_RULE (JOURNAL_ENTRY_RULE_ID, INVOICE_TYPE_ID,BILLING_SCENARIO_ID, PREBILL, COMMISSION, JOURNAL_ENTRY_LINE_TYPE,LINE_ORDER,ACCOUNTING_TREATMENT, AMOUNT_TYPE) values (661,6,6,0,0,'REVENUE',0,'DEBIT','UNIT_PRICE');
insert into JOURNAL_ENTRY_RULE (JOURNAL_ENTRY_RULE_ID, INVOICE_TYPE_ID,BILLING_SCENARIO_ID, PREBILL, COMMISSION, JOURNAL_ENTRY_LINE_TYPE,LINE_ORDER,ACCOUNTING_TREATMENT, AMOUNT_TYPE) values (662,6,6,0,0,'COMMISSION',1,'CREDIT','COMMISSION');
insert into JOURNAL_ENTRY_RULE (JOURNAL_ENTRY_RULE_ID, INVOICE_TYPE_ID,BILLING_SCENARIO_ID, PREBILL, COMMISSION, JOURNAL_ENTRY_LINE_TYPE,LINE_ORDER,ACCOUNTING_TREATMENT, AMOUNT_TYPE) values (663,6,6,0,0,'AR',2,'CREDIT','NET');

insert into JOURNAL_ENTRY_RULE (JOURNAL_ENTRY_RULE_ID, INVOICE_TYPE_ID,BILLING_SCENARIO_ID, PREBILL, COMMISSION, JOURNAL_ENTRY_LINE_TYPE,LINE_ORDER,ACCOUNTING_TREATMENT, AMOUNT_TYPE) values (664,6,6,1,0,'DEFERRED_REV',0,'DEBIT','NET');
insert into JOURNAL_ENTRY_RULE (JOURNAL_ENTRY_RULE_ID, INVOICE_TYPE_ID,BILLING_SCENARIO_ID, PREBILL, COMMISSION, JOURNAL_ENTRY_LINE_TYPE,LINE_ORDER,ACCOUNTING_TREATMENT, AMOUNT_TYPE) values (665,6,6,1,0,'COMMISSION',1,'CREDIT','COMMISSION');
insert into JOURNAL_ENTRY_RULE (JOURNAL_ENTRY_RULE_ID, INVOICE_TYPE_ID,BILLING_SCENARIO_ID, PREBILL, COMMISSION, JOURNAL_ENTRY_LINE_TYPE,LINE_ORDER,ACCOUNTING_TREATMENT, AMOUNT_TYPE) values (666,6,6,1,0,'AR',2,'CREDIT','GROSS');

--------
-- DA --
insert into JOURNAL_ENTRY_RULE (JOURNAL_ENTRY_RULE_ID, INVOICE_TYPE_ID,BILLING_SCENARIO_ID, PREBILL, COMMISSION, JOURNAL_ENTRY_LINE_TYPE,LINE_ORDER,ACCOUNTING_TREATMENT, AMOUNT_TYPE) values (701,7,NULL,0,0,'AR',0,'DEBIT','GROSS');
insert into JOURNAL_ENTRY_RULE (JOURNAL_ENTRY_RULE_ID, INVOICE_TYPE_ID,BILLING_SCENARIO_ID, PREBILL, COMMISSION, JOURNAL_ENTRY_LINE_TYPE,LINE_ORDER,ACCOUNTING_TREATMENT, AMOUNT_TYPE) values (702,7,NULL,0,0,'VAT',1,'CREDIT','VAT');
insert into JOURNAL_ENTRY_RULE (JOURNAL_ENTRY_RULE_ID, INVOICE_TYPE_ID,BILLING_SCENARIO_ID, PREBILL, COMMISSION, JOURNAL_ENTRY_LINE_TYPE,LINE_ORDER,ACCOUNTING_TREATMENT, AMOUNT_TYPE) values (703,7,NULL,0,0,'REVENUE',2,'CREDIT','NET');

insert into JOURNAL_ENTRY_RULE (JOURNAL_ENTRY_RULE_ID, INVOICE_TYPE_ID,BILLING_SCENARIO_ID, PREBILL, COMMISSION, JOURNAL_ENTRY_LINE_TYPE,LINE_ORDER,ACCOUNTING_TREATMENT, AMOUNT_TYPE) values (711,7,NULL,1,0,'AR',0,'DEBIT','GROSS');
insert into JOURNAL_ENTRY_RULE (JOURNAL_ENTRY_RULE_ID, INVOICE_TYPE_ID,BILLING_SCENARIO_ID, PREBILL, COMMISSION, JOURNAL_ENTRY_LINE_TYPE,LINE_ORDER,ACCOUNTING_TREATMENT, AMOUNT_TYPE) values (712,7,NULL,1,0,'VAT',1,'CREDIT','VAT');
insert into JOURNAL_ENTRY_RULE (JOURNAL_ENTRY_RULE_ID, INVOICE_TYPE_ID,BILLING_SCENARIO_ID, PREBILL, COMMISSION, JOURNAL_ENTRY_LINE_TYPE,LINE_ORDER,ACCOUNTING_TREATMENT, AMOUNT_TYPE) values (713,7,NULL,1,0,'DEFERRED_REV',2,'CREDIT','NET');

insert into JOURNAL_ENTRY_RULE (JOURNAL_ENTRY_RULE_ID, INVOICE_TYPE_ID,BILLING_SCENARIO_ID, PREBILL, COMMISSION, JOURNAL_ENTRY_LINE_TYPE,LINE_ORDER,ACCOUNTING_TREATMENT, AMOUNT_TYPE) values (721,7,1,0,1,'AR',0,'DEBIT','GROSS');
insert into JOURNAL_ENTRY_RULE (JOURNAL_ENTRY_RULE_ID, INVOICE_TYPE_ID,BILLING_SCENARIO_ID, PREBILL, COMMISSION, JOURNAL_ENTRY_LINE_TYPE,LINE_ORDER,ACCOUNTING_TREATMENT, AMOUNT_TYPE) values (722,7,1,0,1,'VAT',1,'CREDIT','VAT');
insert into JOURNAL_ENTRY_RULE (JOURNAL_ENTRY_RULE_ID, INVOICE_TYPE_ID,BILLING_SCENARIO_ID, PREBILL, COMMISSION, JOURNAL_ENTRY_LINE_TYPE,LINE_ORDER,ACCOUNTING_TREATMENT, AMOUNT_TYPE) values (723,7,1,0,1,'COMMISSION',2,'CREDIT','NET');

insert into JOURNAL_ENTRY_RULE (JOURNAL_ENTRY_RULE_ID, INVOICE_TYPE_ID,BILLING_SCENARIO_ID, PREBILL, COMMISSION, JOURNAL_ENTRY_LINE_TYPE,LINE_ORDER,ACCOUNTING_TREATMENT, AMOUNT_TYPE) values (724,7,4,0,1,'AR',0,'DEBIT','GROSS');
insert into JOURNAL_ENTRY_RULE (JOURNAL_ENTRY_RULE_ID, INVOICE_TYPE_ID,BILLING_SCENARIO_ID, PREBILL, COMMISSION, JOURNAL_ENTRY_LINE_TYPE,LINE_ORDER,ACCOUNTING_TREATMENT, AMOUNT_TYPE) values (725,7,4,0,1,'VAT',1,'CREDIT','VAT');
insert into JOURNAL_ENTRY_RULE (JOURNAL_ENTRY_RULE_ID, INVOICE_TYPE_ID,BILLING_SCENARIO_ID, PREBILL, COMMISSION, JOURNAL_ENTRY_LINE_TYPE,LINE_ORDER,ACCOUNTING_TREATMENT, AMOUNT_TYPE) values (726,7,4,0,1,'COMMISSION',2,'CREDIT','NET');

insert into JOURNAL_ENTRY_RULE (JOURNAL_ENTRY_RULE_ID, INVOICE_TYPE_ID,BILLING_SCENARIO_ID, PREBILL, COMMISSION, JOURNAL_ENTRY_LINE_TYPE,LINE_ORDER,ACCOUNTING_TREATMENT, AMOUNT_TYPE) values (731,7,6,0,0,'AR',0,'DEBIT','GROSS');
insert into JOURNAL_ENTRY_RULE (JOURNAL_ENTRY_RULE_ID, INVOICE_TYPE_ID,BILLING_SCENARIO_ID, PREBILL, COMMISSION, JOURNAL_ENTRY_LINE_TYPE,LINE_ORDER,ACCOUNTING_TREATMENT, AMOUNT_TYPE) values (732,7,6,0,0,'COMMISSION',1,'DEBIT','COMMISSION');
insert into JOURNAL_ENTRY_RULE (JOURNAL_ENTRY_RULE_ID, INVOICE_TYPE_ID,BILLING_SCENARIO_ID, PREBILL, COMMISSION, JOURNAL_ENTRY_LINE_TYPE,LINE_ORDER,ACCOUNTING_TREATMENT, AMOUNT_TYPE) values (733,7,6,0,0,'VAT',2,'CREDIT','VAT');
insert into JOURNAL_ENTRY_RULE (JOURNAL_ENTRY_RULE_ID, INVOICE_TYPE_ID,BILLING_SCENARIO_ID, PREBILL, COMMISSION, JOURNAL_ENTRY_LINE_TYPE,LINE_ORDER,ACCOUNTING_TREATMENT, AMOUNT_TYPE) values (734,7,6,0,0,'REVENUE',3,'CREDIT','UNIT_PRICE');

insert into JOURNAL_ENTRY_RULE (JOURNAL_ENTRY_RULE_ID, INVOICE_TYPE_ID,BILLING_SCENARIO_ID, PREBILL, COMMISSION, JOURNAL_ENTRY_LINE_TYPE,LINE_ORDER,ACCOUNTING_TREATMENT, AMOUNT_TYPE) values (741,7,6,1,0,'AR',0,'DEBIT','GROSS');
insert into JOURNAL_ENTRY_RULE (JOURNAL_ENTRY_RULE_ID, INVOICE_TYPE_ID,BILLING_SCENARIO_ID, PREBILL, COMMISSION, JOURNAL_ENTRY_LINE_TYPE,LINE_ORDER,ACCOUNTING_TREATMENT, AMOUNT_TYPE) values (742,7,6,1,0,'COMMISSION',1,'DEBIT','COMMISSION');
insert into JOURNAL_ENTRY_RULE (JOURNAL_ENTRY_RULE_ID, INVOICE_TYPE_ID,BILLING_SCENARIO_ID, PREBILL, COMMISSION, JOURNAL_ENTRY_LINE_TYPE,LINE_ORDER,ACCOUNTING_TREATMENT, AMOUNT_TYPE) values (743,7,6,1,0,'VAT',2,'CREDIT','VAT');
insert into JOURNAL_ENTRY_RULE (JOURNAL_ENTRY_RULE_ID, INVOICE_TYPE_ID,BILLING_SCENARIO_ID, PREBILL, COMMISSION, JOURNAL_ENTRY_LINE_TYPE,LINE_ORDER,ACCOUNTING_TREATMENT, AMOUNT_TYPE) values (744,7,6,1,0,'DEFERRED_REV',3,'CREDIT','NET');

insert into JOURNAL_ENTRY_RULE (JOURNAL_ENTRY_RULE_ID, INVOICE_TYPE_ID,BILLING_SCENARIO_ID, PREBILL, COMMISSION, JOURNAL_ENTRY_LINE_TYPE,LINE_ORDER,ACCOUNTING_TREATMENT, AMOUNT_TYPE) values (751,7,2,0,0,'AR',0,'DEBIT','GROSS');
insert into JOURNAL_ENTRY_RULE (JOURNAL_ENTRY_RULE_ID, INVOICE_TYPE_ID,BILLING_SCENARIO_ID, PREBILL, COMMISSION, JOURNAL_ENTRY_LINE_TYPE,LINE_ORDER,ACCOUNTING_TREATMENT, AMOUNT_TYPE) values (752,7,2,0,0,'VAT',1,'CREDIT','VAT');
insert into JOURNAL_ENTRY_RULE (JOURNAL_ENTRY_RULE_ID, INVOICE_TYPE_ID,BILLING_SCENARIO_ID, PREBILL, COMMISSION, JOURNAL_ENTRY_LINE_TYPE,LINE_ORDER,ACCOUNTING_TREATMENT, AMOUNT_TYPE) values (753,7,2,0,0,'REVENUE',2,'CREDIT','NET');
insert into JOURNAL_ENTRY_RULE (JOURNAL_ENTRY_RULE_ID, INVOICE_TYPE_ID,BILLING_SCENARIO_ID, PREBILL, COMMISSION, JOURNAL_ENTRY_LINE_TYPE,LINE_ORDER,ACCOUNTING_TREATMENT, AMOUNT_TYPE) values (754,7,2,0,0,'COMMISSION',3,'DEBIT','COMMISSION');
insert into JOURNAL_ENTRY_RULE (JOURNAL_ENTRY_RULE_ID, INVOICE_TYPE_ID,BILLING_SCENARIO_ID, PREBILL, COMMISSION, JOURNAL_ENTRY_LINE_TYPE,LINE_ORDER,ACCOUNTING_TREATMENT, AMOUNT_TYPE) values (755,7,2,0,0,'COMMISSION_LIABILITY',4,'CREDIT','COMMISSION');

insert into JOURNAL_ENTRY_RULE (JOURNAL_ENTRY_RULE_ID, INVOICE_TYPE_ID,BILLING_SCENARIO_ID, PREBILL, COMMISSION, JOURNAL_ENTRY_LINE_TYPE,LINE_ORDER,ACCOUNTING_TREATMENT, AMOUNT_TYPE) values (756,7,2,1,0,'AR',0,'DEBIT','NET_COMMISSION_FREE_PLUS_VAT');
insert into JOURNAL_ENTRY_RULE (JOURNAL_ENTRY_RULE_ID, INVOICE_TYPE_ID,BILLING_SCENARIO_ID, PREBILL, COMMISSION, JOURNAL_ENTRY_LINE_TYPE,LINE_ORDER,ACCOUNTING_TREATMENT, AMOUNT_TYPE) values (757,7,2,1,0,'VAT',1,'CREDIT','VAT');
insert into JOURNAL_ENTRY_RULE (JOURNAL_ENTRY_RULE_ID, INVOICE_TYPE_ID,BILLING_SCENARIO_ID, PREBILL, COMMISSION, JOURNAL_ENTRY_LINE_TYPE,LINE_ORDER,ACCOUNTING_TREATMENT, AMOUNT_TYPE) values (758,7,2,1,0,'DEFERRED_REV',2,'CREDIT','NET_COMMISSION_FREE');

insert into JOURNAL_ENTRY_RULE (JOURNAL_ENTRY_RULE_ID, INVOICE_TYPE_ID,BILLING_SCENARIO_ID, PREBILL, COMMISSION, JOURNAL_ENTRY_LINE_TYPE,LINE_ORDER,ACCOUNTING_TREATMENT, AMOUNT_TYPE) values (761,7,5,0,0,'AR',0,'DEBIT','GROSS');
insert into JOURNAL_ENTRY_RULE (JOURNAL_ENTRY_RULE_ID, INVOICE_TYPE_ID,BILLING_SCENARIO_ID, PREBILL, COMMISSION, JOURNAL_ENTRY_LINE_TYPE,LINE_ORDER,ACCOUNTING_TREATMENT, AMOUNT_TYPE) values (762,7,5,0,0,'VAT',1,'CREDIT','VAT');
insert into JOURNAL_ENTRY_RULE (JOURNAL_ENTRY_RULE_ID, INVOICE_TYPE_ID,BILLING_SCENARIO_ID, PREBILL, COMMISSION, JOURNAL_ENTRY_LINE_TYPE,LINE_ORDER,ACCOUNTING_TREATMENT, AMOUNT_TYPE) values (763,7,5,0,0,'REVENUE',2,'CREDIT','NET');
insert into JOURNAL_ENTRY_RULE (JOURNAL_ENTRY_RULE_ID, INVOICE_TYPE_ID,BILLING_SCENARIO_ID, PREBILL, COMMISSION, JOURNAL_ENTRY_LINE_TYPE,LINE_ORDER,ACCOUNTING_TREATMENT, AMOUNT_TYPE) values (764,7,5,0,0,'COMMISSION',3,'DEBIT','COMMISSION');
insert into JOURNAL_ENTRY_RULE (JOURNAL_ENTRY_RULE_ID, INVOICE_TYPE_ID,BILLING_SCENARIO_ID, PREBILL, COMMISSION, JOURNAL_ENTRY_LINE_TYPE,LINE_ORDER,ACCOUNTING_TREATMENT, AMOUNT_TYPE) values (765,7,5,0,0,'COMMISSION_LIABILITY',4,'CREDIT','COMMISSION');

insert into JOURNAL_ENTRY_RULE (JOURNAL_ENTRY_RULE_ID, INVOICE_TYPE_ID,BILLING_SCENARIO_ID, PREBILL, COMMISSION, JOURNAL_ENTRY_LINE_TYPE,LINE_ORDER,ACCOUNTING_TREATMENT, AMOUNT_TYPE) values (766,7,5,1,0,'AR',0,'DEBIT','NET_COMMISSION_FREE_PLUS_VAT');
insert into JOURNAL_ENTRY_RULE (JOURNAL_ENTRY_RULE_ID, INVOICE_TYPE_ID,BILLING_SCENARIO_ID, PREBILL, COMMISSION, JOURNAL_ENTRY_LINE_TYPE,LINE_ORDER,ACCOUNTING_TREATMENT, AMOUNT_TYPE) values (767,7,5,1,0,'VAT',1,'CREDIT','VAT');
insert into JOURNAL_ENTRY_RULE (JOURNAL_ENTRY_RULE_ID, INVOICE_TYPE_ID,BILLING_SCENARIO_ID, PREBILL, COMMISSION, JOURNAL_ENTRY_LINE_TYPE,LINE_ORDER,ACCOUNTING_TREATMENT, AMOUNT_TYPE) values (768,7,5,1,0,'DEFERRED_REV',2,'CREDIT','NET_COMMISSION_FREE');

--------
-- DB --
insert into JOURNAL_ENTRY_RULE (JOURNAL_ENTRY_RULE_ID, INVOICE_TYPE_ID,BILLING_SCENARIO_ID, PREBILL, COMMISSION, JOURNAL_ENTRY_LINE_TYPE,LINE_ORDER,ACCOUNTING_TREATMENT, AMOUNT_TYPE) values (801,8,NULL,0,0,'AR',0,'DEBIT','GROSS');
insert into JOURNAL_ENTRY_RULE (JOURNAL_ENTRY_RULE_ID, INVOICE_TYPE_ID,BILLING_SCENARIO_ID, PREBILL, COMMISSION, JOURNAL_ENTRY_LINE_TYPE,LINE_ORDER,ACCOUNTING_TREATMENT, AMOUNT_TYPE) values (802,8,NULL,0,0,'VAT',1,'CREDIT','VAT');
insert into JOURNAL_ENTRY_RULE (JOURNAL_ENTRY_RULE_ID, INVOICE_TYPE_ID,BILLING_SCENARIO_ID, PREBILL, COMMISSION, JOURNAL_ENTRY_LINE_TYPE,LINE_ORDER,ACCOUNTING_TREATMENT, AMOUNT_TYPE) values (803,8,NULL,0,0,'REVENUE',2,'CREDIT','NET');

insert into JOURNAL_ENTRY_RULE (JOURNAL_ENTRY_RULE_ID, INVOICE_TYPE_ID,BILLING_SCENARIO_ID, PREBILL, COMMISSION, JOURNAL_ENTRY_LINE_TYPE,LINE_ORDER,ACCOUNTING_TREATMENT, AMOUNT_TYPE) values (811,8,NULL,1,0,'AR',0,'DEBIT','GROSS');
insert into JOURNAL_ENTRY_RULE (JOURNAL_ENTRY_RULE_ID, INVOICE_TYPE_ID,BILLING_SCENARIO_ID, PREBILL, COMMISSION, JOURNAL_ENTRY_LINE_TYPE,LINE_ORDER,ACCOUNTING_TREATMENT, AMOUNT_TYPE) values (812,8,NULL,1,0,'VAT',1,'CREDIT','VAT');
insert into JOURNAL_ENTRY_RULE (JOURNAL_ENTRY_RULE_ID, INVOICE_TYPE_ID,BILLING_SCENARIO_ID, PREBILL, COMMISSION, JOURNAL_ENTRY_LINE_TYPE,LINE_ORDER,ACCOUNTING_TREATMENT, AMOUNT_TYPE) values (813,8,NULL,1,0,'DEFERRED_REV',2,'CREDIT','NET');

insert into JOURNAL_ENTRY_RULE (JOURNAL_ENTRY_RULE_ID, INVOICE_TYPE_ID,BILLING_SCENARIO_ID, PREBILL, COMMISSION, JOURNAL_ENTRY_LINE_TYPE,LINE_ORDER,ACCOUNTING_TREATMENT, AMOUNT_TYPE) values (821,8,1,0,1,'AR',0,'DEBIT','GROSS');
insert into JOURNAL_ENTRY_RULE (JOURNAL_ENTRY_RULE_ID, INVOICE_TYPE_ID,BILLING_SCENARIO_ID, PREBILL, COMMISSION, JOURNAL_ENTRY_LINE_TYPE,LINE_ORDER,ACCOUNTING_TREATMENT, AMOUNT_TYPE) values (822,8,1,0,1,'VAT',1,'CREDIT','VAT');
insert into JOURNAL_ENTRY_RULE (JOURNAL_ENTRY_RULE_ID, INVOICE_TYPE_ID,BILLING_SCENARIO_ID, PREBILL, COMMISSION, JOURNAL_ENTRY_LINE_TYPE,LINE_ORDER,ACCOUNTING_TREATMENT, AMOUNT_TYPE) values (823,8,1,0,1,'COMMISSION',2,'CREDIT','NET');

insert into JOURNAL_ENTRY_RULE (JOURNAL_ENTRY_RULE_ID, INVOICE_TYPE_ID,BILLING_SCENARIO_ID, PREBILL, COMMISSION, JOURNAL_ENTRY_LINE_TYPE,LINE_ORDER,ACCOUNTING_TREATMENT, AMOUNT_TYPE) values (824,8,4,0,1,'AR',0,'DEBIT','GROSS');
insert into JOURNAL_ENTRY_RULE (JOURNAL_ENTRY_RULE_ID, INVOICE_TYPE_ID,BILLING_SCENARIO_ID, PREBILL, COMMISSION, JOURNAL_ENTRY_LINE_TYPE,LINE_ORDER,ACCOUNTING_TREATMENT, AMOUNT_TYPE) values (825,8,4,0,1,'VAT',1,'CREDIT','VAT');
insert into JOURNAL_ENTRY_RULE (JOURNAL_ENTRY_RULE_ID, INVOICE_TYPE_ID,BILLING_SCENARIO_ID, PREBILL, COMMISSION, JOURNAL_ENTRY_LINE_TYPE,LINE_ORDER,ACCOUNTING_TREATMENT, AMOUNT_TYPE) values (826,8,4,0,1,'COMMISSION',2,'CREDIT','NET');

insert into JOURNAL_ENTRY_RULE (JOURNAL_ENTRY_RULE_ID, INVOICE_TYPE_ID,BILLING_SCENARIO_ID, PREBILL, COMMISSION, JOURNAL_ENTRY_LINE_TYPE,LINE_ORDER,ACCOUNTING_TREATMENT, AMOUNT_TYPE) values (831,8,6,0,0,'AR',0,'DEBIT','GROSS');
insert into JOURNAL_ENTRY_RULE (JOURNAL_ENTRY_RULE_ID, INVOICE_TYPE_ID,BILLING_SCENARIO_ID, PREBILL, COMMISSION, JOURNAL_ENTRY_LINE_TYPE,LINE_ORDER,ACCOUNTING_TREATMENT, AMOUNT_TYPE) values (832,8,6,0,0,'COMMISSION',1,'DEBIT','COMMISSION');
insert into JOURNAL_ENTRY_RULE (JOURNAL_ENTRY_RULE_ID, INVOICE_TYPE_ID,BILLING_SCENARIO_ID, PREBILL, COMMISSION, JOURNAL_ENTRY_LINE_TYPE,LINE_ORDER,ACCOUNTING_TREATMENT, AMOUNT_TYPE) values (833,8,6,0,0,'VAT',2,'CREDIT','VAT');
insert into JOURNAL_ENTRY_RULE (JOURNAL_ENTRY_RULE_ID, INVOICE_TYPE_ID,BILLING_SCENARIO_ID, PREBILL, COMMISSION, JOURNAL_ENTRY_LINE_TYPE,LINE_ORDER,ACCOUNTING_TREATMENT, AMOUNT_TYPE) values (834,8,6,0,0,'REVENUE',3,'CREDIT','UNIT_PRICE');

insert into JOURNAL_ENTRY_RULE (JOURNAL_ENTRY_RULE_ID, INVOICE_TYPE_ID,BILLING_SCENARIO_ID, PREBILL, COMMISSION, JOURNAL_ENTRY_LINE_TYPE,LINE_ORDER,ACCOUNTING_TREATMENT, AMOUNT_TYPE) values (841,8,6,1,0,'AR',0,'DEBIT','GROSS');
insert into JOURNAL_ENTRY_RULE (JOURNAL_ENTRY_RULE_ID, INVOICE_TYPE_ID,BILLING_SCENARIO_ID, PREBILL, COMMISSION, JOURNAL_ENTRY_LINE_TYPE,LINE_ORDER,ACCOUNTING_TREATMENT, AMOUNT_TYPE) values (842,8,6,1,0,'COMMISSION',1,'DEBIT','COMMISSION');
insert into JOURNAL_ENTRY_RULE (JOURNAL_ENTRY_RULE_ID, INVOICE_TYPE_ID,BILLING_SCENARIO_ID, PREBILL, COMMISSION, JOURNAL_ENTRY_LINE_TYPE,LINE_ORDER,ACCOUNTING_TREATMENT, AMOUNT_TYPE) values (843,8,6,1,0,'VAT',2,'CREDIT','VAT');
insert into JOURNAL_ENTRY_RULE (JOURNAL_ENTRY_RULE_ID, INVOICE_TYPE_ID,BILLING_SCENARIO_ID, PREBILL, COMMISSION, JOURNAL_ENTRY_LINE_TYPE,LINE_ORDER,ACCOUNTING_TREATMENT, AMOUNT_TYPE) values (844,8,6,1,0,'DEFERRED_REV',3,'CREDIT','NET');

insert into JOURNAL_ENTRY_RULE (JOURNAL_ENTRY_RULE_ID, INVOICE_TYPE_ID,BILLING_SCENARIO_ID, PREBILL, COMMISSION, JOURNAL_ENTRY_LINE_TYPE,LINE_ORDER,ACCOUNTING_TREATMENT, AMOUNT_TYPE) values (851,8,2,0,0,'AR',0,'DEBIT','GROSS');
insert into JOURNAL_ENTRY_RULE (JOURNAL_ENTRY_RULE_ID, INVOICE_TYPE_ID,BILLING_SCENARIO_ID, PREBILL, COMMISSION, JOURNAL_ENTRY_LINE_TYPE,LINE_ORDER,ACCOUNTING_TREATMENT, AMOUNT_TYPE) values (852,8,2,0,0,'VAT',1,'CREDIT','VAT');
insert into JOURNAL_ENTRY_RULE (JOURNAL_ENTRY_RULE_ID, INVOICE_TYPE_ID,BILLING_SCENARIO_ID, PREBILL, COMMISSION, JOURNAL_ENTRY_LINE_TYPE,LINE_ORDER,ACCOUNTING_TREATMENT, AMOUNT_TYPE) values (853,8,2,0,0,'REVENUE',2,'CREDIT','NET');
insert into JOURNAL_ENTRY_RULE (JOURNAL_ENTRY_RULE_ID, INVOICE_TYPE_ID,BILLING_SCENARIO_ID, PREBILL, COMMISSION, JOURNAL_ENTRY_LINE_TYPE,LINE_ORDER,ACCOUNTING_TREATMENT, AMOUNT_TYPE) values (854,8,2,0,0,'COMMISSION',3,'DEBIT','COMMISSION');
insert into JOURNAL_ENTRY_RULE (JOURNAL_ENTRY_RULE_ID, INVOICE_TYPE_ID,BILLING_SCENARIO_ID, PREBILL, COMMISSION, JOURNAL_ENTRY_LINE_TYPE,LINE_ORDER,ACCOUNTING_TREATMENT, AMOUNT_TYPE) values (855,8,2,0,0,'COMMISSION_LIABILITY',4,'CREDIT','COMMISSION');

insert into JOURNAL_ENTRY_RULE (JOURNAL_ENTRY_RULE_ID, INVOICE_TYPE_ID,BILLING_SCENARIO_ID, PREBILL, COMMISSION, JOURNAL_ENTRY_LINE_TYPE,LINE_ORDER,ACCOUNTING_TREATMENT, AMOUNT_TYPE) values (856,8,2,1,0,'AR',0,'DEBIT','NET_COMMISSION_FREE_PLUS_VAT');
insert into JOURNAL_ENTRY_RULE (JOURNAL_ENTRY_RULE_ID, INVOICE_TYPE_ID,BILLING_SCENARIO_ID, PREBILL, COMMISSION, JOURNAL_ENTRY_LINE_TYPE,LINE_ORDER,ACCOUNTING_TREATMENT, AMOUNT_TYPE) values (857,8,2,1,0,'VAT',1,'CREDIT','VAT');
insert into JOURNAL_ENTRY_RULE (JOURNAL_ENTRY_RULE_ID, INVOICE_TYPE_ID,BILLING_SCENARIO_ID, PREBILL, COMMISSION, JOURNAL_ENTRY_LINE_TYPE,LINE_ORDER,ACCOUNTING_TREATMENT, AMOUNT_TYPE) values (858,8,2,1,0,'DEFERRED_REV',2,'CREDIT','NET_COMMISSION_FREE');


insert into JOURNAL_ENTRY_RULE (JOURNAL_ENTRY_RULE_ID, INVOICE_TYPE_ID,BILLING_SCENARIO_ID, PREBILL, COMMISSION, JOURNAL_ENTRY_LINE_TYPE,LINE_ORDER,ACCOUNTING_TREATMENT, AMOUNT_TYPE) values (861,8,5,0,0,'AR',0,'DEBIT','GROSS');
insert into JOURNAL_ENTRY_RULE (JOURNAL_ENTRY_RULE_ID, INVOICE_TYPE_ID,BILLING_SCENARIO_ID, PREBILL, COMMISSION, JOURNAL_ENTRY_LINE_TYPE,LINE_ORDER,ACCOUNTING_TREATMENT, AMOUNT_TYPE) values (862,8,5,0,0,'VAT',1,'CREDIT','VAT');
insert into JOURNAL_ENTRY_RULE (JOURNAL_ENTRY_RULE_ID, INVOICE_TYPE_ID,BILLING_SCENARIO_ID, PREBILL, COMMISSION, JOURNAL_ENTRY_LINE_TYPE,LINE_ORDER,ACCOUNTING_TREATMENT, AMOUNT_TYPE) values (863,8,5,0,0,'REVENUE',2,'CREDIT','NET');
insert into JOURNAL_ENTRY_RULE (JOURNAL_ENTRY_RULE_ID, INVOICE_TYPE_ID,BILLING_SCENARIO_ID, PREBILL, COMMISSION, JOURNAL_ENTRY_LINE_TYPE,LINE_ORDER,ACCOUNTING_TREATMENT, AMOUNT_TYPE) values (864,8,5,0,0,'COMMISSION',3,'DEBIT','COMMISSION');
insert into JOURNAL_ENTRY_RULE (JOURNAL_ENTRY_RULE_ID, INVOICE_TYPE_ID,BILLING_SCENARIO_ID, PREBILL, COMMISSION, JOURNAL_ENTRY_LINE_TYPE,LINE_ORDER,ACCOUNTING_TREATMENT, AMOUNT_TYPE) values (865,8,5,0,0,'COMMISSION_LIABILITY',4,'CREDIT','COMMISSION');

insert into JOURNAL_ENTRY_RULE (JOURNAL_ENTRY_RULE_ID, INVOICE_TYPE_ID,BILLING_SCENARIO_ID, PREBILL, COMMISSION, JOURNAL_ENTRY_LINE_TYPE,LINE_ORDER,ACCOUNTING_TREATMENT, AMOUNT_TYPE) values (866,8,5,1,0,'AR',0,'DEBIT','NET_COMMISSION_FREE_PLUS_VAT');
insert into JOURNAL_ENTRY_RULE (JOURNAL_ENTRY_RULE_ID, INVOICE_TYPE_ID,BILLING_SCENARIO_ID, PREBILL, COMMISSION, JOURNAL_ENTRY_LINE_TYPE,LINE_ORDER,ACCOUNTING_TREATMENT, AMOUNT_TYPE) values (867,8,5,1,0,'VAT',1,'CREDIT','VAT');
insert into JOURNAL_ENTRY_RULE (JOURNAL_ENTRY_RULE_ID, INVOICE_TYPE_ID,BILLING_SCENARIO_ID, PREBILL, COMMISSION, JOURNAL_ENTRY_LINE_TYPE,LINE_ORDER,ACCOUNTING_TREATMENT, AMOUNT_TYPE) values (868,8,5,1,0,'DEFERRED_REV',2,'CREDIT','NET_COMMISSION_FREE');

--------
-- DE --
insert into JOURNAL_ENTRY_RULE (JOURNAL_ENTRY_RULE_ID, INVOICE_TYPE_ID,BILLING_SCENARIO_ID, PREBILL, COMMISSION, JOURNAL_ENTRY_LINE_TYPE,LINE_ORDER,ACCOUNTING_TREATMENT, AMOUNT_TYPE) values (901,9,NULL,0,0,'AR',0,'DEBIT','NET');
insert into JOURNAL_ENTRY_RULE (JOURNAL_ENTRY_RULE_ID, INVOICE_TYPE_ID,BILLING_SCENARIO_ID, PREBILL, COMMISSION, JOURNAL_ENTRY_LINE_TYPE,LINE_ORDER,ACCOUNTING_TREATMENT, AMOUNT_TYPE) values (903,9,NULL,0,0,'REVENUE',1,'CREDIT','NET');

insert into JOURNAL_ENTRY_RULE (JOURNAL_ENTRY_RULE_ID, INVOICE_TYPE_ID,BILLING_SCENARIO_ID, PREBILL, COMMISSION, JOURNAL_ENTRY_LINE_TYPE,LINE_ORDER,ACCOUNTING_TREATMENT, AMOUNT_TYPE) values (911,9,NULL,1,0,'AR',0,'DEBIT','NET');
insert into JOURNAL_ENTRY_RULE (JOURNAL_ENTRY_RULE_ID, INVOICE_TYPE_ID,BILLING_SCENARIO_ID, PREBILL, COMMISSION, JOURNAL_ENTRY_LINE_TYPE,LINE_ORDER,ACCOUNTING_TREATMENT, AMOUNT_TYPE) values (913,9,NULL,1,0,'DEFERRED_REV',1,'CREDIT','NET');

insert into JOURNAL_ENTRY_RULE (JOURNAL_ENTRY_RULE_ID, INVOICE_TYPE_ID,BILLING_SCENARIO_ID, PREBILL, COMMISSION, JOURNAL_ENTRY_LINE_TYPE,LINE_ORDER,ACCOUNTING_TREATMENT, AMOUNT_TYPE) values (921,9,1,0,1,'AR',0,'DEBIT','NET');
insert into JOURNAL_ENTRY_RULE (JOURNAL_ENTRY_RULE_ID, INVOICE_TYPE_ID,BILLING_SCENARIO_ID, PREBILL, COMMISSION, JOURNAL_ENTRY_LINE_TYPE,LINE_ORDER,ACCOUNTING_TREATMENT, AMOUNT_TYPE) values (923,9,1,0,1,'COMMISSION',1,'CREDIT','NET');

insert into JOURNAL_ENTRY_RULE (JOURNAL_ENTRY_RULE_ID, INVOICE_TYPE_ID,BILLING_SCENARIO_ID, PREBILL, COMMISSION, JOURNAL_ENTRY_LINE_TYPE,LINE_ORDER,ACCOUNTING_TREATMENT, AMOUNT_TYPE) values (924,9,4,0,1,'AR',0,'DEBIT','NET');
insert into JOURNAL_ENTRY_RULE (JOURNAL_ENTRY_RULE_ID, INVOICE_TYPE_ID,BILLING_SCENARIO_ID, PREBILL, COMMISSION, JOURNAL_ENTRY_LINE_TYPE,LINE_ORDER,ACCOUNTING_TREATMENT, AMOUNT_TYPE) values (926,9,4,0,1,'COMMISSION',1,'CREDIT','NET');

insert into JOURNAL_ENTRY_RULE (JOURNAL_ENTRY_RULE_ID, INVOICE_TYPE_ID,BILLING_SCENARIO_ID, PREBILL, COMMISSION, JOURNAL_ENTRY_LINE_TYPE,LINE_ORDER,ACCOUNTING_TREATMENT, AMOUNT_TYPE) values (931,9,6,0,0,'AR',0,'DEBIT','NET');
insert into JOURNAL_ENTRY_RULE (JOURNAL_ENTRY_RULE_ID, INVOICE_TYPE_ID,BILLING_SCENARIO_ID, PREBILL, COMMISSION, JOURNAL_ENTRY_LINE_TYPE,LINE_ORDER,ACCOUNTING_TREATMENT, AMOUNT_TYPE) values (932,9,6,0,0,'COMMISSION',1,'DEBIT','COMMISSION');
insert into JOURNAL_ENTRY_RULE (JOURNAL_ENTRY_RULE_ID, INVOICE_TYPE_ID,BILLING_SCENARIO_ID, PREBILL, COMMISSION, JOURNAL_ENTRY_LINE_TYPE,LINE_ORDER,ACCOUNTING_TREATMENT, AMOUNT_TYPE) values (934,9,6,0,0,'REVENUE',2,'CREDIT','UNIT_PRICE');

insert into JOURNAL_ENTRY_RULE (JOURNAL_ENTRY_RULE_ID, INVOICE_TYPE_ID,BILLING_SCENARIO_ID, PREBILL, COMMISSION, JOURNAL_ENTRY_LINE_TYPE,LINE_ORDER,ACCOUNTING_TREATMENT, AMOUNT_TYPE) values (941,9,6,1,0,'AR',0,'DEBIT','GROSS');
insert into JOURNAL_ENTRY_RULE (JOURNAL_ENTRY_RULE_ID, INVOICE_TYPE_ID,BILLING_SCENARIO_ID, PREBILL, COMMISSION, JOURNAL_ENTRY_LINE_TYPE,LINE_ORDER,ACCOUNTING_TREATMENT, AMOUNT_TYPE) values (942,9,6,1,0,'COMMISSION',1,'DEBIT','COMMISSION');
insert into JOURNAL_ENTRY_RULE (JOURNAL_ENTRY_RULE_ID, INVOICE_TYPE_ID,BILLING_SCENARIO_ID, PREBILL, COMMISSION, JOURNAL_ENTRY_LINE_TYPE,LINE_ORDER,ACCOUNTING_TREATMENT, AMOUNT_TYPE) values (944,9,6,1,0,'DEFERRED_REV',2,'CREDIT','NET');

insert into JOURNAL_ENTRY_RULE (JOURNAL_ENTRY_RULE_ID, INVOICE_TYPE_ID,BILLING_SCENARIO_ID, PREBILL, COMMISSION, JOURNAL_ENTRY_LINE_TYPE,LINE_ORDER,ACCOUNTING_TREATMENT, AMOUNT_TYPE) values (951,9,2,0,0,'AR',0,'DEBIT','NET');
insert into JOURNAL_ENTRY_RULE (JOURNAL_ENTRY_RULE_ID, INVOICE_TYPE_ID,BILLING_SCENARIO_ID, PREBILL, COMMISSION, JOURNAL_ENTRY_LINE_TYPE,LINE_ORDER,ACCOUNTING_TREATMENT, AMOUNT_TYPE) values (952,9,2,0,0,'REVENUE',1,'CREDIT','NET');
insert into JOURNAL_ENTRY_RULE (JOURNAL_ENTRY_RULE_ID, INVOICE_TYPE_ID,BILLING_SCENARIO_ID, PREBILL, COMMISSION, JOURNAL_ENTRY_LINE_TYPE,LINE_ORDER,ACCOUNTING_TREATMENT, AMOUNT_TYPE) values (953,9,2,0,0,'COMMISSION',2,'DEBIT','COMMISSION');
insert into JOURNAL_ENTRY_RULE (JOURNAL_ENTRY_RULE_ID, INVOICE_TYPE_ID,BILLING_SCENARIO_ID, PREBILL, COMMISSION, JOURNAL_ENTRY_LINE_TYPE,LINE_ORDER,ACCOUNTING_TREATMENT, AMOUNT_TYPE) values (954,9,2,0,0,'COMMISSION_LIABILITY',3,'CREDIT','COMMISSION');

insert into JOURNAL_ENTRY_RULE (JOURNAL_ENTRY_RULE_ID, INVOICE_TYPE_ID,BILLING_SCENARIO_ID, PREBILL, COMMISSION, JOURNAL_ENTRY_LINE_TYPE,LINE_ORDER,ACCOUNTING_TREATMENT, AMOUNT_TYPE) values (955,9,2,1,0,'AR',0,'DEBIT','NET_COMMISSION_FREE_PLUS_VAT');
insert into JOURNAL_ENTRY_RULE (JOURNAL_ENTRY_RULE_ID, INVOICE_TYPE_ID,BILLING_SCENARIO_ID, PREBILL, COMMISSION, JOURNAL_ENTRY_LINE_TYPE,LINE_ORDER,ACCOUNTING_TREATMENT, AMOUNT_TYPE) values (956,9,2,1,0,'DEFERRED_REV',1,'CREDIT','NET_COMMISSION_FREE');

insert into JOURNAL_ENTRY_RULE (JOURNAL_ENTRY_RULE_ID, INVOICE_TYPE_ID,BILLING_SCENARIO_ID, PREBILL, COMMISSION, JOURNAL_ENTRY_LINE_TYPE,LINE_ORDER,ACCOUNTING_TREATMENT, AMOUNT_TYPE) values (961,9,5,0,0,'AR',0,'DEBIT','NET');
insert into JOURNAL_ENTRY_RULE (JOURNAL_ENTRY_RULE_ID, INVOICE_TYPE_ID,BILLING_SCENARIO_ID, PREBILL, COMMISSION, JOURNAL_ENTRY_LINE_TYPE,LINE_ORDER,ACCOUNTING_TREATMENT, AMOUNT_TYPE) values (962,9,5,0,0,'REVENUE',1,'CREDIT','NET');
insert into JOURNAL_ENTRY_RULE (JOURNAL_ENTRY_RULE_ID, INVOICE_TYPE_ID,BILLING_SCENARIO_ID, PREBILL, COMMISSION, JOURNAL_ENTRY_LINE_TYPE,LINE_ORDER,ACCOUNTING_TREATMENT, AMOUNT_TYPE) values (963,9,5,0,0,'COMMISSION',2,'DEBIT','COMMISSION');
insert into JOURNAL_ENTRY_RULE (JOURNAL_ENTRY_RULE_ID, INVOICE_TYPE_ID,BILLING_SCENARIO_ID, PREBILL, COMMISSION, JOURNAL_ENTRY_LINE_TYPE,LINE_ORDER,ACCOUNTING_TREATMENT, AMOUNT_TYPE) values (964,9,5,0,0,'COMMISSION_LIABILITY',3,'CREDIT','COMMISSION');

insert into JOURNAL_ENTRY_RULE (JOURNAL_ENTRY_RULE_ID, INVOICE_TYPE_ID,BILLING_SCENARIO_ID, PREBILL, COMMISSION, JOURNAL_ENTRY_LINE_TYPE,LINE_ORDER,ACCOUNTING_TREATMENT, AMOUNT_TYPE) values (965,9,5,1,0,'AR',0,'DEBIT','NET_COMMISSION_FREE_PLUS_VAT');
insert into JOURNAL_ENTRY_RULE (JOURNAL_ENTRY_RULE_ID, INVOICE_TYPE_ID,BILLING_SCENARIO_ID, PREBILL, COMMISSION, JOURNAL_ENTRY_LINE_TYPE,LINE_ORDER,ACCOUNTING_TREATMENT, AMOUNT_TYPE) values (966,9,5,1,0,'DEFERRED_REV',1,'CREDIT','NET_COMMISSION_FREE');

---------
-- PBC --
insert into JOURNAL_ENTRY_RULE (JOURNAL_ENTRY_RULE_ID, INVOICE_TYPE_ID,BILLING_SCENARIO_ID, PREBILL, COMMISSION, JOURNAL_ENTRY_LINE_TYPE,LINE_ORDER,ACCOUNTING_TREATMENT, AMOUNT_TYPE) values (1071,10,7,0,0,'DEFERRED_REV',0,'DEBIT','NET_COMMISSION_FREE');
insert into JOURNAL_ENTRY_RULE (JOURNAL_ENTRY_RULE_ID, INVOICE_TYPE_ID,BILLING_SCENARIO_ID, PREBILL, COMMISSION, JOURNAL_ENTRY_LINE_TYPE,LINE_ORDER,ACCOUNTING_TREATMENT, AMOUNT_TYPE) values (1072,10,7,0,0,'REVENUE',1,'CREDIT','NET');
insert into JOURNAL_ENTRY_RULE (JOURNAL_ENTRY_RULE_ID, INVOICE_TYPE_ID,BILLING_SCENARIO_ID, PREBILL, COMMISSION, JOURNAL_ENTRY_LINE_TYPE,LINE_ORDER,ACCOUNTING_TREATMENT, AMOUNT_TYPE) values (1073,10,7,0,0,'COMMISSION',2,'DEBIT','COMMISSION');

insert into JOURNAL_ENTRY_RULE (JOURNAL_ENTRY_RULE_ID, INVOICE_TYPE_ID,BILLING_SCENARIO_ID, PREBILL, COMMISSION, JOURNAL_ENTRY_LINE_TYPE,LINE_ORDER,ACCOUNTING_TREATMENT, AMOUNT_TYPE) values (1091,10,9,0,0,'DEFERRED_REV',0,'DEBIT','NET_COMMISSION_FREE');
insert into JOURNAL_ENTRY_RULE (JOURNAL_ENTRY_RULE_ID, INVOICE_TYPE_ID,BILLING_SCENARIO_ID, PREBILL, COMMISSION, JOURNAL_ENTRY_LINE_TYPE,LINE_ORDER,ACCOUNTING_TREATMENT, AMOUNT_TYPE) values (1092,10,9,0,0,'COMMISSION',1,'DEBIT','COMMISSION');
insert into JOURNAL_ENTRY_RULE (JOURNAL_ENTRY_RULE_ID, INVOICE_TYPE_ID,BILLING_SCENARIO_ID, PREBILL, COMMISSION, JOURNAL_ENTRY_LINE_TYPE,LINE_ORDER,ACCOUNTING_TREATMENT, AMOUNT_TYPE) values (1093,10,9,0,0,'REVENUE',2,'CREDIT','NET');

----------
-- PBCR --
insert into JOURNAL_ENTRY_RULE (JOURNAL_ENTRY_RULE_ID, INVOICE_TYPE_ID,BILLING_SCENARIO_ID, PREBILL, COMMISSION, JOURNAL_ENTRY_LINE_TYPE,LINE_ORDER,ACCOUNTING_TREATMENT, AMOUNT_TYPE) values (1171,11,7,0,0,'REVENUE',0,'DEBIT','NET');
insert into JOURNAL_ENTRY_RULE (JOURNAL_ENTRY_RULE_ID, INVOICE_TYPE_ID,BILLING_SCENARIO_ID, PREBILL, COMMISSION, JOURNAL_ENTRY_LINE_TYPE,LINE_ORDER,ACCOUNTING_TREATMENT, AMOUNT_TYPE) values (1172,11,7,0,0,'DEFERRED_REV',1,'CREDIT','NET_COMMISSION_FREE');
insert into JOURNAL_ENTRY_RULE (JOURNAL_ENTRY_RULE_ID, INVOICE_TYPE_ID,BILLING_SCENARIO_ID, PREBILL, COMMISSION, JOURNAL_ENTRY_LINE_TYPE,LINE_ORDER,ACCOUNTING_TREATMENT, AMOUNT_TYPE) values (1173,11,7,0,0,'COMMISSION',2,'CREDIT','COMMISSION');

insert into JOURNAL_ENTRY_RULE (JOURNAL_ENTRY_RULE_ID, INVOICE_TYPE_ID,BILLING_SCENARIO_ID, PREBILL, COMMISSION, JOURNAL_ENTRY_LINE_TYPE,LINE_ORDER,ACCOUNTING_TREATMENT, AMOUNT_TYPE) values (1181,11,8,0,0,'REVENUE',0,'DEBIT','NET');
insert into JOURNAL_ENTRY_RULE (JOURNAL_ENTRY_RULE_ID, INVOICE_TYPE_ID,BILLING_SCENARIO_ID, PREBILL, COMMISSION, JOURNAL_ENTRY_LINE_TYPE,LINE_ORDER,ACCOUNTING_TREATMENT, AMOUNT_TYPE) values (1182,11,8,0,0,'DEFERRED_REV',1,'CREDIT','NET_COMMISSION_FREE');
insert into JOURNAL_ENTRY_RULE (JOURNAL_ENTRY_RULE_ID, INVOICE_TYPE_ID,BILLING_SCENARIO_ID, PREBILL, COMMISSION, JOURNAL_ENTRY_LINE_TYPE,LINE_ORDER,ACCOUNTING_TREATMENT, AMOUNT_TYPE) values (1193,11,8,0,0,'COMMISSION',2,'CREDIT','COMMISSION');


-- CoA Transaction Mapping
-- Company 331 - ON_AIR
insert into COA_TRANSACTION_MAPPING (COA_TRANSACTION_MAPPING_ID,COMPANY_ID,SERVICE_RECEIVED_TYPE_ID,PREBILL,ACCOUNT_ID,GEOGRAPHY_ID,PLATFORM_ID,DESCRIPTION,MODIFIED_BY,JOURNAL_ENTRY_LINE_TYPE,LINE_SUBTYPE) values (11,1,1,0,14,1,11,'AR Trade',null,'AR',null);
insert into COA_TRANSACTION_MAPPING (COA_TRANSACTION_MAPPING_ID,COMPANY_ID,SERVICE_RECEIVED_TYPE_ID,PREBILL,ACCOUNT_ID,GEOGRAPHY_ID,PLATFORM_ID,DESCRIPTION,MODIFIED_BY,JOURNAL_ENTRY_LINE_TYPE,LINE_SUBTYPE) values (12,1,1,0,111,1,11,'Local Ad. Revenue',null,'REVENUE','LOC');
insert into COA_TRANSACTION_MAPPING (COA_TRANSACTION_MAPPING_ID,COMPANY_ID,SERVICE_RECEIVED_TYPE_ID,PREBILL,ACCOUNT_ID,GEOGRAPHY_ID,PLATFORM_ID,DESCRIPTION,MODIFIED_BY,JOURNAL_ENTRY_LINE_TYPE,LINE_SUBTYPE) values (13,1,1,0,111,1,11,'Regional Ad. Revenue',null,'REVENUE','REG');
insert into COA_TRANSACTION_MAPPING (COA_TRANSACTION_MAPPING_ID,COMPANY_ID,SERVICE_RECEIVED_TYPE_ID,PREBILL,ACCOUNT_ID,GEOGRAPHY_ID,PLATFORM_ID,DESCRIPTION,MODIFIED_BY,JOURNAL_ENTRY_LINE_TYPE,LINE_SUBTYPE) values (14,1,1,0,111,1,11,'Intl. Advertising Revenue',null,'REVENUE','INT');
insert into COA_TRANSACTION_MAPPING (COA_TRANSACTION_MAPPING_ID,COMPANY_ID,SERVICE_RECEIVED_TYPE_ID,PREBILL,ACCOUNT_ID,GEOGRAPHY_ID,PLATFORM_ID,DESCRIPTION,MODIFIED_BY,JOURNAL_ENTRY_LINE_TYPE,LINE_SUBTYPE) values (15,1,1,0,13,1,11,'VAT Output',null,'VAT',null);
insert into COA_TRANSACTION_MAPPING (COA_TRANSACTION_MAPPING_ID,COMPANY_ID,SERVICE_RECEIVED_TYPE_ID,PREBILL,ACCOUNT_ID,GEOGRAPHY_ID,PLATFORM_ID,DESCRIPTION,MODIFIED_BY,JOURNAL_ENTRY_LINE_TYPE,LINE_SUBTYPE) values (16,1,1,0,11,1,11,'Agency Commission Fee',null,'COMMISSION','AGYCOM');
insert into COA_TRANSACTION_MAPPING (COA_TRANSACTION_MAPPING_ID,COMPANY_ID,SERVICE_RECEIVED_TYPE_ID,PREBILL,ACCOUNT_ID,GEOGRAPHY_ID,PLATFORM_ID,DESCRIPTION,MODIFIED_BY,JOURNAL_ENTRY_LINE_TYPE,LINE_SUBTYPE) values (17,1,1,0,110,1,11,'Incentive Commission',null,'COMMISSION','AGYINC');
insert into COA_TRANSACTION_MAPPING (COA_TRANSACTION_MAPPING_ID,COMPANY_ID,SERVICE_RECEIVED_TYPE_ID,PREBILL,ACCOUNT_ID,GEOGRAPHY_ID,PLATFORM_ID,DESCRIPTION,MODIFIED_BY,JOURNAL_ENTRY_LINE_TYPE,LINE_SUBTYPE) values (18,1,1,0,110,1,11,'Volume Bonus',null,'COMMISSION','AGYVOL');
insert into COA_TRANSACTION_MAPPING (COA_TRANSACTION_MAPPING_ID,COMPANY_ID,SERVICE_RECEIVED_TYPE_ID,PREBILL,ACCOUNT_ID,GEOGRAPHY_ID,PLATFORM_ID,DESCRIPTION,MODIFIED_BY,JOURNAL_ENTRY_LINE_TYPE,LINE_SUBTYPE) values (19,1,1,0,16,1,11,'Accrual for Agency Commission',null,'COMMISSION_LIABILITY',null);

-- Withholding
insert into COA_TRANSACTION_MAPPING (COA_TRANSACTION_MAPPING_ID,COMPANY_ID,SERVICE_RECEIVED_TYPE_ID,PREBILL,ACCOUNT_ID,GEOGRAPHY_ID,PLATFORM_ID,DESCRIPTION,MODIFIED_BY,JOURNAL_ENTRY_LINE_TYPE,LINE_SUBTYPE) values (20,1,1,0,120,1,11,'Withholding 1',null,'WITHHOLDING_DEBIT','WTH1');
insert into COA_TRANSACTION_MAPPING (COA_TRANSACTION_MAPPING_ID,COMPANY_ID,SERVICE_RECEIVED_TYPE_ID,PREBILL,ACCOUNT_ID,GEOGRAPHY_ID,PLATFORM_ID,DESCRIPTION,MODIFIED_BY,JOURNAL_ENTRY_LINE_TYPE,LINE_SUBTYPE) values (21,1,1,0,121,1,11,'Withholding 1',null,'WITHHOLDING_CREDIT','WTH1');

insert into COA_TRANSACTION_MAPPING (COA_TRANSACTION_MAPPING_ID,COMPANY_ID,SERVICE_RECEIVED_TYPE_ID,PREBILL,ACCOUNT_ID,GEOGRAPHY_ID,PLATFORM_ID,DESCRIPTION,MODIFIED_BY,JOURNAL_ENTRY_LINE_TYPE,LINE_SUBTYPE) values (23,1,1,0,122,1,11,'Withholding 2',null,'WITHHOLDING_DEBIT','WTH2');
insert into COA_TRANSACTION_MAPPING (COA_TRANSACTION_MAPPING_ID,COMPANY_ID,SERVICE_RECEIVED_TYPE_ID,PREBILL,ACCOUNT_ID,GEOGRAPHY_ID,PLATFORM_ID,DESCRIPTION,MODIFIED_BY,JOURNAL_ENTRY_LINE_TYPE,LINE_SUBTYPE) values (24,1,1,0,123,1,11,'Withholding 2',null,'WITHHOLDING_CREDIT','WTH2');

insert into COA_TRANSACTION_MAPPING (COA_TRANSACTION_MAPPING_ID,COMPANY_ID,SERVICE_RECEIVED_TYPE_ID,PREBILL,ACCOUNT_ID,GEOGRAPHY_ID,PLATFORM_ID,DESCRIPTION,MODIFIED_BY,JOURNAL_ENTRY_LINE_TYPE,LINE_SUBTYPE) values (111,1,1,1,14,1,11,'AR Trade',null,'AR',null);
insert into COA_TRANSACTION_MAPPING (COA_TRANSACTION_MAPPING_ID,COMPANY_ID,SERVICE_RECEIVED_TYPE_ID,PREBILL,ACCOUNT_ID,GEOGRAPHY_ID,PLATFORM_ID,DESCRIPTION,MODIFIED_BY,JOURNAL_ENTRY_LINE_TYPE,LINE_SUBTYPE) values (112,1,1,1,13,1,11,'VAT Output',null,'VAT',null);
insert into COA_TRANSACTION_MAPPING (COA_TRANSACTION_MAPPING_ID,COMPANY_ID,SERVICE_RECEIVED_TYPE_ID,PREBILL,ACCOUNT_ID,GEOGRAPHY_ID,PLATFORM_ID,DESCRIPTION,MODIFIED_BY,JOURNAL_ENTRY_LINE_TYPE,LINE_SUBTYPE) values (113,1,1,1,17,1,11,'Deferred Revenue',null,'DEFERRED_REV',null);
insert into COA_TRANSACTION_MAPPING (COA_TRANSACTION_MAPPING_ID,COMPANY_ID,SERVICE_RECEIVED_TYPE_ID,PREBILL,ACCOUNT_ID,GEOGRAPHY_ID,PLATFORM_ID,DESCRIPTION,MODIFIED_BY,JOURNAL_ENTRY_LINE_TYPE,LINE_SUBTYPE) values (114,1,1,0,17,1,11,'Deferred Revenue',null,'DEFERRED_REV',null);
insert into COA_TRANSACTION_MAPPING (COA_TRANSACTION_MAPPING_ID,COMPANY_ID,SERVICE_RECEIVED_TYPE_ID,PREBILL,ACCOUNT_ID,GEOGRAPHY_ID,PLATFORM_ID,DESCRIPTION,MODIFIED_BY,JOURNAL_ENTRY_LINE_TYPE,LINE_SUBTYPE) values (115,1,1,0,116,1,11,'Barter Revenue',null,'REVENUE','BARTER');
insert into COA_TRANSACTION_MAPPING (COA_TRANSACTION_MAPPING_ID,COMPANY_ID,SERVICE_RECEIVED_TYPE_ID,PREBILL,ACCOUNT_ID,GEOGRAPHY_ID,PLATFORM_ID,DESCRIPTION,MODIFIED_BY,JOURNAL_ENTRY_LINE_TYPE,LINE_SUBTYPE) values (116,1,1,1,11,1,11,'Agency Commission Fee',null,'COMMISSION','AGYCOM');
insert into COA_TRANSACTION_MAPPING (COA_TRANSACTION_MAPPING_ID,COMPANY_ID,SERVICE_RECEIVED_TYPE_ID,PREBILL,ACCOUNT_ID,GEOGRAPHY_ID,PLATFORM_ID,DESCRIPTION,MODIFIED_BY,JOURNAL_ENTRY_LINE_TYPE,LINE_SUBTYPE) values (117,1,1,1,110,1,11,'Incentive Commission',null,'COMMISSION','AGYINC');
insert into COA_TRANSACTION_MAPPING (COA_TRANSACTION_MAPPING_ID,COMPANY_ID,SERVICE_RECEIVED_TYPE_ID,PREBILL,ACCOUNT_ID,GEOGRAPHY_ID,PLATFORM_ID,DESCRIPTION,MODIFIED_BY,JOURNAL_ENTRY_LINE_TYPE,LINE_SUBTYPE) values (118,1,1,1,110,1,11,'Volume Bonus',null,'COMMISSION','AGYVOL');
insert into COA_TRANSACTION_MAPPING (COA_TRANSACTION_MAPPING_ID,COMPANY_ID,SERVICE_RECEIVED_TYPE_ID,PREBILL,ACCOUNT_ID,GEOGRAPHY_ID,PLATFORM_ID,DESCRIPTION,MODIFIED_BY,JOURNAL_ENTRY_LINE_TYPE,LINE_SUBTYPE) values (119,1,1,0,115,1,11,'Monthly Fee LAMAC',null,'REVENUE','LAMAC1');
insert into COA_TRANSACTION_MAPPING (COA_TRANSACTION_MAPPING_ID,COMPANY_ID,SERVICE_RECEIVED_TYPE_ID,PREBILL,ACCOUNT_ID,GEOGRAPHY_ID,PLATFORM_ID,DESCRIPTION,MODIFIED_BY,JOURNAL_ENTRY_LINE_TYPE,LINE_SUBTYPE) values (120,1,1,0,19,1,11,'Expenses paid on behalf LAMAC',null,'REVENUE','LAMAC2');

-- Withholding
insert into COA_TRANSACTION_MAPPING (COA_TRANSACTION_MAPPING_ID,COMPANY_ID,SERVICE_RECEIVED_TYPE_ID,PREBILL,ACCOUNT_ID,GEOGRAPHY_ID,PLATFORM_ID,DESCRIPTION,MODIFIED_BY,JOURNAL_ENTRY_LINE_TYPE,LINE_SUBTYPE) values (121,1,1,1,120,1,11,'Withholding 1',null,'WITHHOLDING_DEBIT','WTH1');
insert into COA_TRANSACTION_MAPPING (COA_TRANSACTION_MAPPING_ID,COMPANY_ID,SERVICE_RECEIVED_TYPE_ID,PREBILL,ACCOUNT_ID,GEOGRAPHY_ID,PLATFORM_ID,DESCRIPTION,MODIFIED_BY,JOURNAL_ENTRY_LINE_TYPE,LINE_SUBTYPE) values (122,1,1,1,121,1,11,'Withholding 1',null,'WITHHOLDING_CREDIT','WTH1');

insert into COA_TRANSACTION_MAPPING (COA_TRANSACTION_MAPPING_ID,COMPANY_ID,SERVICE_RECEIVED_TYPE_ID,PREBILL,ACCOUNT_ID,GEOGRAPHY_ID,PLATFORM_ID,DESCRIPTION,MODIFIED_BY,JOURNAL_ENTRY_LINE_TYPE,LINE_SUBTYPE) values (123,1,1,1,122,1,11,'Withholding 2',null,'WITHHOLDING_DEBIT','WTH2');
insert into COA_TRANSACTION_MAPPING (COA_TRANSACTION_MAPPING_ID,COMPANY_ID,SERVICE_RECEIVED_TYPE_ID,PREBILL,ACCOUNT_ID,GEOGRAPHY_ID,PLATFORM_ID,DESCRIPTION,MODIFIED_BY,JOURNAL_ENTRY_LINE_TYPE,LINE_SUBTYPE) values (124,1,1,1,123,1,11,'Withholding 2',null,'WITHHOLDING_CREDIT','WTH2');

-- 331 - DIGITAL
insert into COA_TRANSACTION_MAPPING (COA_TRANSACTION_MAPPING_ID,COMPANY_ID,SERVICE_RECEIVED_TYPE_ID,PREBILL,ACCOUNT_ID,GEOGRAPHY_ID,PLATFORM_ID,DESCRIPTION,MODIFIED_BY,JOURNAL_ENTRY_LINE_TYPE,LINE_SUBTYPE) values (131,1,2,0,14,1,12,'AR Trade',null,'AR',null);
insert into COA_TRANSACTION_MAPPING (COA_TRANSACTION_MAPPING_ID,COMPANY_ID,SERVICE_RECEIVED_TYPE_ID,PREBILL,ACCOUNT_ID,GEOGRAPHY_ID,PLATFORM_ID,DESCRIPTION,MODIFIED_BY,JOURNAL_ENTRY_LINE_TYPE,LINE_SUBTYPE) values (132,1,2,0,12,1,12,'Digital (Online) Ad Sales',null,'REVENUE',null);
insert into COA_TRANSACTION_MAPPING (COA_TRANSACTION_MAPPING_ID,COMPANY_ID,SERVICE_RECEIVED_TYPE_ID,PREBILL,ACCOUNT_ID,GEOGRAPHY_ID,PLATFORM_ID,DESCRIPTION,MODIFIED_BY,JOURNAL_ENTRY_LINE_TYPE,LINE_SUBTYPE) values (133,1,2,0,13,1,12,'VAT Output',null,'VAT',null);
insert into COA_TRANSACTION_MAPPING (COA_TRANSACTION_MAPPING_ID,COMPANY_ID,SERVICE_RECEIVED_TYPE_ID,PREBILL,ACCOUNT_ID,GEOGRAPHY_ID,PLATFORM_ID,DESCRIPTION,MODIFIED_BY,JOURNAL_ENTRY_LINE_TYPE,LINE_SUBTYPE) values (134,1,2,0,11,1,12,'Agency Commission Fee',null,'COMMISSION','AGYCOM');
insert into COA_TRANSACTION_MAPPING (COA_TRANSACTION_MAPPING_ID,COMPANY_ID,SERVICE_RECEIVED_TYPE_ID,PREBILL,ACCOUNT_ID,GEOGRAPHY_ID,PLATFORM_ID,DESCRIPTION,MODIFIED_BY,JOURNAL_ENTRY_LINE_TYPE,LINE_SUBTYPE) values (135,1,2,0,110,1,12,'Incentive Commission',null,'COMMISSION','AGYINC');
insert into COA_TRANSACTION_MAPPING (COA_TRANSACTION_MAPPING_ID,COMPANY_ID,SERVICE_RECEIVED_TYPE_ID,PREBILL,ACCOUNT_ID,GEOGRAPHY_ID,PLATFORM_ID,DESCRIPTION,MODIFIED_BY,JOURNAL_ENTRY_LINE_TYPE,LINE_SUBTYPE) values (136,1,2,0,110,1,12,'Volume Bonus',null,'COMMISSION','AGYVOL');
insert into COA_TRANSACTION_MAPPING (COA_TRANSACTION_MAPPING_ID,COMPANY_ID,SERVICE_RECEIVED_TYPE_ID,PREBILL,ACCOUNT_ID,GEOGRAPHY_ID,PLATFORM_ID,DESCRIPTION,MODIFIED_BY,JOURNAL_ENTRY_LINE_TYPE,LINE_SUBTYPE) values (137,1,2,0,16,1,12,'Accrual for Agency Commission',null,'COMMISSION_LIABILITY',null);
insert into COA_TRANSACTION_MAPPING (COA_TRANSACTION_MAPPING_ID,COMPANY_ID,SERVICE_RECEIVED_TYPE_ID,PREBILL,ACCOUNT_ID,GEOGRAPHY_ID,PLATFORM_ID,DESCRIPTION,MODIFIED_BY,JOURNAL_ENTRY_LINE_TYPE,LINE_SUBTYPE) values (138,1,2,1,14,1,12,'AR Trade',null,'AR',null);
insert into COA_TRANSACTION_MAPPING (COA_TRANSACTION_MAPPING_ID,COMPANY_ID,SERVICE_RECEIVED_TYPE_ID,PREBILL,ACCOUNT_ID,GEOGRAPHY_ID,PLATFORM_ID,DESCRIPTION,MODIFIED_BY,JOURNAL_ENTRY_LINE_TYPE,LINE_SUBTYPE) values (139,1,2,1,13,1,12,'VAT Output',null,'VAT',null);
insert into COA_TRANSACTION_MAPPING (COA_TRANSACTION_MAPPING_ID,COMPANY_ID,SERVICE_RECEIVED_TYPE_ID,PREBILL,ACCOUNT_ID,GEOGRAPHY_ID,PLATFORM_ID,DESCRIPTION,MODIFIED_BY,JOURNAL_ENTRY_LINE_TYPE,LINE_SUBTYPE) values (140,1,2,1,17,1,12,'Deferred Revenue',null,'DEFERRED_REV',null);

insert into COA_TRANSACTION_MAPPING (COA_TRANSACTION_MAPPING_ID,COMPANY_ID,SERVICE_RECEIVED_TYPE_ID,PREBILL,ACCOUNT_ID,GEOGRAPHY_ID,PLATFORM_ID,DESCRIPTION,MODIFIED_BY,JOURNAL_ENTRY_LINE_TYPE,LINE_SUBTYPE) values (1141,1,2,0,17,1,12,'Deferred Revenue',null,'DEFERRED_REV',null);

insert into COA_TRANSACTION_MAPPING (COA_TRANSACTION_MAPPING_ID,COMPANY_ID,SERVICE_RECEIVED_TYPE_ID,PREBILL,ACCOUNT_ID,GEOGRAPHY_ID,PLATFORM_ID,DESCRIPTION,MODIFIED_BY,JOURNAL_ENTRY_LINE_TYPE,LINE_SUBTYPE) values (141,1,2,1,11,1,12,'Agency Commission Fee',null,'COMMISSION','AGYCOM');
insert into COA_TRANSACTION_MAPPING (COA_TRANSACTION_MAPPING_ID,COMPANY_ID,SERVICE_RECEIVED_TYPE_ID,PREBILL,ACCOUNT_ID,GEOGRAPHY_ID,PLATFORM_ID,DESCRIPTION,MODIFIED_BY,JOURNAL_ENTRY_LINE_TYPE,LINE_SUBTYPE) values (142,1,2,1,110,1,12,'Incentive Commission',null,'COMMISSION','AGYINC');
insert into COA_TRANSACTION_MAPPING (COA_TRANSACTION_MAPPING_ID,COMPANY_ID,SERVICE_RECEIVED_TYPE_ID,PREBILL,ACCOUNT_ID,GEOGRAPHY_ID,PLATFORM_ID,DESCRIPTION,MODIFIED_BY,JOURNAL_ENTRY_LINE_TYPE,LINE_SUBTYPE) values (143,1,2,1,110,1,12,'Volume Bonus',null,'COMMISSION','AGYVOL');
insert into COA_TRANSACTION_MAPPING (COA_TRANSACTION_MAPPING_ID,COMPANY_ID,SERVICE_RECEIVED_TYPE_ID,PREBILL,ACCOUNT_ID,GEOGRAPHY_ID,PLATFORM_ID,DESCRIPTION,MODIFIED_BY,JOURNAL_ENTRY_LINE_TYPE,LINE_SUBTYPE) values (144,1,2,0,115,1,12,'Monthly Fee LAMAC',null,'REVENUE','LAMAC1');
insert into COA_TRANSACTION_MAPPING (COA_TRANSACTION_MAPPING_ID,COMPANY_ID,SERVICE_RECEIVED_TYPE_ID,PREBILL,ACCOUNT_ID,GEOGRAPHY_ID,PLATFORM_ID,DESCRIPTION,MODIFIED_BY,JOURNAL_ENTRY_LINE_TYPE,LINE_SUBTYPE) values (145,1,2,0,19,1,12,'Expenses paid on behalf LAMAC',null,'REVENUE','LAMAC2');

-- Withholding
insert into COA_TRANSACTION_MAPPING (COA_TRANSACTION_MAPPING_ID,COMPANY_ID,SERVICE_RECEIVED_TYPE_ID,PREBILL,ACCOUNT_ID,GEOGRAPHY_ID,PLATFORM_ID,DESCRIPTION,MODIFIED_BY,JOURNAL_ENTRY_LINE_TYPE,LINE_SUBTYPE) values (146,1,2,0,120,1,12,'Withholding 1',null,'WITHHOLDING_DEBIT','WTH1');
insert into COA_TRANSACTION_MAPPING (COA_TRANSACTION_MAPPING_ID,COMPANY_ID,SERVICE_RECEIVED_TYPE_ID,PREBILL,ACCOUNT_ID,GEOGRAPHY_ID,PLATFORM_ID,DESCRIPTION,MODIFIED_BY,JOURNAL_ENTRY_LINE_TYPE,LINE_SUBTYPE) values (147,1,2,0,121,1,12,'Withholding 1',null,'WITHHOLDING_CREDIT','WTH1');

insert into COA_TRANSACTION_MAPPING (COA_TRANSACTION_MAPPING_ID,COMPANY_ID,SERVICE_RECEIVED_TYPE_ID,PREBILL,ACCOUNT_ID,GEOGRAPHY_ID,PLATFORM_ID,DESCRIPTION,MODIFIED_BY,JOURNAL_ENTRY_LINE_TYPE,LINE_SUBTYPE) values (148,1,2,0,122,1,12,'Withholding 2',null,'WITHHOLDING_DEBIT','WTH2');
insert into COA_TRANSACTION_MAPPING (COA_TRANSACTION_MAPPING_ID,COMPANY_ID,SERVICE_RECEIVED_TYPE_ID,PREBILL,ACCOUNT_ID,GEOGRAPHY_ID,PLATFORM_ID,DESCRIPTION,MODIFIED_BY,JOURNAL_ENTRY_LINE_TYPE,LINE_SUBTYPE) values (149,1,2,0,123,1,12,'Withholding 2',null,'WITHHOLDING_CREDIT','WTH2');

--  331 - LICENSING
insert into COA_TRANSACTION_MAPPING (COA_TRANSACTION_MAPPING_ID,COMPANY_ID,SERVICE_RECEIVED_TYPE_ID,PREBILL,ACCOUNT_ID,GEOGRAPHY_ID,PLATFORM_ID,DESCRIPTION,MODIFIED_BY,JOURNAL_ENTRY_LINE_TYPE,LINE_SUBTYPE) values (151,1,3,0,14,1,13,'AR Trade',null,'AR',null);
insert into COA_TRANSACTION_MAPPING (COA_TRANSACTION_MAPPING_ID,COMPANY_ID,SERVICE_RECEIVED_TYPE_ID,PREBILL,ACCOUNT_ID,GEOGRAPHY_ID,PLATFORM_ID,DESCRIPTION,MODIFIED_BY,JOURNAL_ENTRY_LINE_TYPE,LINE_SUBTYPE) values (152,1,3,0,113,1,13,'Licensing Revenue',null,'REVENUE',null);
insert into COA_TRANSACTION_MAPPING (COA_TRANSACTION_MAPPING_ID,COMPANY_ID,SERVICE_RECEIVED_TYPE_ID,PREBILL,ACCOUNT_ID,GEOGRAPHY_ID,PLATFORM_ID,DESCRIPTION,MODIFIED_BY,JOURNAL_ENTRY_LINE_TYPE,LINE_SUBTYPE) values (153,1,3,0,13,1,13,'VAT Output',null,'VAT',null);
insert into COA_TRANSACTION_MAPPING (COA_TRANSACTION_MAPPING_ID,COMPANY_ID,SERVICE_RECEIVED_TYPE_ID,PREBILL,ACCOUNT_ID,GEOGRAPHY_ID,PLATFORM_ID,DESCRIPTION,MODIFIED_BY,JOURNAL_ENTRY_LINE_TYPE,LINE_SUBTYPE) values (154,1,3,0,11,1,13,'Agency Commission Fee',null,'COMMISSION','AGYCOM');
insert into COA_TRANSACTION_MAPPING (COA_TRANSACTION_MAPPING_ID,COMPANY_ID,SERVICE_RECEIVED_TYPE_ID,PREBILL,ACCOUNT_ID,GEOGRAPHY_ID,PLATFORM_ID,DESCRIPTION,MODIFIED_BY,JOURNAL_ENTRY_LINE_TYPE,LINE_SUBTYPE) values (155,1,3,0,110,1,13,'Incentive Commission',null,'COMMISSION','AGYINC');
insert into COA_TRANSACTION_MAPPING (COA_TRANSACTION_MAPPING_ID,COMPANY_ID,SERVICE_RECEIVED_TYPE_ID,PREBILL,ACCOUNT_ID,GEOGRAPHY_ID,PLATFORM_ID,DESCRIPTION,MODIFIED_BY,JOURNAL_ENTRY_LINE_TYPE,LINE_SUBTYPE) values (156,1,3,0,110,1,13,'Volume Bonus',null,'COMMISSION','AGYVOL');
insert into COA_TRANSACTION_MAPPING (COA_TRANSACTION_MAPPING_ID,COMPANY_ID,SERVICE_RECEIVED_TYPE_ID,PREBILL,ACCOUNT_ID,GEOGRAPHY_ID,PLATFORM_ID,DESCRIPTION,MODIFIED_BY,JOURNAL_ENTRY_LINE_TYPE,LINE_SUBTYPE) values (157,1,3,0,16,1,13,'Accrual for Agency Commission',null,'COMMISSION_LIABILITY',null);
insert into COA_TRANSACTION_MAPPING (COA_TRANSACTION_MAPPING_ID,COMPANY_ID,SERVICE_RECEIVED_TYPE_ID,PREBILL,ACCOUNT_ID,GEOGRAPHY_ID,PLATFORM_ID,DESCRIPTION,MODIFIED_BY,JOURNAL_ENTRY_LINE_TYPE,LINE_SUBTYPE) values (158,1,3,1,14,1,13,'AR Trade',null,'AR',null);
insert into COA_TRANSACTION_MAPPING (COA_TRANSACTION_MAPPING_ID,COMPANY_ID,SERVICE_RECEIVED_TYPE_ID,PREBILL,ACCOUNT_ID,GEOGRAPHY_ID,PLATFORM_ID,DESCRIPTION,MODIFIED_BY,JOURNAL_ENTRY_LINE_TYPE,LINE_SUBTYPE) values (159,1,3,1,13,1,13,'VAT Output',null,'VAT',null);
insert into COA_TRANSACTION_MAPPING (COA_TRANSACTION_MAPPING_ID,COMPANY_ID,SERVICE_RECEIVED_TYPE_ID,PREBILL,ACCOUNT_ID,GEOGRAPHY_ID,PLATFORM_ID,DESCRIPTION,MODIFIED_BY,JOURNAL_ENTRY_LINE_TYPE,LINE_SUBTYPE) values (160,1,3,1,17,1,13,'Deferred Revenue',null,'DEFERRED_REV',null);

insert into COA_TRANSACTION_MAPPING (COA_TRANSACTION_MAPPING_ID,COMPANY_ID,SERVICE_RECEIVED_TYPE_ID,PREBILL,ACCOUNT_ID,GEOGRAPHY_ID,PLATFORM_ID,DESCRIPTION,MODIFIED_BY,JOURNAL_ENTRY_LINE_TYPE,LINE_SUBTYPE) values (1161,1,3,0,17,1,13,'Deferred Revenue',null,'DEFERRED_REV',null);

insert into COA_TRANSACTION_MAPPING (COA_TRANSACTION_MAPPING_ID,COMPANY_ID,SERVICE_RECEIVED_TYPE_ID,PREBILL,ACCOUNT_ID,GEOGRAPHY_ID,PLATFORM_ID,DESCRIPTION,MODIFIED_BY,JOURNAL_ENTRY_LINE_TYPE,LINE_SUBTYPE) values (161,1,3,1,11,1,13,'Agency Commission Fee',null,'COMMISSION','AGYCOM');
insert into COA_TRANSACTION_MAPPING (COA_TRANSACTION_MAPPING_ID,COMPANY_ID,SERVICE_RECEIVED_TYPE_ID,PREBILL,ACCOUNT_ID,GEOGRAPHY_ID,PLATFORM_ID,DESCRIPTION,MODIFIED_BY,JOURNAL_ENTRY_LINE_TYPE,LINE_SUBTYPE) values (162,1,3,1,110,1,13,'Incentive Commission',null,'COMMISSION','AGYINC');
insert into COA_TRANSACTION_MAPPING (COA_TRANSACTION_MAPPING_ID,COMPANY_ID,SERVICE_RECEIVED_TYPE_ID,PREBILL,ACCOUNT_ID,GEOGRAPHY_ID,PLATFORM_ID,DESCRIPTION,MODIFIED_BY,JOURNAL_ENTRY_LINE_TYPE,LINE_SUBTYPE) values (163,1,3,1,110,1,13,'Volume Bonus',null,'COMMISSION','AGYVOL');
insert into COA_TRANSACTION_MAPPING (COA_TRANSACTION_MAPPING_ID,COMPANY_ID,SERVICE_RECEIVED_TYPE_ID,PREBILL,ACCOUNT_ID,GEOGRAPHY_ID,PLATFORM_ID,DESCRIPTION,MODIFIED_BY,JOURNAL_ENTRY_LINE_TYPE,LINE_SUBTYPE) values (164,1,3,0,115,1,13,'Monthly Fee LAMAC',null,'REVENUE','LAMAC1');
insert into COA_TRANSACTION_MAPPING (COA_TRANSACTION_MAPPING_ID,COMPANY_ID,SERVICE_RECEIVED_TYPE_ID,PREBILL,ACCOUNT_ID,GEOGRAPHY_ID,PLATFORM_ID,DESCRIPTION,MODIFIED_BY,JOURNAL_ENTRY_LINE_TYPE,LINE_SUBTYPE) values (165,1,3,0,19,1,13,'Expenses paid on behalf LAMAC',null,'REVENUE','LAMAC2');
--  331 - MISCELLANEOUS	
insert into COA_TRANSACTION_MAPPING (COA_TRANSACTION_MAPPING_ID,COMPANY_ID,SERVICE_RECEIVED_TYPE_ID,PREBILL,ACCOUNT_ID,GEOGRAPHY_ID,PLATFORM_ID,DESCRIPTION,MODIFIED_BY,JOURNAL_ENTRY_LINE_TYPE,LINE_SUBTYPE) values (171,1,4,0,14,1,14,'AR Trade',null,'AR',null);
insert into COA_TRANSACTION_MAPPING (COA_TRANSACTION_MAPPING_ID,COMPANY_ID,SERVICE_RECEIVED_TYPE_ID,PREBILL,ACCOUNT_ID,GEOGRAPHY_ID,PLATFORM_ID,DESCRIPTION,MODIFIED_BY,JOURNAL_ENTRY_LINE_TYPE,LINE_SUBTYPE) values (172,1,4,0,114,1,14,'Other Revenue',null,'REVENUE',null);
insert into COA_TRANSACTION_MAPPING (COA_TRANSACTION_MAPPING_ID,COMPANY_ID,SERVICE_RECEIVED_TYPE_ID,PREBILL,ACCOUNT_ID,GEOGRAPHY_ID,PLATFORM_ID,DESCRIPTION,MODIFIED_BY,JOURNAL_ENTRY_LINE_TYPE,LINE_SUBTYPE) values (173,1,4,0,13,1,14,'VAT Output',null,'VAT',null);
insert into COA_TRANSACTION_MAPPING (COA_TRANSACTION_MAPPING_ID,COMPANY_ID,SERVICE_RECEIVED_TYPE_ID,PREBILL,ACCOUNT_ID,GEOGRAPHY_ID,PLATFORM_ID,DESCRIPTION,MODIFIED_BY,JOURNAL_ENTRY_LINE_TYPE,LINE_SUBTYPE) values (174,1,4,0,11,1,14,'Agency Commission Fee',null,'COMMISSION','AGYCOM');
insert into COA_TRANSACTION_MAPPING (COA_TRANSACTION_MAPPING_ID,COMPANY_ID,SERVICE_RECEIVED_TYPE_ID,PREBILL,ACCOUNT_ID,GEOGRAPHY_ID,PLATFORM_ID,DESCRIPTION,MODIFIED_BY,JOURNAL_ENTRY_LINE_TYPE,LINE_SUBTYPE) values (175,1,4,0,110,1,14,'Incentive Commission',null,'COMMISSION','AGYINC');
insert into COA_TRANSACTION_MAPPING (COA_TRANSACTION_MAPPING_ID,COMPANY_ID,SERVICE_RECEIVED_TYPE_ID,PREBILL,ACCOUNT_ID,GEOGRAPHY_ID,PLATFORM_ID,DESCRIPTION,MODIFIED_BY,JOURNAL_ENTRY_LINE_TYPE,LINE_SUBTYPE) values (176,1,4,0,110,1,14,'Volume Bonus',null,'COMMISSION','AGYVOL');
insert into COA_TRANSACTION_MAPPING (COA_TRANSACTION_MAPPING_ID,COMPANY_ID,SERVICE_RECEIVED_TYPE_ID,PREBILL,ACCOUNT_ID,GEOGRAPHY_ID,PLATFORM_ID,DESCRIPTION,MODIFIED_BY,JOURNAL_ENTRY_LINE_TYPE,LINE_SUBTYPE) values (177,1,4,0,16,1,14,'Accrual for Agency Commission',null,'COMMISSION_LIABILITY',null);
insert into COA_TRANSACTION_MAPPING (COA_TRANSACTION_MAPPING_ID,COMPANY_ID,SERVICE_RECEIVED_TYPE_ID,PREBILL,ACCOUNT_ID,GEOGRAPHY_ID,PLATFORM_ID,DESCRIPTION,MODIFIED_BY,JOURNAL_ENTRY_LINE_TYPE,LINE_SUBTYPE) values (178,1,4,1,14,1,14,'AR Trade',null,'AR',null);
insert into COA_TRANSACTION_MAPPING (COA_TRANSACTION_MAPPING_ID,COMPANY_ID,SERVICE_RECEIVED_TYPE_ID,PREBILL,ACCOUNT_ID,GEOGRAPHY_ID,PLATFORM_ID,DESCRIPTION,MODIFIED_BY,JOURNAL_ENTRY_LINE_TYPE,LINE_SUBTYPE) values (179,1,4,1,13,1,14,'VAT Output',null,'VAT',null);
insert into COA_TRANSACTION_MAPPING (COA_TRANSACTION_MAPPING_ID,COMPANY_ID,SERVICE_RECEIVED_TYPE_ID,PREBILL,ACCOUNT_ID,GEOGRAPHY_ID,PLATFORM_ID,DESCRIPTION,MODIFIED_BY,JOURNAL_ENTRY_LINE_TYPE,LINE_SUBTYPE) values (180,1,4,1,17,1,14,'Deferred Revenue',null,'DEFERRED_REV',null);

insert into COA_TRANSACTION_MAPPING (COA_TRANSACTION_MAPPING_ID,COMPANY_ID,SERVICE_RECEIVED_TYPE_ID,PREBILL,ACCOUNT_ID,GEOGRAPHY_ID,PLATFORM_ID,DESCRIPTION,MODIFIED_BY,JOURNAL_ENTRY_LINE_TYPE,LINE_SUBTYPE) values (1181,1,4,0,17,1,14,'Deferred Revenue',null,'DEFERRED_REV',null);

insert into COA_TRANSACTION_MAPPING (COA_TRANSACTION_MAPPING_ID,COMPANY_ID,SERVICE_RECEIVED_TYPE_ID,PREBILL,ACCOUNT_ID,GEOGRAPHY_ID,PLATFORM_ID,DESCRIPTION,MODIFIED_BY,JOURNAL_ENTRY_LINE_TYPE,LINE_SUBTYPE) values (181,1,4,1,11,1,14,'Agency Commission Fee',null,'COMMISSION','AGYCOM');
insert into COA_TRANSACTION_MAPPING (COA_TRANSACTION_MAPPING_ID,COMPANY_ID,SERVICE_RECEIVED_TYPE_ID,PREBILL,ACCOUNT_ID,GEOGRAPHY_ID,PLATFORM_ID,DESCRIPTION,MODIFIED_BY,JOURNAL_ENTRY_LINE_TYPE,LINE_SUBTYPE) values (182,1,4,1,110,1,14,'Incentive Commission',null,'COMMISSION','AGYINC');
insert into COA_TRANSACTION_MAPPING (COA_TRANSACTION_MAPPING_ID,COMPANY_ID,SERVICE_RECEIVED_TYPE_ID,PREBILL,ACCOUNT_ID,GEOGRAPHY_ID,PLATFORM_ID,DESCRIPTION,MODIFIED_BY,JOURNAL_ENTRY_LINE_TYPE,LINE_SUBTYPE) values (183,1,4,1,110,1,14,'Volume Bonus',null,'COMMISSION','AGYVOL');
insert into COA_TRANSACTION_MAPPING (COA_TRANSACTION_MAPPING_ID,COMPANY_ID,SERVICE_RECEIVED_TYPE_ID,PREBILL,ACCOUNT_ID,GEOGRAPHY_ID,PLATFORM_ID,DESCRIPTION,MODIFIED_BY,JOURNAL_ENTRY_LINE_TYPE,LINE_SUBTYPE) values (184,1,4,0,115,1,14,'Monthly Fee LAMAC',null,'REVENUE','LAMAC1');
insert into COA_TRANSACTION_MAPPING (COA_TRANSACTION_MAPPING_ID,COMPANY_ID,SERVICE_RECEIVED_TYPE_ID,PREBILL,ACCOUNT_ID,GEOGRAPHY_ID,PLATFORM_ID,DESCRIPTION,MODIFIED_BY,JOURNAL_ENTRY_LINE_TYPE,LINE_SUBTYPE) values (185,1,4,0,19,1,14,'Expenses paid on behalf LAMAC.',null,'REVENUE','LAMAC2');
--  331 - PRODUCTION
insert into COA_TRANSACTION_MAPPING (COA_TRANSACTION_MAPPING_ID,COMPANY_ID,SERVICE_RECEIVED_TYPE_ID,PREBILL,ACCOUNT_ID,GEOGRAPHY_ID,PLATFORM_ID,DESCRIPTION,MODIFIED_BY,JOURNAL_ENTRY_LINE_TYPE,LINE_SUBTYPE) values (191,1,5,0,14,1,11,'AR Trade',null,'AR',null);
insert into COA_TRANSACTION_MAPPING (COA_TRANSACTION_MAPPING_ID,COMPANY_ID,SERVICE_RECEIVED_TYPE_ID,PREBILL,ACCOUNT_ID,GEOGRAPHY_ID,PLATFORM_ID,DESCRIPTION,MODIFIED_BY,JOURNAL_ENTRY_LINE_TYPE,LINE_SUBTYPE) values (192,1,5,0,112,1,11,'Production Ad. Revenue',null,'REVENUE',null);
insert into COA_TRANSACTION_MAPPING (COA_TRANSACTION_MAPPING_ID,COMPANY_ID,SERVICE_RECEIVED_TYPE_ID,PREBILL,ACCOUNT_ID,GEOGRAPHY_ID,PLATFORM_ID,DESCRIPTION,MODIFIED_BY,JOURNAL_ENTRY_LINE_TYPE,LINE_SUBTYPE) values (193,1,5,0,13,1,11,'VAT Output',null,'VAT',null);
insert into COA_TRANSACTION_MAPPING (COA_TRANSACTION_MAPPING_ID,COMPANY_ID,SERVICE_RECEIVED_TYPE_ID,PREBILL,ACCOUNT_ID,GEOGRAPHY_ID,PLATFORM_ID,DESCRIPTION,MODIFIED_BY,JOURNAL_ENTRY_LINE_TYPE,LINE_SUBTYPE) values (194,1,5,0,11,1,11,'Agency Commission Fee',null,'COMMISSION','AGYCOM');
insert into COA_TRANSACTION_MAPPING (COA_TRANSACTION_MAPPING_ID,COMPANY_ID,SERVICE_RECEIVED_TYPE_ID,PREBILL,ACCOUNT_ID,GEOGRAPHY_ID,PLATFORM_ID,DESCRIPTION,MODIFIED_BY,JOURNAL_ENTRY_LINE_TYPE,LINE_SUBTYPE) values (195,1,5,0,110,1,11,'Incentive Commission',null,'COMMISSION','AGYINC');
insert into COA_TRANSACTION_MAPPING (COA_TRANSACTION_MAPPING_ID,COMPANY_ID,SERVICE_RECEIVED_TYPE_ID,PREBILL,ACCOUNT_ID,GEOGRAPHY_ID,PLATFORM_ID,DESCRIPTION,MODIFIED_BY,JOURNAL_ENTRY_LINE_TYPE,LINE_SUBTYPE) values (196,1,5,0,110,1,11,'Volume Bonus',null,'COMMISSION','AGYVOL');
insert into COA_TRANSACTION_MAPPING (COA_TRANSACTION_MAPPING_ID,COMPANY_ID,SERVICE_RECEIVED_TYPE_ID,PREBILL,ACCOUNT_ID,GEOGRAPHY_ID,PLATFORM_ID,DESCRIPTION,MODIFIED_BY,JOURNAL_ENTRY_LINE_TYPE,LINE_SUBTYPE) values (197,1,5,0,16,1,11,'Accrual for Agency Commission',null,'COMMISSION_LIABILITY',null);
insert into COA_TRANSACTION_MAPPING (COA_TRANSACTION_MAPPING_ID,COMPANY_ID,SERVICE_RECEIVED_TYPE_ID,PREBILL,ACCOUNT_ID,GEOGRAPHY_ID,PLATFORM_ID,DESCRIPTION,MODIFIED_BY,JOURNAL_ENTRY_LINE_TYPE,LINE_SUBTYPE) values (198,1,5,1,14,1,11,'AR Trade',null,'AR',null);
insert into COA_TRANSACTION_MAPPING (COA_TRANSACTION_MAPPING_ID,COMPANY_ID,SERVICE_RECEIVED_TYPE_ID,PREBILL,ACCOUNT_ID,GEOGRAPHY_ID,PLATFORM_ID,DESCRIPTION,MODIFIED_BY,JOURNAL_ENTRY_LINE_TYPE,LINE_SUBTYPE) values (199,1,5,1,13,1,11,'VAT Output',null,'VAT',null);
insert into COA_TRANSACTION_MAPPING (COA_TRANSACTION_MAPPING_ID,COMPANY_ID,SERVICE_RECEIVED_TYPE_ID,PREBILL,ACCOUNT_ID,GEOGRAPHY_ID,PLATFORM_ID,DESCRIPTION,MODIFIED_BY,JOURNAL_ENTRY_LINE_TYPE,LINE_SUBTYPE) values (1100,1,5,1,17,1,11,'Deferred Revenue',null,'DEFERRED_REV',null);

insert into COA_TRANSACTION_MAPPING (COA_TRANSACTION_MAPPING_ID,COMPANY_ID,SERVICE_RECEIVED_TYPE_ID,PREBILL,ACCOUNT_ID,GEOGRAPHY_ID,PLATFORM_ID,DESCRIPTION,MODIFIED_BY,JOURNAL_ENTRY_LINE_TYPE,LINE_SUBTYPE) values (11101,1,5,0,17,1,11,'Deferred Revenue',null,'DEFERRED_REV',null);

insert into COA_TRANSACTION_MAPPING (COA_TRANSACTION_MAPPING_ID,COMPANY_ID,SERVICE_RECEIVED_TYPE_ID,PREBILL,ACCOUNT_ID,GEOGRAPHY_ID,PLATFORM_ID,DESCRIPTION,MODIFIED_BY,JOURNAL_ENTRY_LINE_TYPE,LINE_SUBTYPE) values (1101,1,5,1,11,1,11,'Agency Commission Fee',null,'COMMISSION','AGYCOM');
insert into COA_TRANSACTION_MAPPING (COA_TRANSACTION_MAPPING_ID,COMPANY_ID,SERVICE_RECEIVED_TYPE_ID,PREBILL,ACCOUNT_ID,GEOGRAPHY_ID,PLATFORM_ID,DESCRIPTION,MODIFIED_BY,JOURNAL_ENTRY_LINE_TYPE,LINE_SUBTYPE) values (1102,1,5,1,110,1,11,'Incentive Commission',null,'COMMISSION','AGYINC');
insert into COA_TRANSACTION_MAPPING (COA_TRANSACTION_MAPPING_ID,COMPANY_ID,SERVICE_RECEIVED_TYPE_ID,PREBILL,ACCOUNT_ID,GEOGRAPHY_ID,PLATFORM_ID,DESCRIPTION,MODIFIED_BY,JOURNAL_ENTRY_LINE_TYPE,LINE_SUBTYPE) values (1103,1,5,1,110,1,11,'Volume Bonus',null,'COMMISSION','AGYVOL');
insert into COA_TRANSACTION_MAPPING (COA_TRANSACTION_MAPPING_ID,COMPANY_ID,SERVICE_RECEIVED_TYPE_ID,PREBILL,ACCOUNT_ID,GEOGRAPHY_ID,PLATFORM_ID,DESCRIPTION,MODIFIED_BY,JOURNAL_ENTRY_LINE_TYPE,LINE_SUBTYPE) values (1104,1,5,0,115,1,11,'Monthly Fee LAMAC',null,'REVENUE','LAMAC1');
insert into COA_TRANSACTION_MAPPING (COA_TRANSACTION_MAPPING_ID,COMPANY_ID,SERVICE_RECEIVED_TYPE_ID,PREBILL,ACCOUNT_ID,GEOGRAPHY_ID,PLATFORM_ID,DESCRIPTION,MODIFIED_BY,JOURNAL_ENTRY_LINE_TYPE,LINE_SUBTYPE) values (1105,1,5,0,19,1,11,'Expenses paid on behalf LAMAC',null,'REVENUE','LAMAC2');

-- Company 315 - MEX
insert into COA_TRANSACTION_MAPPING (COA_TRANSACTION_MAPPING_ID,COMPANY_ID,SERVICE_RECEIVED_TYPE_ID,PREBILL,ACCOUNT_ID,GEOGRAPHY_ID,PLATFORM_ID,DESCRIPTION,MODIFIED_BY,JOURNAL_ENTRY_LINE_TYPE,LINE_SUBTYPE) values (221,2,1,0,24,2,21,'AR Trade',null,'AR',null);
insert into COA_TRANSACTION_MAPPING (COA_TRANSACTION_MAPPING_ID,COMPANY_ID,SERVICE_RECEIVED_TYPE_ID,PREBILL,ACCOUNT_ID,GEOGRAPHY_ID,PLATFORM_ID,DESCRIPTION,MODIFIED_BY,JOURNAL_ENTRY_LINE_TYPE,LINE_SUBTYPE) values (222,2,1,0,211,2,21,'Local Ad. Revenue',null,'REVENUE','LOC');
insert into COA_TRANSACTION_MAPPING (COA_TRANSACTION_MAPPING_ID,COMPANY_ID,SERVICE_RECEIVED_TYPE_ID,PREBILL,ACCOUNT_ID,GEOGRAPHY_ID,PLATFORM_ID,DESCRIPTION,MODIFIED_BY,JOURNAL_ENTRY_LINE_TYPE,LINE_SUBTYPE) values (223,2,1,0,211,2,21,'Regional Ad. Revenue',null,'REVENUE','REG');
insert into COA_TRANSACTION_MAPPING (COA_TRANSACTION_MAPPING_ID,COMPANY_ID,SERVICE_RECEIVED_TYPE_ID,PREBILL,ACCOUNT_ID,GEOGRAPHY_ID,PLATFORM_ID,DESCRIPTION,MODIFIED_BY,JOURNAL_ENTRY_LINE_TYPE,LINE_SUBTYPE) values (224,2,1,0,211,2,21,'Intl. Advertising Revenue',null,'REVENUE','INT');
insert into COA_TRANSACTION_MAPPING (COA_TRANSACTION_MAPPING_ID,COMPANY_ID,SERVICE_RECEIVED_TYPE_ID,PREBILL,ACCOUNT_ID,GEOGRAPHY_ID,PLATFORM_ID,DESCRIPTION,MODIFIED_BY,JOURNAL_ENTRY_LINE_TYPE,LINE_SUBTYPE) values (225,2,1,0,23,2,21,'VAT Output',null,'VAT',null);
insert into COA_TRANSACTION_MAPPING (COA_TRANSACTION_MAPPING_ID,COMPANY_ID,SERVICE_RECEIVED_TYPE_ID,PREBILL,ACCOUNT_ID,GEOGRAPHY_ID,PLATFORM_ID,DESCRIPTION,MODIFIED_BY,JOURNAL_ENTRY_LINE_TYPE,LINE_SUBTYPE) values (26,2,1,0,21,2,21,'Agency Commission Fee',null,'COMMISSION','AGYCOM');
insert into COA_TRANSACTION_MAPPING (COA_TRANSACTION_MAPPING_ID,COMPANY_ID,SERVICE_RECEIVED_TYPE_ID,PREBILL,ACCOUNT_ID,GEOGRAPHY_ID,PLATFORM_ID,DESCRIPTION,MODIFIED_BY,JOURNAL_ENTRY_LINE_TYPE,LINE_SUBTYPE) values (27,2,1,0,210,2,21,'Incentive Commission',null,'COMMISSION','AGYINC');
insert into COA_TRANSACTION_MAPPING (COA_TRANSACTION_MAPPING_ID,COMPANY_ID,SERVICE_RECEIVED_TYPE_ID,PREBILL,ACCOUNT_ID,GEOGRAPHY_ID,PLATFORM_ID,DESCRIPTION,MODIFIED_BY,JOURNAL_ENTRY_LINE_TYPE,LINE_SUBTYPE) values (28,2,1,0,210,2,21,'Volume Bonus',null,'COMMISSION','AGYVOL');
insert into COA_TRANSACTION_MAPPING (COA_TRANSACTION_MAPPING_ID,COMPANY_ID,SERVICE_RECEIVED_TYPE_ID,PREBILL,ACCOUNT_ID,GEOGRAPHY_ID,PLATFORM_ID,DESCRIPTION,MODIFIED_BY,JOURNAL_ENTRY_LINE_TYPE,LINE_SUBTYPE) values (29,2,1,0,26,2,21,'Accrual for Agency Commission',null,'COMMISSION_LIABILITY',null);
insert into COA_TRANSACTION_MAPPING (COA_TRANSACTION_MAPPING_ID,COMPANY_ID,SERVICE_RECEIVED_TYPE_ID,PREBILL,ACCOUNT_ID,GEOGRAPHY_ID,PLATFORM_ID,DESCRIPTION,MODIFIED_BY,JOURNAL_ENTRY_LINE_TYPE,LINE_SUBTYPE) values (211,2,1,1,24,2,21,'AR Trade',null,'AR',null);
insert into COA_TRANSACTION_MAPPING (COA_TRANSACTION_MAPPING_ID,COMPANY_ID,SERVICE_RECEIVED_TYPE_ID,PREBILL,ACCOUNT_ID,GEOGRAPHY_ID,PLATFORM_ID,DESCRIPTION,MODIFIED_BY,JOURNAL_ENTRY_LINE_TYPE,LINE_SUBTYPE) values (212,2,1,1,23,2,21,'VAT Output',null,'VAT',null);
insert into COA_TRANSACTION_MAPPING (COA_TRANSACTION_MAPPING_ID,COMPANY_ID,SERVICE_RECEIVED_TYPE_ID,PREBILL,ACCOUNT_ID,GEOGRAPHY_ID,PLATFORM_ID,DESCRIPTION,MODIFIED_BY,JOURNAL_ENTRY_LINE_TYPE,LINE_SUBTYPE) values (213,2,1,1,27,2,21,'Deferred Revenue',null,'DEFERRED_REV',null);
insert into COA_TRANSACTION_MAPPING (COA_TRANSACTION_MAPPING_ID,COMPANY_ID,SERVICE_RECEIVED_TYPE_ID,PREBILL,ACCOUNT_ID,GEOGRAPHY_ID,PLATFORM_ID,DESCRIPTION,MODIFIED_BY,JOURNAL_ENTRY_LINE_TYPE,LINE_SUBTYPE) values (214,2,1,0,27,2,21,'Deferred Revenue',null,'DEFERRED_REV',null);
insert into COA_TRANSACTION_MAPPING (COA_TRANSACTION_MAPPING_ID,COMPANY_ID,SERVICE_RECEIVED_TYPE_ID,PREBILL,ACCOUNT_ID,GEOGRAPHY_ID,PLATFORM_ID,DESCRIPTION,MODIFIED_BY,JOURNAL_ENTRY_LINE_TYPE,LINE_SUBTYPE) values (215,2,1,0,216,2,21,'Barter Revenue',null,'REVENUE','BARTER');
insert into COA_TRANSACTION_MAPPING (COA_TRANSACTION_MAPPING_ID,COMPANY_ID,SERVICE_RECEIVED_TYPE_ID,PREBILL,ACCOUNT_ID,GEOGRAPHY_ID,PLATFORM_ID,DESCRIPTION,MODIFIED_BY,JOURNAL_ENTRY_LINE_TYPE,LINE_SUBTYPE) values (216,2,1,1,21,2,21,'Agency Commission Fee',null,'COMMISSION','AGYCOM');
insert into COA_TRANSACTION_MAPPING (COA_TRANSACTION_MAPPING_ID,COMPANY_ID,SERVICE_RECEIVED_TYPE_ID,PREBILL,ACCOUNT_ID,GEOGRAPHY_ID,PLATFORM_ID,DESCRIPTION,MODIFIED_BY,JOURNAL_ENTRY_LINE_TYPE,LINE_SUBTYPE) values (217,2,1,1,210,2,21,'Incentive Commission',null,'COMMISSION','AGYINC');
insert into COA_TRANSACTION_MAPPING (COA_TRANSACTION_MAPPING_ID,COMPANY_ID,SERVICE_RECEIVED_TYPE_ID,PREBILL,ACCOUNT_ID,GEOGRAPHY_ID,PLATFORM_ID,DESCRIPTION,MODIFIED_BY,JOURNAL_ENTRY_LINE_TYPE,LINE_SUBTYPE) values (218,2,1,1,210,2,21,'Volume Bonus',null,'COMMISSION','AGYVOL');
insert into COA_TRANSACTION_MAPPING (COA_TRANSACTION_MAPPING_ID,COMPANY_ID,SERVICE_RECEIVED_TYPE_ID,PREBILL,ACCOUNT_ID,GEOGRAPHY_ID,PLATFORM_ID,DESCRIPTION,MODIFIED_BY,JOURNAL_ENTRY_LINE_TYPE,LINE_SUBTYPE) values (219,2,1,0,215,2,21,'Monthly Fee LAMAC',null,'REVENUE','LAMAC1');
insert into COA_TRANSACTION_MAPPING (COA_TRANSACTION_MAPPING_ID,COMPANY_ID,SERVICE_RECEIVED_TYPE_ID,PREBILL,ACCOUNT_ID,GEOGRAPHY_ID,PLATFORM_ID,DESCRIPTION,MODIFIED_BY,JOURNAL_ENTRY_LINE_TYPE,LINE_SUBTYPE) values (220,2,1,0,29,2,21,'Expenses paid on behalf LAMAC',null,'REVENUE','LAMAC2');
insert into COA_TRANSACTION_MAPPING (COA_TRANSACTION_MAPPING_ID,COMPANY_ID,SERVICE_RECEIVED_TYPE_ID,PREBILL,ACCOUNT_ID,GEOGRAPHY_ID,PLATFORM_ID,DESCRIPTION,MODIFIED_BY,JOURNAL_ENTRY_LINE_TYPE,LINE_SUBTYPE) values (231,2,2,0,24,2,22,'AR Trade',null,'AR',null);
insert into COA_TRANSACTION_MAPPING (COA_TRANSACTION_MAPPING_ID,COMPANY_ID,SERVICE_RECEIVED_TYPE_ID,PREBILL,ACCOUNT_ID,GEOGRAPHY_ID,PLATFORM_ID,DESCRIPTION,MODIFIED_BY,JOURNAL_ENTRY_LINE_TYPE,LINE_SUBTYPE) values (232,2,2,0,22,2,22,'Digital (Online) Ad Sales',null,'REVENUE',null);
insert into COA_TRANSACTION_MAPPING (COA_TRANSACTION_MAPPING_ID,COMPANY_ID,SERVICE_RECEIVED_TYPE_ID,PREBILL,ACCOUNT_ID,GEOGRAPHY_ID,PLATFORM_ID,DESCRIPTION,MODIFIED_BY,JOURNAL_ENTRY_LINE_TYPE,LINE_SUBTYPE) values (233,2,2,0,23,2,22,'VAT Output',null,'VAT',null);
insert into COA_TRANSACTION_MAPPING (COA_TRANSACTION_MAPPING_ID,COMPANY_ID,SERVICE_RECEIVED_TYPE_ID,PREBILL,ACCOUNT_ID,GEOGRAPHY_ID,PLATFORM_ID,DESCRIPTION,MODIFIED_BY,JOURNAL_ENTRY_LINE_TYPE,LINE_SUBTYPE) values (234,2,2,0,21,2,22,'Agency Commission Fee',null,'COMMISSION','AGYCOM');
insert into COA_TRANSACTION_MAPPING (COA_TRANSACTION_MAPPING_ID,COMPANY_ID,SERVICE_RECEIVED_TYPE_ID,PREBILL,ACCOUNT_ID,GEOGRAPHY_ID,PLATFORM_ID,DESCRIPTION,MODIFIED_BY,JOURNAL_ENTRY_LINE_TYPE,LINE_SUBTYPE) values (235,2,2,0,210,2,22,'Incentive Commission',null,'COMMISSION','AGYINC');
insert into COA_TRANSACTION_MAPPING (COA_TRANSACTION_MAPPING_ID,COMPANY_ID,SERVICE_RECEIVED_TYPE_ID,PREBILL,ACCOUNT_ID,GEOGRAPHY_ID,PLATFORM_ID,DESCRIPTION,MODIFIED_BY,JOURNAL_ENTRY_LINE_TYPE,LINE_SUBTYPE) values (236,2,2,0,210,2,22,'Volume Bonus',null,'COMMISSION','AGYVOL');
insert into COA_TRANSACTION_MAPPING (COA_TRANSACTION_MAPPING_ID,COMPANY_ID,SERVICE_RECEIVED_TYPE_ID,PREBILL,ACCOUNT_ID,GEOGRAPHY_ID,PLATFORM_ID,DESCRIPTION,MODIFIED_BY,JOURNAL_ENTRY_LINE_TYPE,LINE_SUBTYPE) values (237,2,2,0,26,2,22,'Accrual for Agency Commission',null,'COMMISSION_LIABILITY',null);
insert into COA_TRANSACTION_MAPPING (COA_TRANSACTION_MAPPING_ID,COMPANY_ID,SERVICE_RECEIVED_TYPE_ID,PREBILL,ACCOUNT_ID,GEOGRAPHY_ID,PLATFORM_ID,DESCRIPTION,MODIFIED_BY,JOURNAL_ENTRY_LINE_TYPE,LINE_SUBTYPE) values (238,2,2,1,24,2,22,'AR Trade',null,'AR',null);
insert into COA_TRANSACTION_MAPPING (COA_TRANSACTION_MAPPING_ID,COMPANY_ID,SERVICE_RECEIVED_TYPE_ID,PREBILL,ACCOUNT_ID,GEOGRAPHY_ID,PLATFORM_ID,DESCRIPTION,MODIFIED_BY,JOURNAL_ENTRY_LINE_TYPE,LINE_SUBTYPE) values (239,2,2,1,23,2,22,'VAT Output',null,'VAT',null);
insert into COA_TRANSACTION_MAPPING (COA_TRANSACTION_MAPPING_ID,COMPANY_ID,SERVICE_RECEIVED_TYPE_ID,PREBILL,ACCOUNT_ID,GEOGRAPHY_ID,PLATFORM_ID,DESCRIPTION,MODIFIED_BY,JOURNAL_ENTRY_LINE_TYPE,LINE_SUBTYPE) values (240,2,2,1,27,2,22,'Deferred Revenue',null,'DEFERRED_REV',null);

insert into COA_TRANSACTION_MAPPING (COA_TRANSACTION_MAPPING_ID,COMPANY_ID,SERVICE_RECEIVED_TYPE_ID,PREBILL,ACCOUNT_ID,GEOGRAPHY_ID,PLATFORM_ID,DESCRIPTION,MODIFIED_BY,JOURNAL_ENTRY_LINE_TYPE,LINE_SUBTYPE) values (2141,2,2,0,27,2,22,'Deferred Revenue',null,'DEFERRED_REV',null);

insert into COA_TRANSACTION_MAPPING (COA_TRANSACTION_MAPPING_ID,COMPANY_ID,SERVICE_RECEIVED_TYPE_ID,PREBILL,ACCOUNT_ID,GEOGRAPHY_ID,PLATFORM_ID,DESCRIPTION,MODIFIED_BY,JOURNAL_ENTRY_LINE_TYPE,LINE_SUBTYPE) values (241,2,2,1,21,2,22,'Agency Commission Fee',null,'COMMISSION','AGYCOM');
insert into COA_TRANSACTION_MAPPING (COA_TRANSACTION_MAPPING_ID,COMPANY_ID,SERVICE_RECEIVED_TYPE_ID,PREBILL,ACCOUNT_ID,GEOGRAPHY_ID,PLATFORM_ID,DESCRIPTION,MODIFIED_BY,JOURNAL_ENTRY_LINE_TYPE,LINE_SUBTYPE) values (242,2,2,1,210,2,22,'Incentive Commission',null,'COMMISSION','AGYINC');
insert into COA_TRANSACTION_MAPPING (COA_TRANSACTION_MAPPING_ID,COMPANY_ID,SERVICE_RECEIVED_TYPE_ID,PREBILL,ACCOUNT_ID,GEOGRAPHY_ID,PLATFORM_ID,DESCRIPTION,MODIFIED_BY,JOURNAL_ENTRY_LINE_TYPE,LINE_SUBTYPE) values (243,2,2,1,210,2,22,'Volume Bonus',null,'COMMISSION','AGYVOL');
insert into COA_TRANSACTION_MAPPING (COA_TRANSACTION_MAPPING_ID,COMPANY_ID,SERVICE_RECEIVED_TYPE_ID,PREBILL,ACCOUNT_ID,GEOGRAPHY_ID,PLATFORM_ID,DESCRIPTION,MODIFIED_BY,JOURNAL_ENTRY_LINE_TYPE,LINE_SUBTYPE) values (244,2,2,0,215,2,22,'Monthly Fee LAMAC',null,'REVENUE','LAMAC1');
insert into COA_TRANSACTION_MAPPING (COA_TRANSACTION_MAPPING_ID,COMPANY_ID,SERVICE_RECEIVED_TYPE_ID,PREBILL,ACCOUNT_ID,GEOGRAPHY_ID,PLATFORM_ID,DESCRIPTION,MODIFIED_BY,JOURNAL_ENTRY_LINE_TYPE,LINE_SUBTYPE) values (245,2,2,0,29,2,22,'Expenses paid on behalf LAMAC',null,'REVENUE','LAMAC2');
insert into COA_TRANSACTION_MAPPING (COA_TRANSACTION_MAPPING_ID,COMPANY_ID,SERVICE_RECEIVED_TYPE_ID,PREBILL,ACCOUNT_ID,GEOGRAPHY_ID,PLATFORM_ID,DESCRIPTION,MODIFIED_BY,JOURNAL_ENTRY_LINE_TYPE,LINE_SUBTYPE) values (251,2,3,0,24,2,23,'AR Trade',null,'AR',null);
insert into COA_TRANSACTION_MAPPING (COA_TRANSACTION_MAPPING_ID,COMPANY_ID,SERVICE_RECEIVED_TYPE_ID,PREBILL,ACCOUNT_ID,GEOGRAPHY_ID,PLATFORM_ID,DESCRIPTION,MODIFIED_BY,JOURNAL_ENTRY_LINE_TYPE,LINE_SUBTYPE) values (252,2,3,0,213,2,23,'Licensing Revenue',null,'REVENUE',null);
insert into COA_TRANSACTION_MAPPING (COA_TRANSACTION_MAPPING_ID,COMPANY_ID,SERVICE_RECEIVED_TYPE_ID,PREBILL,ACCOUNT_ID,GEOGRAPHY_ID,PLATFORM_ID,DESCRIPTION,MODIFIED_BY,JOURNAL_ENTRY_LINE_TYPE,LINE_SUBTYPE) values (253,2,3,0,23,2,23,'VAT Output',null,'VAT',null);
insert into COA_TRANSACTION_MAPPING (COA_TRANSACTION_MAPPING_ID,COMPANY_ID,SERVICE_RECEIVED_TYPE_ID,PREBILL,ACCOUNT_ID,GEOGRAPHY_ID,PLATFORM_ID,DESCRIPTION,MODIFIED_BY,JOURNAL_ENTRY_LINE_TYPE,LINE_SUBTYPE) values (254,2,3,0,21,2,23,'Agency Commission Fee',null,'COMMISSION','AGYCOM');
insert into COA_TRANSACTION_MAPPING (COA_TRANSACTION_MAPPING_ID,COMPANY_ID,SERVICE_RECEIVED_TYPE_ID,PREBILL,ACCOUNT_ID,GEOGRAPHY_ID,PLATFORM_ID,DESCRIPTION,MODIFIED_BY,JOURNAL_ENTRY_LINE_TYPE,LINE_SUBTYPE) values (255,2,3,0,210,2,23,'Incentive Commission',null,'COMMISSION','AGYINC');
insert into COA_TRANSACTION_MAPPING (COA_TRANSACTION_MAPPING_ID,COMPANY_ID,SERVICE_RECEIVED_TYPE_ID,PREBILL,ACCOUNT_ID,GEOGRAPHY_ID,PLATFORM_ID,DESCRIPTION,MODIFIED_BY,JOURNAL_ENTRY_LINE_TYPE,LINE_SUBTYPE) values (256,2,3,0,210,2,23,'Volume Bonus',null,'COMMISSION','AGYVOL');
insert into COA_TRANSACTION_MAPPING (COA_TRANSACTION_MAPPING_ID,COMPANY_ID,SERVICE_RECEIVED_TYPE_ID,PREBILL,ACCOUNT_ID,GEOGRAPHY_ID,PLATFORM_ID,DESCRIPTION,MODIFIED_BY,JOURNAL_ENTRY_LINE_TYPE,LINE_SUBTYPE) values (257,2,3,0,26,2,23,'Accrual for Agency Commission',null,'COMMISSION_LIABILITY',null);
insert into COA_TRANSACTION_MAPPING (COA_TRANSACTION_MAPPING_ID,COMPANY_ID,SERVICE_RECEIVED_TYPE_ID,PREBILL,ACCOUNT_ID,GEOGRAPHY_ID,PLATFORM_ID,DESCRIPTION,MODIFIED_BY,JOURNAL_ENTRY_LINE_TYPE,LINE_SUBTYPE) values (258,2,3,1,24,2,23,'AR Trade',null,'AR',null);
insert into COA_TRANSACTION_MAPPING (COA_TRANSACTION_MAPPING_ID,COMPANY_ID,SERVICE_RECEIVED_TYPE_ID,PREBILL,ACCOUNT_ID,GEOGRAPHY_ID,PLATFORM_ID,DESCRIPTION,MODIFIED_BY,JOURNAL_ENTRY_LINE_TYPE,LINE_SUBTYPE) values (259,2,3,1,23,2,23,'VAT Output',null,'VAT',null);
insert into COA_TRANSACTION_MAPPING (COA_TRANSACTION_MAPPING_ID,COMPANY_ID,SERVICE_RECEIVED_TYPE_ID,PREBILL,ACCOUNT_ID,GEOGRAPHY_ID,PLATFORM_ID,DESCRIPTION,MODIFIED_BY,JOURNAL_ENTRY_LINE_TYPE,LINE_SUBTYPE) values (260,2,3,1,27,2,23,'Deferred Revenue',null,'DEFERRED_REV',null);

insert into COA_TRANSACTION_MAPPING (COA_TRANSACTION_MAPPING_ID,COMPANY_ID,SERVICE_RECEIVED_TYPE_ID,PREBILL,ACCOUNT_ID,GEOGRAPHY_ID,PLATFORM_ID,DESCRIPTION,MODIFIED_BY,JOURNAL_ENTRY_LINE_TYPE,LINE_SUBTYPE) values (2161,2,3,0,27,2,23,'Deferred Revenue',null,'DEFERRED_REV',null);

insert into COA_TRANSACTION_MAPPING (COA_TRANSACTION_MAPPING_ID,COMPANY_ID,SERVICE_RECEIVED_TYPE_ID,PREBILL,ACCOUNT_ID,GEOGRAPHY_ID,PLATFORM_ID,DESCRIPTION,MODIFIED_BY,JOURNAL_ENTRY_LINE_TYPE,LINE_SUBTYPE) values (261,2,3,1,21,2,23,'Agency Commission Fee',null,'COMMISSION','AGYCOM');
insert into COA_TRANSACTION_MAPPING (COA_TRANSACTION_MAPPING_ID,COMPANY_ID,SERVICE_RECEIVED_TYPE_ID,PREBILL,ACCOUNT_ID,GEOGRAPHY_ID,PLATFORM_ID,DESCRIPTION,MODIFIED_BY,JOURNAL_ENTRY_LINE_TYPE,LINE_SUBTYPE) values (262,2,3,1,210,2,23,'Incentive Commission',null,'COMMISSION','AGYINC');
insert into COA_TRANSACTION_MAPPING (COA_TRANSACTION_MAPPING_ID,COMPANY_ID,SERVICE_RECEIVED_TYPE_ID,PREBILL,ACCOUNT_ID,GEOGRAPHY_ID,PLATFORM_ID,DESCRIPTION,MODIFIED_BY,JOURNAL_ENTRY_LINE_TYPE,LINE_SUBTYPE) values (263,2,3,1,210,2,23,'Volume Bonus',null,'COMMISSION','AGYVOL');
insert into COA_TRANSACTION_MAPPING (COA_TRANSACTION_MAPPING_ID,COMPANY_ID,SERVICE_RECEIVED_TYPE_ID,PREBILL,ACCOUNT_ID,GEOGRAPHY_ID,PLATFORM_ID,DESCRIPTION,MODIFIED_BY,JOURNAL_ENTRY_LINE_TYPE,LINE_SUBTYPE) values (264,2,3,0,215,2,23,'Monthly Fee LAMAC',null,'REVENUE','LAMAC1');
insert into COA_TRANSACTION_MAPPING (COA_TRANSACTION_MAPPING_ID,COMPANY_ID,SERVICE_RECEIVED_TYPE_ID,PREBILL,ACCOUNT_ID,GEOGRAPHY_ID,PLATFORM_ID,DESCRIPTION,MODIFIED_BY,JOURNAL_ENTRY_LINE_TYPE,LINE_SUBTYPE) values (265,2,3,0,29,2,23,'Expenses paid on behalf LAMAC',null,'REVENUE','LAMAC2');
insert into COA_TRANSACTION_MAPPING (COA_TRANSACTION_MAPPING_ID,COMPANY_ID,SERVICE_RECEIVED_TYPE_ID,PREBILL,ACCOUNT_ID,GEOGRAPHY_ID,PLATFORM_ID,DESCRIPTION,MODIFIED_BY,JOURNAL_ENTRY_LINE_TYPE,LINE_SUBTYPE) values (271,2,4,0,24,2,24,'AR Trade',null,'AR',null);
insert into COA_TRANSACTION_MAPPING (COA_TRANSACTION_MAPPING_ID,COMPANY_ID,SERVICE_RECEIVED_TYPE_ID,PREBILL,ACCOUNT_ID,GEOGRAPHY_ID,PLATFORM_ID,DESCRIPTION,MODIFIED_BY,JOURNAL_ENTRY_LINE_TYPE,LINE_SUBTYPE) values (272,2,4,0,214,2,24,'Other Revenue',null,'REVENUE',null);
insert into COA_TRANSACTION_MAPPING (COA_TRANSACTION_MAPPING_ID,COMPANY_ID,SERVICE_RECEIVED_TYPE_ID,PREBILL,ACCOUNT_ID,GEOGRAPHY_ID,PLATFORM_ID,DESCRIPTION,MODIFIED_BY,JOURNAL_ENTRY_LINE_TYPE,LINE_SUBTYPE) values (273,2,4,0,23,2,24,'VAT Output',null,'VAT',null);
insert into COA_TRANSACTION_MAPPING (COA_TRANSACTION_MAPPING_ID,COMPANY_ID,SERVICE_RECEIVED_TYPE_ID,PREBILL,ACCOUNT_ID,GEOGRAPHY_ID,PLATFORM_ID,DESCRIPTION,MODIFIED_BY,JOURNAL_ENTRY_LINE_TYPE,LINE_SUBTYPE) values (274,2,4,0,21,2,24,'Agency Commission Fee',null,'COMMISSION','AGYCOM');
insert into COA_TRANSACTION_MAPPING (COA_TRANSACTION_MAPPING_ID,COMPANY_ID,SERVICE_RECEIVED_TYPE_ID,PREBILL,ACCOUNT_ID,GEOGRAPHY_ID,PLATFORM_ID,DESCRIPTION,MODIFIED_BY,JOURNAL_ENTRY_LINE_TYPE,LINE_SUBTYPE) values (275,2,4,0,210,2,24,'Incentive Commission',null,'COMMISSION','AGYINC');
insert into COA_TRANSACTION_MAPPING (COA_TRANSACTION_MAPPING_ID,COMPANY_ID,SERVICE_RECEIVED_TYPE_ID,PREBILL,ACCOUNT_ID,GEOGRAPHY_ID,PLATFORM_ID,DESCRIPTION,MODIFIED_BY,JOURNAL_ENTRY_LINE_TYPE,LINE_SUBTYPE) values (276,2,4,0,210,2,24,'Volume Bonus',null,'COMMISSION','AGYVOL');
insert into COA_TRANSACTION_MAPPING (COA_TRANSACTION_MAPPING_ID,COMPANY_ID,SERVICE_RECEIVED_TYPE_ID,PREBILL,ACCOUNT_ID,GEOGRAPHY_ID,PLATFORM_ID,DESCRIPTION,MODIFIED_BY,JOURNAL_ENTRY_LINE_TYPE,LINE_SUBTYPE) values (277,2,4,0,26,2,24,'Accrual for Agency Commission',null,'COMMISSION_LIABILITY',null);
insert into COA_TRANSACTION_MAPPING (COA_TRANSACTION_MAPPING_ID,COMPANY_ID,SERVICE_RECEIVED_TYPE_ID,PREBILL,ACCOUNT_ID,GEOGRAPHY_ID,PLATFORM_ID,DESCRIPTION,MODIFIED_BY,JOURNAL_ENTRY_LINE_TYPE,LINE_SUBTYPE) values (278,2,4,1,24,2,24,'AR Trade',null,'AR',null);
insert into COA_TRANSACTION_MAPPING (COA_TRANSACTION_MAPPING_ID,COMPANY_ID,SERVICE_RECEIVED_TYPE_ID,PREBILL,ACCOUNT_ID,GEOGRAPHY_ID,PLATFORM_ID,DESCRIPTION,MODIFIED_BY,JOURNAL_ENTRY_LINE_TYPE,LINE_SUBTYPE) values (279,2,4,1,23,2,24,'VAT Output',null,'VAT',null);
insert into COA_TRANSACTION_MAPPING (COA_TRANSACTION_MAPPING_ID,COMPANY_ID,SERVICE_RECEIVED_TYPE_ID,PREBILL,ACCOUNT_ID,GEOGRAPHY_ID,PLATFORM_ID,DESCRIPTION,MODIFIED_BY,JOURNAL_ENTRY_LINE_TYPE,LINE_SUBTYPE) values (280,2,4,1,27,2,24,'Deferred Revenue',null,'DEFERRED_REV',null);

insert into COA_TRANSACTION_MAPPING (COA_TRANSACTION_MAPPING_ID,COMPANY_ID,SERVICE_RECEIVED_TYPE_ID,PREBILL,ACCOUNT_ID,GEOGRAPHY_ID,PLATFORM_ID,DESCRIPTION,MODIFIED_BY,JOURNAL_ENTRY_LINE_TYPE,LINE_SUBTYPE) values (2181,2,4,0,27,2,24,'Deferred Revenue',null,'DEFERRED_REV',null);

insert into COA_TRANSACTION_MAPPING (COA_TRANSACTION_MAPPING_ID,COMPANY_ID,SERVICE_RECEIVED_TYPE_ID,PREBILL,ACCOUNT_ID,GEOGRAPHY_ID,PLATFORM_ID,DESCRIPTION,MODIFIED_BY,JOURNAL_ENTRY_LINE_TYPE,LINE_SUBTYPE) values (281,2,4,1,21,2,24,'Agency Commission Fee',null,'COMMISSION','AGYCOM');
insert into COA_TRANSACTION_MAPPING (COA_TRANSACTION_MAPPING_ID,COMPANY_ID,SERVICE_RECEIVED_TYPE_ID,PREBILL,ACCOUNT_ID,GEOGRAPHY_ID,PLATFORM_ID,DESCRIPTION,MODIFIED_BY,JOURNAL_ENTRY_LINE_TYPE,LINE_SUBTYPE) values (282,2,4,1,210,2,24,'Incentive Commission',null,'COMMISSION','AGYINC');
insert into COA_TRANSACTION_MAPPING (COA_TRANSACTION_MAPPING_ID,COMPANY_ID,SERVICE_RECEIVED_TYPE_ID,PREBILL,ACCOUNT_ID,GEOGRAPHY_ID,PLATFORM_ID,DESCRIPTION,MODIFIED_BY,JOURNAL_ENTRY_LINE_TYPE,LINE_SUBTYPE) values (283,2,4,1,210,2,24,'Volume Bonus',null,'COMMISSION','AGYVOL');
insert into COA_TRANSACTION_MAPPING (COA_TRANSACTION_MAPPING_ID,COMPANY_ID,SERVICE_RECEIVED_TYPE_ID,PREBILL,ACCOUNT_ID,GEOGRAPHY_ID,PLATFORM_ID,DESCRIPTION,MODIFIED_BY,JOURNAL_ENTRY_LINE_TYPE,LINE_SUBTYPE) values (284,2,4,0,215,2,24,'Monthly Fee LAMAC',null,'REVENUE','LAMAC1');
insert into COA_TRANSACTION_MAPPING (COA_TRANSACTION_MAPPING_ID,COMPANY_ID,SERVICE_RECEIVED_TYPE_ID,PREBILL,ACCOUNT_ID,GEOGRAPHY_ID,PLATFORM_ID,DESCRIPTION,MODIFIED_BY,JOURNAL_ENTRY_LINE_TYPE,LINE_SUBTYPE) values (285,2,4,0,29,2,24,'Expenses paid on behalf LAMAC.',null,'REVENUE','LAMAC2');
insert into COA_TRANSACTION_MAPPING (COA_TRANSACTION_MAPPING_ID,COMPANY_ID,SERVICE_RECEIVED_TYPE_ID,PREBILL,ACCOUNT_ID,GEOGRAPHY_ID,PLATFORM_ID,DESCRIPTION,MODIFIED_BY,JOURNAL_ENTRY_LINE_TYPE,LINE_SUBTYPE) values (291,2,5,0,24,2,21,'AR Trade',null,'AR',null);
insert into COA_TRANSACTION_MAPPING (COA_TRANSACTION_MAPPING_ID,COMPANY_ID,SERVICE_RECEIVED_TYPE_ID,PREBILL,ACCOUNT_ID,GEOGRAPHY_ID,PLATFORM_ID,DESCRIPTION,MODIFIED_BY,JOURNAL_ENTRY_LINE_TYPE,LINE_SUBTYPE) values (292,2,5,0,212,2,21,'Production Ad. Revenue',null,'REVENUE',null);
insert into COA_TRANSACTION_MAPPING (COA_TRANSACTION_MAPPING_ID,COMPANY_ID,SERVICE_RECEIVED_TYPE_ID,PREBILL,ACCOUNT_ID,GEOGRAPHY_ID,PLATFORM_ID,DESCRIPTION,MODIFIED_BY,JOURNAL_ENTRY_LINE_TYPE,LINE_SUBTYPE) values (293,2,5,0,23,2,21,'VAT Output',null,'VAT',null);
insert into COA_TRANSACTION_MAPPING (COA_TRANSACTION_MAPPING_ID,COMPANY_ID,SERVICE_RECEIVED_TYPE_ID,PREBILL,ACCOUNT_ID,GEOGRAPHY_ID,PLATFORM_ID,DESCRIPTION,MODIFIED_BY,JOURNAL_ENTRY_LINE_TYPE,LINE_SUBTYPE) values (294,2,5,0,21,2,21,'Agency Commission Fee',null,'COMMISSION','AGYCOM');
insert into COA_TRANSACTION_MAPPING (COA_TRANSACTION_MAPPING_ID,COMPANY_ID,SERVICE_RECEIVED_TYPE_ID,PREBILL,ACCOUNT_ID,GEOGRAPHY_ID,PLATFORM_ID,DESCRIPTION,MODIFIED_BY,JOURNAL_ENTRY_LINE_TYPE,LINE_SUBTYPE) values (295,2,5,0,210,2,21,'Incentive Commission',null,'COMMISSION','AGYINC');
insert into COA_TRANSACTION_MAPPING (COA_TRANSACTION_MAPPING_ID,COMPANY_ID,SERVICE_RECEIVED_TYPE_ID,PREBILL,ACCOUNT_ID,GEOGRAPHY_ID,PLATFORM_ID,DESCRIPTION,MODIFIED_BY,JOURNAL_ENTRY_LINE_TYPE,LINE_SUBTYPE) values (296,2,5,0,210,2,21,'Volume Bonus',null,'COMMISSION','AGYVOL');
insert into COA_TRANSACTION_MAPPING (COA_TRANSACTION_MAPPING_ID,COMPANY_ID,SERVICE_RECEIVED_TYPE_ID,PREBILL,ACCOUNT_ID,GEOGRAPHY_ID,PLATFORM_ID,DESCRIPTION,MODIFIED_BY,JOURNAL_ENTRY_LINE_TYPE,LINE_SUBTYPE) values (297,2,5,0,26,2,21,'Accrual for Agency Commission',null,'COMMISSION_LIABILITY',null);
insert into COA_TRANSACTION_MAPPING (COA_TRANSACTION_MAPPING_ID,COMPANY_ID,SERVICE_RECEIVED_TYPE_ID,PREBILL,ACCOUNT_ID,GEOGRAPHY_ID,PLATFORM_ID,DESCRIPTION,MODIFIED_BY,JOURNAL_ENTRY_LINE_TYPE,LINE_SUBTYPE) values (298,2,5,1,24,2,21,'AR Trade',null,'AR',null);
insert into COA_TRANSACTION_MAPPING (COA_TRANSACTION_MAPPING_ID,COMPANY_ID,SERVICE_RECEIVED_TYPE_ID,PREBILL,ACCOUNT_ID,GEOGRAPHY_ID,PLATFORM_ID,DESCRIPTION,MODIFIED_BY,JOURNAL_ENTRY_LINE_TYPE,LINE_SUBTYPE) values (299,2,5,1,23,2,21,'VAT Output',null,'VAT',null);
insert into COA_TRANSACTION_MAPPING (COA_TRANSACTION_MAPPING_ID,COMPANY_ID,SERVICE_RECEIVED_TYPE_ID,PREBILL,ACCOUNT_ID,GEOGRAPHY_ID,PLATFORM_ID,DESCRIPTION,MODIFIED_BY,JOURNAL_ENTRY_LINE_TYPE,LINE_SUBTYPE) values (2100,2,5,1,27,2,21,'Deferred Revenue',null,'DEFERRED_REV',null);

insert into COA_TRANSACTION_MAPPING (COA_TRANSACTION_MAPPING_ID,COMPANY_ID,SERVICE_RECEIVED_TYPE_ID,PREBILL,ACCOUNT_ID,GEOGRAPHY_ID,PLATFORM_ID,DESCRIPTION,MODIFIED_BY,JOURNAL_ENTRY_LINE_TYPE,LINE_SUBTYPE) values (21101,2,5,0,27,2,21,'Deferred Revenue',null,'DEFERRED_REV',null);

insert into COA_TRANSACTION_MAPPING (COA_TRANSACTION_MAPPING_ID,COMPANY_ID,SERVICE_RECEIVED_TYPE_ID,PREBILL,ACCOUNT_ID,GEOGRAPHY_ID,PLATFORM_ID,DESCRIPTION,MODIFIED_BY,JOURNAL_ENTRY_LINE_TYPE,LINE_SUBTYPE) values (2101,2,5,1,21,2,21,'Agency Commission Fee',null,'COMMISSION','AGYCOM');
insert into COA_TRANSACTION_MAPPING (COA_TRANSACTION_MAPPING_ID,COMPANY_ID,SERVICE_RECEIVED_TYPE_ID,PREBILL,ACCOUNT_ID,GEOGRAPHY_ID,PLATFORM_ID,DESCRIPTION,MODIFIED_BY,JOURNAL_ENTRY_LINE_TYPE,LINE_SUBTYPE) values (2102,2,5,1,210,2,21,'Incentive Commission',null,'COMMISSION','AGYINC');
insert into COA_TRANSACTION_MAPPING (COA_TRANSACTION_MAPPING_ID,COMPANY_ID,SERVICE_RECEIVED_TYPE_ID,PREBILL,ACCOUNT_ID,GEOGRAPHY_ID,PLATFORM_ID,DESCRIPTION,MODIFIED_BY,JOURNAL_ENTRY_LINE_TYPE,LINE_SUBTYPE) values (2103,2,5,1,210,2,21,'Volume Bonus',null,'COMMISSION','AGYVOL');
insert into COA_TRANSACTION_MAPPING (COA_TRANSACTION_MAPPING_ID,COMPANY_ID,SERVICE_RECEIVED_TYPE_ID,PREBILL,ACCOUNT_ID,GEOGRAPHY_ID,PLATFORM_ID,DESCRIPTION,MODIFIED_BY,JOURNAL_ENTRY_LINE_TYPE,LINE_SUBTYPE) values (2104,2,5,0,215,2,21,'Monthly Fee LAMAC',null,'REVENUE','LAMAC1');
insert into COA_TRANSACTION_MAPPING (COA_TRANSACTION_MAPPING_ID,COMPANY_ID,SERVICE_RECEIVED_TYPE_ID,PREBILL,ACCOUNT_ID,GEOGRAPHY_ID,PLATFORM_ID,DESCRIPTION,MODIFIED_BY,JOURNAL_ENTRY_LINE_TYPE,LINE_SUBTYPE) values (2105,2,5,0,29,2,21,'Expenses paid on behalf LAMAC',null,'REVENUE','LAMAC2');

-- Company 318 - COL
Insert into COA_TRANSACTION_MAPPING (COA_TRANSACTION_MAPPING_ID,COMPANY_ID,SERVICE_RECEIVED_TYPE_ID,PREBILL,ACCOUNT_ID,GEOGRAPHY_ID,PLATFORM_ID,DESCRIPTION,MODIFIED_BY,JOURNAL_ENTRY_LINE_TYPE,LINE_SUBTYPE) values (38341001,3,1,0,304,3,31,'AR Trade',null,'AR',null);
Insert into COA_TRANSACTION_MAPPING (COA_TRANSACTION_MAPPING_ID,COMPANY_ID,SERVICE_RECEIVED_TYPE_ID,PREBILL,ACCOUNT_ID,GEOGRAPHY_ID,PLATFORM_ID,DESCRIPTION,MODIFIED_BY,JOURNAL_ENTRY_LINE_TYPE,LINE_SUBTYPE) values (38341002,3,1,0,301,3,31,'Agency Commission Fee',null,'COMMISSION','AGYCOM');
Insert into COA_TRANSACTION_MAPPING (COA_TRANSACTION_MAPPING_ID,COMPANY_ID,SERVICE_RECEIVED_TYPE_ID,PREBILL,ACCOUNT_ID,GEOGRAPHY_ID,PLATFORM_ID,DESCRIPTION,MODIFIED_BY,JOURNAL_ENTRY_LINE_TYPE,LINE_SUBTYPE) values (38341003,3,1,0,310,3,31,'Incentive Commission',null,'COMMISSION','AGYINC');
Insert into COA_TRANSACTION_MAPPING (COA_TRANSACTION_MAPPING_ID,COMPANY_ID,SERVICE_RECEIVED_TYPE_ID,PREBILL,ACCOUNT_ID,GEOGRAPHY_ID,PLATFORM_ID,DESCRIPTION,MODIFIED_BY,JOURNAL_ENTRY_LINE_TYPE,LINE_SUBTYPE) values (38341004,3,1,0,310,3,31,'Volume Bonus',null,'COMMISSION','AGYVOL');
Insert into COA_TRANSACTION_MAPPING (COA_TRANSACTION_MAPPING_ID,COMPANY_ID,SERVICE_RECEIVED_TYPE_ID,PREBILL,ACCOUNT_ID,GEOGRAPHY_ID,PLATFORM_ID,DESCRIPTION,MODIFIED_BY,JOURNAL_ENTRY_LINE_TYPE,LINE_SUBTYPE) values (38341005,3,1,0,306,3,31,'Accrual for Agency Commission',null,'COMMISSION_LIABILITY',null);
Insert into COA_TRANSACTION_MAPPING (COA_TRANSACTION_MAPPING_ID,COMPANY_ID,SERVICE_RECEIVED_TYPE_ID,PREBILL,ACCOUNT_ID,GEOGRAPHY_ID,PLATFORM_ID,DESCRIPTION,MODIFIED_BY,JOURNAL_ENTRY_LINE_TYPE,LINE_SUBTYPE) values (38341006,3,1,0,307,3,31,'Deferred Revenue',null,'DEFERRED_REV',null);
Insert into COA_TRANSACTION_MAPPING (COA_TRANSACTION_MAPPING_ID,COMPANY_ID,SERVICE_RECEIVED_TYPE_ID,PREBILL,ACCOUNT_ID,GEOGRAPHY_ID,PLATFORM_ID,DESCRIPTION,MODIFIED_BY,JOURNAL_ENTRY_LINE_TYPE,LINE_SUBTYPE) values (38341007,3,1,0,305,3,31,'Local Ad. Revenue',null,'REVENUE','LOC');
Insert into COA_TRANSACTION_MAPPING (COA_TRANSACTION_MAPPING_ID,COMPANY_ID,SERVICE_RECEIVED_TYPE_ID,PREBILL,ACCOUNT_ID,GEOGRAPHY_ID,PLATFORM_ID,DESCRIPTION,MODIFIED_BY,JOURNAL_ENTRY_LINE_TYPE,LINE_SUBTYPE) values (38341008,3,1,0,305,3,31,'Regional Ad. Revenue',null,'REVENUE','REG');
Insert into COA_TRANSACTION_MAPPING (COA_TRANSACTION_MAPPING_ID,COMPANY_ID,SERVICE_RECEIVED_TYPE_ID,PREBILL,ACCOUNT_ID,GEOGRAPHY_ID,PLATFORM_ID,DESCRIPTION,MODIFIED_BY,JOURNAL_ENTRY_LINE_TYPE,LINE_SUBTYPE) values (38341009,3,1,0,305,3,31,'Intl. Advertising Revenue',null,'REVENUE','INT');
Insert into COA_TRANSACTION_MAPPING (COA_TRANSACTION_MAPPING_ID,COMPANY_ID,SERVICE_RECEIVED_TYPE_ID,PREBILL,ACCOUNT_ID,GEOGRAPHY_ID,PLATFORM_ID,DESCRIPTION,MODIFIED_BY,JOURNAL_ENTRY_LINE_TYPE,LINE_SUBTYPE) values (38341010,3,1,0,316,3,31,'Barter Revenue',null,'REVENUE','BARTER');
Insert into COA_TRANSACTION_MAPPING (COA_TRANSACTION_MAPPING_ID,COMPANY_ID,SERVICE_RECEIVED_TYPE_ID,PREBILL,ACCOUNT_ID,GEOGRAPHY_ID,PLATFORM_ID,DESCRIPTION,MODIFIED_BY,JOURNAL_ENTRY_LINE_TYPE,LINE_SUBTYPE) values (38341011,3,1,0,315,3,31,'Monthly Fee LAMAC',null,'REVENUE','LAMAC1');
Insert into COA_TRANSACTION_MAPPING (COA_TRANSACTION_MAPPING_ID,COMPANY_ID,SERVICE_RECEIVED_TYPE_ID,PREBILL,ACCOUNT_ID,GEOGRAPHY_ID,PLATFORM_ID,DESCRIPTION,MODIFIED_BY,JOURNAL_ENTRY_LINE_TYPE,LINE_SUBTYPE) values (38341012,3,1,0,309,3,31,'Expenses paid on behalf LAMAC',null,'REVENUE','LAMAC2');
Insert into COA_TRANSACTION_MAPPING (COA_TRANSACTION_MAPPING_ID,COMPANY_ID,SERVICE_RECEIVED_TYPE_ID,PREBILL,ACCOUNT_ID,GEOGRAPHY_ID,PLATFORM_ID,DESCRIPTION,MODIFIED_BY,JOURNAL_ENTRY_LINE_TYPE,LINE_SUBTYPE) values (38341013,3,1,0,303,3,31,'VAT Output',null,'VAT',null);
Insert into COA_TRANSACTION_MAPPING (COA_TRANSACTION_MAPPING_ID,COMPANY_ID,SERVICE_RECEIVED_TYPE_ID,PREBILL,ACCOUNT_ID,GEOGRAPHY_ID,PLATFORM_ID,DESCRIPTION,MODIFIED_BY,JOURNAL_ENTRY_LINE_TYPE,LINE_SUBTYPE) values (38341101,3,1,1,304,3,31,'AR Trade',null,'AR',null);
Insert into COA_TRANSACTION_MAPPING (COA_TRANSACTION_MAPPING_ID,COMPANY_ID,SERVICE_RECEIVED_TYPE_ID,PREBILL,ACCOUNT_ID,GEOGRAPHY_ID,PLATFORM_ID,DESCRIPTION,MODIFIED_BY,JOURNAL_ENTRY_LINE_TYPE,LINE_SUBTYPE) values (38341102,3,1,1,301,3,31,'Agency Commission Fee',null,'COMMISSION','AGYCOM');
Insert into COA_TRANSACTION_MAPPING (COA_TRANSACTION_MAPPING_ID,COMPANY_ID,SERVICE_RECEIVED_TYPE_ID,PREBILL,ACCOUNT_ID,GEOGRAPHY_ID,PLATFORM_ID,DESCRIPTION,MODIFIED_BY,JOURNAL_ENTRY_LINE_TYPE,LINE_SUBTYPE) values (38341103,3,1,1,310,3,31,'Incentive Commission',null,'COMMISSION','AGYINC');
Insert into COA_TRANSACTION_MAPPING (COA_TRANSACTION_MAPPING_ID,COMPANY_ID,SERVICE_RECEIVED_TYPE_ID,PREBILL,ACCOUNT_ID,GEOGRAPHY_ID,PLATFORM_ID,DESCRIPTION,MODIFIED_BY,JOURNAL_ENTRY_LINE_TYPE,LINE_SUBTYPE) values (38341104,3,1,1,310,3,31,'Volume Bonus',null,'COMMISSION','AGYVOL');
Insert into COA_TRANSACTION_MAPPING (COA_TRANSACTION_MAPPING_ID,COMPANY_ID,SERVICE_RECEIVED_TYPE_ID,PREBILL,ACCOUNT_ID,GEOGRAPHY_ID,PLATFORM_ID,DESCRIPTION,MODIFIED_BY,JOURNAL_ENTRY_LINE_TYPE,LINE_SUBTYPE) values (38341105,3,1,1,306,3,31,'Accrual for Agency Commission',null,'COMMISSION_LIABILITY',null);
Insert into COA_TRANSACTION_MAPPING (COA_TRANSACTION_MAPPING_ID,COMPANY_ID,SERVICE_RECEIVED_TYPE_ID,PREBILL,ACCOUNT_ID,GEOGRAPHY_ID,PLATFORM_ID,DESCRIPTION,MODIFIED_BY,JOURNAL_ENTRY_LINE_TYPE,LINE_SUBTYPE) values (38341106,3,1,1,307,3,31,'Deferred Revenue',null,'DEFERRED_REV',null);
Insert into COA_TRANSACTION_MAPPING (COA_TRANSACTION_MAPPING_ID,COMPANY_ID,SERVICE_RECEIVED_TYPE_ID,PREBILL,ACCOUNT_ID,GEOGRAPHY_ID,PLATFORM_ID,DESCRIPTION,MODIFIED_BY,JOURNAL_ENTRY_LINE_TYPE,LINE_SUBTYPE) values (38341107,3,1,1,303,3,31,'VAT Output',null,'VAT',null);
Insert into COA_TRANSACTION_MAPPING (COA_TRANSACTION_MAPPING_ID,COMPANY_ID,SERVICE_RECEIVED_TYPE_ID,PREBILL,ACCOUNT_ID,GEOGRAPHY_ID,PLATFORM_ID,DESCRIPTION,MODIFIED_BY,JOURNAL_ENTRY_LINE_TYPE,LINE_SUBTYPE) values (38342001,3,2,0,304,3,32,'AR Trade',null,'AR',null);
Insert into COA_TRANSACTION_MAPPING (COA_TRANSACTION_MAPPING_ID,COMPANY_ID,SERVICE_RECEIVED_TYPE_ID,PREBILL,ACCOUNT_ID,GEOGRAPHY_ID,PLATFORM_ID,DESCRIPTION,MODIFIED_BY,JOURNAL_ENTRY_LINE_TYPE,LINE_SUBTYPE) values (38342002,3,2,0,301,3,32,'Agency Commission Fee',null,'COMMISSION','AGYCOM');
Insert into COA_TRANSACTION_MAPPING (COA_TRANSACTION_MAPPING_ID,COMPANY_ID,SERVICE_RECEIVED_TYPE_ID,PREBILL,ACCOUNT_ID,GEOGRAPHY_ID,PLATFORM_ID,DESCRIPTION,MODIFIED_BY,JOURNAL_ENTRY_LINE_TYPE,LINE_SUBTYPE) values (38342003,3,2,0,310,3,32,'Incentive Commission',null,'COMMISSION','AGYINC');
Insert into COA_TRANSACTION_MAPPING (COA_TRANSACTION_MAPPING_ID,COMPANY_ID,SERVICE_RECEIVED_TYPE_ID,PREBILL,ACCOUNT_ID,GEOGRAPHY_ID,PLATFORM_ID,DESCRIPTION,MODIFIED_BY,JOURNAL_ENTRY_LINE_TYPE,LINE_SUBTYPE) values (38342004,3,2,0,310,3,32,'Volume Bonus',null,'COMMISSION','AGYVOL');
Insert into COA_TRANSACTION_MAPPING (COA_TRANSACTION_MAPPING_ID,COMPANY_ID,SERVICE_RECEIVED_TYPE_ID,PREBILL,ACCOUNT_ID,GEOGRAPHY_ID,PLATFORM_ID,DESCRIPTION,MODIFIED_BY,JOURNAL_ENTRY_LINE_TYPE,LINE_SUBTYPE) values (38342005,3,2,0,306,3,32,'Accrual for Agency Commission',null,'COMMISSION_LIABILITY',null);
Insert into COA_TRANSACTION_MAPPING (COA_TRANSACTION_MAPPING_ID,COMPANY_ID,SERVICE_RECEIVED_TYPE_ID,PREBILL,ACCOUNT_ID,GEOGRAPHY_ID,PLATFORM_ID,DESCRIPTION,MODIFIED_BY,JOURNAL_ENTRY_LINE_TYPE,LINE_SUBTYPE) values (38342006,3,2,0,307,3,32,'Deferred Revenue',null,'DEFERRED_REV',null);
Insert into COA_TRANSACTION_MAPPING (COA_TRANSACTION_MAPPING_ID,COMPANY_ID,SERVICE_RECEIVED_TYPE_ID,PREBILL,ACCOUNT_ID,GEOGRAPHY_ID,PLATFORM_ID,DESCRIPTION,MODIFIED_BY,JOURNAL_ENTRY_LINE_TYPE,LINE_SUBTYPE) values (38342007,3,2,0,302,3,32,'Digital (Online) Ad Sales',null,'REVENUE',null);
Insert into COA_TRANSACTION_MAPPING (COA_TRANSACTION_MAPPING_ID,COMPANY_ID,SERVICE_RECEIVED_TYPE_ID,PREBILL,ACCOUNT_ID,GEOGRAPHY_ID,PLATFORM_ID,DESCRIPTION,MODIFIED_BY,JOURNAL_ENTRY_LINE_TYPE,LINE_SUBTYPE) values (38342008,3,2,0,315,3,32,'Monthly Fee LAMAC',null,'REVENUE','LAMAC1');
Insert into COA_TRANSACTION_MAPPING (COA_TRANSACTION_MAPPING_ID,COMPANY_ID,SERVICE_RECEIVED_TYPE_ID,PREBILL,ACCOUNT_ID,GEOGRAPHY_ID,PLATFORM_ID,DESCRIPTION,MODIFIED_BY,JOURNAL_ENTRY_LINE_TYPE,LINE_SUBTYPE) values (38342009,3,2,0,309,3,32,'Expenses paid on behalf LAMAC',null,'REVENUE','LAMAC2');
Insert into COA_TRANSACTION_MAPPING (COA_TRANSACTION_MAPPING_ID,COMPANY_ID,SERVICE_RECEIVED_TYPE_ID,PREBILL,ACCOUNT_ID,GEOGRAPHY_ID,PLATFORM_ID,DESCRIPTION,MODIFIED_BY,JOURNAL_ENTRY_LINE_TYPE,LINE_SUBTYPE) values (38342010,3,2,0,303,3,32,'VAT Output',null,'VAT',null);
Insert into COA_TRANSACTION_MAPPING (COA_TRANSACTION_MAPPING_ID,COMPANY_ID,SERVICE_RECEIVED_TYPE_ID,PREBILL,ACCOUNT_ID,GEOGRAPHY_ID,PLATFORM_ID,DESCRIPTION,MODIFIED_BY,JOURNAL_ENTRY_LINE_TYPE,LINE_SUBTYPE) values (38342101,3,2,1,304,3,32,'AR Trade',null,'AR',null);
Insert into COA_TRANSACTION_MAPPING (COA_TRANSACTION_MAPPING_ID,COMPANY_ID,SERVICE_RECEIVED_TYPE_ID,PREBILL,ACCOUNT_ID,GEOGRAPHY_ID,PLATFORM_ID,DESCRIPTION,MODIFIED_BY,JOURNAL_ENTRY_LINE_TYPE,LINE_SUBTYPE) values (38342102,3,2,1,301,3,32,'Agency Commission Fee',null,'COMMISSION','AGYCOM');
Insert into COA_TRANSACTION_MAPPING (COA_TRANSACTION_MAPPING_ID,COMPANY_ID,SERVICE_RECEIVED_TYPE_ID,PREBILL,ACCOUNT_ID,GEOGRAPHY_ID,PLATFORM_ID,DESCRIPTION,MODIFIED_BY,JOURNAL_ENTRY_LINE_TYPE,LINE_SUBTYPE) values (38342103,3,2,1,310,3,32,'Incentive Commission',null,'COMMISSION','AGYINC');
Insert into COA_TRANSACTION_MAPPING (COA_TRANSACTION_MAPPING_ID,COMPANY_ID,SERVICE_RECEIVED_TYPE_ID,PREBILL,ACCOUNT_ID,GEOGRAPHY_ID,PLATFORM_ID,DESCRIPTION,MODIFIED_BY,JOURNAL_ENTRY_LINE_TYPE,LINE_SUBTYPE) values (38342104,3,2,1,310,3,32,'Volume Bonus',null,'COMMISSION','AGYVOL');
Insert into COA_TRANSACTION_MAPPING (COA_TRANSACTION_MAPPING_ID,COMPANY_ID,SERVICE_RECEIVED_TYPE_ID,PREBILL,ACCOUNT_ID,GEOGRAPHY_ID,PLATFORM_ID,DESCRIPTION,MODIFIED_BY,JOURNAL_ENTRY_LINE_TYPE,LINE_SUBTYPE) values (38342105,3,2,1,306,3,32,'Accrual for Agency Commission',null,'COMMISSION_LIABILITY',null);
Insert into COA_TRANSACTION_MAPPING (COA_TRANSACTION_MAPPING_ID,COMPANY_ID,SERVICE_RECEIVED_TYPE_ID,PREBILL,ACCOUNT_ID,GEOGRAPHY_ID,PLATFORM_ID,DESCRIPTION,MODIFIED_BY,JOURNAL_ENTRY_LINE_TYPE,LINE_SUBTYPE) values (38342106,3,2,1,307,3,32,'Deferred Revenue',null,'DEFERRED_REV',null);
Insert into COA_TRANSACTION_MAPPING (COA_TRANSACTION_MAPPING_ID,COMPANY_ID,SERVICE_RECEIVED_TYPE_ID,PREBILL,ACCOUNT_ID,GEOGRAPHY_ID,PLATFORM_ID,DESCRIPTION,MODIFIED_BY,JOURNAL_ENTRY_LINE_TYPE,LINE_SUBTYPE) values (38342107,3,2,1,303,3,32,'VAT Output',null,'VAT',null);
Insert into COA_TRANSACTION_MAPPING (COA_TRANSACTION_MAPPING_ID,COMPANY_ID,SERVICE_RECEIVED_TYPE_ID,PREBILL,ACCOUNT_ID,GEOGRAPHY_ID,PLATFORM_ID,DESCRIPTION,MODIFIED_BY,JOURNAL_ENTRY_LINE_TYPE,LINE_SUBTYPE) values (38343001,3,3,0,304,3,33,'AR Trade',null,'AR',null);
Insert into COA_TRANSACTION_MAPPING (COA_TRANSACTION_MAPPING_ID,COMPANY_ID,SERVICE_RECEIVED_TYPE_ID,PREBILL,ACCOUNT_ID,GEOGRAPHY_ID,PLATFORM_ID,DESCRIPTION,MODIFIED_BY,JOURNAL_ENTRY_LINE_TYPE,LINE_SUBTYPE) values (38343002,3,3,0,301,3,33,'Agency Commission Fee',null,'COMMISSION','AGYCOM');
Insert into COA_TRANSACTION_MAPPING (COA_TRANSACTION_MAPPING_ID,COMPANY_ID,SERVICE_RECEIVED_TYPE_ID,PREBILL,ACCOUNT_ID,GEOGRAPHY_ID,PLATFORM_ID,DESCRIPTION,MODIFIED_BY,JOURNAL_ENTRY_LINE_TYPE,LINE_SUBTYPE) values (38343003,3,3,0,310,3,33,'Incentive Commission',null,'COMMISSION','AGYINC');
Insert into COA_TRANSACTION_MAPPING (COA_TRANSACTION_MAPPING_ID,COMPANY_ID,SERVICE_RECEIVED_TYPE_ID,PREBILL,ACCOUNT_ID,GEOGRAPHY_ID,PLATFORM_ID,DESCRIPTION,MODIFIED_BY,JOURNAL_ENTRY_LINE_TYPE,LINE_SUBTYPE) values (38343004,3,3,0,310,3,33,'Volume Bonus',null,'COMMISSION','AGYVOL');
Insert into COA_TRANSACTION_MAPPING (COA_TRANSACTION_MAPPING_ID,COMPANY_ID,SERVICE_RECEIVED_TYPE_ID,PREBILL,ACCOUNT_ID,GEOGRAPHY_ID,PLATFORM_ID,DESCRIPTION,MODIFIED_BY,JOURNAL_ENTRY_LINE_TYPE,LINE_SUBTYPE) values (38343005,3,3,0,306,3,33,'Accrual for Agency Commission',null,'COMMISSION_LIABILITY',null);
Insert into COA_TRANSACTION_MAPPING (COA_TRANSACTION_MAPPING_ID,COMPANY_ID,SERVICE_RECEIVED_TYPE_ID,PREBILL,ACCOUNT_ID,GEOGRAPHY_ID,PLATFORM_ID,DESCRIPTION,MODIFIED_BY,JOURNAL_ENTRY_LINE_TYPE,LINE_SUBTYPE) values (38343006,3,3,0,307,3,33,'Deferred Revenue',null,'DEFERRED_REV',null);
Insert into COA_TRANSACTION_MAPPING (COA_TRANSACTION_MAPPING_ID,COMPANY_ID,SERVICE_RECEIVED_TYPE_ID,PREBILL,ACCOUNT_ID,GEOGRAPHY_ID,PLATFORM_ID,DESCRIPTION,MODIFIED_BY,JOURNAL_ENTRY_LINE_TYPE,LINE_SUBTYPE) values (38343007,3,3,0,313,3,33,'Licensing Revenue',null,'REVENUE',null);
Insert into COA_TRANSACTION_MAPPING (COA_TRANSACTION_MAPPING_ID,COMPANY_ID,SERVICE_RECEIVED_TYPE_ID,PREBILL,ACCOUNT_ID,GEOGRAPHY_ID,PLATFORM_ID,DESCRIPTION,MODIFIED_BY,JOURNAL_ENTRY_LINE_TYPE,LINE_SUBTYPE) values (38343008,3,3,0,315,3,33,'Monthly Fee LAMAC',null,'REVENUE','LAMAC1');
Insert into COA_TRANSACTION_MAPPING (COA_TRANSACTION_MAPPING_ID,COMPANY_ID,SERVICE_RECEIVED_TYPE_ID,PREBILL,ACCOUNT_ID,GEOGRAPHY_ID,PLATFORM_ID,DESCRIPTION,MODIFIED_BY,JOURNAL_ENTRY_LINE_TYPE,LINE_SUBTYPE) values (38343009,3,3,0,309,3,33,'Expenses paid on behalf LAMAC',null,'REVENUE','LAMAC2');
Insert into COA_TRANSACTION_MAPPING (COA_TRANSACTION_MAPPING_ID,COMPANY_ID,SERVICE_RECEIVED_TYPE_ID,PREBILL,ACCOUNT_ID,GEOGRAPHY_ID,PLATFORM_ID,DESCRIPTION,MODIFIED_BY,JOURNAL_ENTRY_LINE_TYPE,LINE_SUBTYPE) values (38343010,3,3,0,303,3,33,'VAT Output',null,'VAT',null);
Insert into COA_TRANSACTION_MAPPING (COA_TRANSACTION_MAPPING_ID,COMPANY_ID,SERVICE_RECEIVED_TYPE_ID,PREBILL,ACCOUNT_ID,GEOGRAPHY_ID,PLATFORM_ID,DESCRIPTION,MODIFIED_BY,JOURNAL_ENTRY_LINE_TYPE,LINE_SUBTYPE) values (38343101,3,3,1,304,3,33,'AR Trade',null,'AR',null);
Insert into COA_TRANSACTION_MAPPING (COA_TRANSACTION_MAPPING_ID,COMPANY_ID,SERVICE_RECEIVED_TYPE_ID,PREBILL,ACCOUNT_ID,GEOGRAPHY_ID,PLATFORM_ID,DESCRIPTION,MODIFIED_BY,JOURNAL_ENTRY_LINE_TYPE,LINE_SUBTYPE) values (38343102,3,3,1,301,3,33,'Agency Commission Fee',null,'COMMISSION','AGYCOM');
Insert into COA_TRANSACTION_MAPPING (COA_TRANSACTION_MAPPING_ID,COMPANY_ID,SERVICE_RECEIVED_TYPE_ID,PREBILL,ACCOUNT_ID,GEOGRAPHY_ID,PLATFORM_ID,DESCRIPTION,MODIFIED_BY,JOURNAL_ENTRY_LINE_TYPE,LINE_SUBTYPE) values (38343103,3,3,1,310,3,33,'Incentive Commission',null,'COMMISSION','AGYINC');
Insert into COA_TRANSACTION_MAPPING (COA_TRANSACTION_MAPPING_ID,COMPANY_ID,SERVICE_RECEIVED_TYPE_ID,PREBILL,ACCOUNT_ID,GEOGRAPHY_ID,PLATFORM_ID,DESCRIPTION,MODIFIED_BY,JOURNAL_ENTRY_LINE_TYPE,LINE_SUBTYPE) values (38343104,3,3,1,310,3,33,'Volume Bonus',null,'COMMISSION','AGYVOL');
Insert into COA_TRANSACTION_MAPPING (COA_TRANSACTION_MAPPING_ID,COMPANY_ID,SERVICE_RECEIVED_TYPE_ID,PREBILL,ACCOUNT_ID,GEOGRAPHY_ID,PLATFORM_ID,DESCRIPTION,MODIFIED_BY,JOURNAL_ENTRY_LINE_TYPE,LINE_SUBTYPE) values (38343105,3,3,1,306,3,33,'Accrual for Agency Commission',null,'COMMISSION_LIABILITY',null);
Insert into COA_TRANSACTION_MAPPING (COA_TRANSACTION_MAPPING_ID,COMPANY_ID,SERVICE_RECEIVED_TYPE_ID,PREBILL,ACCOUNT_ID,GEOGRAPHY_ID,PLATFORM_ID,DESCRIPTION,MODIFIED_BY,JOURNAL_ENTRY_LINE_TYPE,LINE_SUBTYPE) values (38343106,3,3,1,307,3,33,'Deferred Revenue',null,'DEFERRED_REV',null);
Insert into COA_TRANSACTION_MAPPING (COA_TRANSACTION_MAPPING_ID,COMPANY_ID,SERVICE_RECEIVED_TYPE_ID,PREBILL,ACCOUNT_ID,GEOGRAPHY_ID,PLATFORM_ID,DESCRIPTION,MODIFIED_BY,JOURNAL_ENTRY_LINE_TYPE,LINE_SUBTYPE) values (38343107,3,3,1,303,3,33,'VAT Output',null,'VAT',null);
Insert into COA_TRANSACTION_MAPPING (COA_TRANSACTION_MAPPING_ID,COMPANY_ID,SERVICE_RECEIVED_TYPE_ID,PREBILL,ACCOUNT_ID,GEOGRAPHY_ID,PLATFORM_ID,DESCRIPTION,MODIFIED_BY,JOURNAL_ENTRY_LINE_TYPE,LINE_SUBTYPE) values (38344001,3,4,0,304,3,34,'AR Trade',null,'AR',null);
Insert into COA_TRANSACTION_MAPPING (COA_TRANSACTION_MAPPING_ID,COMPANY_ID,SERVICE_RECEIVED_TYPE_ID,PREBILL,ACCOUNT_ID,GEOGRAPHY_ID,PLATFORM_ID,DESCRIPTION,MODIFIED_BY,JOURNAL_ENTRY_LINE_TYPE,LINE_SUBTYPE) values (38344002,3,4,0,301,3,34,'Agency Commission Fee',null,'COMMISSION','AGYCOM');
Insert into COA_TRANSACTION_MAPPING (COA_TRANSACTION_MAPPING_ID,COMPANY_ID,SERVICE_RECEIVED_TYPE_ID,PREBILL,ACCOUNT_ID,GEOGRAPHY_ID,PLATFORM_ID,DESCRIPTION,MODIFIED_BY,JOURNAL_ENTRY_LINE_TYPE,LINE_SUBTYPE) values (38344003,3,4,0,310,3,34,'Incentive Commission',null,'COMMISSION','AGYINC');
Insert into COA_TRANSACTION_MAPPING (COA_TRANSACTION_MAPPING_ID,COMPANY_ID,SERVICE_RECEIVED_TYPE_ID,PREBILL,ACCOUNT_ID,GEOGRAPHY_ID,PLATFORM_ID,DESCRIPTION,MODIFIED_BY,JOURNAL_ENTRY_LINE_TYPE,LINE_SUBTYPE) values (38344004,3,4,0,310,3,34,'Volume Bonus',null,'COMMISSION','AGYVOL');
Insert into COA_TRANSACTION_MAPPING (COA_TRANSACTION_MAPPING_ID,COMPANY_ID,SERVICE_RECEIVED_TYPE_ID,PREBILL,ACCOUNT_ID,GEOGRAPHY_ID,PLATFORM_ID,DESCRIPTION,MODIFIED_BY,JOURNAL_ENTRY_LINE_TYPE,LINE_SUBTYPE) values (38344005,3,4,0,306,3,34,'Accrual for Agency Commission',null,'COMMISSION_LIABILITY',null);
Insert into COA_TRANSACTION_MAPPING (COA_TRANSACTION_MAPPING_ID,COMPANY_ID,SERVICE_RECEIVED_TYPE_ID,PREBILL,ACCOUNT_ID,GEOGRAPHY_ID,PLATFORM_ID,DESCRIPTION,MODIFIED_BY,JOURNAL_ENTRY_LINE_TYPE,LINE_SUBTYPE) values (38344006,3,4,0,307,3,34,'Deferred Revenue',null,'DEFERRED_REV',null);
Insert into COA_TRANSACTION_MAPPING (COA_TRANSACTION_MAPPING_ID,COMPANY_ID,SERVICE_RECEIVED_TYPE_ID,PREBILL,ACCOUNT_ID,GEOGRAPHY_ID,PLATFORM_ID,DESCRIPTION,MODIFIED_BY,JOURNAL_ENTRY_LINE_TYPE,LINE_SUBTYPE) values (38344007,3,4,0,314,3,34,'Other Revenue',null,'REVENUE',null);
Insert into COA_TRANSACTION_MAPPING (COA_TRANSACTION_MAPPING_ID,COMPANY_ID,SERVICE_RECEIVED_TYPE_ID,PREBILL,ACCOUNT_ID,GEOGRAPHY_ID,PLATFORM_ID,DESCRIPTION,MODIFIED_BY,JOURNAL_ENTRY_LINE_TYPE,LINE_SUBTYPE) values (38344008,3,4,0,315,3,34,'Monthly Fee LAMAC',null,'REVENUE','LAMAC1');
Insert into COA_TRANSACTION_MAPPING (COA_TRANSACTION_MAPPING_ID,COMPANY_ID,SERVICE_RECEIVED_TYPE_ID,PREBILL,ACCOUNT_ID,GEOGRAPHY_ID,PLATFORM_ID,DESCRIPTION,MODIFIED_BY,JOURNAL_ENTRY_LINE_TYPE,LINE_SUBTYPE) values (38344009,3,4,0,309,3,34,'Expenses paid on behalf LAMAC.',null,'REVENUE','LAMAC2');
Insert into COA_TRANSACTION_MAPPING (COA_TRANSACTION_MAPPING_ID,COMPANY_ID,SERVICE_RECEIVED_TYPE_ID,PREBILL,ACCOUNT_ID,GEOGRAPHY_ID,PLATFORM_ID,DESCRIPTION,MODIFIED_BY,JOURNAL_ENTRY_LINE_TYPE,LINE_SUBTYPE) values (38344010,3,4,0,303,3,34,'VAT Output',null,'VAT',null);
Insert into COA_TRANSACTION_MAPPING (COA_TRANSACTION_MAPPING_ID,COMPANY_ID,SERVICE_RECEIVED_TYPE_ID,PREBILL,ACCOUNT_ID,GEOGRAPHY_ID,PLATFORM_ID,DESCRIPTION,MODIFIED_BY,JOURNAL_ENTRY_LINE_TYPE,LINE_SUBTYPE) values (38344101,3,4,1,304,3,34,'AR Trade',null,'AR',null);
Insert into COA_TRANSACTION_MAPPING (COA_TRANSACTION_MAPPING_ID,COMPANY_ID,SERVICE_RECEIVED_TYPE_ID,PREBILL,ACCOUNT_ID,GEOGRAPHY_ID,PLATFORM_ID,DESCRIPTION,MODIFIED_BY,JOURNAL_ENTRY_LINE_TYPE,LINE_SUBTYPE) values (38344102,3,4,1,301,3,34,'Agency Commission Fee',null,'COMMISSION','AGYCOM');
Insert into COA_TRANSACTION_MAPPING (COA_TRANSACTION_MAPPING_ID,COMPANY_ID,SERVICE_RECEIVED_TYPE_ID,PREBILL,ACCOUNT_ID,GEOGRAPHY_ID,PLATFORM_ID,DESCRIPTION,MODIFIED_BY,JOURNAL_ENTRY_LINE_TYPE,LINE_SUBTYPE) values (38344103,3,4,1,310,3,34,'Incentive Commission',null,'COMMISSION','AGYINC');
Insert into COA_TRANSACTION_MAPPING (COA_TRANSACTION_MAPPING_ID,COMPANY_ID,SERVICE_RECEIVED_TYPE_ID,PREBILL,ACCOUNT_ID,GEOGRAPHY_ID,PLATFORM_ID,DESCRIPTION,MODIFIED_BY,JOURNAL_ENTRY_LINE_TYPE,LINE_SUBTYPE) values (38344104,3,4,1,310,3,34,'Volume Bonus',null,'COMMISSION','AGYVOL');
Insert into COA_TRANSACTION_MAPPING (COA_TRANSACTION_MAPPING_ID,COMPANY_ID,SERVICE_RECEIVED_TYPE_ID,PREBILL,ACCOUNT_ID,GEOGRAPHY_ID,PLATFORM_ID,DESCRIPTION,MODIFIED_BY,JOURNAL_ENTRY_LINE_TYPE,LINE_SUBTYPE) values (38344105,3,4,1,306,3,34,'Accrual for Agency Commission',null,'COMMISSION_LIABILITY',null);
Insert into COA_TRANSACTION_MAPPING (COA_TRANSACTION_MAPPING_ID,COMPANY_ID,SERVICE_RECEIVED_TYPE_ID,PREBILL,ACCOUNT_ID,GEOGRAPHY_ID,PLATFORM_ID,DESCRIPTION,MODIFIED_BY,JOURNAL_ENTRY_LINE_TYPE,LINE_SUBTYPE) values (38344106,3,4,1,307,3,34,'Deferred Revenue',null,'DEFERRED_REV',null);
Insert into COA_TRANSACTION_MAPPING (COA_TRANSACTION_MAPPING_ID,COMPANY_ID,SERVICE_RECEIVED_TYPE_ID,PREBILL,ACCOUNT_ID,GEOGRAPHY_ID,PLATFORM_ID,DESCRIPTION,MODIFIED_BY,JOURNAL_ENTRY_LINE_TYPE,LINE_SUBTYPE) values (38344107,3,4,1,303,3,34,'VAT Output',null,'VAT',null);
Insert into COA_TRANSACTION_MAPPING (COA_TRANSACTION_MAPPING_ID,COMPANY_ID,SERVICE_RECEIVED_TYPE_ID,PREBILL,ACCOUNT_ID,GEOGRAPHY_ID,PLATFORM_ID,DESCRIPTION,MODIFIED_BY,JOURNAL_ENTRY_LINE_TYPE,LINE_SUBTYPE) values (38345001,3,5,0,304,3,31,'AR Trade',null,'AR',null);
Insert into COA_TRANSACTION_MAPPING (COA_TRANSACTION_MAPPING_ID,COMPANY_ID,SERVICE_RECEIVED_TYPE_ID,PREBILL,ACCOUNT_ID,GEOGRAPHY_ID,PLATFORM_ID,DESCRIPTION,MODIFIED_BY,JOURNAL_ENTRY_LINE_TYPE,LINE_SUBTYPE) values (38345002,3,5,0,301,3,31,'Agency Commission Fee',null,'COMMISSION','AGYCOM');
Insert into COA_TRANSACTION_MAPPING (COA_TRANSACTION_MAPPING_ID,COMPANY_ID,SERVICE_RECEIVED_TYPE_ID,PREBILL,ACCOUNT_ID,GEOGRAPHY_ID,PLATFORM_ID,DESCRIPTION,MODIFIED_BY,JOURNAL_ENTRY_LINE_TYPE,LINE_SUBTYPE) values (38345003,3,5,0,310,3,31,'Incentive Commission',null,'COMMISSION','AGYINC');
Insert into COA_TRANSACTION_MAPPING (COA_TRANSACTION_MAPPING_ID,COMPANY_ID,SERVICE_RECEIVED_TYPE_ID,PREBILL,ACCOUNT_ID,GEOGRAPHY_ID,PLATFORM_ID,DESCRIPTION,MODIFIED_BY,JOURNAL_ENTRY_LINE_TYPE,LINE_SUBTYPE) values (38345004,3,5,0,310,3,31,'Volume Bonus',null,'COMMISSION','AGYVOL');
Insert into COA_TRANSACTION_MAPPING (COA_TRANSACTION_MAPPING_ID,COMPANY_ID,SERVICE_RECEIVED_TYPE_ID,PREBILL,ACCOUNT_ID,GEOGRAPHY_ID,PLATFORM_ID,DESCRIPTION,MODIFIED_BY,JOURNAL_ENTRY_LINE_TYPE,LINE_SUBTYPE) values (38345005,3,5,0,306,3,31,'Accrual for Agency Commission',null,'COMMISSION_LIABILITY',null);
Insert into COA_TRANSACTION_MAPPING (COA_TRANSACTION_MAPPING_ID,COMPANY_ID,SERVICE_RECEIVED_TYPE_ID,PREBILL,ACCOUNT_ID,GEOGRAPHY_ID,PLATFORM_ID,DESCRIPTION,MODIFIED_BY,JOURNAL_ENTRY_LINE_TYPE,LINE_SUBTYPE) values (38345006,3,5,0,307,3,31,'Deferred Revenue',null,'DEFERRED_REV',null);
Insert into COA_TRANSACTION_MAPPING (COA_TRANSACTION_MAPPING_ID,COMPANY_ID,SERVICE_RECEIVED_TYPE_ID,PREBILL,ACCOUNT_ID,GEOGRAPHY_ID,PLATFORM_ID,DESCRIPTION,MODIFIED_BY,JOURNAL_ENTRY_LINE_TYPE,LINE_SUBTYPE) values (38345007,3,5,0,312,3,31,'Production Ad. Revenue',null,'REVENUE',null);
Insert into COA_TRANSACTION_MAPPING (COA_TRANSACTION_MAPPING_ID,COMPANY_ID,SERVICE_RECEIVED_TYPE_ID,PREBILL,ACCOUNT_ID,GEOGRAPHY_ID,PLATFORM_ID,DESCRIPTION,MODIFIED_BY,JOURNAL_ENTRY_LINE_TYPE,LINE_SUBTYPE) values (38345008,3,5,0,315,3,31,'Monthly Fee LAMAC',null,'REVENUE','LAMAC1');
Insert into COA_TRANSACTION_MAPPING (COA_TRANSACTION_MAPPING_ID,COMPANY_ID,SERVICE_RECEIVED_TYPE_ID,PREBILL,ACCOUNT_ID,GEOGRAPHY_ID,PLATFORM_ID,DESCRIPTION,MODIFIED_BY,JOURNAL_ENTRY_LINE_TYPE,LINE_SUBTYPE) values (38345009,3,5,0,309,3,31,'Expenses paid on behalf LAMAC',null,'REVENUE','LAMAC2');
Insert into COA_TRANSACTION_MAPPING (COA_TRANSACTION_MAPPING_ID,COMPANY_ID,SERVICE_RECEIVED_TYPE_ID,PREBILL,ACCOUNT_ID,GEOGRAPHY_ID,PLATFORM_ID,DESCRIPTION,MODIFIED_BY,JOURNAL_ENTRY_LINE_TYPE,LINE_SUBTYPE) values (38345010,3,5,0,303,3,31,'VAT Output',null,'VAT',null);
Insert into COA_TRANSACTION_MAPPING (COA_TRANSACTION_MAPPING_ID,COMPANY_ID,SERVICE_RECEIVED_TYPE_ID,PREBILL,ACCOUNT_ID,GEOGRAPHY_ID,PLATFORM_ID,DESCRIPTION,MODIFIED_BY,JOURNAL_ENTRY_LINE_TYPE,LINE_SUBTYPE) values (38345101,3,5,1,304,3,31,'AR Trade',null,'AR',null);
Insert into COA_TRANSACTION_MAPPING (COA_TRANSACTION_MAPPING_ID,COMPANY_ID,SERVICE_RECEIVED_TYPE_ID,PREBILL,ACCOUNT_ID,GEOGRAPHY_ID,PLATFORM_ID,DESCRIPTION,MODIFIED_BY,JOURNAL_ENTRY_LINE_TYPE,LINE_SUBTYPE) values (38345102,3,5,1,301,3,31,'Agency Commission Fee',null,'COMMISSION','AGYCOM');
Insert into COA_TRANSACTION_MAPPING (COA_TRANSACTION_MAPPING_ID,COMPANY_ID,SERVICE_RECEIVED_TYPE_ID,PREBILL,ACCOUNT_ID,GEOGRAPHY_ID,PLATFORM_ID,DESCRIPTION,MODIFIED_BY,JOURNAL_ENTRY_LINE_TYPE,LINE_SUBTYPE) values (38345103,3,5,1,310,3,31,'Incentive Commission',null,'COMMISSION','AGYINC');
Insert into COA_TRANSACTION_MAPPING (COA_TRANSACTION_MAPPING_ID,COMPANY_ID,SERVICE_RECEIVED_TYPE_ID,PREBILL,ACCOUNT_ID,GEOGRAPHY_ID,PLATFORM_ID,DESCRIPTION,MODIFIED_BY,JOURNAL_ENTRY_LINE_TYPE,LINE_SUBTYPE) values (38345104,3,5,1,310,3,31,'Volume Bonus',null,'COMMISSION','AGYVOL');
Insert into COA_TRANSACTION_MAPPING (COA_TRANSACTION_MAPPING_ID,COMPANY_ID,SERVICE_RECEIVED_TYPE_ID,PREBILL,ACCOUNT_ID,GEOGRAPHY_ID,PLATFORM_ID,DESCRIPTION,MODIFIED_BY,JOURNAL_ENTRY_LINE_TYPE,LINE_SUBTYPE) values (38345105,3,5,1,306,3,31,'Accrual for Agency Commission',null,'COMMISSION_LIABILITY',null);
Insert into COA_TRANSACTION_MAPPING (COA_TRANSACTION_MAPPING_ID,COMPANY_ID,SERVICE_RECEIVED_TYPE_ID,PREBILL,ACCOUNT_ID,GEOGRAPHY_ID,PLATFORM_ID,DESCRIPTION,MODIFIED_BY,JOURNAL_ENTRY_LINE_TYPE,LINE_SUBTYPE) values (38345106,3,5,1,307,3,31,'Deferred Revenue',null,'DEFERRED_REV',null);
Insert into COA_TRANSACTION_MAPPING (COA_TRANSACTION_MAPPING_ID,COMPANY_ID,SERVICE_RECEIVED_TYPE_ID,PREBILL,ACCOUNT_ID,GEOGRAPHY_ID,PLATFORM_ID,DESCRIPTION,MODIFIED_BY,JOURNAL_ENTRY_LINE_TYPE,LINE_SUBTYPE) values (38345107,3,5,1,303,3,31,'VAT Output',null,'VAT',null);
Insert into COA_TRANSACTION_MAPPING (COA_TRANSACTION_MAPPING_ID,COMPANY_ID,SERVICE_RECEIVED_TYPE_ID,PREBILL,ACCOUNT_ID,GEOGRAPHY_ID,PLATFORM_ID,DESCRIPTION,MODIFIED_BY,JOURNAL_ENTRY_LINE_TYPE,LINE_SUBTYPE) values (38345108,3,2,1,317,3,32,'Autoretención CREE Débito','admin','WITHHOLDING_DEBIT','CREE');
Insert into COA_TRANSACTION_MAPPING (COA_TRANSACTION_MAPPING_ID,COMPANY_ID,SERVICE_RECEIVED_TYPE_ID,PREBILL,ACCOUNT_ID,GEOGRAPHY_ID,PLATFORM_ID,DESCRIPTION,MODIFIED_BY,JOURNAL_ENTRY_LINE_TYPE,LINE_SUBTYPE) values (38345109,3,2,1,318,3,32,'Autoretención CREE Credito','admin','WITHHOLDING_CREDIT','CREE');
Insert into COA_TRANSACTION_MAPPING (COA_TRANSACTION_MAPPING_ID,COMPANY_ID,SERVICE_RECEIVED_TYPE_ID,PREBILL,ACCOUNT_ID,GEOGRAPHY_ID,PLATFORM_ID,DESCRIPTION,MODIFIED_BY,JOURNAL_ENTRY_LINE_TYPE,LINE_SUBTYPE) values (38345110,3,2,0,317,3,32,'Autoretención CREE Débito','admin','WITHHOLDING_DEBIT','CREE');
Insert into COA_TRANSACTION_MAPPING (COA_TRANSACTION_MAPPING_ID,COMPANY_ID,SERVICE_RECEIVED_TYPE_ID,PREBILL,ACCOUNT_ID,GEOGRAPHY_ID,PLATFORM_ID,DESCRIPTION,MODIFIED_BY,JOURNAL_ENTRY_LINE_TYPE,LINE_SUBTYPE) values (38345111,3,2,0,318,3,32,'Autoretención CREE Crédito','admin','WITHHOLDING_CREDIT','CREE');
Insert into COA_TRANSACTION_MAPPING (COA_TRANSACTION_MAPPING_ID,COMPANY_ID,SERVICE_RECEIVED_TYPE_ID,PREBILL,ACCOUNT_ID,GEOGRAPHY_ID,PLATFORM_ID,DESCRIPTION,MODIFIED_BY,JOURNAL_ENTRY_LINE_TYPE,LINE_SUBTYPE) values (38345112,3,3,1,317,3,33,'Autoretención CREE Débito','admin','WITHHOLDING_DEBIT','CREE');
Insert into COA_TRANSACTION_MAPPING (COA_TRANSACTION_MAPPING_ID,COMPANY_ID,SERVICE_RECEIVED_TYPE_ID,PREBILL,ACCOUNT_ID,GEOGRAPHY_ID,PLATFORM_ID,DESCRIPTION,MODIFIED_BY,JOURNAL_ENTRY_LINE_TYPE,LINE_SUBTYPE) values (38345113,3,3,1,318,3,33,'Autoretención CREE Crédito','admin','WITHHOLDING_CREDIT','CREE');
Insert into COA_TRANSACTION_MAPPING (COA_TRANSACTION_MAPPING_ID,COMPANY_ID,SERVICE_RECEIVED_TYPE_ID,PREBILL,ACCOUNT_ID,GEOGRAPHY_ID,PLATFORM_ID,DESCRIPTION,MODIFIED_BY,JOURNAL_ENTRY_LINE_TYPE,LINE_SUBTYPE) values (38345114,3,3,0,317,3,33,'Autoretención CREE Débito','admin','WITHHOLDING_DEBIT','CREE');
Insert into COA_TRANSACTION_MAPPING (COA_TRANSACTION_MAPPING_ID,COMPANY_ID,SERVICE_RECEIVED_TYPE_ID,PREBILL,ACCOUNT_ID,GEOGRAPHY_ID,PLATFORM_ID,DESCRIPTION,MODIFIED_BY,JOURNAL_ENTRY_LINE_TYPE,LINE_SUBTYPE) values (38345115,3,3,0,318,3,33,'Autoretención CREE Crédito','admin','WITHHOLDING_CREDIT','CREE');
Insert into COA_TRANSACTION_MAPPING (COA_TRANSACTION_MAPPING_ID,COMPANY_ID,SERVICE_RECEIVED_TYPE_ID,PREBILL,ACCOUNT_ID,GEOGRAPHY_ID,PLATFORM_ID,DESCRIPTION,MODIFIED_BY,JOURNAL_ENTRY_LINE_TYPE,LINE_SUBTYPE) values (38345116,3,4,1,317,3,34,'Autoretención CREE Débito','admin','WITHHOLDING_DEBIT','CREE');
Insert into COA_TRANSACTION_MAPPING (COA_TRANSACTION_MAPPING_ID,COMPANY_ID,SERVICE_RECEIVED_TYPE_ID,PREBILL,ACCOUNT_ID,GEOGRAPHY_ID,PLATFORM_ID,DESCRIPTION,MODIFIED_BY,JOURNAL_ENTRY_LINE_TYPE,LINE_SUBTYPE) values (38345117,3,4,1,318,3,34,'Autoretención CREE Crédito','admin','WITHHOLDING_CREDIT','CREE');
Insert into COA_TRANSACTION_MAPPING (COA_TRANSACTION_MAPPING_ID,COMPANY_ID,SERVICE_RECEIVED_TYPE_ID,PREBILL,ACCOUNT_ID,GEOGRAPHY_ID,PLATFORM_ID,DESCRIPTION,MODIFIED_BY,JOURNAL_ENTRY_LINE_TYPE,LINE_SUBTYPE) values (38345118,3,4,0,317,3,34,'Autoretención CREE Débito','admin','WITHHOLDING_DEBIT','CREE');
Insert into COA_TRANSACTION_MAPPING (COA_TRANSACTION_MAPPING_ID,COMPANY_ID,SERVICE_RECEIVED_TYPE_ID,PREBILL,ACCOUNT_ID,GEOGRAPHY_ID,PLATFORM_ID,DESCRIPTION,MODIFIED_BY,JOURNAL_ENTRY_LINE_TYPE,LINE_SUBTYPE) values (38345119,3,4,0,318,3,34,'Autoretención CREE Crédito','admin','WITHHOLDING_CREDIT','CREE');
Insert into COA_TRANSACTION_MAPPING (COA_TRANSACTION_MAPPING_ID,COMPANY_ID,SERVICE_RECEIVED_TYPE_ID,PREBILL,ACCOUNT_ID,GEOGRAPHY_ID,PLATFORM_ID,DESCRIPTION,MODIFIED_BY,JOURNAL_ENTRY_LINE_TYPE,LINE_SUBTYPE) values (38345121,3,1,1,317,3,31,'Autoretención CREE Débito','ADMIN','WITHHOLDING_DEBIT','CREE');
Insert into COA_TRANSACTION_MAPPING (COA_TRANSACTION_MAPPING_ID,COMPANY_ID,SERVICE_RECEIVED_TYPE_ID,PREBILL,ACCOUNT_ID,GEOGRAPHY_ID,PLATFORM_ID,DESCRIPTION,MODIFIED_BY,JOURNAL_ENTRY_LINE_TYPE,LINE_SUBTYPE) values (38345122,3,1,1,318,3,31,'Autoretención CREE Crédito','ADMIN','WITHHOLDING_CREDIT','CREE');
Insert into COA_TRANSACTION_MAPPING (COA_TRANSACTION_MAPPING_ID,COMPANY_ID,SERVICE_RECEIVED_TYPE_ID,PREBILL,ACCOUNT_ID,GEOGRAPHY_ID,PLATFORM_ID,DESCRIPTION,MODIFIED_BY,JOURNAL_ENTRY_LINE_TYPE,LINE_SUBTYPE) values (38345123,3,1,0,317,3,31,'Autoretención CREE Débito','jsalgado','WITHHOLDING_DEBIT','CREE');
Insert into COA_TRANSACTION_MAPPING (COA_TRANSACTION_MAPPING_ID,COMPANY_ID,SERVICE_RECEIVED_TYPE_ID,PREBILL,ACCOUNT_ID,GEOGRAPHY_ID,PLATFORM_ID,DESCRIPTION,MODIFIED_BY,JOURNAL_ENTRY_LINE_TYPE,LINE_SUBTYPE) values (38345124,3,1,0,318,3,31,'Autoretención CREE Crédito','ADMIN','WITHHOLDING_CREDIT','CREE');
Insert into COA_TRANSACTION_MAPPING (COA_TRANSACTION_MAPPING_ID,COMPANY_ID,SERVICE_RECEIVED_TYPE_ID,PREBILL,ACCOUNT_ID,GEOGRAPHY_ID,PLATFORM_ID,DESCRIPTION,MODIFIED_BY,JOURNAL_ENTRY_LINE_TYPE,LINE_SUBTYPE) values (38345125,3,5,1,317,3,31,'Autoretención CREE Débito','ADMIN','WITHHOLDING_DEBIT','CREE');
Insert into COA_TRANSACTION_MAPPING (COA_TRANSACTION_MAPPING_ID,COMPANY_ID,SERVICE_RECEIVED_TYPE_ID,PREBILL,ACCOUNT_ID,GEOGRAPHY_ID,PLATFORM_ID,DESCRIPTION,MODIFIED_BY,JOURNAL_ENTRY_LINE_TYPE,LINE_SUBTYPE) values (38345126,3,5,1,318,3,31,'Autoretención CREE Crédito','ADMIN','WITHHOLDING_CREDIT','CREE');
Insert into COA_TRANSACTION_MAPPING (COA_TRANSACTION_MAPPING_ID,COMPANY_ID,SERVICE_RECEIVED_TYPE_ID,PREBILL,ACCOUNT_ID,GEOGRAPHY_ID,PLATFORM_ID,DESCRIPTION,MODIFIED_BY,JOURNAL_ENTRY_LINE_TYPE,LINE_SUBTYPE) values (38345127,3,5,0,317,3,31,'Autoretención CREE Débito','ADMIN','WITHHOLDING_DEBIT','CREE');
Insert into COA_TRANSACTION_MAPPING (COA_TRANSACTION_MAPPING_ID,COMPANY_ID,SERVICE_RECEIVED_TYPE_ID,PREBILL,ACCOUNT_ID,GEOGRAPHY_ID,PLATFORM_ID,DESCRIPTION,MODIFIED_BY,JOURNAL_ENTRY_LINE_TYPE,LINE_SUBTYPE) values (38345128,3,5,0,318,3,31,'Autoretención CREE Crédito','ADMIN','WITHHOLDING_CREDIT','CREE');
Insert into COA_TRANSACTION_MAPPING (COA_TRANSACTION_MAPPING_ID,COMPANY_ID,SERVICE_RECEIVED_TYPE_ID,PREBILL,ACCOUNT_ID,GEOGRAPHY_ID,PLATFORM_ID,DESCRIPTION,MODIFIED_BY,JOURNAL_ENTRY_LINE_TYPE,LINE_SUBTYPE) values (38345129,3,2,1,317,3,32,'Autoretención FTE Débito','admin','WITHHOLDING_DEBIT','FTE');
Insert into COA_TRANSACTION_MAPPING (COA_TRANSACTION_MAPPING_ID,COMPANY_ID,SERVICE_RECEIVED_TYPE_ID,PREBILL,ACCOUNT_ID,GEOGRAPHY_ID,PLATFORM_ID,DESCRIPTION,MODIFIED_BY,JOURNAL_ENTRY_LINE_TYPE,LINE_SUBTYPE) values (38345130,3,2,0,317,3,32,'Autoretención FTE Débito','admin','WITHHOLDING_DEBIT','FTE');
Insert into COA_TRANSACTION_MAPPING (COA_TRANSACTION_MAPPING_ID,COMPANY_ID,SERVICE_RECEIVED_TYPE_ID,PREBILL,ACCOUNT_ID,GEOGRAPHY_ID,PLATFORM_ID,DESCRIPTION,MODIFIED_BY,JOURNAL_ENTRY_LINE_TYPE,LINE_SUBTYPE) values (38345131,3,3,1,317,3,33,'Autoretención FTE Débito','admin','WITHHOLDING_DEBIT','FTE');
Insert into COA_TRANSACTION_MAPPING (COA_TRANSACTION_MAPPING_ID,COMPANY_ID,SERVICE_RECEIVED_TYPE_ID,PREBILL,ACCOUNT_ID,GEOGRAPHY_ID,PLATFORM_ID,DESCRIPTION,MODIFIED_BY,JOURNAL_ENTRY_LINE_TYPE,LINE_SUBTYPE) values (38345132,3,3,0,317,3,33,'Autoretención FTE Débito','admin','WITHHOLDING_DEBIT','FTE');
Insert into COA_TRANSACTION_MAPPING (COA_TRANSACTION_MAPPING_ID,COMPANY_ID,SERVICE_RECEIVED_TYPE_ID,PREBILL,ACCOUNT_ID,GEOGRAPHY_ID,PLATFORM_ID,DESCRIPTION,MODIFIED_BY,JOURNAL_ENTRY_LINE_TYPE,LINE_SUBTYPE) values (38345133,3,4,1,317,3,34,'Autoretención FTE Débito','admin','WITHHOLDING_DEBIT','FTE');
Insert into COA_TRANSACTION_MAPPING (COA_TRANSACTION_MAPPING_ID,COMPANY_ID,SERVICE_RECEIVED_TYPE_ID,PREBILL,ACCOUNT_ID,GEOGRAPHY_ID,PLATFORM_ID,DESCRIPTION,MODIFIED_BY,JOURNAL_ENTRY_LINE_TYPE,LINE_SUBTYPE) values (38345134,3,4,0,317,3,34,'Autoretención FTE Débito','admin','WITHHOLDING_DEBIT','FTE');
Insert into COA_TRANSACTION_MAPPING (COA_TRANSACTION_MAPPING_ID,COMPANY_ID,SERVICE_RECEIVED_TYPE_ID,PREBILL,ACCOUNT_ID,GEOGRAPHY_ID,PLATFORM_ID,DESCRIPTION,MODIFIED_BY,JOURNAL_ENTRY_LINE_TYPE,LINE_SUBTYPE) values (38345135,3,1,1,317,3,31,'Autoretención FTE Débito','ADMIN','WITHHOLDING_DEBIT','FTE');
Insert into COA_TRANSACTION_MAPPING (COA_TRANSACTION_MAPPING_ID,COMPANY_ID,SERVICE_RECEIVED_TYPE_ID,PREBILL,ACCOUNT_ID,GEOGRAPHY_ID,PLATFORM_ID,DESCRIPTION,MODIFIED_BY,JOURNAL_ENTRY_LINE_TYPE,LINE_SUBTYPE) values (38345136,3,1,0,317,3,31,'Autoretención FTE Débito','ADMIN','WITHHOLDING_DEBIT','FTE');
Insert into COA_TRANSACTION_MAPPING (COA_TRANSACTION_MAPPING_ID,COMPANY_ID,SERVICE_RECEIVED_TYPE_ID,PREBILL,ACCOUNT_ID,GEOGRAPHY_ID,PLATFORM_ID,DESCRIPTION,MODIFIED_BY,JOURNAL_ENTRY_LINE_TYPE,LINE_SUBTYPE) values (38345137,3,5,1,317,3,31,'Autoretención FTE Débito','ADMIN','WITHHOLDING_DEBIT','FTE');
Insert into COA_TRANSACTION_MAPPING (COA_TRANSACTION_MAPPING_ID,COMPANY_ID,SERVICE_RECEIVED_TYPE_ID,PREBILL,ACCOUNT_ID,GEOGRAPHY_ID,PLATFORM_ID,DESCRIPTION,MODIFIED_BY,JOURNAL_ENTRY_LINE_TYPE,LINE_SUBTYPE) values (38345138,3,5,0,317,3,31,'Autoretención FTE Débito','ADMIN','WITHHOLDING_DEBIT','FTE');
Insert into COA_TRANSACTION_MAPPING (COA_TRANSACTION_MAPPING_ID,COMPANY_ID,SERVICE_RECEIVED_TYPE_ID,PREBILL,ACCOUNT_ID,GEOGRAPHY_ID,PLATFORM_ID,DESCRIPTION,MODIFIED_BY,JOURNAL_ENTRY_LINE_TYPE,LINE_SUBTYPE) values (38345139,3,2,1,318,3,32,'Autoretención FTE Crédito','admin','WITHHOLDING_CREDIT','FTE');
Insert into COA_TRANSACTION_MAPPING (COA_TRANSACTION_MAPPING_ID,COMPANY_ID,SERVICE_RECEIVED_TYPE_ID,PREBILL,ACCOUNT_ID,GEOGRAPHY_ID,PLATFORM_ID,DESCRIPTION,MODIFIED_BY,JOURNAL_ENTRY_LINE_TYPE,LINE_SUBTYPE) values (38345140,3,2,0,318,3,32,'Autoretención FTE Crédito','admin','WITHHOLDING_CREDIT','FTE');
Insert into COA_TRANSACTION_MAPPING (COA_TRANSACTION_MAPPING_ID,COMPANY_ID,SERVICE_RECEIVED_TYPE_ID,PREBILL,ACCOUNT_ID,GEOGRAPHY_ID,PLATFORM_ID,DESCRIPTION,MODIFIED_BY,JOURNAL_ENTRY_LINE_TYPE,LINE_SUBTYPE) values (38345141,3,3,1,318,3,33,'Autoretención FTE Crédito','admin','WITHHOLDING_CREDIT','FTE');
Insert into COA_TRANSACTION_MAPPING (COA_TRANSACTION_MAPPING_ID,COMPANY_ID,SERVICE_RECEIVED_TYPE_ID,PREBILL,ACCOUNT_ID,GEOGRAPHY_ID,PLATFORM_ID,DESCRIPTION,MODIFIED_BY,JOURNAL_ENTRY_LINE_TYPE,LINE_SUBTYPE) values (38345142,3,3,0,318,3,33,'Autoretención FTE Crédito','admin','WITHHOLDING_CREDIT','FTE');
Insert into COA_TRANSACTION_MAPPING (COA_TRANSACTION_MAPPING_ID,COMPANY_ID,SERVICE_RECEIVED_TYPE_ID,PREBILL,ACCOUNT_ID,GEOGRAPHY_ID,PLATFORM_ID,DESCRIPTION,MODIFIED_BY,JOURNAL_ENTRY_LINE_TYPE,LINE_SUBTYPE) values (38345143,3,4,1,318,3,34,'Autoretención FTE Crédito','admin','WITHHOLDING_CREDIT','FTE');
Insert into COA_TRANSACTION_MAPPING (COA_TRANSACTION_MAPPING_ID,COMPANY_ID,SERVICE_RECEIVED_TYPE_ID,PREBILL,ACCOUNT_ID,GEOGRAPHY_ID,PLATFORM_ID,DESCRIPTION,MODIFIED_BY,JOURNAL_ENTRY_LINE_TYPE,LINE_SUBTYPE) values (38345144,3,4,0,318,3,34,'Autoretención FTE Crédito','admin','WITHHOLDING_CREDIT','FTE');
Insert into COA_TRANSACTION_MAPPING (COA_TRANSACTION_MAPPING_ID,COMPANY_ID,SERVICE_RECEIVED_TYPE_ID,PREBILL,ACCOUNT_ID,GEOGRAPHY_ID,PLATFORM_ID,DESCRIPTION,MODIFIED_BY,JOURNAL_ENTRY_LINE_TYPE,LINE_SUBTYPE) values (38345145,3,1,1,318,3,31,'Autoretención FTE Crédito','ADMIN','WITHHOLDING_CREDIT','FTE');
Insert into COA_TRANSACTION_MAPPING (COA_TRANSACTION_MAPPING_ID,COMPANY_ID,SERVICE_RECEIVED_TYPE_ID,PREBILL,ACCOUNT_ID,GEOGRAPHY_ID,PLATFORM_ID,DESCRIPTION,MODIFIED_BY,JOURNAL_ENTRY_LINE_TYPE,LINE_SUBTYPE) values (38345146,3,1,0,318,3,31,'Autoretención FTE Crédito','ADMIN','WITHHOLDING_CREDIT','FTE');
Insert into COA_TRANSACTION_MAPPING (COA_TRANSACTION_MAPPING_ID,COMPANY_ID,SERVICE_RECEIVED_TYPE_ID,PREBILL,ACCOUNT_ID,GEOGRAPHY_ID,PLATFORM_ID,DESCRIPTION,MODIFIED_BY,JOURNAL_ENTRY_LINE_TYPE,LINE_SUBTYPE) values (38345147,3,5,1,318,3,31,'Autoretención FTE Crédito','ADMIN','WITHHOLDING_CREDIT','FTE');
Insert into COA_TRANSACTION_MAPPING (COA_TRANSACTION_MAPPING_ID,COMPANY_ID,SERVICE_RECEIVED_TYPE_ID,PREBILL,ACCOUNT_ID,GEOGRAPHY_ID,PLATFORM_ID,DESCRIPTION,MODIFIED_BY,JOURNAL_ENTRY_LINE_TYPE,LINE_SUBTYPE) values (38345148,3,5,0,318,3,31,'Autoretención FTE Crédito','ADMIN','WITHHOLDING_CREDIT','FTE');
Insert into COA_TRANSACTION_MAPPING (COA_TRANSACTION_MAPPING_ID,COMPANY_ID,SERVICE_RECEIVED_TYPE_ID,PREBILL,ACCOUNT_ID,GEOGRAPHY_ID,PLATFORM_ID,DESCRIPTION,MODIFIED_BY,JOURNAL_ENTRY_LINE_TYPE,LINE_SUBTYPE) values (38345149,3,2,1,317,3,32,'Autoretención ICA Débito','admin','WITHHOLDING_DEBIT','ICA');
Insert into COA_TRANSACTION_MAPPING (COA_TRANSACTION_MAPPING_ID,COMPANY_ID,SERVICE_RECEIVED_TYPE_ID,PREBILL,ACCOUNT_ID,GEOGRAPHY_ID,PLATFORM_ID,DESCRIPTION,MODIFIED_BY,JOURNAL_ENTRY_LINE_TYPE,LINE_SUBTYPE) values (38345150,3,2,0,317,3,32,'Autoretención ICA Débito','admin','WITHHOLDING_DEBIT','ICA');
Insert into COA_TRANSACTION_MAPPING (COA_TRANSACTION_MAPPING_ID,COMPANY_ID,SERVICE_RECEIVED_TYPE_ID,PREBILL,ACCOUNT_ID,GEOGRAPHY_ID,PLATFORM_ID,DESCRIPTION,MODIFIED_BY,JOURNAL_ENTRY_LINE_TYPE,LINE_SUBTYPE) values (38345151,3,3,1,317,3,33,'Autoretención ICA Débito','admin','WITHHOLDING_DEBIT','ICA');
Insert into COA_TRANSACTION_MAPPING (COA_TRANSACTION_MAPPING_ID,COMPANY_ID,SERVICE_RECEIVED_TYPE_ID,PREBILL,ACCOUNT_ID,GEOGRAPHY_ID,PLATFORM_ID,DESCRIPTION,MODIFIED_BY,JOURNAL_ENTRY_LINE_TYPE,LINE_SUBTYPE) values (38345152,3,3,0,317,3,33,'Autoretención ICA Débito','admin','WITHHOLDING_DEBIT','ICA');
Insert into COA_TRANSACTION_MAPPING (COA_TRANSACTION_MAPPING_ID,COMPANY_ID,SERVICE_RECEIVED_TYPE_ID,PREBILL,ACCOUNT_ID,GEOGRAPHY_ID,PLATFORM_ID,DESCRIPTION,MODIFIED_BY,JOURNAL_ENTRY_LINE_TYPE,LINE_SUBTYPE) values (38345153,3,4,1,317,3,34,'Autoretención ICA Débito','admin','WITHHOLDING_DEBIT','ICA');
Insert into COA_TRANSACTION_MAPPING (COA_TRANSACTION_MAPPING_ID,COMPANY_ID,SERVICE_RECEIVED_TYPE_ID,PREBILL,ACCOUNT_ID,GEOGRAPHY_ID,PLATFORM_ID,DESCRIPTION,MODIFIED_BY,JOURNAL_ENTRY_LINE_TYPE,LINE_SUBTYPE) values (38345154,3,4,0,317,3,34,'Autoretención ICA Débito','admin','WITHHOLDING_DEBIT','ICA');
Insert into COA_TRANSACTION_MAPPING (COA_TRANSACTION_MAPPING_ID,COMPANY_ID,SERVICE_RECEIVED_TYPE_ID,PREBILL,ACCOUNT_ID,GEOGRAPHY_ID,PLATFORM_ID,DESCRIPTION,MODIFIED_BY,JOURNAL_ENTRY_LINE_TYPE,LINE_SUBTYPE) values (38345155,3,1,1,317,3,31,'Autoretención ICA Débito','ADMIN','WITHHOLDING_DEBIT','ICA');
Insert into COA_TRANSACTION_MAPPING (COA_TRANSACTION_MAPPING_ID,COMPANY_ID,SERVICE_RECEIVED_TYPE_ID,PREBILL,ACCOUNT_ID,GEOGRAPHY_ID,PLATFORM_ID,DESCRIPTION,MODIFIED_BY,JOURNAL_ENTRY_LINE_TYPE,LINE_SUBTYPE) values (38345156,3,1,0,317,3,31,'Autoretención ICA Débito','ADMIN','WITHHOLDING_DEBIT','ICA');
Insert into COA_TRANSACTION_MAPPING (COA_TRANSACTION_MAPPING_ID,COMPANY_ID,SERVICE_RECEIVED_TYPE_ID,PREBILL,ACCOUNT_ID,GEOGRAPHY_ID,PLATFORM_ID,DESCRIPTION,MODIFIED_BY,JOURNAL_ENTRY_LINE_TYPE,LINE_SUBTYPE) values (38345157,3,5,1,317,3,31,'Autoretención ICA Débito','ADMIN','WITHHOLDING_DEBIT','ICA');
Insert into COA_TRANSACTION_MAPPING (COA_TRANSACTION_MAPPING_ID,COMPANY_ID,SERVICE_RECEIVED_TYPE_ID,PREBILL,ACCOUNT_ID,GEOGRAPHY_ID,PLATFORM_ID,DESCRIPTION,MODIFIED_BY,JOURNAL_ENTRY_LINE_TYPE,LINE_SUBTYPE) values (38345158,3,5,0,317,3,31,'Autoretención ICA Débito','ADMIN','WITHHOLDING_DEBIT','ICA');
Insert into COA_TRANSACTION_MAPPING (COA_TRANSACTION_MAPPING_ID,COMPANY_ID,SERVICE_RECEIVED_TYPE_ID,PREBILL,ACCOUNT_ID,GEOGRAPHY_ID,PLATFORM_ID,DESCRIPTION,MODIFIED_BY,JOURNAL_ENTRY_LINE_TYPE,LINE_SUBTYPE) values (38345159,3,2,1,318,3,32,'Autoretención ICA Crédito','admin','WITHHOLDING_CREDIT','ICA');
Insert into COA_TRANSACTION_MAPPING (COA_TRANSACTION_MAPPING_ID,COMPANY_ID,SERVICE_RECEIVED_TYPE_ID,PREBILL,ACCOUNT_ID,GEOGRAPHY_ID,PLATFORM_ID,DESCRIPTION,MODIFIED_BY,JOURNAL_ENTRY_LINE_TYPE,LINE_SUBTYPE) values (38345160,3,2,0,318,3,32,'Autoretención ICA Crédito','admin','WITHHOLDING_CREDIT','ICA');
Insert into COA_TRANSACTION_MAPPING (COA_TRANSACTION_MAPPING_ID,COMPANY_ID,SERVICE_RECEIVED_TYPE_ID,PREBILL,ACCOUNT_ID,GEOGRAPHY_ID,PLATFORM_ID,DESCRIPTION,MODIFIED_BY,JOURNAL_ENTRY_LINE_TYPE,LINE_SUBTYPE) values (38345161,3,3,1,318,3,33,'Autoretención ICA Crédito','admin','WITHHOLDING_CREDIT','ICA');
Insert into COA_TRANSACTION_MAPPING (COA_TRANSACTION_MAPPING_ID,COMPANY_ID,SERVICE_RECEIVED_TYPE_ID,PREBILL,ACCOUNT_ID,GEOGRAPHY_ID,PLATFORM_ID,DESCRIPTION,MODIFIED_BY,JOURNAL_ENTRY_LINE_TYPE,LINE_SUBTYPE) values (38345162,3,3,0,318,3,33,'Autoretención ICA Crédito','admin','WITHHOLDING_CREDIT','ICA');
Insert into COA_TRANSACTION_MAPPING (COA_TRANSACTION_MAPPING_ID,COMPANY_ID,SERVICE_RECEIVED_TYPE_ID,PREBILL,ACCOUNT_ID,GEOGRAPHY_ID,PLATFORM_ID,DESCRIPTION,MODIFIED_BY,JOURNAL_ENTRY_LINE_TYPE,LINE_SUBTYPE) values (38345163,3,4,1,318,3,34,'Autoretención ICA Crédito','admin','WITHHOLDING_CREDIT','ICA');
Insert into COA_TRANSACTION_MAPPING (COA_TRANSACTION_MAPPING_ID,COMPANY_ID,SERVICE_RECEIVED_TYPE_ID,PREBILL,ACCOUNT_ID,GEOGRAPHY_ID,PLATFORM_ID,DESCRIPTION,MODIFIED_BY,JOURNAL_ENTRY_LINE_TYPE,LINE_SUBTYPE) values (38345164,3,4,0,318,3,34,'Autoretención ICA Crédito','admin','WITHHOLDING_CREDIT','ICA');
Insert into COA_TRANSACTION_MAPPING (COA_TRANSACTION_MAPPING_ID,COMPANY_ID,SERVICE_RECEIVED_TYPE_ID,PREBILL,ACCOUNT_ID,GEOGRAPHY_ID,PLATFORM_ID,DESCRIPTION,MODIFIED_BY,JOURNAL_ENTRY_LINE_TYPE,LINE_SUBTYPE) values (38345165,3,1,1,318,3,31,'Autoretención ICA Crédito','ADMIN','WITHHOLDING_CREDIT','ICA');
Insert into COA_TRANSACTION_MAPPING (COA_TRANSACTION_MAPPING_ID,COMPANY_ID,SERVICE_RECEIVED_TYPE_ID,PREBILL,ACCOUNT_ID,GEOGRAPHY_ID,PLATFORM_ID,DESCRIPTION,MODIFIED_BY,JOURNAL_ENTRY_LINE_TYPE,LINE_SUBTYPE) values (38345166,3,1,0,318,3,31,'Autoretención ICA Crédito','ADMIN','WITHHOLDING_CREDIT','ICA');
Insert into COA_TRANSACTION_MAPPING (COA_TRANSACTION_MAPPING_ID,COMPANY_ID,SERVICE_RECEIVED_TYPE_ID,PREBILL,ACCOUNT_ID,GEOGRAPHY_ID,PLATFORM_ID,DESCRIPTION,MODIFIED_BY,JOURNAL_ENTRY_LINE_TYPE,LINE_SUBTYPE) values (38345167,3,5,1,318,3,31,'Autoretención ICA Crédito','ADMIN','WITHHOLDING_CREDIT','ICA');
Insert into COA_TRANSACTION_MAPPING (COA_TRANSACTION_MAPPING_ID,COMPANY_ID,SERVICE_RECEIVED_TYPE_ID,PREBILL,ACCOUNT_ID,GEOGRAPHY_ID,PLATFORM_ID,DESCRIPTION,MODIFIED_BY,JOURNAL_ENTRY_LINE_TYPE,LINE_SUBTYPE) values (38345168,3,5,0,318,3,31,'Autoretención ICA Crédito','ADMIN','WITHHOLDING_CREDIT','ICA');



-- Invoices
insert into INVOICE (INVOICE_ID, COMPANY_ID, INVOICE_NUMBER, INVOICE_TYPE_ID, ISSUE_DATE, INVOICE_DATE, DUE_DATE, INVOICE_SOURCE, SERVICE_RECEIVED_TYPE_ID, BILLING_SCENARIO_ID, CUSTOMER_ID, INVOICE_STATUS, TRANSACTION_CURRENCY_ID, BASE_CURRENCY_ID, EXCHANGE_RATE, TRANSACTION_NET_AMOUNT, BASE_NET_AMOUNT, TRANSACTION_VAT_AMOUNT, BASE_VAT_AMOUNT, TRANSACTION_GROSS_AMOUNT, BASE_GROSS_AMOUNT, DESCRIPTION, TERMS_OF_SALE, INSERTION_ORDER_REF, PURCHASE_ORDER_REF, INTERNAL_NOTE, ERP_INVOICE_NUMBER, PARENT_INVOICE_ID, RELATED_INVOICE_ID, ADVERTISER_CUSTOMER_ID, AGENCY_ID, SUBMITTED_BY,BARTER,SINGLE_LINE_TRANSMISSION) values (1,1,'0001-000000001',1,TO_DATE('2015-04-01 7:00:00','YYYY-MM-DD HH24:MI:SS'),TO_DATE('2015-04-01 7:00:00','YYYY-MM-DD HH24:MI:SS'),TO_DATE('2015-04-01 7:00:00','YYYY-MM-DD HH24:MI:SS'),'IBMS',2,1,1,'CREATED',2,1,2,150,300,31.5,63,181.5,363,'DESCRIPTION','TERMS_OF_SALE','INSERTION_ORDER_REF','PURCHASE_ORDER_REF','INTERNAL_NOTE','ERP_INVOICE_NUMBER',null,null,4,1,'admin',0,1);
insert into INVOICE_LINE (INVOICE_LINE_ID,INVOICE_ID,SERVICE_RECEIVED_TYPE_ID,LINE_NUMBER,QUANTITY,ITEM_CODE,ITEM_DESCRIPTION,UNIT_PRICE,TRANSACTION_CURRENCY_ID,BASE_CURRENCY_ID,EXCHANGE_RATE,TRANSACTION_NET_AMOUNT,BASE_NET_AMOUNT,VAT_PERCENTAGE,TRANSACTION_VAT_AMOUNT,BASE_VAT_AMOUNT,TRANSACTION_GROSS_AMOUNT,BASE_GROSS_AMOUNT,EDITABLE,SCHEDULE_GROUP_TYPE,CHANNEL_CODE) values (11,1,1,1,1,'ITEM_CODE','ITEM_DESCRIPTION',50,2,1,2,50,100,21,10.5,21,60.5,121,0,'LOC','DHAR');
insert into INVOICE_LINE (INVOICE_LINE_ID,INVOICE_ID,SERVICE_RECEIVED_TYPE_ID,LINE_NUMBER,QUANTITY,ITEM_CODE,ITEM_DESCRIPTION,UNIT_PRICE,TRANSACTION_CURRENCY_ID,BASE_CURRENCY_ID,EXCHANGE_RATE,TRANSACTION_NET_AMOUNT,BASE_NET_AMOUNT,VAT_PERCENTAGE,TRANSACTION_VAT_AMOUNT,BASE_VAT_AMOUNT,TRANSACTION_GROSS_AMOUNT,BASE_GROSS_AMOUNT,EDITABLE,SCHEDULE_GROUP_TYPE,CHANNEL_CODE) values (12,1,1,2,1,'ITEM_CODE','ITEM_DESCRIPTION',50,2,1,2,50,100,21,10.5,21,60.5,121,0,'REG','DHAR');
insert into INVOICE_LINE (INVOICE_LINE_ID,INVOICE_ID,SERVICE_RECEIVED_TYPE_ID,LINE_NUMBER,QUANTITY,ITEM_CODE,ITEM_DESCRIPTION,UNIT_PRICE,TRANSACTION_CURRENCY_ID,BASE_CURRENCY_ID,EXCHANGE_RATE,TRANSACTION_NET_AMOUNT,BASE_NET_AMOUNT,VAT_PERCENTAGE,TRANSACTION_VAT_AMOUNT,BASE_VAT_AMOUNT,TRANSACTION_GROSS_AMOUNT,BASE_GROSS_AMOUNT,EDITABLE,SCHEDULE_GROUP_TYPE,CHANNEL_CODE) values (13,1,1,3,1,'ITEM_CODE','ITEM_DESCRIPTION',50,2,1,2,50,100,21,10.5,21,60.5,121,0,'INT','DHAR');

insert into INVOICE (INVOICE_ID, COMPANY_ID, INVOICE_NUMBER, INVOICE_TYPE_ID, ISSUE_DATE, INVOICE_DATE, DUE_DATE, INVOICE_SOURCE, SERVICE_RECEIVED_TYPE_ID, BILLING_SCENARIO_ID, CUSTOMER_ID, INVOICE_STATUS, TRANSACTION_CURRENCY_ID, BASE_CURRENCY_ID, EXCHANGE_RATE, TRANSACTION_NET_AMOUNT, BASE_NET_AMOUNT, TRANSACTION_VAT_AMOUNT, BASE_VAT_AMOUNT, TRANSACTION_GROSS_AMOUNT, BASE_GROSS_AMOUNT, DESCRIPTION, TERMS_OF_SALE, INSERTION_ORDER_REF, PURCHASE_ORDER_REF, INTERNAL_NOTE, ERP_INVOICE_NUMBER, PARENT_INVOICE_ID, RELATED_INVOICE_ID, ADVERTISER_CUSTOMER_ID, AGENCY_ID, SUBMITTED_BY,BARTER) values (2,1,'0001-000000002',1,TO_DATE('2015-04-01 7:00:00','YYYY-MM-DD HH24:MI:SS'),TO_DATE('2015-04-01 7:00:00','YYYY-MM-DD HH24:MI:SS'),TO_DATE('2015-04-01 7:00:00','YYYY-MM-DD HH24:MI:SS'),'IBMS',1,2,4,'CREATED',1,1,2,150,300,31.5,63,181.5,363,'DESCRIPTION','TERMS_OF_SALE','INSERTION_ORDER_REF','PURCHASE_ORDER_REF','INTERNAL_NOTE','ERP_INVOICE_NUMBER',null,null,4,1,'admin',0);
insert into INVOICE_LINE (INVOICE_LINE_ID,INVOICE_ID,SERVICE_RECEIVED_TYPE_ID,LINE_NUMBER,QUANTITY,ITEM_CODE,ITEM_DESCRIPTION,UNIT_PRICE,TRANSACTION_CURRENCY_ID,BASE_CURRENCY_ID,EXCHANGE_RATE,TRANSACTION_NET_AMOUNT,BASE_NET_AMOUNT,VAT_PERCENTAGE,TRANSACTION_VAT_AMOUNT,BASE_VAT_AMOUNT,TRANSACTION_GROSS_AMOUNT,BASE_GROSS_AMOUNT,EDITABLE,SCHEDULE_GROUP_TYPE,CHANNEL_CODE) values (21,2,1,1,2,'ITEM_CODE','ITEM_DESCRIPTION',50,1,1,2,50,100,21,10.5,21,60.5,121,0,'LOC','DHAR');
insert into INVOICE_LINE (INVOICE_LINE_ID,INVOICE_ID,SERVICE_RECEIVED_TYPE_ID,LINE_NUMBER,QUANTITY,ITEM_CODE,ITEM_DESCRIPTION,UNIT_PRICE,TRANSACTION_CURRENCY_ID,BASE_CURRENCY_ID,EXCHANGE_RATE,TRANSACTION_NET_AMOUNT,BASE_NET_AMOUNT,VAT_PERCENTAGE,TRANSACTION_VAT_AMOUNT,BASE_VAT_AMOUNT,TRANSACTION_GROSS_AMOUNT,BASE_GROSS_AMOUNT,EDITABLE,SCHEDULE_GROUP_TYPE,CHANNEL_CODE) values (22,2,1,2,2,'ITEM_CODE','ITEM_DESCRIPTION',50,1,1,2,50,100,21,10.5,21,60.5,121,0,'REG','DHAR');
insert into INVOICE_LINE (INVOICE_LINE_ID,INVOICE_ID,SERVICE_RECEIVED_TYPE_ID,LINE_NUMBER,QUANTITY,ITEM_CODE,ITEM_DESCRIPTION,UNIT_PRICE,TRANSACTION_CURRENCY_ID,BASE_CURRENCY_ID,EXCHANGE_RATE,TRANSACTION_NET_AMOUNT,BASE_NET_AMOUNT,VAT_PERCENTAGE,TRANSACTION_VAT_AMOUNT,BASE_VAT_AMOUNT,TRANSACTION_GROSS_AMOUNT,BASE_GROSS_AMOUNT,EDITABLE,SCHEDULE_GROUP_TYPE,CHANNEL_CODE) values (23,2,2,3,2,'ITEM_CODE','ITEM_DESCRIPTION',50,1,1,2,50,100,21,10.5,21,60.5,121,0,'INT','DHAR');

insert into INVOICE (INVOICE_ID, COMPANY_ID, INVOICE_NUMBER, INVOICE_TYPE_ID, ISSUE_DATE, INVOICE_DATE, DUE_DATE, INVOICE_SOURCE, SERVICE_RECEIVED_TYPE_ID, BILLING_SCENARIO_ID, CUSTOMER_ID, INVOICE_STATUS, TRANSACTION_CURRENCY_ID, BASE_CURRENCY_ID, EXCHANGE_RATE, TRANSACTION_NET_AMOUNT, BASE_NET_AMOUNT, TRANSACTION_VAT_AMOUNT, BASE_VAT_AMOUNT, TRANSACTION_GROSS_AMOUNT, BASE_GROSS_AMOUNT, DESCRIPTION, TERMS_OF_SALE, INSERTION_ORDER_REF, PURCHASE_ORDER_REF, INTERNAL_NOTE, ERP_INVOICE_NUMBER, PARENT_INVOICE_ID, RELATED_INVOICE_ID, ADVERTISER_CUSTOMER_ID, AGENCY_ID, SUBMITTED_BY,BARTER) values (3,1,'0001-000000003',1,TO_DATE('2015-04-01 7:00:00','YYYY-MM-DD HH24:MI:SS'),TO_DATE('2015-04-01 7:00:00','YYYY-MM-DD HH24:MI:SS'),TO_DATE('2015-04-01 7:00:00','YYYY-MM-DD HH24:MI:SS'),'MANUAL',2,2,4,'CREATED',1,1,2,150,300,31.5,63,181.5,363,'DESCRIPTION','TERMS_OF_SALE','INSERTION_ORDER_REF','PURCHASE_ORDER_REF','INTERNAL_NOTE','ERP_INVOICE_NUMBER',null,null,4,1,'admin',0);
insert into INVOICE_LINE (INVOICE_LINE_ID,INVOICE_ID,LINE_NUMBER,QUANTITY,ITEM_CODE,ITEM_DESCRIPTION,UNIT_PRICE,TRANSACTION_CURRENCY_ID,BASE_CURRENCY_ID,EXCHANGE_RATE,TRANSACTION_NET_AMOUNT,BASE_NET_AMOUNT,VAT_PERCENTAGE,TRANSACTION_VAT_AMOUNT,BASE_VAT_AMOUNT,TRANSACTION_GROSS_AMOUNT,BASE_GROSS_AMOUNT,EDITABLE,SCHEDULE_GROUP_TYPE,CHANNEL_CODE) values (31,3,1,1,'ITEM_CODE','ITEM_DESCRIPTION',50,1,1,2,50,100,21,10.5,21,60.5,121,0,'LOC','DHAR');
insert into INVOICE_LINE (INVOICE_LINE_ID,INVOICE_ID,LINE_NUMBER,QUANTITY,ITEM_CODE,ITEM_DESCRIPTION,UNIT_PRICE,TRANSACTION_CURRENCY_ID,BASE_CURRENCY_ID,EXCHANGE_RATE,TRANSACTION_NET_AMOUNT,BASE_NET_AMOUNT,VAT_PERCENTAGE,TRANSACTION_VAT_AMOUNT,BASE_VAT_AMOUNT,TRANSACTION_GROSS_AMOUNT,BASE_GROSS_AMOUNT,EDITABLE,SCHEDULE_GROUP_TYPE,CHANNEL_CODE) values (32,3,2,1,'ITEM_CODE','ITEM_DESCRIPTION',50,1,1,2,50,100,21,10.5,21,60.5,121,0,'REG','DHAR');
insert into INVOICE_LINE (INVOICE_LINE_ID,INVOICE_ID,LINE_NUMBER,QUANTITY,ITEM_CODE,ITEM_DESCRIPTION,UNIT_PRICE,TRANSACTION_CURRENCY_ID,BASE_CURRENCY_ID,EXCHANGE_RATE,TRANSACTION_NET_AMOUNT,BASE_NET_AMOUNT,VAT_PERCENTAGE,TRANSACTION_VAT_AMOUNT,BASE_VAT_AMOUNT,TRANSACTION_GROSS_AMOUNT,BASE_GROSS_AMOUNT,EDITABLE,SCHEDULE_GROUP_TYPE,CHANNEL_CODE) values (33,3,3,1,'ITEM_CODE','ITEM_DESCRIPTION',50,1,1,2,50,100,21,10.5,21,60.5,121,0,'INT','DHAR');

insert into INVOICE (INVOICE_ID, COMPANY_ID, INVOICE_NUMBER, INVOICE_TYPE_ID, ISSUE_DATE, INVOICE_DATE, DUE_DATE, INVOICE_SOURCE, SERVICE_RECEIVED_TYPE_ID, BILLING_SCENARIO_ID, CUSTOMER_ID, INVOICE_STATUS, TRANSACTION_CURRENCY_ID, BASE_CURRENCY_ID, EXCHANGE_RATE, TRANSACTION_NET_AMOUNT, BASE_NET_AMOUNT, TRANSACTION_VAT_AMOUNT, BASE_VAT_AMOUNT, TRANSACTION_GROSS_AMOUNT, BASE_GROSS_AMOUNT, DESCRIPTION, TERMS_OF_SALE, INSERTION_ORDER_REF, PURCHASE_ORDER_REF, INTERNAL_NOTE, ERP_INVOICE_NUMBER, PARENT_INVOICE_ID, RELATED_INVOICE_ID, ADVERTISER_CUSTOMER_ID, SUBMITTED_BY,BARTER) values (4,1,'0001-000000004',4,TO_DATE('2015-04-01 7:00:00','YYYY-MM-DD HH24:MI:SS'),TO_DATE('2015-04-01 7:00:00','YYYY-MM-DD HH24:MI:SS'),TO_DATE('2015-04-01 7:00:00','YYYY-MM-DD HH24:MI:SS'),'IBMS',1,1,1,'CREATED',2,1,9,50,21,10.5,10.5,60.5,60.5,'DESCRIPTION','TERMS_OF_SALE','INSERTION_ORDER_REF','PURCHASE_ORDER_REF','INTERNAL_NOTE','ERP_INVOICE_NUMBER',1,1,4,'admin',0);
insert into INVOICE (INVOICE_ID, COMPANY_ID, INVOICE_NUMBER, INVOICE_TYPE_ID, ISSUE_DATE, INVOICE_DATE, DUE_DATE, INVOICE_SOURCE, SERVICE_RECEIVED_TYPE_ID, BILLING_SCENARIO_ID, CUSTOMER_ID, INVOICE_STATUS, TRANSACTION_CURRENCY_ID, BASE_CURRENCY_ID, EXCHANGE_RATE, TRANSACTION_NET_AMOUNT, BASE_NET_AMOUNT, TRANSACTION_VAT_AMOUNT, BASE_VAT_AMOUNT, TRANSACTION_GROSS_AMOUNT, BASE_GROSS_AMOUNT, DESCRIPTION, TERMS_OF_SALE, INSERTION_ORDER_REF, PURCHASE_ORDER_REF, INTERNAL_NOTE, ERP_INVOICE_NUMBER, PARENT_INVOICE_ID, RELATED_INVOICE_ID, ADVERTISER_CUSTOMER_ID, SUBMITTED_BY,BARTER) values (5,1,'0001-000000005',1,TO_DATE('2015-04-01 7:00:00','YYYY-MM-DD HH24:MI:SS'),TO_DATE('2015-04-01 7:00:00','YYYY-MM-DD HH24:MI:SS'),TO_DATE('2015-04-01 7:00:00','YYYY-MM-DD HH24:MI:SS'),'MANUAL',3,1,1,'DENIED',2,1,9,50,21,10.5,10.5,60.5,60.5,'DESCRIPTION','TERMS_OF_SALE','INSERTION_ORDER_REF','PURCHASE_ORDER_REF','INTERNAL_NOTE','ERP_INVOICE_NUMBER',1,1,5,'admin',0);
insert into INVOICE (INVOICE_ID, COMPANY_ID, INVOICE_NUMBER, INVOICE_TYPE_ID, ISSUE_DATE, INVOICE_DATE, DUE_DATE, INVOICE_SOURCE, SERVICE_RECEIVED_TYPE_ID, BILLING_SCENARIO_ID, CUSTOMER_ID, INVOICE_STATUS, TRANSACTION_CURRENCY_ID, BASE_CURRENCY_ID, EXCHANGE_RATE, TRANSACTION_NET_AMOUNT, BASE_NET_AMOUNT, TRANSACTION_VAT_AMOUNT, BASE_VAT_AMOUNT, TRANSACTION_GROSS_AMOUNT, BASE_GROSS_AMOUNT, DESCRIPTION, TERMS_OF_SALE, INSERTION_ORDER_REF, PURCHASE_ORDER_REF, INTERNAL_NOTE, ERP_INVOICE_NUMBER, PARENT_INVOICE_ID, RELATED_INVOICE_ID, ADVERTISER_CUSTOMER_ID, SUBMITTED_BY,BARTER) values (6,1,'0001-000000006',1,TO_DATE('2015-04-01 7:00:00','YYYY-MM-DD HH24:MI:SS'),TO_DATE('2015-04-01 7:00:00','YYYY-MM-DD HH24:MI:SS'),TO_DATE('2015-04-01 7:00:00','YYYY-MM-DD HH24:MI:SS'),'MANUAL',3,1,1,'PENDING_APP',2,1,9,50,21,10.5,10.5,60.5,60.5,'DESCRIPTION','TERMS_OF_SALE','INSERTION_ORDER_REF','PURCHASE_ORDER_REF','INTERNAL_NOTE','ERP_INVOICE_NUMBER',1,1,4,'superman',0);
insert into INVOICE (INVOICE_ID, COMPANY_ID, INVOICE_NUMBER, INVOICE_TYPE_ID, ISSUE_DATE, INVOICE_DATE, DUE_DATE, INVOICE_SOURCE, SERVICE_RECEIVED_TYPE_ID, BILLING_SCENARIO_ID, CUSTOMER_ID, INVOICE_STATUS, TRANSACTION_CURRENCY_ID, BASE_CURRENCY_ID, EXCHANGE_RATE, TRANSACTION_NET_AMOUNT, BASE_NET_AMOUNT, TRANSACTION_VAT_AMOUNT, BASE_VAT_AMOUNT, TRANSACTION_GROSS_AMOUNT, BASE_GROSS_AMOUNT, DESCRIPTION, TERMS_OF_SALE, INSERTION_ORDER_REF, PURCHASE_ORDER_REF, INTERNAL_NOTE, ERP_INVOICE_NUMBER, PARENT_INVOICE_ID, RELATED_INVOICE_ID, ADVERTISER_CUSTOMER_ID, SUBMITTED_BY,BARTER) values (7,1,'0001-000000007',1,TO_DATE('2015-04-01 7:00:00','YYYY-MM-DD HH24:MI:SS'),TO_DATE('2015-04-01 7:00:00','YYYY-MM-DD HH24:MI:SS'),TO_DATE('2015-04-01 7:00:00','YYYY-MM-DD HH24:MI:SS'),'MANUAL',3,1,1,'EDITED',2,1,9,50,21,10.5,10.5,60.5,60.5,'DESCRIPTION','TERMS_OF_SALE','INSERTION_ORDER_REF','PURCHASE_ORDER_REF','INTERNAL_NOTE','ERP_INVOICE_NUMBER',1,1,5,'admin',0);
insert into INVOICE (INVOICE_ID, COMPANY_ID, INVOICE_NUMBER, INVOICE_TYPE_ID, ISSUE_DATE, INVOICE_DATE, DUE_DATE, INVOICE_SOURCE, SERVICE_RECEIVED_TYPE_ID, BILLING_SCENARIO_ID, CUSTOMER_ID, INVOICE_STATUS, TRANSACTION_CURRENCY_ID, BASE_CURRENCY_ID, EXCHANGE_RATE, TRANSACTION_NET_AMOUNT, BASE_NET_AMOUNT, TRANSACTION_VAT_AMOUNT, BASE_VAT_AMOUNT, TRANSACTION_GROSS_AMOUNT, BASE_GROSS_AMOUNT, DESCRIPTION, TERMS_OF_SALE, INSERTION_ORDER_REF, PURCHASE_ORDER_REF, INTERNAL_NOTE, ERP_INVOICE_NUMBER, PARENT_INVOICE_ID, RELATED_INVOICE_ID, ADVERTISER_CUSTOMER_ID, SUBMITTED_BY,BARTER) values (8,1,'0001-000000008',1,TO_DATE('2015-04-01 7:00:00','YYYY-MM-DD HH24:MI:SS'),TO_DATE('2015-04-01 7:00:00','YYYY-MM-DD HH24:MI:SS'),TO_DATE('2015-04-01 7:00:00','YYYY-MM-DD HH24:MI:SS'),'MANUAL',3,1,1,'APPROVED',2,1,9,50,21,10.5,10.5,60.5,60.5,'DESCRIPTION','TERMS_OF_SALE','INSERTION_ORDER_REF','PURCHASE_ORDER_REF','INTERNAL_NOTE','ERP_INVOICE_NUMBER',1,1,5,'admin',0);
insert into INVOICE (INVOICE_ID, COMPANY_ID, INVOICE_NUMBER, INVOICE_TYPE_ID, ISSUE_DATE, INVOICE_DATE, DUE_DATE, INVOICE_SOURCE, SERVICE_RECEIVED_TYPE_ID, BILLING_SCENARIO_ID, CUSTOMER_ID, INVOICE_STATUS, TRANSACTION_CURRENCY_ID, BASE_CURRENCY_ID, EXCHANGE_RATE, TRANSACTION_NET_AMOUNT, BASE_NET_AMOUNT, TRANSACTION_VAT_AMOUNT, BASE_VAT_AMOUNT, TRANSACTION_GROSS_AMOUNT, BASE_GROSS_AMOUNT, DESCRIPTION, TERMS_OF_SALE, INSERTION_ORDER_REF, PURCHASE_ORDER_REF, INTERNAL_NOTE, ERP_INVOICE_NUMBER, PARENT_INVOICE_ID, RELATED_INVOICE_ID, ADVERTISER_CUSTOMER_ID, SUBMITTED_BY,BARTER) values (9,1,'0001-000000009',1,TO_DATE('2015-04-01 7:00:00','YYYY-MM-DD HH24:MI:SS'),TO_DATE('2015-04-01 7:00:00','YYYY-MM-DD HH24:MI:SS'),TO_DATE('2015-04-01 7:00:00','YYYY-MM-DD HH24:MI:SS'),'MANUAL',3,1,1,'REFUSED',2,1,9,50,21,10.5,10.5,60.5,60.5,'DESCRIPTION','TERMS_OF_SALE','INSERTION_ORDER_REF','PURCHASE_ORDER_REF','INTERNAL_NOTE','ERP_INVOICE_NUMBER',1,1,4,'admin',0);

insert into INVOICE (INVOICE_ID, COMPANY_ID, INVOICE_NUMBER, INVOICE_TYPE_ID, ISSUE_DATE, INVOICE_DATE, DUE_DATE, INVOICE_SOURCE, SERVICE_RECEIVED_TYPE_ID, BILLING_SCENARIO_ID, CUSTOMER_ID, INVOICE_STATUS, TRANSACTION_CURRENCY_ID, BASE_CURRENCY_ID, EXCHANGE_RATE, TRANSACTION_NET_AMOUNT, BASE_NET_AMOUNT, TRANSACTION_VAT_AMOUNT, BASE_VAT_AMOUNT, TRANSACTION_GROSS_AMOUNT, BASE_GROSS_AMOUNT, DESCRIPTION, TERMS_OF_SALE, INSERTION_ORDER_REF, PURCHASE_ORDER_REF, INTERNAL_NOTE, ERP_INVOICE_NUMBER, PARENT_INVOICE_ID, RELATED_INVOICE_ID, ADVERTISER_CUSTOMER_ID, AGENCY_ID, SUBMITTED_BY,BARTER,PREBILL) values (10,1,'0001-000000010',1,TO_DATE('2015-04-01 7:00:00','YYYY-MM-DD HH24:MI:SS'),TO_DATE('2015-04-01 7:00:00','YYYY-MM-DD HH24:MI:SS'),TO_DATE('2015-04-01 7:00:00','YYYY-MM-DD HH24:MI:SS'),'MANUAL',1,2,1,'POSTED',1,2,2,150,300,31.5,63,181.5,363,'DESCRIPTION','TERMS_OF_SALE','IO-10','PO-10','INTERNAL_NOTE','ERP_INV-10',null,null,4,1,'admin',0,1);
insert into INVOICE_LINE (INVOICE_LINE_ID,INVOICE_ID,LINE_NUMBER,QUANTITY,ITEM_CODE,ITEM_DESCRIPTION,UNIT_PRICE,TRANSACTION_CURRENCY_ID,BASE_CURRENCY_ID,EXCHANGE_RATE,TRANSACTION_NET_AMOUNT,BASE_NET_AMOUNT,VAT_PERCENTAGE,TRANSACTION_VAT_AMOUNT,BASE_VAT_AMOUNT,TRANSACTION_GROSS_AMOUNT,BASE_GROSS_AMOUNT,EDITABLE,SCHEDULE_GROUP_TYPE,CHANNEL_CODE) values (101,10,1,1,'ITEM_CODE','ITEM_DESCRIPTION',50,1,2,2,50,100,21,10.5,21,60.5,121,0,'LOC','DHAR');
insert into INVOICE_LINE (INVOICE_LINE_ID,INVOICE_ID,LINE_NUMBER,QUANTITY,ITEM_CODE,ITEM_DESCRIPTION,UNIT_PRICE,TRANSACTION_CURRENCY_ID,BASE_CURRENCY_ID,EXCHANGE_RATE,TRANSACTION_NET_AMOUNT,BASE_NET_AMOUNT,VAT_PERCENTAGE,TRANSACTION_VAT_AMOUNT,BASE_VAT_AMOUNT,TRANSACTION_GROSS_AMOUNT,BASE_GROSS_AMOUNT,EDITABLE,SCHEDULE_GROUP_TYPE,CHANNEL_CODE) values (102,10,2,1,'ITEM_CODE','ITEM_DESCRIPTION',50,1,2,2,50,100,21,10.5,21,60.5,121,0,'REG','DHAR');
insert into INVOICE_LINE (INVOICE_LINE_ID,INVOICE_ID,LINE_NUMBER,QUANTITY,ITEM_CODE,ITEM_DESCRIPTION,UNIT_PRICE,TRANSACTION_CURRENCY_ID,BASE_CURRENCY_ID,EXCHANGE_RATE,TRANSACTION_NET_AMOUNT,BASE_NET_AMOUNT,VAT_PERCENTAGE,TRANSACTION_VAT_AMOUNT,BASE_VAT_AMOUNT,TRANSACTION_GROSS_AMOUNT,BASE_GROSS_AMOUNT,EDITABLE,SCHEDULE_GROUP_TYPE,CHANNEL_CODE) values (103,10,3,1,'ITEM_CODE','ITEM_DESCRIPTION',50,1,2,2,50,100,21,10.5,21,60.5,121,0,'INT','DHAR');

insert into INVOICE (INVOICE_ID, COMPANY_ID, INVOICE_NUMBER, INVOICE_TYPE_ID, ISSUE_DATE, INVOICE_DATE, DUE_DATE, INVOICE_SOURCE, SERVICE_RECEIVED_TYPE_ID, BILLING_SCENARIO_ID, CUSTOMER_ID, INVOICE_STATUS, TRANSACTION_CURRENCY_ID, BASE_CURRENCY_ID, EXCHANGE_RATE, TRANSACTION_NET_AMOUNT, BASE_NET_AMOUNT, TRANSACTION_VAT_AMOUNT, BASE_VAT_AMOUNT, TRANSACTION_GROSS_AMOUNT, BASE_GROSS_AMOUNT, DESCRIPTION, TERMS_OF_SALE, INSERTION_ORDER_REF, PURCHASE_ORDER_REF, INTERNAL_NOTE, ERP_INVOICE_NUMBER, PARENT_INVOICE_ID, RELATED_INVOICE_ID, ADVERTISER_CUSTOMER_ID, SUBMITTED_BY,BARTER) values (11,1,'0001-000000011',1,TO_DATE('2015-04-01 7:00:00','YYYY-MM-DD HH24:MI:SS'),TO_DATE('2015-04-01 7:00:00','YYYY-MM-DD HH24:MI:SS'),TO_DATE('2015-04-01 7:00:00','YYYY-MM-DD HH24:MI:SS'),'MANUAL',3,1,1,'CANCELED',2,1,9,50,21,10.5,10.5,60.5,60.5,'DESCRIPTION','TERMS_OF_SALE','INSERTION_ORDER_REF','PURCHASE_ORDER_REF','INTERNAL_NOTE','ERP_INVOICE_NUMBER',7,7,4,'admin',0);
insert into INVOICE (INVOICE_ID, COMPANY_ID, INVOICE_NUMBER, INVOICE_TYPE_ID, ISSUE_DATE, INVOICE_DATE, DUE_DATE, INVOICE_SOURCE, SERVICE_RECEIVED_TYPE_ID, BILLING_SCENARIO_ID, CUSTOMER_ID, INVOICE_STATUS, TRANSACTION_CURRENCY_ID, BASE_CURRENCY_ID, EXCHANGE_RATE, TRANSACTION_NET_AMOUNT, BASE_NET_AMOUNT, TRANSACTION_VAT_AMOUNT, BASE_VAT_AMOUNT, TRANSACTION_GROSS_AMOUNT, BASE_GROSS_AMOUNT, DESCRIPTION, TERMS_OF_SALE, INSERTION_ORDER_REF, PURCHASE_ORDER_REF, INTERNAL_NOTE, ERP_INVOICE_NUMBER, PARENT_INVOICE_ID, RELATED_INVOICE_ID, ADVERTISER_CUSTOMER_ID, AGENCY_ID, SUBMITTED_BY,BARTER) values (12,1,'NC-0001-000000012',5,TO_DATE('2015-04-01 7:00:00','YYYY-MM-DD HH24:MI:SS'),TO_DATE('2015-04-01 7:00:00','YYYY-MM-DD HH24:MI:SS'),TO_DATE('2015-04-01 7:00:00','YYYY-MM-DD HH24:MI:SS'),'MANUAL',1,1,1,'EDITED',2,1,9,50,21,10.5,10.5,60.5,60.5,'NOTA CREDITO FACTURA 1','TERMS_OF_SALE','INSERTION_ORDER_REF','PURCHASE_ORDER_REF','INTERNAL_NOTE','ERP_INVOICE_NUMBER',1,1,2169,null,'admin',0);
insert into INVOICE (INVOICE_ID, COMPANY_ID, INVOICE_NUMBER, INVOICE_TYPE_ID, ISSUE_DATE, INVOICE_DATE, DUE_DATE, INVOICE_SOURCE, SERVICE_RECEIVED_TYPE_ID, BILLING_SCENARIO_ID, CUSTOMER_ID, INVOICE_STATUS, TRANSACTION_CURRENCY_ID, BASE_CURRENCY_ID, EXCHANGE_RATE, TRANSACTION_NET_AMOUNT, BASE_NET_AMOUNT, TRANSACTION_VAT_AMOUNT, BASE_VAT_AMOUNT, TRANSACTION_GROSS_AMOUNT, BASE_GROSS_AMOUNT, DESCRIPTION, TERMS_OF_SALE, INSERTION_ORDER_REF, PURCHASE_ORDER_REF, INTERNAL_NOTE, ERP_INVOICE_NUMBER, PARENT_INVOICE_ID, RELATED_INVOICE_ID, ADVERTISER_CUSTOMER_ID, SUBMITTED_BY,BARTER) values (17,1,'0001-000000017',1,TO_DATE('2015-04-01 7:00:00','YYYY-MM-DD HH24:MI:SS'),TO_DATE('2015-06-01 7:00:00','YYYY-MM-DD HH24:MI:SS'),TO_DATE('2015-04-01 7:00:00','YYYY-MM-DD HH24:MI:SS'),'IBMS',1,1,1,'TRANSMITTED',2,1,9,50,21,10.5,10.5,60.5,60.5,'DESCRIPTION','TERMS_OF_SALE','INSERTION_ORDER_REF','PURCHASE_ORDER_REF','INTERNAL_NOTE','ERP_INVOICE_NUMBER',1,1,4,'admin',0);
insert into INVOICE (INVOICE_ID, COMPANY_ID, INVOICE_NUMBER, INVOICE_TYPE_ID, ISSUE_DATE, INVOICE_DATE, DUE_DATE, INVOICE_SOURCE, SERVICE_RECEIVED_TYPE_ID, BILLING_SCENARIO_ID, CUSTOMER_ID, INVOICE_STATUS, TRANSACTION_CURRENCY_ID, BASE_CURRENCY_ID, EXCHANGE_RATE, TRANSACTION_NET_AMOUNT, BASE_NET_AMOUNT, TRANSACTION_VAT_AMOUNT, BASE_VAT_AMOUNT, TRANSACTION_GROSS_AMOUNT, BASE_GROSS_AMOUNT, DESCRIPTION, TERMS_OF_SALE, INSERTION_ORDER_REF, PURCHASE_ORDER_REF, INTERNAL_NOTE, ERP_INVOICE_NUMBER, PARENT_INVOICE_ID, RELATED_INVOICE_ID, ADVERTISER_CUSTOMER_ID, SUBMITTED_BY,BARTER) values (18,1,'0001-000000018',1,TO_DATE('2015-04-01 7:00:00','YYYY-MM-DD HH24:MI:SS'),TO_DATE('2015-04-01 7:00:00','YYYY-MM-DD HH24:MI:SS'),TO_DATE('2015-04-01 7:00:00','YYYY-MM-DD HH24:MI:SS'),'IBMS',1,1,1,'TRANSMISSION_ERROR',2,1,9,50,21,10.5,10.5,60.5,60.5,'DESCRIPTION','TERMS_OF_SALE','INSERTION_ORDER_REF','PURCHASE_ORDER_REF','INTERNAL_NOTE','ERP_INVOICE_NUMBER',1,1,4,'admin',0);

insert into INVOICE (INVOICE_ID, COMPANY_ID, INVOICE_NUMBER, INVOICE_TYPE_ID, ISSUE_DATE, INVOICE_DATE, DUE_DATE, INVOICE_SOURCE, SERVICE_RECEIVED_TYPE_ID, BILLING_SCENARIO_ID, CUSTOMER_ID, INVOICE_STATUS, TRANSACTION_CURRENCY_ID, BASE_CURRENCY_ID, EXCHANGE_RATE, TRANSACTION_NET_AMOUNT, BASE_NET_AMOUNT, TRANSACTION_VAT_AMOUNT, BASE_VAT_AMOUNT, TRANSACTION_GROSS_AMOUNT, BASE_GROSS_AMOUNT, DESCRIPTION, TERMS_OF_SALE, INSERTION_ORDER_REF, PURCHASE_ORDER_REF, INTERNAL_NOTE, ERP_INVOICE_NUMBER, PARENT_INVOICE_ID, RELATED_INVOICE_ID, ADVERTISER_CUSTOMER_ID, AGENCY_ID, SUBMITTED_BY,BARTER) values (19,1,'NCLIC-0001-000000019',4,TO_DATE('2015-04-01 7:00:00','YYYY-MM-DD HH24:MI:SS'),TO_DATE('2015-04-01 7:00:00','YYYY-MM-DD HH24:MI:SS'),TO_DATE('2015-04-01 7:00:00','YYYY-MM-DD HH24:MI:SS'),'MANUAL',3,1,4,'POSTED',1,2,9,50,21,10.5,10.5,60.5,60.5,'NOTA CREDITO','TERMS_OF_SALE','INSERTION_ORDER_REF','PURCHASE_ORDER_REF','INTERNAL_NOTE','ERP_INVOICE_NUMBER',null,null,4,null,'admin',0);
insert into INVOICE_LINE (INVOICE_LINE_ID,INVOICE_ID,LINE_NUMBER,QUANTITY,ITEM_CODE,ITEM_DESCRIPTION,UNIT_PRICE,TRANSACTION_CURRENCY_ID,BASE_CURRENCY_ID,EXCHANGE_RATE,TRANSACTION_NET_AMOUNT,BASE_NET_AMOUNT,VAT_PERCENTAGE,TRANSACTION_VAT_AMOUNT,BASE_VAT_AMOUNT,TRANSACTION_GROSS_AMOUNT,BASE_GROSS_AMOUNT,EDITABLE,SCHEDULE_GROUP_TYPE,CHANNEL_CODE,SERVICE_RECEIVED_TYPE_ID) values (191,19,1,1,'ITEM_CODE','ITEM_DESCRIPTION',1000000,1,1,1,1000000,1000000,10.50,105000,105000,1105000,1105000,0,null,'DHAR',3);

insert into INVOICE (INVOICE_ID, COMPANY_ID, INVOICE_NUMBER, INVOICE_TYPE_ID, ISSUE_DATE, INVOICE_DATE, DUE_DATE, INVOICE_SOURCE, SERVICE_RECEIVED_TYPE_ID, BILLING_SCENARIO_ID, CUSTOMER_ID, INVOICE_STATUS, TRANSACTION_CURRENCY_ID, BASE_CURRENCY_ID, EXCHANGE_RATE, TRANSACTION_NET_AMOUNT, BASE_NET_AMOUNT, TRANSACTION_VAT_AMOUNT, BASE_VAT_AMOUNT, TRANSACTION_GROSS_AMOUNT, BASE_GROSS_AMOUNT, DESCRIPTION, TERMS_OF_SALE, INSERTION_ORDER_REF, PURCHASE_ORDER_REF, INTERNAL_NOTE, ERP_INVOICE_NUMBER, PARENT_INVOICE_ID, RELATED_INVOICE_ID, ADVERTISER_CUSTOMER_ID, AGENCY_ID, SUBMITTED_BY,BARTER) values (20,1,'NCOA-0001-000000019',4,TO_DATE('2015-04-01 7:00:00','YYYY-MM-DD HH24:MI:SS'),TO_DATE('2015-04-01 7:00:00','YYYY-MM-DD HH24:MI:SS'),TO_DATE('2015-04-01 7:00:00','YYYY-MM-DD HH24:MI:SS'),'MANUAL',1,1,4,'POSTED',1,2,9,50,21,10.5,10.5,60.5,60.5,'NOTA CREDITO','TERMS_OF_SALE','INSERTION_ORDER_REF','PURCHASE_ORDER_REF','INTERNAL_NOTE','ERP_INVOICE_NUMBER',null,null,4,null,'admin',0);
insert into INVOICE_LINE (INVOICE_LINE_ID,INVOICE_ID,LINE_NUMBER,QUANTITY,ITEM_CODE,ITEM_DESCRIPTION,UNIT_PRICE,TRANSACTION_CURRENCY_ID,BASE_CURRENCY_ID,EXCHANGE_RATE,TRANSACTION_NET_AMOUNT,BASE_NET_AMOUNT,VAT_PERCENTAGE,TRANSACTION_VAT_AMOUNT,BASE_VAT_AMOUNT,TRANSACTION_GROSS_AMOUNT,BASE_GROSS_AMOUNT,EDITABLE,SCHEDULE_GROUP_TYPE,CHANNEL_CODE,SERVICE_RECEIVED_TYPE_ID) values (201,20,1,1,'ITEM_CODE','ITEM_DESCRIPTION',1000000,1,1,1,1000000,1000000,10.50,105000,105000,1105000,1105000,0,'INT','DHAR',1);

insert into INVOICE (INVOICE_ID, COMPANY_ID, INVOICE_NUMBER, INVOICE_TYPE_ID, ISSUE_DATE, INVOICE_DATE, DUE_DATE, INVOICE_SOURCE, SERVICE_RECEIVED_TYPE_ID, BILLING_SCENARIO_ID, CUSTOMER_ID, INVOICE_STATUS, TRANSACTION_CURRENCY_ID, BASE_CURRENCY_ID, EXCHANGE_RATE, TRANSACTION_NET_AMOUNT, BASE_NET_AMOUNT, TRANSACTION_VAT_AMOUNT, BASE_VAT_AMOUNT, TRANSACTION_GROSS_AMOUNT, BASE_GROSS_AMOUNT, DESCRIPTION, TERMS_OF_SALE, INSERTION_ORDER_REF, PURCHASE_ORDER_REF, INTERNAL_NOTE, ERP_INVOICE_NUMBER, PARENT_INVOICE_ID, RELATED_INVOICE_ID, ADVERTISER_CUSTOMER_ID, AGENCY_ID, SUBMITTED_BY,BARTER) values (21,1,'NDLIC-0001-000000020',7,TO_DATE('2015-04-01 7:00:00','YYYY-MM-DD HH24:MI:SS'),TO_DATE('2015-04-01 7:00:00','YYYY-MM-DD HH24:MI:SS'),TO_DATE('2015-04-01 7:00:00','YYYY-MM-DD HH24:MI:SS'),'MANUAL',3,1,4,'POSTED',1,2,9,50,21,10.5,10.5,60.5,60.5,'NOTA DEBITO ON AIR','TERMS_OF_SALE','INSERTION_ORDER_REF','PURCHASE_ORDER_REF','INTERNAL_NOTE','ERP_INVOICE_NUMBER',null,null,4,null,'admin',0);
insert into INVOICE_LINE (INVOICE_LINE_ID,INVOICE_ID,LINE_NUMBER,QUANTITY,ITEM_CODE,ITEM_DESCRIPTION,UNIT_PRICE,TRANSACTION_CURRENCY_ID,BASE_CURRENCY_ID,EXCHANGE_RATE,TRANSACTION_NET_AMOUNT,BASE_NET_AMOUNT,VAT_PERCENTAGE,TRANSACTION_VAT_AMOUNT,BASE_VAT_AMOUNT,TRANSACTION_GROSS_AMOUNT,BASE_GROSS_AMOUNT,EDITABLE,SCHEDULE_GROUP_TYPE,CHANNEL_CODE,SERVICE_RECEIVED_TYPE_ID) values (211,21,1,1,'ITEM_CODE','ITEM_DESCRIPTION',1000000,1,1,1,1000000,1000000,10.50,105000,105000,1105000,1105000,0,null,'DHAR',3);

insert into INVOICE (INVOICE_ID, COMPANY_ID, INVOICE_NUMBER, INVOICE_TYPE_ID, ISSUE_DATE, INVOICE_DATE, DUE_DATE, INVOICE_SOURCE, SERVICE_RECEIVED_TYPE_ID, BILLING_SCENARIO_ID, CUSTOMER_ID, INVOICE_STATUS, TRANSACTION_CURRENCY_ID, BASE_CURRENCY_ID, EXCHANGE_RATE, TRANSACTION_NET_AMOUNT, BASE_NET_AMOUNT, TRANSACTION_VAT_AMOUNT, BASE_VAT_AMOUNT, TRANSACTION_GROSS_AMOUNT, BASE_GROSS_AMOUNT, DESCRIPTION, TERMS_OF_SALE, INSERTION_ORDER_REF, PURCHASE_ORDER_REF, INTERNAL_NOTE, ERP_INVOICE_NUMBER, PARENT_INVOICE_ID, RELATED_INVOICE_ID, ADVERTISER_CUSTOMER_ID, AGENCY_ID, SUBMITTED_BY,BARTER) values (22,1,'NDOA-0001-000000020',7,TO_DATE('2015-04-01 7:00:00','YYYY-MM-DD HH24:MI:SS'),TO_DATE('2015-04-01 7:00:00','YYYY-MM-DD HH24:MI:SS'),TO_DATE('2015-04-01 7:00:00','YYYY-MM-DD HH24:MI:SS'),'MANUAL',1,1,4,'POSTED',1,2,9,50,21,10.5,10.5,60.5,60.5,'NOTA DEBITO ON AIR','TERMS_OF_SALE','INSERTION_ORDER_REF','PURCHASE_ORDER_REF','INTERNAL_NOTE','ERP_INVOICE_NUMBER',null,null,4,null,'admin',0);
insert into INVOICE_LINE (INVOICE_LINE_ID,INVOICE_ID,LINE_NUMBER,QUANTITY,ITEM_CODE,ITEM_DESCRIPTION,UNIT_PRICE,TRANSACTION_CURRENCY_ID,BASE_CURRENCY_ID,EXCHANGE_RATE,TRANSACTION_NET_AMOUNT,BASE_NET_AMOUNT,VAT_PERCENTAGE,TRANSACTION_VAT_AMOUNT,BASE_VAT_AMOUNT,TRANSACTION_GROSS_AMOUNT,BASE_GROSS_AMOUNT,EDITABLE,SCHEDULE_GROUP_TYPE,CHANNEL_CODE,SERVICE_RECEIVED_TYPE_ID) values (221,22,1,1,'ITEM_CODE','ITEM_DESCRIPTION',1000000,1,1,1,1000000,1000000,10.50,105000,105000,1105000,1105000,0,'INT','DHAR',1);

UPDATE INVOICE SET RELATED_INVOICE_ID = 4 WHERE INVOICE_ID = 1;

insert into INVOICE (INVOICE_ID, COMPANY_ID, INVOICE_NUMBER, INVOICE_TYPE_ID, ISSUE_DATE, INVOICE_DATE, DUE_DATE, INVOICE_SOURCE, SERVICE_RECEIVED_TYPE_ID, BILLING_SCENARIO_ID, CUSTOMER_ID, INVOICE_STATUS, TRANSACTION_CURRENCY_ID, BASE_CURRENCY_ID, EXCHANGE_RATE, TRANSACTION_NET_AMOUNT, BASE_NET_AMOUNT, TRANSACTION_VAT_AMOUNT, BASE_VAT_AMOUNT, TRANSACTION_GROSS_AMOUNT, BASE_GROSS_AMOUNT, DESCRIPTION, TERMS_OF_SALE, INSERTION_ORDER_REF, PURCHASE_ORDER_REF, INTERNAL_NOTE, ERP_INVOICE_NUMBER, PARENT_INVOICE_ID, RELATED_INVOICE_ID, ADVERTISER_CUSTOMER_ID, AGENCY_ID, SUBMITTED_BY,BARTER) values (23,1,'NCDIG-0001-000000019',4,TO_DATE('2015-04-01 7:00:00','YYYY-MM-DD HH24:MI:SS'),TO_DATE('2015-04-01 7:00:00','YYYY-MM-DD HH24:MI:SS'),TO_DATE('2015-04-01 7:00:00','YYYY-MM-DD HH24:MI:SS'),'MANUAL',2,1,4,'POSTED',1,2,9,50,21,10.5,10.5,60.5,60.5,'NOTA CREDITO','TERMS_OF_SALE','INSERTION_ORDER_REF','PURCHASE_ORDER_REF','INTERNAL_NOTE','ERP_INVOICE_NUMBER',null,null,4,null,'admin',0);
insert into INVOICE_LINE (INVOICE_LINE_ID,INVOICE_ID,LINE_NUMBER,QUANTITY,ITEM_CODE,ITEM_DESCRIPTION,UNIT_PRICE,TRANSACTION_CURRENCY_ID,BASE_CURRENCY_ID,EXCHANGE_RATE,TRANSACTION_NET_AMOUNT,BASE_NET_AMOUNT,VAT_PERCENTAGE,TRANSACTION_VAT_AMOUNT,BASE_VAT_AMOUNT,TRANSACTION_GROSS_AMOUNT,BASE_GROSS_AMOUNT,EDITABLE,SCHEDULE_GROUP_TYPE,CHANNEL_CODE,SERVICE_RECEIVED_TYPE_ID) values (231,23,1,1,'ITEM_CODE','ITEM_DESCRIPTION',1000000,1,1,1,1000000,1000000,10.50,105000,105000,1105000,1105000,0,null,'DHAR',2);

insert into INVOICE (INVOICE_ID, COMPANY_ID, INVOICE_NUMBER, INVOICE_TYPE_ID, ISSUE_DATE, INVOICE_DATE, DUE_DATE, INVOICE_SOURCE, SERVICE_RECEIVED_TYPE_ID, BILLING_SCENARIO_ID, CUSTOMER_ID, INVOICE_STATUS, TRANSACTION_CURRENCY_ID, BASE_CURRENCY_ID, EXCHANGE_RATE, TRANSACTION_NET_AMOUNT, BASE_NET_AMOUNT, TRANSACTION_VAT_AMOUNT, BASE_VAT_AMOUNT, TRANSACTION_GROSS_AMOUNT, BASE_GROSS_AMOUNT, DESCRIPTION, TERMS_OF_SALE, INSERTION_ORDER_REF, PURCHASE_ORDER_REF, INTERNAL_NOTE, ERP_INVOICE_NUMBER, PARENT_INVOICE_ID, RELATED_INVOICE_ID, ADVERTISER_CUSTOMER_ID, AGENCY_ID, SUBMITTED_BY,BARTER) values (24,1,'NCDIGOA-0001-000000019',4,TO_DATE('2015-04-01 7:00:00','YYYY-MM-DD HH24:MI:SS'),TO_DATE('2015-04-01 7:00:00','YYYY-MM-DD HH24:MI:SS'),TO_DATE('2015-04-01 7:00:00','YYYY-MM-DD HH24:MI:SS'),'MANUAL',2,1,4,'POSTED',1,2,9,50,21,10.5,10.5,60.5,60.5,'NOTA CREDITO','TERMS_OF_SALE','INSERTION_ORDER_REF','PURCHASE_ORDER_REF','INTERNAL_NOTE','ERP_INVOICE_NUMBER',null,null,4,null,'admin',0);
insert into INVOICE_LINE (INVOICE_LINE_ID,INVOICE_ID,LINE_NUMBER,QUANTITY,ITEM_CODE,ITEM_DESCRIPTION,UNIT_PRICE,TRANSACTION_CURRENCY_ID,BASE_CURRENCY_ID,EXCHANGE_RATE,TRANSACTION_NET_AMOUNT,BASE_NET_AMOUNT,VAT_PERCENTAGE,TRANSACTION_VAT_AMOUNT,BASE_VAT_AMOUNT,TRANSACTION_GROSS_AMOUNT,BASE_GROSS_AMOUNT,EDITABLE,SCHEDULE_GROUP_TYPE,CHANNEL_CODE,SERVICE_RECEIVED_TYPE_ID) values (241,24,1,1,'ITEM_CODE','ITEM_DESCRIPTION',1000000,1,1,1,1000000,1000000,10.50,105000,105000,1105000,1105000,0,'INT','DHAR',1);
insert into INVOICE_LINE (INVOICE_LINE_ID,INVOICE_ID,LINE_NUMBER,QUANTITY,ITEM_CODE,ITEM_DESCRIPTION,UNIT_PRICE,TRANSACTION_CURRENCY_ID,BASE_CURRENCY_ID,EXCHANGE_RATE,TRANSACTION_NET_AMOUNT,BASE_NET_AMOUNT,VAT_PERCENTAGE,TRANSACTION_VAT_AMOUNT,BASE_VAT_AMOUNT,TRANSACTION_GROSS_AMOUNT,BASE_GROSS_AMOUNT,EDITABLE,SCHEDULE_GROUP_TYPE,CHANNEL_CODE,SERVICE_RECEIVED_TYPE_ID) values (242,24,1,1,'ITEM_CODE','ITEM_DESCRIPTION',1000000,1,1,1,1000000,1000000,10.50,105000,105000,1105000,1105000,0,'INT','DHAR',2);

insert into INVOICE (INVOICE_ID, COMPANY_ID, INVOICE_NUMBER, INVOICE_TYPE_ID, ISSUE_DATE, INVOICE_DATE, DUE_DATE, INVOICE_SOURCE, SERVICE_RECEIVED_TYPE_ID, BILLING_SCENARIO_ID, CUSTOMER_ID, INVOICE_STATUS, TRANSACTION_CURRENCY_ID, BASE_CURRENCY_ID, EXCHANGE_RATE, TRANSACTION_NET_AMOUNT, BASE_NET_AMOUNT, TRANSACTION_VAT_AMOUNT, BASE_VAT_AMOUNT, TRANSACTION_GROSS_AMOUNT, BASE_GROSS_AMOUNT, DESCRIPTION, TERMS_OF_SALE, INSERTION_ORDER_REF, PURCHASE_ORDER_REF, INTERNAL_NOTE, ERP_INVOICE_NUMBER, PARENT_INVOICE_ID, RELATED_INVOICE_ID, ADVERTISER_CUSTOMER_ID, AGENCY_ID, SUBMITTED_BY,BARTER) values (25,1,'NDDIG-0001-000000020',7,TO_DATE('2015-04-01 7:00:00','YYYY-MM-DD HH24:MI:SS'),TO_DATE('2015-04-01 7:00:00','YYYY-MM-DD HH24:MI:SS'),TO_DATE('2015-04-01 7:00:00','YYYY-MM-DD HH24:MI:SS'),'MANUAL',2,1,4,'POSTED',1,2,9,50,21,10.5,10.5,60.5,60.5,'NOTA DEBITO ON AIR','TERMS_OF_SALE','INSERTION_ORDER_REF','PURCHASE_ORDER_REF','INTERNAL_NOTE','ERP_INVOICE_NUMBER',null,null,4,null,'admin',0);
insert into INVOICE_LINE (INVOICE_LINE_ID,INVOICE_ID,LINE_NUMBER,QUANTITY,ITEM_CODE,ITEM_DESCRIPTION,UNIT_PRICE,TRANSACTION_CURRENCY_ID,BASE_CURRENCY_ID,EXCHANGE_RATE,TRANSACTION_NET_AMOUNT,BASE_NET_AMOUNT,VAT_PERCENTAGE,TRANSACTION_VAT_AMOUNT,BASE_VAT_AMOUNT,TRANSACTION_GROSS_AMOUNT,BASE_GROSS_AMOUNT,EDITABLE,SCHEDULE_GROUP_TYPE,CHANNEL_CODE,SERVICE_RECEIVED_TYPE_ID) values (251,25,1,1,'ITEM_CODE','ITEM_DESCRIPTION',1000000,1,1,1,1000000,1000000,10.50,105000,105000,1105000,1105000,0,null,'DHAR',2);

insert into INVOICE (INVOICE_ID, COMPANY_ID, INVOICE_NUMBER, INVOICE_TYPE_ID, ISSUE_DATE, INVOICE_DATE, DUE_DATE, INVOICE_SOURCE, SERVICE_RECEIVED_TYPE_ID, BILLING_SCENARIO_ID, CUSTOMER_ID, INVOICE_STATUS, TRANSACTION_CURRENCY_ID, BASE_CURRENCY_ID, EXCHANGE_RATE, TRANSACTION_NET_AMOUNT, BASE_NET_AMOUNT, TRANSACTION_VAT_AMOUNT, BASE_VAT_AMOUNT, TRANSACTION_GROSS_AMOUNT, BASE_GROSS_AMOUNT, DESCRIPTION, TERMS_OF_SALE, INSERTION_ORDER_REF, PURCHASE_ORDER_REF, INTERNAL_NOTE, ERP_INVOICE_NUMBER, PARENT_INVOICE_ID, RELATED_INVOICE_ID, ADVERTISER_CUSTOMER_ID, AGENCY_ID, SUBMITTED_BY,BARTER) values (26,1,'NDDIGOA-0001-000000020',7,TO_DATE('2015-04-01 7:00:00','YYYY-MM-DD HH24:MI:SS'),TO_DATE('2015-04-01 7:00:00','YYYY-MM-DD HH24:MI:SS'),TO_DATE('2015-04-01 7:00:00','YYYY-MM-DD HH24:MI:SS'),'MANUAL',2,1,4,'POSTED',1,2,9,50,21,10.5,10.5,60.5,60.5,'NOTA DEBITO ON AIR','TERMS_OF_SALE','INSERTION_ORDER_REF','PURCHASE_ORDER_REF','INTERNAL_NOTE','ERP_INVOICE_NUMBER',null,null,4,null,'admin',0);
insert into INVOICE_LINE (INVOICE_LINE_ID,INVOICE_ID,LINE_NUMBER,QUANTITY,ITEM_CODE,ITEM_DESCRIPTION,UNIT_PRICE,TRANSACTION_CURRENCY_ID,BASE_CURRENCY_ID,EXCHANGE_RATE,TRANSACTION_NET_AMOUNT,BASE_NET_AMOUNT,VAT_PERCENTAGE,TRANSACTION_VAT_AMOUNT,BASE_VAT_AMOUNT,TRANSACTION_GROSS_AMOUNT,BASE_GROSS_AMOUNT,EDITABLE,SCHEDULE_GROUP_TYPE,CHANNEL_CODE,SERVICE_RECEIVED_TYPE_ID) values (261,26,1,1,'ITEM_CODE','ITEM_DESCRIPTION',1000000,1,1,1,1000000,1000000,10.50,105000,105000,1105000,1105000,0,'INT','DHAR',1);
insert into INVOICE_LINE (INVOICE_LINE_ID,INVOICE_ID,LINE_NUMBER,QUANTITY,ITEM_CODE,ITEM_DESCRIPTION,UNIT_PRICE,TRANSACTION_CURRENCY_ID,BASE_CURRENCY_ID,EXCHANGE_RATE,TRANSACTION_NET_AMOUNT,BASE_NET_AMOUNT,VAT_PERCENTAGE,TRANSACTION_VAT_AMOUNT,BASE_VAT_AMOUNT,TRANSACTION_GROSS_AMOUNT,BASE_GROSS_AMOUNT,EDITABLE,SCHEDULE_GROUP_TYPE,CHANNEL_CODE,SERVICE_RECEIVED_TYPE_ID) values (262,26,1,1,'ITEM_CODE','ITEM_DESCRIPTION',1000000,1,1,1,1000000,1000000,10.50,105000,105000,1105000,1105000,0,'INT','DHAR',2);

insert into INVOICE (INVOICE_ID,INVOICE_NUMBER,INVOICE_TYPE_ID,ISSUE_DATE,INVOICE_DATE,DUE_DATE,INVOICE_SOURCE,SERVICE_RECEIVED_TYPE_ID,BILLING_SCENARIO_ID,CUSTOMER_ID,INVOICE_STATUS,TRANSACTION_CURRENCY_ID,BASE_CURRENCY_ID,EXCHANGE_RATE,TRANSACTION_NET_AMOUNT,BASE_NET_AMOUNT,TRANSACTION_VAT_AMOUNT,BASE_VAT_AMOUNT,TRANSACTION_GROSS_AMOUNT,BASE_GROSS_AMOUNT,DESCRIPTION,TERMS_OF_SALE,INSERTION_ORDER_REF,PURCHASE_ORDER_REF,INTERNAL_NOTE,ERP_INVOICE_NUMBER,PARENT_INVOICE_ID,RELATED_INVOICE_ID,SALES_CHANNEL_CALL_SIGN,PREBILL,COMPANY_ID,ADVERTISER_CUSTOMER_ID,MODIFIED_BY,SUBMITTED_BY,INVOICE_SUBTYPE_CODE,AGENCY_ID,CAE,BARTER) values (1320,null,4,null,to_date('27/10/2015','DD/MM/YYYY'),to_date('26/11/2015','DD/MM/YYYY'),'AUTO',2,1,2482,'APPROVED',1,1,1,'7035.53','7035.53','1477.46','1477.46','8512.99','8512.99',null,null,null,null,null,null,null,null,null,0,1,2192,null,null,'COMMISSION',2482,null,0);
insert into INVOICE_LINE (INVOICE_LINE_ID,LINE_NUMBER,QUANTITY,ITEM_CODE,ITEM_DESCRIPTION,UNIT_PRICE,TRANSACTION_CURRENCY_ID,BASE_CURRENCY_ID,EXCHANGE_RATE,TRANSACTION_NET_AMOUNT,BASE_NET_AMOUNT,VAT_PERCENTAGE,TRANSACTION_VAT_AMOUNT,BASE_VAT_AMOUNT,TRANSACTION_GROSS_AMOUNT,BASE_GROSS_AMOUNT,EDITABLE,INVOICE_ID,MODIFIED_BY,SCHEDULE_GROUP_TYPE,CHANNEL_CODE,SERVICE_RECEIVED_TYPE_ID) values (13201,1,1,null,'Comision de Agencia','7035.53',1,1,1,'7035.53','7035.53','21','1477.46','1477.46','8512.99','8512.99',0,1320,null,null,'DKAR',2);

insert into INVOICE (INVOICE_ID,INVOICE_NUMBER,INVOICE_TYPE_ID,ISSUE_DATE,INVOICE_DATE,DUE_DATE,INVOICE_SOURCE,SERVICE_RECEIVED_TYPE_ID,BILLING_SCENARIO_ID,CUSTOMER_ID,INVOICE_STATUS,TRANSACTION_CURRENCY_ID,BASE_CURRENCY_ID,EXCHANGE_RATE,TRANSACTION_NET_AMOUNT,BASE_NET_AMOUNT,TRANSACTION_VAT_AMOUNT,BASE_VAT_AMOUNT,TRANSACTION_GROSS_AMOUNT,BASE_GROSS_AMOUNT,DESCRIPTION,TERMS_OF_SALE,INSERTION_ORDER_REF,PURCHASE_ORDER_REF,INTERNAL_NOTE,ERP_INVOICE_NUMBER,PARENT_INVOICE_ID,RELATED_INVOICE_ID,SALES_CHANNEL_CALL_SIGN,PREBILL,COMPANY_ID,ADVERTISER_CUSTOMER_ID,MODIFIED_BY,SUBMITTED_BY,INVOICE_SUBTYPE_CODE,AGENCY_ID,CAE,BARTER) values (666666,null,4,null,to_date('26/10/2015','DD/MM/YYYY'),to_date('25/11/2015','DD/MM/YYYY'),'MANUAL',2,1,2482,'APPROVED',1,1,1,'7035.53','7035.53','1477.46','1477.46','8512.99','8512.99',null,null,null,null,null,null,null,null,null,0,1,2192,null,null,'COMMISSION',2482,null,0);
insert into INVOICE_LINE (INVOICE_LINE_ID,LINE_NUMBER,QUANTITY,ITEM_CODE,ITEM_DESCRIPTION,UNIT_PRICE,TRANSACTION_CURRENCY_ID,BASE_CURRENCY_ID,EXCHANGE_RATE,TRANSACTION_NET_AMOUNT,BASE_NET_AMOUNT,VAT_PERCENTAGE,TRANSACTION_VAT_AMOUNT,BASE_VAT_AMOUNT,TRANSACTION_GROSS_AMOUNT,BASE_GROSS_AMOUNT,EDITABLE,INVOICE_ID,MODIFIED_BY,SCHEDULE_GROUP_TYPE,CHANNEL_CODE,SERVICE_RECEIVED_TYPE_ID) values (6666661,1,1,null,'Comision de Agencia','7035.53',1,1,1,'7035.53','7035.53','21','1477.46','1477.46','8512.99','8512.99',0,666666,null,null,'DKAR',2);

insert into INVOICE (INVOICE_ID,INVOICE_NUMBER,INVOICE_TYPE_ID,ISSUE_DATE,INVOICE_DATE,DUE_DATE,INVOICE_SOURCE,SERVICE_RECEIVED_TYPE_ID,BILLING_SCENARIO_ID,CUSTOMER_ID,INVOICE_STATUS,TRANSACTION_CURRENCY_ID,BASE_CURRENCY_ID,EXCHANGE_RATE,TRANSACTION_NET_AMOUNT,BASE_NET_AMOUNT,TRANSACTION_VAT_AMOUNT,BASE_VAT_AMOUNT,TRANSACTION_GROSS_AMOUNT,BASE_GROSS_AMOUNT,DESCRIPTION,TERMS_OF_SALE,INSERTION_ORDER_REF,PURCHASE_ORDER_REF,INTERNAL_NOTE,ERP_INVOICE_NUMBER,PARENT_INVOICE_ID,RELATED_INVOICE_ID,SALES_CHANNEL_CALL_SIGN,PREBILL,COMPANY_ID,ADVERTISER_CUSTOMER_ID,MODIFIED_BY,SUBMITTED_BY,INVOICE_SUBTYPE_CODE,AGENCY_ID,CAE,BARTER) values (666667,null,4,null,to_date('27/10/2015','DD/MM/YYYY'),to_date('26/11/2015','DD/MM/YYYY'),'MANUAL',2,1,2482,'APPROVED',1,1,1,'7035.53','7035.53','1477.46','1477.46','8512.99','8512.99',null,null,null,null,null,null,null,null,null,0,1,2192,null,null,'COMMISSION',2482,null,0);
insert into INVOICE_LINE (INVOICE_LINE_ID,LINE_NUMBER,QUANTITY,ITEM_CODE,ITEM_DESCRIPTION,UNIT_PRICE,TRANSACTION_CURRENCY_ID,BASE_CURRENCY_ID,EXCHANGE_RATE,TRANSACTION_NET_AMOUNT,BASE_NET_AMOUNT,VAT_PERCENTAGE,TRANSACTION_VAT_AMOUNT,BASE_VAT_AMOUNT,TRANSACTION_GROSS_AMOUNT,BASE_GROSS_AMOUNT,EDITABLE,INVOICE_ID,MODIFIED_BY,SCHEDULE_GROUP_TYPE,CHANNEL_CODE,SERVICE_RECEIVED_TYPE_ID) values (6666671,1,1,null,'Comision de Agencia','7035.53',1,1,1,'7035.53','7035.53','21','1477.46','1477.46','8512.99','8512.99',0,666667,null,null,'DKAR',2);


-- INVOICE, INVOICE_LINES y COMISSIONS para test de RV
insert into INVOICE (INVOICE_ID,INVOICE_TYPE_ID,INVOICE_DATE,DUE_DATE,INVOICE_SOURCE,SERVICE_RECEIVED_TYPE_ID,BILLING_SCENARIO_ID,CUSTOMER_ID,INVOICE_STATUS,TRANSACTION_CURRENCY_ID,BASE_CURRENCY_ID,EXCHANGE_RATE,TRANSACTION_NET_AMOUNT,BASE_NET_AMOUNT,TRANSACTION_VAT_AMOUNT,BASE_VAT_AMOUNT,TRANSACTION_GROSS_AMOUNT,BASE_GROSS_AMOUNT,DESCRIPTION,PREBILL,COMPANY_ID,ADVERTISER_CUSTOMER_ID,MODIFIED_BY,INVOICE_SUBTYPE_CODE,AGENCY_ID,BARTER,SINGLE_LINE_TRANSMISSION,PARENT_INVOICE_ID, RELATED_INVOICE_ID) values (1000,1,to_date('22/10/2015','DD/MM/RRRR'),to_date('21/11/2015','DD/MM/RRRR'),'IBMS',1,2,2168,'POSTED',1,1,1,20442,20442,4292.82,4292.82,24734.82,24734.82,'Test RV, FA BS:01',0,1,2169,'jsalgado',null,2168,0,0,null,null);
insert into INVOICE_LINE (INVOICE_LINE_ID,LINE_NUMBER,QUANTITY,ITEM_CODE,ITEM_DESCRIPTION,UNIT_PRICE,TRANSACTION_CURRENCY_ID,BASE_CURRENCY_ID,EXCHANGE_RATE,TRANSACTION_NET_AMOUNT,BASE_NET_AMOUNT,VAT_PERCENTAGE,TRANSACTION_VAT_AMOUNT,BASE_VAT_AMOUNT,TRANSACTION_GROSS_AMOUNT,BASE_GROSS_AMOUNT,EDITABLE,INVOICE_ID,MODIFIED_BY,CHANNEL_CODE,SERVICE_RECEIVED_TYPE_ID) values (10001,1,1,'ItemCode','Linea 1',9072,1,1,1,9072,9072,21,1905.12,1905.12,10977.12,10977.12,1,1000,'jsalgado','IDAR',1);
insert into INVOICE_LINE (INVOICE_LINE_ID,LINE_NUMBER,QUANTITY,ITEM_CODE,ITEM_DESCRIPTION,UNIT_PRICE,TRANSACTION_CURRENCY_ID,BASE_CURRENCY_ID,EXCHANGE_RATE,TRANSACTION_NET_AMOUNT,BASE_NET_AMOUNT,VAT_PERCENTAGE,TRANSACTION_VAT_AMOUNT,BASE_VAT_AMOUNT,TRANSACTION_GROSS_AMOUNT,BASE_GROSS_AMOUNT,EDITABLE,INVOICE_ID,MODIFIED_BY,CHANNEL_CODE,SERVICE_RECEIVED_TYPE_ID) values (10002,2,1,'ItemCode','Linea 2',11370,1,1,1,11370,11370,21,2387.70,2387.70,13757.70,13757.70,1,1000,'jsalgado','TLCA',1);

insert into INVOICE (INVOICE_ID,INVOICE_TYPE_ID,INVOICE_DATE,DUE_DATE,INVOICE_SOURCE,SERVICE_RECEIVED_TYPE_ID,BILLING_SCENARIO_ID,CUSTOMER_ID,INVOICE_STATUS,TRANSACTION_CURRENCY_ID,BASE_CURRENCY_ID,EXCHANGE_RATE,TRANSACTION_NET_AMOUNT,BASE_NET_AMOUNT,TRANSACTION_VAT_AMOUNT,BASE_VAT_AMOUNT,TRANSACTION_GROSS_AMOUNT,BASE_GROSS_AMOUNT,DESCRIPTION,PREBILL,COMPANY_ID,ADVERTISER_CUSTOMER_ID,MODIFIED_BY,INVOICE_SUBTYPE_CODE,AGENCY_ID,BARTER,SINGLE_LINE_TRANSMISSION,PARENT_INVOICE_ID, RELATED_INVOICE_ID) values (1001,4,to_date('22/10/2015','DD/MM/RRRR'),to_date('21/11/2015','DD/MM/RRRR'),'AUTO',1,2,2168,'POSTED',1,1,1,1459.20,1459.20,306.43,306.43,1765.63,1765.63,'Test RV, CA BS:01',0,1,2169,'jsalgado','COMMISSION',2168,0,0, 1000, 1000);
insert into INVOICE_LINE (INVOICE_LINE_ID,LINE_NUMBER,QUANTITY,ITEM_CODE,ITEM_DESCRIPTION,UNIT_PRICE,TRANSACTION_CURRENCY_ID,BASE_CURRENCY_ID,EXCHANGE_RATE,TRANSACTION_NET_AMOUNT,BASE_NET_AMOUNT,VAT_PERCENTAGE,TRANSACTION_VAT_AMOUNT,BASE_VAT_AMOUNT,TRANSACTION_GROSS_AMOUNT,BASE_GROSS_AMOUNT,EDITABLE,INVOICE_ID,MODIFIED_BY,CHANNEL_CODE,SERVICE_RECEIVED_TYPE_ID) values (10011,1,1,'ItemCode','Linea 1',907.20,1,1,1,907.20,907.20,21,190.51,190.51,1097.71,1097.71,1,1001,'jsalgado','IDAR',1);
insert into INVOICE_LINE (INVOICE_LINE_ID,LINE_NUMBER,QUANTITY,ITEM_CODE,ITEM_DESCRIPTION,UNIT_PRICE,TRANSACTION_CURRENCY_ID,BASE_CURRENCY_ID,EXCHANGE_RATE,TRANSACTION_NET_AMOUNT,BASE_NET_AMOUNT,VAT_PERCENTAGE,TRANSACTION_VAT_AMOUNT,BASE_VAT_AMOUNT,TRANSACTION_GROSS_AMOUNT,BASE_GROSS_AMOUNT,EDITABLE,INVOICE_ID,MODIFIED_BY,CHANNEL_CODE,SERVICE_RECEIVED_TYPE_ID) values (10012,2,1,'ItemCode','Linea 2',11370,1,1,1,552,552,21,115.92,115.92,667.92,667.92,1,1001,'jsalgado','TLCA',1);

UPDATE INVOICE SET RELATED_INVOICE_ID = 1001 WHERE INVOICE_ID = 1000;

-- Invoices para probar busqueda de relacionadas por ID -->
--insert into INVOICE (INVOICE_ID,INVOICE_TYPE_ID,INVOICE_DATE,DUE_DATE,INVOICE_SOURCE,SERVICE_RECEIVED_TYPE_ID,BILLING_SCENARIO_ID,CUSTOMER_ID,INVOICE_STATUS,TRANSACTION_CURRENCY_ID,BASE_CURRENCY_ID,EXCHANGE_RATE,TRANSACTION_NET_AMOUNT,BASE_NET_AMOUNT,TRANSACTION_VAT_AMOUNT,BASE_VAT_AMOUNT,TRANSACTION_GROSS_AMOUNT,BASE_GROSS_AMOUNT,DESCRIPTION,PREBILL,COMPANY_ID,ADVERTISER_CUSTOMER_ID,MODIFIED_BY,INVOICE_SUBTYPE_CODE,AGENCY_ID,BARTER,SINGLE_LINE_TRANSMISSION,PARENT_INVOICE_ID,RELATED_INVOICE_ID) values (1002,4,to_date('22/10/2015','DD/MM/RRRR'),to_date('21/11/2015','DD/MM/RRRR'),'AUTO',1,2,2168,'POSTED',1,1,1,1459.20,1459.20,306.43,306.43,1765.63,1765.63,'Test RV, CA BS:01',0,1,2169,'jsalgado','COMMISSION',2168,0,0, 1001,1001);
--insert into INVOICE (INVOICE_ID,INVOICE_TYPE_ID,INVOICE_DATE,DUE_DATE,INVOICE_SOURCE,SERVICE_RECEIVED_TYPE_ID,BILLING_SCENARIO_ID,CUSTOMER_ID,INVOICE_STATUS,TRANSACTION_CURRENCY_ID,BASE_CURRENCY_ID,EXCHANGE_RATE,TRANSACTION_NET_AMOUNT,BASE_NET_AMOUNT,TRANSACTION_VAT_AMOUNT,BASE_VAT_AMOUNT,TRANSACTION_GROSS_AMOUNT,BASE_GROSS_AMOUNT,DESCRIPTION,PREBILL,COMPANY_ID,ADVERTISER_CUSTOMER_ID,MODIFIED_BY,INVOICE_SUBTYPE_CODE,AGENCY_ID,BARTER,SINGLE_LINE_TRANSMISSION,PARENT_INVOICE_ID,RELATED_INVOICE_ID) values (1003,4,to_date('22/10/2015','DD/MM/RRRR'),to_date('21/11/2015','DD/MM/RRRR'),'AUTO',1,2,2168,'POSTED',1,1,1,1459.20,1459.20,306.43,306.43,1765.63,1765.63,'Test RV, CA BS:01',0,1,2169,'jsalgado','COMMISSION',2168,0,0, 1002,1002);
--insert into INVOICE (INVOICE_ID,INVOICE_TYPE_ID,INVOICE_DATE,DUE_DATE,INVOICE_SOURCE,SERVICE_RECEIVED_TYPE_ID,BILLING_SCENARIO_ID,CUSTOMER_ID,INVOICE_STATUS,TRANSACTION_CURRENCY_ID,BASE_CURRENCY_ID,EXCHANGE_RATE,TRANSACTION_NET_AMOUNT,BASE_NET_AMOUNT,TRANSACTION_VAT_AMOUNT,BASE_VAT_AMOUNT,TRANSACTION_GROSS_AMOUNT,BASE_GROSS_AMOUNT,DESCRIPTION,PREBILL,COMPANY_ID,ADVERTISER_CUSTOMER_ID,MODIFIED_BY,INVOICE_SUBTYPE_CODE,AGENCY_ID,BARTER,SINGLE_LINE_TRANSMISSION,PARENT_INVOICE_ID,RELATED_INVOICE_ID) values (1004,4,to_date('22/10/2015','DD/MM/RRRR'),to_date('21/11/2015','DD/MM/RRRR'),'AUTO',1,2,2168,'POSTED',1,1,1,1459.20,1459.20,306.43,306.43,1765.63,1765.63,'Test RV, CA BS:01',0,1,2169,'jsalgado','COMMISSION',2168,0,0, 1003,1003);
--insert into INVOICE (INVOICE_ID,INVOICE_TYPE_ID,INVOICE_DATE,DUE_DATE,INVOICE_SOURCE,SERVICE_RECEIVED_TYPE_ID,BILLING_SCENARIO_ID,CUSTOMER_ID,INVOICE_STATUS,TRANSACTION_CURRENCY_ID,BASE_CURRENCY_ID,EXCHANGE_RATE,TRANSACTION_NET_AMOUNT,BASE_NET_AMOUNT,TRANSACTION_VAT_AMOUNT,BASE_VAT_AMOUNT,TRANSACTION_GROSS_AMOUNT,BASE_GROSS_AMOUNT,DESCRIPTION,PREBILL,COMPANY_ID,ADVERTISER_CUSTOMER_ID,MODIFIED_BY,INVOICE_SUBTYPE_CODE,AGENCY_ID,BARTER,SINGLE_LINE_TRANSMISSION,PARENT_INVOICE_ID,RELATED_INVOICE_ID) values (1005,4,to_date('22/10/2015','DD/MM/RRRR'),to_date('21/11/2015','DD/MM/RRRR'),'AUTO',1,2,2168,'POSTED',1,1,1,1459.20,1459.20,306.43,306.43,1765.63,1765.63,'Test RV, CA BS:01',0,1,2169,'jsalgado','COMMISSION',2168,0,0, 1004,1004);
-- Invoices para probar busqueda de relacionadas por ID <--

-- INVOICE para BillingScenarioServiceTest BS:06-FA
insert into INVOICE (INVOICE_ID,INVOICE_TYPE_ID,INVOICE_DATE,DUE_DATE,INVOICE_SOURCE,SERVICE_RECEIVED_TYPE_ID,BILLING_SCENARIO_ID,CUSTOMER_ID,INVOICE_STATUS,TRANSACTION_CURRENCY_ID,BASE_CURRENCY_ID,EXCHANGE_RATE,TRANSACTION_NET_AMOUNT,BASE_NET_AMOUNT,TRANSACTION_VAT_AMOUNT,BASE_VAT_AMOUNT,TRANSACTION_GROSS_AMOUNT,BASE_GROSS_AMOUNT,DESCRIPTION,PREBILL,COMPANY_ID,ADVERTISER_CUSTOMER_ID,MODIFIED_BY,INVOICE_SUBTYPE_CODE,AGENCY_ID,BARTER,SINGLE_LINE_TRANSMISSION) values (1601,1,to_date('22/10/2015','DD/MM/RRRR'),to_date('21/11/2015','DD/MM/RRRR'),'MANUAL',2,6,2168,'CREATED',2,1,2,145,290,30.45,60.9,175.45,350.9,'Descripcion Caso 06 FA',0,1,2169,'jsalgado','COMMISSION_FREE',2168,0,0);
insert into INVOICE_LINE (INVOICE_LINE_ID,LINE_NUMBER,QUANTITY,ITEM_CODE,ITEM_DESCRIPTION,UNIT_PRICE,TRANSACTION_CURRENCY_ID,BASE_CURRENCY_ID,EXCHANGE_RATE,TRANSACTION_NET_AMOUNT,BASE_NET_AMOUNT,VAT_PERCENTAGE,TRANSACTION_VAT_AMOUNT,BASE_VAT_AMOUNT,TRANSACTION_GROSS_AMOUNT,BASE_GROSS_AMOUNT,EDITABLE,INVOICE_ID,MODIFIED_BY,CHANNEL_CODE,SERVICE_RECEIVED_TYPE_ID) values (16011,1,1,'ItemCode','Linea 1',50,2,1,2,45,90,21,9.45,18.90,54.45,108.90,1,1601,'jsalgado','DHAR',2);
insert into INVOICE_LINE (INVOICE_LINE_ID,LINE_NUMBER,QUANTITY,ITEM_CODE,ITEM_DESCRIPTION,UNIT_PRICE,TRANSACTION_CURRENCY_ID,BASE_CURRENCY_ID,EXCHANGE_RATE,TRANSACTION_NET_AMOUNT,BASE_NET_AMOUNT,VAT_PERCENTAGE,TRANSACTION_VAT_AMOUNT,BASE_VAT_AMOUNT,TRANSACTION_GROSS_AMOUNT,BASE_GROSS_AMOUNT,EDITABLE,INVOICE_ID,MODIFIED_BY,CHANNEL_CODE,SERVICE_RECEIVED_TYPE_ID) values (16012,3,1,'ItemCode','Linea 3 sin comision',50,2,1,2,50,100,21,10.5,21,60.5,121,1,1601,'jsalgado','DHAR',2);
insert into INVOICE_LINE (INVOICE_LINE_ID,LINE_NUMBER,QUANTITY,ITEM_CODE,ITEM_DESCRIPTION,UNIT_PRICE,TRANSACTION_CURRENCY_ID,BASE_CURRENCY_ID,EXCHANGE_RATE,TRANSACTION_NET_AMOUNT,BASE_NET_AMOUNT,VAT_PERCENTAGE,TRANSACTION_VAT_AMOUNT,BASE_VAT_AMOUNT,TRANSACTION_GROSS_AMOUNT,BASE_GROSS_AMOUNT,EDITABLE,INVOICE_ID,MODIFIED_BY,CHANNEL_CODE,SERVICE_RECEIVED_TYPE_ID) values (16013,2,1,'ItemCode','Linea 2 sin comision',50,2,1,2,50,100,21,10.5,21,60.5,121,1,1601,'jsalgado','DHAR',2);

-- Prebills - Lais ID Invoices: 14, 15, 16 -->
insert into INVOICE (INVOICE_ID, COMPANY_ID, INVOICE_NUMBER, INVOICE_TYPE_ID, ISSUE_DATE, INVOICE_DATE, DUE_DATE, INVOICE_SOURCE, SERVICE_RECEIVED_TYPE_ID, BILLING_SCENARIO_ID, CUSTOMER_ID, INVOICE_STATUS, TRANSACTION_CURRENCY_ID, BASE_CURRENCY_ID, EXCHANGE_RATE, TRANSACTION_NET_AMOUNT, BASE_NET_AMOUNT, TRANSACTION_VAT_AMOUNT, BASE_VAT_AMOUNT, TRANSACTION_GROSS_AMOUNT, BASE_GROSS_AMOUNT, DESCRIPTION, TERMS_OF_SALE, INSERTION_ORDER_REF, PURCHASE_ORDER_REF, INTERNAL_NOTE, ERP_INVOICE_NUMBER, PARENT_INVOICE_ID, RELATED_INVOICE_ID, ADVERTISER_CUSTOMER_ID, AGENCY_ID, SUBMITTED_BY,BARTER,INVOICE_SUBTYPE_CODE,PREBILL,PREBILL_STATUS) values (14,1,'0001-000000014',1,TO_DATE('2015-04-01 7:00:00','YYYY-MM-DD HH24:MI:SS'),TO_DATE('2015-04-01 7:00:00','YYYY-MM-DD HH24:MI:SS'),TO_DATE('2015-04-01 7:00:00','YYYY-MM-DD HH24:MI:SS'),'MANUAL',2,1,2168,'POSTED',1,1,1.00,3000000,3000000,315000,315000,3315000,3315000,'DESCRIPTION','TERMS_OF_SALE','INSERTION_ORDER_REF','PURCHASE_ORDER_REF','INTERNAL_NOTE','ERP_INVOICE_NUMBER',1,1,2169,2168,'admin',0,null,1,'CLOSED');
insert into INVOICE_LINE (INVOICE_LINE_ID,INVOICE_ID,LINE_NUMBER,QUANTITY,ITEM_CODE,ITEM_DESCRIPTION,UNIT_PRICE,TRANSACTION_CURRENCY_ID,BASE_CURRENCY_ID,EXCHANGE_RATE,TRANSACTION_NET_AMOUNT,BASE_NET_AMOUNT,VAT_PERCENTAGE,TRANSACTION_VAT_AMOUNT,BASE_VAT_AMOUNT,TRANSACTION_GROSS_AMOUNT,BASE_GROSS_AMOUNT,EDITABLE,SCHEDULE_GROUP_TYPE,CHANNEL_CODE) values (141,14,1,1,'ITEM_CODE','ITEM_DESCRIPTION',1000000,1,1,1,1000000,1000000,10.50,105000,105000,1105000,1105000,0,'INT','DHAR');
insert into COMMISSION (COMMISSION_ID,COMMISSION_TYPE,PERCENTAGE,COMMISSION_AMOUNT,NAME,TRANSMISSION_ORDER_HEADER_ID,MODIFIED_BY,INVOICE_LINE_ID) values (1411,'AGYCOM',10.00,100000.00,null,null,'jsalgado',141);
insert into INVOICE_LINE (INVOICE_LINE_ID,INVOICE_ID,LINE_NUMBER,QUANTITY,ITEM_CODE,ITEM_DESCRIPTION,UNIT_PRICE,TRANSACTION_CURRENCY_ID,BASE_CURRENCY_ID,EXCHANGE_RATE,TRANSACTION_NET_AMOUNT,BASE_NET_AMOUNT,VAT_PERCENTAGE,TRANSACTION_VAT_AMOUNT,BASE_VAT_AMOUNT,TRANSACTION_GROSS_AMOUNT,BASE_GROSS_AMOUNT,EDITABLE,SCHEDULE_GROUP_TYPE,CHANNEL_CODE) values (142,14,2,1,'ITEM_CODE','ITEM_DESCRIPTION',1000000,1,1,1,1000000,1000000,10.50,105000,105000,1105000,1105000,0,'INT','DHAR');
insert into COMMISSION (COMMISSION_ID,COMMISSION_TYPE,PERCENTAGE,COMMISSION_AMOUNT,NAME,TRANSMISSION_ORDER_HEADER_ID,MODIFIED_BY,INVOICE_LINE_ID) values (1421,'AGYCOM',20.00,200000.00,null,null,'jsalgado',142);
insert into INVOICE_LINE (INVOICE_LINE_ID,INVOICE_ID,LINE_NUMBER,QUANTITY,ITEM_CODE,ITEM_DESCRIPTION,UNIT_PRICE,TRANSACTION_CURRENCY_ID,BASE_CURRENCY_ID,EXCHANGE_RATE,TRANSACTION_NET_AMOUNT,BASE_NET_AMOUNT,VAT_PERCENTAGE,TRANSACTION_VAT_AMOUNT,BASE_VAT_AMOUNT,TRANSACTION_GROSS_AMOUNT,BASE_GROSS_AMOUNT,EDITABLE,SCHEDULE_GROUP_TYPE,CHANNEL_CODE) values (143,14,3,1,'ITEM_CODE','ITEM_DESCRIPTION',1000000,1,1,1,1000000,1000000,10.50,105000,105000,1105000,1105000,0,'INT','DHAR');

insert into INVOICE (INVOICE_ID, COMPANY_ID, INVOICE_NUMBER, INVOICE_TYPE_ID, ISSUE_DATE, INVOICE_DATE, DUE_DATE, INVOICE_SOURCE, SERVICE_RECEIVED_TYPE_ID, BILLING_SCENARIO_ID, CUSTOMER_ID, INVOICE_STATUS, TRANSACTION_CURRENCY_ID, BASE_CURRENCY_ID, EXCHANGE_RATE, TRANSACTION_NET_AMOUNT, BASE_NET_AMOUNT, TRANSACTION_VAT_AMOUNT, BASE_VAT_AMOUNT, TRANSACTION_GROSS_AMOUNT, BASE_GROSS_AMOUNT, DESCRIPTION, TERMS_OF_SALE, INSERTION_ORDER_REF, PURCHASE_ORDER_REF, INTERNAL_NOTE, ERP_INVOICE_NUMBER, PARENT_INVOICE_ID, RELATED_INVOICE_ID, ADVERTISER_CUSTOMER_ID, AGENCY_ID, SUBMITTED_BY,BARTER,INVOICE_SUBTYPE_CODE,PREBILL,PREBILL_STATUS) values (15,1,'0001-000000015',1,TO_DATE('2015-04-01 7:00:00','YYYY-MM-DD HH24:MI:SS'),TO_DATE('2015-04-01 7:00:00','YYYY-MM-DD HH24:MI:SS'),TO_DATE('2015-04-01 7:00:00','YYYY-MM-DD HH24:MI:SS'),'MANUAL',3,1,2168,'POSTED',2,1,2.00,2000000,4000000,210000,420000,2210000,4420000,'DESCRIPTION','TERMS_OF_SALE','INSERTION_ORDER_REF','PURCHASE_ORDER_REF','INTERNAL_NOTE','ERP_INVOICE_NUMBER',1,1,2169,2168,'admin',0,null,1,'OPEN');
insert into INVOICE_LINE (INVOICE_LINE_ID,INVOICE_ID,LINE_NUMBER,QUANTITY,ITEM_CODE,ITEM_DESCRIPTION,UNIT_PRICE,TRANSACTION_CURRENCY_ID,BASE_CURRENCY_ID,EXCHANGE_RATE,TRANSACTION_NET_AMOUNT,BASE_NET_AMOUNT,VAT_PERCENTAGE,TRANSACTION_VAT_AMOUNT,BASE_VAT_AMOUNT,TRANSACTION_GROSS_AMOUNT,BASE_GROSS_AMOUNT,EDITABLE,SCHEDULE_GROUP_TYPE,CHANNEL_CODE) values (151,15,1,1,'ITEM_CODE','ITEM_DESCRIPTION',1000000,1,1,1,1000000,1000000,10.50,105000,105000,1105000,1105000,0,'INT','DHAR');
insert into INVOICE_LINE (INVOICE_LINE_ID,INVOICE_ID,LINE_NUMBER,QUANTITY,ITEM_CODE,ITEM_DESCRIPTION,UNIT_PRICE,TRANSACTION_CURRENCY_ID,BASE_CURRENCY_ID,EXCHANGE_RATE,TRANSACTION_NET_AMOUNT,BASE_NET_AMOUNT,VAT_PERCENTAGE,TRANSACTION_VAT_AMOUNT,BASE_VAT_AMOUNT,TRANSACTION_GROSS_AMOUNT,BASE_GROSS_AMOUNT,EDITABLE,SCHEDULE_GROUP_TYPE,CHANNEL_CODE) values (152,15,2,1,'ITEM_CODE','ITEM_DESCRIPTION',1000000,1,1,1,1000000,1000000,10.50,105000,105000,1105000,1105000,0,'INT','DHAR');

insert into INVOICE (INVOICE_ID, COMPANY_ID, INVOICE_NUMBER, INVOICE_TYPE_ID, ISSUE_DATE, INVOICE_DATE, DUE_DATE, INVOICE_SOURCE, SERVICE_RECEIVED_TYPE_ID, BILLING_SCENARIO_ID, CUSTOMER_ID, INVOICE_STATUS, TRANSACTION_CURRENCY_ID, BASE_CURRENCY_ID, EXCHANGE_RATE, TRANSACTION_NET_AMOUNT, BASE_NET_AMOUNT, TRANSACTION_VAT_AMOUNT, BASE_VAT_AMOUNT, TRANSACTION_GROSS_AMOUNT, BASE_GROSS_AMOUNT, DESCRIPTION, TERMS_OF_SALE, INSERTION_ORDER_REF, PURCHASE_ORDER_REF, INTERNAL_NOTE, ERP_INVOICE_NUMBER, PARENT_INVOICE_ID, RELATED_INVOICE_ID, ADVERTISER_CUSTOMER_ID, AGENCY_ID, SUBMITTED_BY,BARTER,INVOICE_SUBTYPE_CODE,PREBILL,PREBILL_STATUS) values (16,1,'0001-000000016',1,TO_DATE('2015-04-01 7:00:00','YYYY-MM-DD HH24:MI:SS'),TO_DATE('2015-04-01 7:00:00','YYYY-MM-DD HH24:MI:SS'),TO_DATE('2015-04-01 7:00:00','YYYY-MM-DD HH24:MI:SS'),'MANUAL',3,1,2168,'POSTED',2,1,5.00,4000000,20000000,420000,2100000,4420000,22100000,'DESCRIPTION','TERMS_OF_SALE','INSERTION_ORDER_REF','PURCHASE_ORDER_REF','INTERNAL_NOTE','ERP_INVOICE_NUMBER',1,1,2169,2168,'admin',0,null,1,'OPEN');
insert into INVOICE_LINE (INVOICE_LINE_ID,INVOICE_ID,LINE_NUMBER,QUANTITY,ITEM_CODE,ITEM_DESCRIPTION,UNIT_PRICE,TRANSACTION_CURRENCY_ID,BASE_CURRENCY_ID,EXCHANGE_RATE,TRANSACTION_NET_AMOUNT,BASE_NET_AMOUNT,VAT_PERCENTAGE,TRANSACTION_VAT_AMOUNT,BASE_VAT_AMOUNT,TRANSACTION_GROSS_AMOUNT,BASE_GROSS_AMOUNT,EDITABLE,SCHEDULE_GROUP_TYPE,CHANNEL_CODE) values (161,16,1,1,'ITEM_CODE','ITEM_DESCRIPTION',1000000,1,1,1,1000000,1000000,10.50,105000,105000,1105000,1105000,0,'INT','DHAR');
insert into INVOICE_LINE (INVOICE_LINE_ID,INVOICE_ID,LINE_NUMBER,QUANTITY,ITEM_CODE,ITEM_DESCRIPTION,UNIT_PRICE,TRANSACTION_CURRENCY_ID,BASE_CURRENCY_ID,EXCHANGE_RATE,TRANSACTION_NET_AMOUNT,BASE_NET_AMOUNT,VAT_PERCENTAGE,TRANSACTION_VAT_AMOUNT,BASE_VAT_AMOUNT,TRANSACTION_GROSS_AMOUNT,BASE_GROSS_AMOUNT,EDITABLE,SCHEDULE_GROUP_TYPE,CHANNEL_CODE) values (162,16,2,1,'ITEM_CODE','ITEM_DESCRIPTION',1000000,1,1,1,1000000,1000000,10.50,105000,105000,1105000,1105000,0,'INT','DHAR');
insert into INVOICE_LINE (INVOICE_LINE_ID,INVOICE_ID,LINE_NUMBER,QUANTITY,ITEM_CODE,ITEM_DESCRIPTION,UNIT_PRICE,TRANSACTION_CURRENCY_ID,BASE_CURRENCY_ID,EXCHANGE_RATE,TRANSACTION_NET_AMOUNT,BASE_NET_AMOUNT,VAT_PERCENTAGE,TRANSACTION_VAT_AMOUNT,BASE_VAT_AMOUNT,TRANSACTION_GROSS_AMOUNT,BASE_GROSS_AMOUNT,EDITABLE,SCHEDULE_GROUP_TYPE,CHANNEL_CODE) values (163,16,3,1,'ITEM_CODE','ITEM_DESCRIPTION',1000000,1,1,1,1000000,1000000,10.50,105000,105000,1105000,1105000,0,'INT','DHAR');
insert into INVOICE_LINE (INVOICE_LINE_ID,INVOICE_ID,LINE_NUMBER,QUANTITY,ITEM_CODE,ITEM_DESCRIPTION,UNIT_PRICE,TRANSACTION_CURRENCY_ID,BASE_CURRENCY_ID,EXCHANGE_RATE,TRANSACTION_NET_AMOUNT,BASE_NET_AMOUNT,VAT_PERCENTAGE,TRANSACTION_VAT_AMOUNT,BASE_VAT_AMOUNT,TRANSACTION_GROSS_AMOUNT,BASE_GROSS_AMOUNT,EDITABLE,SCHEDULE_GROUP_TYPE,CHANNEL_CODE) values (164,16,4,1,'ITEM_CODE','ITEM_DESCRIPTION',1000000,1,1,1,1000000,1000000,10.50,105000,105000,1105000,1105000,0,'INT','DHAR');
-- Prebills - Lais ID Invoices: 14, 15, 16<--

-- Consumptions - Prebill LAIS ID: 14 -->
insert into INVOICE (INVOICE_ID,INVOICE_TYPE_ID,INVOICE_DATE,DUE_DATE,INVOICE_SOURCE,SERVICE_RECEIVED_TYPE_ID,BILLING_SCENARIO_ID,CUSTOMER_ID,INVOICE_STATUS,TRANSACTION_CURRENCY_ID,BASE_CURRENCY_ID,EXCHANGE_RATE,TRANSACTION_NET_AMOUNT,BASE_NET_AMOUNT,TRANSACTION_VAT_AMOUNT,BASE_VAT_AMOUNT,TRANSACTION_GROSS_AMOUNT,BASE_GROSS_AMOUNT,DESCRIPTION,PREBILL,COMPANY_ID,ADVERTISER_CUSTOMER_ID,MODIFIED_BY,INVOICE_SUBTYPE_CODE,AGENCY_ID,BARTER,SINGLE_LINE_TRANSMISSION,PREBILL_INVOICE_ID) values (1901,10,to_date('22/10/2015','DD/MM/RRRR'),to_date('21/11/2015','DD/MM/RRRR'),'MANUAL',2,7,2168,'POSTED',1,1,1.00,600000.00,600000.00,0.00,0.00,600000.00,600000.00,'Descripcion Caso Consumo - Billing Scenario 09 - ARG',0,1,2169,'jsalgado','COMMISSION_FREE',2168,0,0,14);
insert into INVOICE_LINE (INVOICE_LINE_ID,INVOICE_ID,LINE_NUMBER,QUANTITY,ITEM_CODE,ITEM_DESCRIPTION,UNIT_PRICE,TRANSACTION_CURRENCY_ID,BASE_CURRENCY_ID,EXCHANGE_RATE,TRANSACTION_NET_AMOUNT,BASE_NET_AMOUNT,VAT_PERCENTAGE,TRANSACTION_VAT_AMOUNT,BASE_VAT_AMOUNT,TRANSACTION_GROSS_AMOUNT,BASE_GROSS_AMOUNT,EDITABLE,SCHEDULE_GROUP_TYPE,CHANNEL_CODE) values (19011,1901,1,1,'ITEM_CODE','ITEM_DESCRIPTION',0.00,1,1,1.00,0.00,0.00,0.00,0.00,0.00,0.00,0.00,0,'INT','DHAR');
insert into COMMISSION (COMMISSION_ID,COMMISSION_TYPE,PERCENTAGE,COMMISSION_AMOUNT,NAME,TRANSMISSION_ORDER_HEADER_ID,MODIFIED_BY,INVOICE_LINE_ID) values (190111,'AGYCOM',10.00,0.00,null,null,'jsalgado',19011);
insert into INVOICE_LINE (INVOICE_LINE_ID,INVOICE_ID,LINE_NUMBER,QUANTITY,ITEM_CODE,ITEM_DESCRIPTION,UNIT_PRICE,TRANSACTION_CURRENCY_ID,BASE_CURRENCY_ID,EXCHANGE_RATE,TRANSACTION_NET_AMOUNT,BASE_NET_AMOUNT,VAT_PERCENTAGE,TRANSACTION_VAT_AMOUNT,BASE_VAT_AMOUNT,TRANSACTION_GROSS_AMOUNT,BASE_GROSS_AMOUNT,EDITABLE,SCHEDULE_GROUP_TYPE,CHANNEL_CODE) values (19012,1901,2,1,'ITEM_CODE','ITEM_DESCRIPTION',100000.00,1,1,1.00,100000.00,100000.00,0.00,0.00,0.00,100000.00,100000.00,0,'INT','DHAR');
insert into COMMISSION (COMMISSION_ID,COMMISSION_TYPE,PERCENTAGE,COMMISSION_AMOUNT,NAME,TRANSMISSION_ORDER_HEADER_ID,MODIFIED_BY,INVOICE_LINE_ID) values (190121,'AGYCOM',20.00,20000.00,null,null,'jsalgado',19012);
insert into INVOICE_LINE (INVOICE_LINE_ID,INVOICE_ID,LINE_NUMBER,QUANTITY,ITEM_CODE,ITEM_DESCRIPTION,UNIT_PRICE,TRANSACTION_CURRENCY_ID,BASE_CURRENCY_ID,EXCHANGE_RATE,TRANSACTION_NET_AMOUNT,BASE_NET_AMOUNT,VAT_PERCENTAGE,TRANSACTION_VAT_AMOUNT,BASE_VAT_AMOUNT,TRANSACTION_GROSS_AMOUNT,BASE_GROSS_AMOUNT,EDITABLE,SCHEDULE_GROUP_TYPE,CHANNEL_CODE) values (19013,1901,3,1,'ITEM_CODE','ITEM_DESCRIPTION',500000.00,1,1,1.00,500000.00,500000.00,0.00,0.00,0.00,500000.00,500000.00,0,'INT','DHAR');

insert into INVOICE (INVOICE_ID,INVOICE_TYPE_ID,INVOICE_DATE,DUE_DATE,INVOICE_SOURCE,SERVICE_RECEIVED_TYPE_ID,BILLING_SCENARIO_ID,CUSTOMER_ID,INVOICE_STATUS,TRANSACTION_CURRENCY_ID,BASE_CURRENCY_ID,EXCHANGE_RATE,TRANSACTION_NET_AMOUNT,BASE_NET_AMOUNT,TRANSACTION_VAT_AMOUNT,BASE_VAT_AMOUNT,TRANSACTION_GROSS_AMOUNT,BASE_GROSS_AMOUNT,DESCRIPTION,PREBILL,COMPANY_ID,ADVERTISER_CUSTOMER_ID,MODIFIED_BY,INVOICE_SUBTYPE_CODE,AGENCY_ID,BARTER,SINGLE_LINE_TRANSMISSION,PREBILL_INVOICE_ID) values (1902,10,to_date('22/10/2015','DD/MM/RRRR'),to_date('21/11/2015','DD/MM/RRRR'),'AUTO',2,9,2168,'POSTED',1,1,1.00,2400000.00,2400000.00,0.00,0.00,2400000.00,2400000.00,'Descripcion Caso Consumo - Billing Scenario 09 - ARG',0,1,2169,'jsalgado','COMMISSION_FREE',2168,0,0,14);
insert into INVOICE_LINE (INVOICE_LINE_ID,INVOICE_ID,LINE_NUMBER,QUANTITY,ITEM_CODE,ITEM_DESCRIPTION,UNIT_PRICE,TRANSACTION_CURRENCY_ID,BASE_CURRENCY_ID,EXCHANGE_RATE,TRANSACTION_NET_AMOUNT,BASE_NET_AMOUNT,VAT_PERCENTAGE,TRANSACTION_VAT_AMOUNT,BASE_VAT_AMOUNT,TRANSACTION_GROSS_AMOUNT,BASE_GROSS_AMOUNT,EDITABLE,SCHEDULE_GROUP_TYPE,CHANNEL_CODE) values (19021,1902,1,1,'ITEM_CODE','ITEM_DESCRIPTION',1000000.00,1,1,1.00,1000000.00,1000000.00,0.00,0.00,0.00,1000000.00,1000000.00,0,'INT','DHAR');
insert into COMMISSION (COMMISSION_ID,COMMISSION_TYPE,PERCENTAGE,COMMISSION_AMOUNT,NAME,TRANSMISSION_ORDER_HEADER_ID,MODIFIED_BY,INVOICE_LINE_ID) values (190211,'AGYCOM',10.00,100000.00,null,null,'jsalgado',19021);
insert into INVOICE_LINE (INVOICE_LINE_ID,INVOICE_ID,LINE_NUMBER,QUANTITY,ITEM_CODE,ITEM_DESCRIPTION,UNIT_PRICE,TRANSACTION_CURRENCY_ID,BASE_CURRENCY_ID,EXCHANGE_RATE,TRANSACTION_NET_AMOUNT,BASE_NET_AMOUNT,VAT_PERCENTAGE,TRANSACTION_VAT_AMOUNT,BASE_VAT_AMOUNT,TRANSACTION_GROSS_AMOUNT,BASE_GROSS_AMOUNT,EDITABLE,SCHEDULE_GROUP_TYPE,CHANNEL_CODE) values (19022,1902,2,1,'ITEM_CODE','ITEM_DESCRIPTION',900000.00,1,1,1.00,900000.00,900000.00,0.00,0.00,0.00,900000.00,900000.00,0,'INT','DHAR');
insert into COMMISSION (COMMISSION_ID,COMMISSION_TYPE,PERCENTAGE,COMMISSION_AMOUNT,NAME,TRANSMISSION_ORDER_HEADER_ID,MODIFIED_BY,INVOICE_LINE_ID) values (190221,'AGYCOM',20.00,180000.00,null,null,'jsalgado',19022);
insert into INVOICE_LINE (INVOICE_LINE_ID,INVOICE_ID,LINE_NUMBER,QUANTITY,ITEM_CODE,ITEM_DESCRIPTION,UNIT_PRICE,TRANSACTION_CURRENCY_ID,BASE_CURRENCY_ID,EXCHANGE_RATE,TRANSACTION_NET_AMOUNT,BASE_NET_AMOUNT,VAT_PERCENTAGE,TRANSACTION_VAT_AMOUNT,BASE_VAT_AMOUNT,TRANSACTION_GROSS_AMOUNT,BASE_GROSS_AMOUNT,EDITABLE,SCHEDULE_GROUP_TYPE,CHANNEL_CODE) values (19023,1902,3,1,'ITEM_CODE','ITEM_DESCRIPTION',500000.00,1,1,1.00,500000.00,500000.00,0.00,0.00,0.00,500000.00,500000.00,0,'INT','DHAR');
-- Consumptions - Prebill LAIS ID: 14 <--

-- invoice BS Tests -->
insert into INVOICE (INVOICE_ID, COMPANY_ID, INVOICE_NUMBER, INVOICE_TYPE_ID, ISSUE_DATE, INVOICE_DATE, DUE_DATE, INVOICE_SOURCE, SERVICE_RECEIVED_TYPE_ID, BILLING_SCENARIO_ID, CUSTOMER_ID, INVOICE_STATUS, TRANSACTION_CURRENCY_ID, BASE_CURRENCY_ID, EXCHANGE_RATE, TRANSACTION_NET_AMOUNT, BASE_NET_AMOUNT, TRANSACTION_VAT_AMOUNT, BASE_VAT_AMOUNT, TRANSACTION_GROSS_AMOUNT, BASE_GROSS_AMOUNT, DESCRIPTION, TERMS_OF_SALE, INSERTION_ORDER_REF, PURCHASE_ORDER_REF, INTERNAL_NOTE, ERP_INVOICE_NUMBER, PARENT_INVOICE_ID, RELATED_INVOICE_ID, ADVERTISER_CUSTOMER_ID, AGENCY_ID, SUBMITTED_BY,BARTER) values (13,1,'0001-000000013',1,TO_DATE('2015-04-01 7:00:00','YYYY-MM-DD HH24:MI:SS'),TO_DATE('2015-04-01 7:00:00','YYYY-MM-DD HH24:MI:SS'),TO_DATE('2015-04-01 7:00:00','YYYY-MM-DD HH24:MI:SS'),'MANUAL',2,2,4,'CREATED',2,1,2,150,300,31.5,63,181.5,363,'DESCRIPTION','TERMS_OF_SALE','INSERTION_ORDER_REF','PURCHASE_ORDER_REF','INTERNAL_NOTE','ERP_INVOICE_NUMBER',null,null,4,1,'admin',0);
insert into INVOICE_LINE (INVOICE_LINE_ID,INVOICE_ID,LINE_NUMBER,QUANTITY,ITEM_CODE,ITEM_DESCRIPTION,UNIT_PRICE,TRANSACTION_CURRENCY_ID,BASE_CURRENCY_ID,EXCHANGE_RATE,TRANSACTION_NET_AMOUNT,BASE_NET_AMOUNT,VAT_PERCENTAGE,TRANSACTION_VAT_AMOUNT,BASE_VAT_AMOUNT,TRANSACTION_GROSS_AMOUNT,BASE_GROSS_AMOUNT,EDITABLE,SCHEDULE_GROUP_TYPE,CHANNEL_CODE) values (131,13,1,1,'ITEM_CODE','ITEM_DESCRIPTION',50,2,1,2,50,100,21,10.5,21,60.5,121,0,'LOC','DHAR');
insert into INVOICE_LINE (INVOICE_LINE_ID,INVOICE_ID,LINE_NUMBER,QUANTITY,ITEM_CODE,ITEM_DESCRIPTION,UNIT_PRICE,TRANSACTION_CURRENCY_ID,BASE_CURRENCY_ID,EXCHANGE_RATE,TRANSACTION_NET_AMOUNT,BASE_NET_AMOUNT,VAT_PERCENTAGE,TRANSACTION_VAT_AMOUNT,BASE_VAT_AMOUNT,TRANSACTION_GROSS_AMOUNT,BASE_GROSS_AMOUNT,EDITABLE,SCHEDULE_GROUP_TYPE,CHANNEL_CODE) values (132,13,2,1,'ITEM_CODE','ITEM_DESCRIPTION',50,2,1,2,50,100,21,10.5,21,60.5,121,0,'REG','DHAR');
insert into INVOICE_LINE (INVOICE_LINE_ID,INVOICE_ID,LINE_NUMBER,QUANTITY,ITEM_CODE,ITEM_DESCRIPTION,UNIT_PRICE,TRANSACTION_CURRENCY_ID,BASE_CURRENCY_ID,EXCHANGE_RATE,TRANSACTION_NET_AMOUNT,BASE_NET_AMOUNT,VAT_PERCENTAGE,TRANSACTION_VAT_AMOUNT,BASE_VAT_AMOUNT,TRANSACTION_GROSS_AMOUNT,BASE_GROSS_AMOUNT,EDITABLE,SCHEDULE_GROUP_TYPE,CHANNEL_CODE) values (133,13,3,1,'ITEM_CODE','ITEM_DESCRIPTION',50,2,1,2,50,100,21,10.5,21,60.5,121,0,'INT','DHAR');
-- invoice BS Tests <--

-- Invoice ID=27 y CN ID=28 BS Tests -->
insert into INVOICE (INVOICE_ID, COMPANY_ID, INVOICE_NUMBER, INVOICE_TYPE_ID, ISSUE_DATE, INVOICE_DATE, DUE_DATE, INVOICE_SOURCE, SERVICE_RECEIVED_TYPE_ID, BILLING_SCENARIO_ID, CUSTOMER_ID, INVOICE_STATUS, TRANSACTION_CURRENCY_ID, BASE_CURRENCY_ID, EXCHANGE_RATE, TRANSACTION_NET_AMOUNT, BASE_NET_AMOUNT, TRANSACTION_VAT_AMOUNT, BASE_VAT_AMOUNT, TRANSACTION_GROSS_AMOUNT, BASE_GROSS_AMOUNT, DESCRIPTION, TERMS_OF_SALE, INSERTION_ORDER_REF, PURCHASE_ORDER_REF, INTERNAL_NOTE, ERP_INVOICE_NUMBER, PARENT_INVOICE_ID, RELATED_INVOICE_ID, ADVERTISER_CUSTOMER_ID, AGENCY_ID, SUBMITTED_BY,BARTER) values (27,1,'0001-000000027',1,TO_DATE('2015-04-01 7:00:00','YYYY-MM-DD HH24:MI:SS'),TO_DATE('2015-04-01 7:00:00','YYYY-MM-DD HH24:MI:SS'),TO_DATE('2015-04-01 7:00:00','YYYY-MM-DD HH24:MI:SS'),'MANUAL',2,1,1,'CREATED',1,1,1,199000.00,199000.00,41790.00,41790.00,240790.00,240790.00,'DESCRIPTION','TERMS_OF_SALE','INSERTION_ORDER_REF','PURCHASE_ORDER_REF','INTERNAL_NOTE','ERP_INVOICE_NUMBER',null,null,4,1,'jsalgado',0);
insert into INVOICE_LINE (INVOICE_LINE_ID,INVOICE_ID,LINE_NUMBER,QUANTITY,ITEM_CODE,ITEM_DESCRIPTION,UNIT_PRICE,TRANSACTION_CURRENCY_ID,BASE_CURRENCY_ID,EXCHANGE_RATE,TRANSACTION_NET_AMOUNT,BASE_NET_AMOUNT,VAT_PERCENTAGE,TRANSACTION_VAT_AMOUNT,BASE_VAT_AMOUNT,TRANSACTION_GROSS_AMOUNT,BASE_GROSS_AMOUNT,EDITABLE,CHANNEL_CODE,SERVICE_RECEIVED_TYPE_ID) values (271,27,1,100,'ITEM_CODE','ITEM_DESCRIPTION',2000.00,1,1,1,200000.00,200000.00,21,42000.00,42000.00,242000.00,242000.00,1,'DHAR',2);
insert into COMMISSION (COMMISSION_ID,COMMISSION_TYPE,PERCENTAGE,COMMISSION_AMOUNT,NAME,TRANSMISSION_ORDER_HEADER_ID,MODIFIED_BY,INVOICE_LINE_ID) values (2711,'AGYCOM',20.00,-100.00,null,null,'jsalgado',271);
insert into INVOICE_LINE (INVOICE_LINE_ID,INVOICE_ID,LINE_NUMBER,QUANTITY,ITEM_CODE,ITEM_DESCRIPTION,UNIT_PRICE,TRANSACTION_CURRENCY_ID,BASE_CURRENCY_ID,EXCHANGE_RATE,TRANSACTION_NET_AMOUNT,BASE_NET_AMOUNT,VAT_PERCENTAGE,TRANSACTION_VAT_AMOUNT,BASE_VAT_AMOUNT,TRANSACTION_GROSS_AMOUNT,BASE_GROSS_AMOUNT,EDITABLE,CHANNEL_CODE,SERVICE_RECEIVED_TYPE_ID) values (272,27,2,1,'ITEM_CODE','ITEM_DESCRIPTION',-1000,1,1,1,-1000,-1000,21,-210.00,-210.00,-1210.00,-1210.00,1,'DKAR',2);
insert into COMMISSION (COMMISSION_ID,COMMISSION_TYPE,PERCENTAGE,COMMISSION_AMOUNT,NAME,TRANSMISSION_ORDER_HEADER_ID,MODIFIED_BY,INVOICE_LINE_ID) values (2721,'AGYCOM',10.00,40000.00,null,null,'jsalgado',272);
insert into INVOICE (INVOICE_ID, COMPANY_ID, INVOICE_NUMBER, INVOICE_TYPE_ID, ISSUE_DATE, INVOICE_DATE, DUE_DATE, INVOICE_SOURCE, SERVICE_RECEIVED_TYPE_ID, BILLING_SCENARIO_ID, CUSTOMER_ID, INVOICE_STATUS, TRANSACTION_CURRENCY_ID, BASE_CURRENCY_ID, EXCHANGE_RATE, TRANSACTION_NET_AMOUNT, BASE_NET_AMOUNT, TRANSACTION_VAT_AMOUNT, BASE_VAT_AMOUNT, TRANSACTION_GROSS_AMOUNT, BASE_GROSS_AMOUNT, DESCRIPTION, TERMS_OF_SALE, INSERTION_ORDER_REF, PURCHASE_ORDER_REF, INTERNAL_NOTE, ERP_INVOICE_NUMBER, PARENT_INVOICE_ID, RELATED_INVOICE_ID, ADVERTISER_CUSTOMER_ID, AGENCY_ID, SUBMITTED_BY,BARTER) values (28,1,'0001-000000028',4,TO_DATE('2015-04-01 7:00:00','YYYY-MM-DD HH24:MI:SS'),TO_DATE('2015-04-01 7:00:00','YYYY-MM-DD HH24:MI:SS'),TO_DATE('2015-04-01 7:00:00','YYYY-MM-DD HH24:MI:SS'),'AUTO',2,1,1,'CREATED',1,1,1,39900.00,39900.00,8379.00,8379.00,48279.00,48279.00,'DESCRIPTION','TERMS_OF_SALE','INSERTION_ORDER_REF','PURCHASE_ORDER_REF','INTERNAL_NOTE','ERP_INVOICE_NUMBER',27,27,4,1,'jsalgado',0);
insert into INVOICE_LINE (INVOICE_LINE_ID,INVOICE_ID,LINE_NUMBER,QUANTITY,ITEM_CODE,ITEM_DESCRIPTION,UNIT_PRICE,TRANSACTION_CURRENCY_ID,BASE_CURRENCY_ID,EXCHANGE_RATE,TRANSACTION_NET_AMOUNT,BASE_NET_AMOUNT,VAT_PERCENTAGE,TRANSACTION_VAT_AMOUNT,BASE_VAT_AMOUNT,TRANSACTION_GROSS_AMOUNT,BASE_GROSS_AMOUNT,EDITABLE,CHANNEL_CODE,SERVICE_RECEIVED_TYPE_ID) values (281,28,1,1,'ITEM_CODE','ITEM_DESCRIPTION',-100,1,1,1,-100,-200,21,-21.00,-42.00,-121.00,-121.00,1,'DKAR',2);
insert into INVOICE_LINE (INVOICE_LINE_ID,INVOICE_ID,LINE_NUMBER,QUANTITY,ITEM_CODE,ITEM_DESCRIPTION,UNIT_PRICE,TRANSACTION_CURRENCY_ID,BASE_CURRENCY_ID,EXCHANGE_RATE,TRANSACTION_NET_AMOUNT,BASE_NET_AMOUNT,VAT_PERCENTAGE,TRANSACTION_VAT_AMOUNT,BASE_VAT_AMOUNT,TRANSACTION_GROSS_AMOUNT,BASE_GROSS_AMOUNT,EDITABLE,CHANNEL_CODE,SERVICE_RECEIVED_TYPE_ID) values (282,28,2,1,'ITEM_CODE','ITEM_DESCRIPTION',40000.00,1,1,1,40000.00,40000.00,21,8400.00,8400.00,48400.00,48400.00,1,'DHAR',2);

-- Invoice BS Tests <--

-- JOURNALS
insert into JOURNAL (JOURNAL_ID,INVOICE_ID,COMPANY_ID,JOURNAL_JOURNAL_ID,JOURNAL_DATE,SERVICE_RECEIVED_TYPE_ID,TRANSACTION_CURRENCY_ID,TOTAL_TRANS_DEBIT_AMOUNT,TOTAL_TRANS_CREDIT_AMOUNT,BASE_CURRENCY_ID,TOTAL_BASE_DEBIT_AMOUNT,TOTAL_BASE_CREDIT_AMOUNT,DESCRIPTION) values (1,1,1,'INV0001',TO_DATE('2015-04-01 07:00:00','YYYY-MM-DD HH24:MI:SS'),1,1,121.5,121.5,1,121.5,121.5,'DESCRIPTION');
insert into JOURNAL (JOURNAL_ID,INVOICE_ID,COMPANY_ID,JOURNAL_JOURNAL_ID,JOURNAL_DATE,SERVICE_RECEIVED_TYPE_ID,TRANSACTION_CURRENCY_ID,TOTAL_TRANS_DEBIT_AMOUNT,TOTAL_TRANS_CREDIT_AMOUNT,BASE_CURRENCY_ID,TOTAL_BASE_DEBIT_AMOUNT,TOTAL_BASE_CREDIT_AMOUNT,DESCRIPTION) values (2,2,1,'INV0002',TO_DATE('2015-05-02 17:25:00','YYYY-MM-DD HH24:MI:SS'),1,1,121.5,121.5,1,202.5,400.5,'DESC RANDOM');

insert into JOURNAL (JOURNAL_ID,INVOICE_ID,COMPANY_ID,JOURNAL_JOURNAL_ID,JOURNAL_DATE,SERVICE_RECEIVED_TYPE_ID,TRANSACTION_CURRENCY_ID,TOTAL_TRANS_DEBIT_AMOUNT,TOTAL_TRANS_CREDIT_AMOUNT,BASE_CURRENCY_ID,TOTAL_BASE_DEBIT_AMOUNT,TOTAL_BASE_CREDIT_AMOUNT,DESCRIPTION) values (3,3,1,'INV0001',TO_DATE('2015-04-01 07:00:00','YYYY-MM-DD HH24:MI:SS'),1,1,121.5,121.5,1,121.5,121.5,'DESCRIPTION');
insert into JOURNAL (JOURNAL_ID,INVOICE_ID,COMPANY_ID,JOURNAL_JOURNAL_ID,JOURNAL_DATE,SERVICE_RECEIVED_TYPE_ID,TRANSACTION_CURRENCY_ID,TOTAL_TRANS_DEBIT_AMOUNT,TOTAL_TRANS_CREDIT_AMOUNT,BASE_CURRENCY_ID,TOTAL_BASE_DEBIT_AMOUNT,TOTAL_BASE_CREDIT_AMOUNT,DESCRIPTION) values (4,3,1,'INV0002',TO_DATE('2015-05-02 17:25:00','YYYY-MM-DD HH24:MI:SS'),1,1,121.5,121.5,1,202.5,400.5,'DESC RANDOM');

insert into JOURNAL (JOURNAL_ID,JOURNAL_JOURNAL_ID,JOURNAL_DATE,SERVICE_RECEIVED_TYPE_ID,TRANSACTION_CURRENCY_ID,TOTAL_TRANS_DEBIT_AMOUNT,TOTAL_TRANS_CREDIT_AMOUNT,BASE_CURRENCY_ID,TOTAL_BASE_DEBIT_AMOUNT,TOTAL_BASE_CREDIT_AMOUNT,DESCRIPTION,COMPANY_ID,INVOICE_ID,MODIFIED_BY) values (1377,null,TO_DATE('17/07/2015 18:18:11','DD/MM/YYYY HH24:MI:SS'),'2','1','8512.99','8512.99','1','8512.99','8512.99',null,'1','1320',null);

-- JOURNAL LINES
insert into JOURNAL_LINE (JOURNAL_LINE_ID,JOURNAL_ID,LINE_NUMBER,ENTRY_TYPE,ACCOUNT_ID,PROFIT_CENTER_ID,GEOGRAPHY_ID,PLATFORM_ID,TRANSACTION_CURRENCY_ID,TRANSACTION_AMOUNT,EXCHANGE_RATE,BASE_CURRENCY_ID,BASE_AMOUNT,DESCRIPTION) values (1,1,1,'DEBIT',11,11,1,11,1,8.60,1,1,8.60,'DESCRIPTION');
insert into JOURNAL_LINE (JOURNAL_LINE_ID,JOURNAL_ID,LINE_NUMBER,ENTRY_TYPE,ACCOUNT_ID,PROFIT_CENTER_ID,GEOGRAPHY_ID,PLATFORM_ID,TRANSACTION_CURRENCY_ID,TRANSACTION_AMOUNT,EXCHANGE_RATE,BASE_CURRENCY_ID,BASE_AMOUNT,DESCRIPTION) values (2,2,1,'CREDIT',11,11,1,11,1,2.60,1,1,5.20,'DESCRIPTION A');
insert into JOURNAL_LINE (JOURNAL_LINE_ID,JOURNAL_ID,LINE_NUMBER,ENTRY_TYPE,ACCOUNT_ID,PROFIT_CENTER_ID,GEOGRAPHY_ID,PLATFORM_ID,TRANSACTION_CURRENCY_ID,TRANSACTION_AMOUNT,EXCHANGE_RATE,BASE_CURRENCY_ID,BASE_AMOUNT,DESCRIPTION) values (3,2,2,'DEBIT',11,11,1,11,1,2.30,1,1,2.10,'DESCRIPTION B');
insert into JOURNAL_LINE (JOURNAL_LINE_ID,JOURNAL_ID,LINE_NUMBER,ENTRY_TYPE,ACCOUNT_ID,PROFIT_CENTER_ID,GEOGRAPHY_ID,PLATFORM_ID,TRANSACTION_CURRENCY_ID,TRANSACTION_AMOUNT,EXCHANGE_RATE,BASE_CURRENCY_ID,BASE_AMOUNT,DESCRIPTION) values (4,3,1,'DEBIT',11,11,1,11,1,8.60,1,1,8.60,'DESCRIPTION');
insert into JOURNAL_LINE (JOURNAL_LINE_ID,JOURNAL_ID,LINE_NUMBER,ENTRY_TYPE,ACCOUNT_ID,PROFIT_CENTER_ID,GEOGRAPHY_ID,PLATFORM_ID,TRANSACTION_CURRENCY_ID,TRANSACTION_AMOUNT,EXCHANGE_RATE,BASE_CURRENCY_ID,BASE_AMOUNT,DESCRIPTION) values (5,4,1,'CREDIT',11,11,1,11,1,2.60,1,1,5.20,'DESCRIPTION A');
insert into JOURNAL_LINE (JOURNAL_LINE_ID,JOURNAL_ID,LINE_NUMBER,ENTRY_TYPE,ACCOUNT_ID,PROFIT_CENTER_ID,GEOGRAPHY_ID,PLATFORM_ID,TRANSACTION_CURRENCY_ID,TRANSACTION_AMOUNT,EXCHANGE_RATE,BASE_CURRENCY_ID,BASE_AMOUNT,DESCRIPTION) values (6,4,2,'DEBIT',11,11,1,11,1,2.30,1,1,2.10,'DESCRIPTION B');
insert into JOURNAL_LINE (JOURNAL_LINE_ID,JOURNAL_ID,LINE_NUMBER,ENTRY_TYPE,ACCOUNT_ID,PROFIT_CENTER_ID,GEOGRAPHY_ID,PLATFORM_ID,TRANSACTION_CURRENCY_ID,TRANSACTION_AMOUNT,EXCHANGE_RATE,BASE_CURRENCY_ID,BASE_AMOUNT,DESCRIPTION) values (7,4,3,'DEBIT',11,11,1,11,1,2.30,1,1,2.10,'DESCRIPTION C');
insert into JOURNAL_LINE (JOURNAL_LINE_ID,JOURNAL_ID,LINE_NUMBER,ENTRY_TYPE,ACCOUNT_ID,PROFIT_CENTER_ID,GEOGRAPHY_ID,PLATFORM_ID,TRANSACTION_CURRENCY_ID,TRANSACTION_AMOUNT,EXCHANGE_RATE,BASE_CURRENCY_ID,BASE_AMOUNT,DESCRIPTION) values (8,4,4,'CREDIT',11,11,1,11,1,2.30,1,1,2.10,'DESCRIPTION D');
insert into JOURNAL_LINE (JOURNAL_LINE_ID,JOURNAL_ID,LINE_NUMBER,ENTRY_TYPE,ACCOUNT_ID,PROFIT_CENTER_ID,GEOGRAPHY_ID,PLATFORM_ID,TRANSACTION_CURRENCY_ID,TRANSACTION_AMOUNT,EXCHANGE_RATE,BASE_CURRENCY_ID,BASE_AMOUNT,DESCRIPTION) values (9,4,5,'DEBIT',11,11,1,11,1,2.30,1,1,2.10,'DESCRIPTION E');

insert into JOURNAL_LINE (JOURNAL_LINE_ID,JOURNAL_ID,LINE_NUMBER,ENTRY_TYPE,ACCOUNT_ID,PROFIT_CENTER_ID,GEOGRAPHY_ID,PLATFORM_ID,TRANSACTION_CURRENCY_ID,TRANSACTION_AMOUNT,EXCHANGE_RATE,BASE_CURRENCY_ID,BASE_AMOUNT,DESCRIPTION,MODIFIED_BY,COST_CENTER_ID) values (3747,1377,'1','DEBIT',11,15,1,12,1,'7035.53',1,1,'7035.53','Agency Commission Fee',null,14);
insert into JOURNAL_LINE (JOURNAL_LINE_ID,JOURNAL_ID,LINE_NUMBER,ENTRY_TYPE,ACCOUNT_ID,PROFIT_CENTER_ID,GEOGRAPHY_ID,PLATFORM_ID,TRANSACTION_CURRENCY_ID,TRANSACTION_AMOUNT,EXCHANGE_RATE,BASE_CURRENCY_ID,BASE_AMOUNT,DESCRIPTION,MODIFIED_BY,COST_CENTER_ID) values (3748,1377,'2','DEBIT',13,11,1,12,1,'1477.46',1,1,'1477.46','VAT Output',null,null);
insert into JOURNAL_LINE (JOURNAL_LINE_ID,JOURNAL_ID,LINE_NUMBER,ENTRY_TYPE,ACCOUNT_ID,PROFIT_CENTER_ID,GEOGRAPHY_ID,PLATFORM_ID,TRANSACTION_CURRENCY_ID,TRANSACTION_AMOUNT,EXCHANGE_RATE,BASE_CURRENCY_ID,BASE_AMOUNT,DESCRIPTION,MODIFIED_BY,COST_CENTER_ID) values (3749,1377,'3','CREDIT',14,11,1,12,1,'8512.99',1,1,'8512.99','AR Trade',null,null);


-- TRANSMISSION ORDERS
insert into TRANSMISSION_ORDER (TRANSMISSION_ORDER_ID , COMPANY_CODE, RECORD_NUMBER, INVOICE_NUMBER ,DOC_TYPE , CONTRACT_TYPE , BILL_ITEM_TYPE , SUMMARY_INDICATOR , SCHEDULE_GROUP_TYPE,  STATUS , BATCH_ID, TAX_CODE, BILLABLE, GROSS_COST, CURRENCY_CODE,BILLING_SCENARIO_ID, PURCHASE_ORDER, INSERTION_ORDER, BILL_TO_CUSTOMER_ID, CUSTOMER_ID, AGENCY_ID, PREBILL_REFERENCE_ID, EXCHANGE_RATE,INVOICE_ID,INVOICE_LINE_ID ,CONSUMPTION) values (1,'331',2, 1 , 'IN', 'GEN' , 'INS' , 1 ,'LOC' ,  'GROUPED', 1 ,'A', 1 ,150, 'USD',7, 'P1', 'I1',1,4, 1, 1, 2, 1,11,0);
insert into TRANSMISSION_ORDER (TRANSMISSION_ORDER_ID , COMPANY_CODE, RECORD_NUMBER, INVOICE_NUMBER ,DOC_TYPE , CONTRACT_TYPE , BILL_ITEM_TYPE , SUMMARY_INDICATOR , SCHEDULE_GROUP_TYPE,  STATUS , BATCH_ID, TAX_CODE, BILLABLE, GROSS_COST, CURRENCY_CODE,BILLING_SCENARIO_ID, PURCHASE_ORDER, INSERTION_ORDER, BILL_TO_CUSTOMER_ID, CUSTOMER_ID, AGENCY_ID, PREBILL_REFERENCE_ID, EXCHANGE_RATE,INVOICE_ID,INVOICE_LINE_ID ,CONSUMPTION) values (2,'331',8, 2 ,'IN', 'CON' , 'POB' , 1 ,'LOC' ,  'GROUPED', 1 ,'A', 1 ,150, 'USD',2 , 'P2', 'I2',1,4, 1, 1, 2, 1,12,0);
insert into TRANSMISSION_ORDER (TRANSMISSION_ORDER_ID , COMPANY_CODE, RECORD_NUMBER, INVOICE_NUMBER ,DOC_TYPE , CONTRACT_TYPE , BILL_ITEM_TYPE , SUMMARY_INDICATOR , SCHEDULE_GROUP_TYPE,  STATUS , BATCH_ID, TAX_CODE, BILLABLE, GROSS_COST, CURRENCY_CODE,BILLING_SCENARIO_ID, PURCHASE_ORDER, INSERTION_ORDER, BILL_TO_CUSTOMER_ID, CUSTOMER_ID, AGENCY_ID, PREBILL_REFERENCE_ID, EXCHANGE_RATE,INVOICE_ID,INVOICE_LINE_ID ,CONSUMPTION) values (3,'331',12,3 , 'IN', 'GEN' , 'PRB' , 1 ,'REG' ,  'GROUPED', 1 ,'A', 1 ,300, 'USD',3 , 'P3', 'I3',1,4, 1, 1, 2,1,13,1);
insert into TRANSMISSION_ORDER (TRANSMISSION_ORDER_ID , COMPANY_CODE, RECORD_NUMBER, INVOICE_NUMBER ,DOC_TYPE , CONTRACT_TYPE , BILL_ITEM_TYPE , SUMMARY_INDICATOR , SCHEDULE_GROUP_TYPE,  STATUS , BATCH_ID, TAX_CODE, BILLABLE, GROSS_COST, CURRENCY_CODE,BILLING_SCENARIO_ID, PURCHASE_ORDER, INSERTION_ORDER, BILL_TO_CUSTOMER_ID, CUSTOMER_ID, AGENCY_ID, PREBILL_REFERENCE_ID, EXCHANGE_RATE,CONSUMPTION) values (4,'331',16, 4 ,'AF', 'GEN' , 'INS' , 1 ,'LOC' ,  'ACCEPTED', 1 ,'A', 1 ,100, 'BRL',7, 'P4', 'I4',1,5, null, 10, 0,1);
insert into TRANSMISSION_ORDER (TRANSMISSION_ORDER_ID , COMPANY_CODE, RECORD_NUMBER, INVOICE_NUMBER ,DOC_TYPE , CONTRACT_TYPE , BILL_ITEM_TYPE , SUMMARY_INDICATOR , SCHEDULE_GROUP_TYPE,  STATUS , BATCH_ID, TAX_CODE, BILLABLE, GROSS_COST, CURRENCY_CODE,BILLING_SCENARIO_ID, PURCHASE_ORDER, INSERTION_ORDER, BILL_TO_CUSTOMER_ID, CUSTOMER_ID, AGENCY_ID, PREBILL_REFERENCE_ID, EXCHANGE_RATE,CONSUMPTION) values (5,'331',21, 5 ,'CR', 'BAR' , 'INS' , 1 ,'REG' ,  'ACCEPTED', 1 ,'A', 1 ,1500, 'ARS',5 , 'P5', 'I5',4,4, 1, null, 1,0);
insert into TRANSMISSION_ORDER (TRANSMISSION_ORDER_ID , COMPANY_CODE, RECORD_NUMBER, INVOICE_NUMBER ,DOC_TYPE , CONTRACT_TYPE , BILL_ITEM_TYPE , SUMMARY_INDICATOR , SCHEDULE_GROUP_TYPE,  STATUS , BATCH_ID, TAX_CODE, BILLABLE, GROSS_COST, CURRENCY_CODE,BILLING_SCENARIO_ID, PURCHASE_ORDER, INSERTION_ORDER, BILL_TO_CUSTOMER_ID, CUSTOMER_ID, AGENCY_ID, PREBILL_REFERENCE_ID, EXCHANGE_RATE,CONSUMPTION) values (6,'331',27, 6 ,'RV', 'BAR' , 'INS' , 1 ,'INT' ,  'ACCEPTED', 1 ,'A', 1 ,15, 'BRL',7, 'P6', 'I6',5,5, null, 1, 0,0);
insert into TRANSMISSION_ORDER (TRANSMISSION_ORDER_ID , COMPANY_CODE, RECORD_NUMBER, INVOICE_NUMBER ,DOC_TYPE , CONTRACT_TYPE , BILL_ITEM_TYPE , SUMMARY_INDICATOR , SCHEDULE_GROUP_TYPE,  STATUS , BATCH_ID, TAX_CODE, BILLABLE, GROSS_COST, CURRENCY_CODE,BILLING_SCENARIO_ID, PURCHASE_ORDER, INSERTION_ORDER, BILL_TO_CUSTOMER_ID, CUSTOMER_ID, AGENCY_ID, PREBILL_REFERENCE_ID, EXCHANGE_RATE,INVOICE_ID,INVOICE_LINE_ID ,CONSUMPTION) values (7,'331',28,106, 'AF', 'GEN' , 'INS' , 1 ,'LOC' ,  'ACCEPTED', 1 ,'A', 1 ,1600, 'BRL',5 ,'P8', 'I8',5,5, 1, null, 1,2,21,1);
insert into TRANSMISSION_ORDER (TRANSMISSION_ORDER_ID , COMPANY_CODE, RECORD_NUMBER, INVOICE_NUMBER ,DOC_TYPE , CONTRACT_TYPE , BILL_ITEM_TYPE , SUMMARY_INDICATOR , SCHEDULE_GROUP_TYPE,  STATUS , BATCH_ID, TAX_CODE, BILLABLE, GROSS_COST, CURRENCY_CODE,BILLING_SCENARIO_ID, PURCHASE_ORDER, INSERTION_ORDER, BILL_TO_CUSTOMER_ID, CUSTOMER_ID, AGENCY_ID, PREBILL_REFERENCE_ID, EXCHANGE_RATE,INVOICE_ID,INVOICE_LINE_ID ,CONSUMPTION) values (8,'331',29,107, 'RV', 'BAR' , 'INS' , 1 ,'LOC' ,  'ACCEPTED', 1 ,'A', 1 ,600, 'BRL',2 ,'P7', 'I7',5,5, null, null, 1,2,22,0);
insert into TRANSMISSION_ORDER (TRANSMISSION_ORDER_ID , COMPANY_CODE, RECORD_NUMBER, INVOICE_NUMBER ,DOC_TYPE , CONTRACT_TYPE , BILL_ITEM_TYPE , SUMMARY_INDICATOR , SCHEDULE_GROUP_TYPE,  STATUS , BATCH_ID, TAX_CODE, BILLABLE, GROSS_COST, CURRENCY_CODE,BILLING_SCENARIO_ID, PURCHASE_ORDER, INSERTION_ORDER, BILL_TO_CUSTOMER_ID, CUSTOMER_ID, AGENCY_ID, PREBILL_REFERENCE_ID, EXCHANGE_RATE,INVOICE_ID,INVOICE_LINE_ID ,CONSUMPTION) values (9,'331',30,108, 'RV', 'BAR' , 'INS' , 1 ,'LOC' ,  'ACCEPTED', 1 ,'A', 1 ,2300, 'BRL',2 ,'P7', 'I7',5,5, null, null, 1,2,23,0);

insert into TRANSMISSION_ORDER (TRANSMISSION_ORDER_ID,INVOICE_NUMBER,ORIGINAL_INVOICE_NUMBER,DOC_CREATE_DATE,DOC_TYPE,CONTRACT_TYPE,BILL_ITEM_TYPE,SUMMARY_INDICATOR,BILL_TO_REFERENCE,AGENCY_CLIENT_REFERENCE,CUSTOMER_REFERENCE,SALES_REP_COMPANY_REFERENCE,NUMBER_OF_UNIT,UNIT_DESCRIPTION,TAX_CODE,PAYMENT_TERMS,PERIOD_TYPE_DESCRIPTION,INVOICE_START_DATE,INVOICE_END_DATE,CAMPAIGN_START_DATE,CAMPAIGN_END_DATE,CAMPAIGN_REFERENCE,CAMPAIGN_NAME,ORDER_REF,GROSS_COST,LANGUAGE_CODE,REASON_CODE,SCHEDULE_GROUP_TYPE,SALES_GROUP_TYPE,CAMPAIGN_BILLING_TYPE,CAMPAIGN_TYPE,CAMPAIGN_ID,BILLING_ITEM_ID,INVOICE_DATE,TEXT_LINE,INSERTION_ORDER,PURCHASE_ORDER,STATUS,EXCHANGE_RATE,BILLABLE,BATCH_ID,RECORD_NUMBER,POSTING_DATE,REV_ALLOC_METH,CPE_CODE,PROPOSAL_NBR,DELAY_REASON_CODE,BILLING_SCENARIO_ID,CUSTOMER_ID,AGENCY_ID,SALES_REPRESENTATIVE_ID,PREBILL_REFERENCE_ID,INVOICE_TYPE_CODE,INVOICE_ID,ORIG_TRANSMISSION_ORDER_ID,CURRENCY_CODE,MODIFIED_BY,BILL_TO_CUSTOMER_ID,COMPANY_CODE,CONSUMPTION,PREBILL_CONSUMPTION_INV_ID) values ('10776','733039',null,to_timestamp('02/07/2015 12:00:00','DD/MM/RRRR HH12:MI:SS'),'IN','GEN',null,0,'0002107983','0002107983','0002108003',null,0,null,'N','NT60','Calendar Month',to_date('01/06/2015','DD/MM/RRRR'),to_date('30/06/2015','DD/MM/RRRR'),to_date('19/06/2015','DD/MM/RRRR'),to_date('22/06/2015','DD/MM/RRRR'),'JVA15061701','Filmsuez for  Bimbo De Uruguay','06-3-083','2008.26','ES',null,'LOC','DLA','TRANSM','PRDUCT','700846',0,to_date('30/06/2015','DD/MM/RRRR'),null,null,null,'ACCEPTED','9.14',1,4,51461,to_date('30/06/2015','DD/MM/RRRR'),null,null,'515536',null,2,11106,11105,null,null,null,null,null,'USD',null,11105,'331',0,null);
insert into TRANSMISSION_ORDER (TRANSMISSION_ORDER_ID,INVOICE_NUMBER,ORIGINAL_INVOICE_NUMBER,DOC_CREATE_DATE,DOC_TYPE,CONTRACT_TYPE,BILL_ITEM_TYPE,SUMMARY_INDICATOR,BILL_TO_REFERENCE,AGENCY_CLIENT_REFERENCE,CUSTOMER_REFERENCE,SALES_REP_COMPANY_REFERENCE,NUMBER_OF_UNIT,UNIT_DESCRIPTION,TAX_CODE,PAYMENT_TERMS,PERIOD_TYPE_DESCRIPTION,INVOICE_START_DATE,INVOICE_END_DATE,CAMPAIGN_START_DATE,CAMPAIGN_END_DATE,CAMPAIGN_REFERENCE,CAMPAIGN_NAME,ORDER_REF,GROSS_COST,LANGUAGE_CODE,REASON_CODE,SCHEDULE_GROUP_TYPE,SALES_GROUP_TYPE,CAMPAIGN_BILLING_TYPE,CAMPAIGN_TYPE,CAMPAIGN_ID,BILLING_ITEM_ID,INVOICE_DATE,TEXT_LINE,INSERTION_ORDER,PURCHASE_ORDER,STATUS,EXCHANGE_RATE,BILLABLE,BATCH_ID,RECORD_NUMBER,POSTING_DATE,REV_ALLOC_METH,CPE_CODE,PROPOSAL_NBR,DELAY_REASON_CODE,BILLING_SCENARIO_ID,CUSTOMER_ID,AGENCY_ID,SALES_REPRESENTATIVE_ID,PREBILL_REFERENCE_ID,INVOICE_TYPE_CODE,INVOICE_ID,ORIG_TRANSMISSION_ORDER_ID,CURRENCY_CODE,MODIFIED_BY,BILL_TO_CUSTOMER_ID,COMPANY_CODE,CONSUMPTION,PREBILL_CONSUMPTION_INV_ID) values ('10785','733048',null,to_timestamp('02/07/2015 12:00:00','DD/MM/RRRR HH12:MI:SS'),'IN','GEN',null,0,'0002107983','0002107983','0002108003',null,0,null,'N','NT60','Calendar Month',to_date('01/06/2015','DD/MM/RRRR'),to_date('30/06/2015','DD/MM/RRRR'),to_date('19/06/2015','DD/MM/RRRR'),to_date('22/06/2015','DD/MM/RRRR'),'JVA15061704','Filmsuez for  Bimbo De Uruguay','06-3-082','1611.6','ES',null,'LOC','DLA','TRANSM','PRDUCT','700873',0,to_date('30/06/2015','DD/MM/RRRR'),null,null,null,'ACCEPTED','9.14',1,4,53348,to_date('30/06/2015','DD/MM/RRRR'),null,null,'515563',null,2,11106,11105,null,null,null,null,null,'USD',null,11105,'331',0,null);
insert into TRANSMISSION_ORDER (TRANSMISSION_ORDER_ID,INVOICE_NUMBER,ORIGINAL_INVOICE_NUMBER,DOC_CREATE_DATE,DOC_TYPE,CONTRACT_TYPE,BILL_ITEM_TYPE,SUMMARY_INDICATOR,BILL_TO_REFERENCE,AGENCY_CLIENT_REFERENCE,CUSTOMER_REFERENCE,SALES_REP_COMPANY_REFERENCE,NUMBER_OF_UNIT,UNIT_DESCRIPTION,TAX_CODE,PAYMENT_TERMS,PERIOD_TYPE_DESCRIPTION,INVOICE_START_DATE,INVOICE_END_DATE,CAMPAIGN_START_DATE,CAMPAIGN_END_DATE,CAMPAIGN_REFERENCE,CAMPAIGN_NAME,ORDER_REF,GROSS_COST,LANGUAGE_CODE,REASON_CODE,SCHEDULE_GROUP_TYPE,SALES_GROUP_TYPE,CAMPAIGN_BILLING_TYPE,CAMPAIGN_TYPE,CAMPAIGN_ID,BILLING_ITEM_ID,INVOICE_DATE,TEXT_LINE,INSERTION_ORDER,PURCHASE_ORDER,STATUS,EXCHANGE_RATE,BILLABLE,BATCH_ID,RECORD_NUMBER,POSTING_DATE,REV_ALLOC_METH,CPE_CODE,PROPOSAL_NBR,DELAY_REASON_CODE,BILLING_SCENARIO_ID,CUSTOMER_ID,AGENCY_ID,SALES_REPRESENTATIVE_ID,PREBILL_REFERENCE_ID,INVOICE_TYPE_CODE,INVOICE_ID,ORIG_TRANSMISSION_ORDER_ID,CURRENCY_CODE,MODIFIED_BY,BILL_TO_CUSTOMER_ID,COMPANY_CODE,CONSUMPTION,PREBILL_CONSUMPTION_INV_ID) values ('10891','733157',null,to_timestamp('02/07/2015 12:00:00','DD/MM/RRRR HH12:MI:SS'),'IN','GEN',null,0,'0002107983','0002107983','0002108003',null,0,null,'N','NT60','Calendar Month',to_date('01/06/2015','DD/MM/RRRR'),to_date('30/06/2015','DD/MM/RRRR'),to_date('26/06/2015','DD/MM/RRRR'),to_date('30/06/2015','DD/MM/RRRR'),'JVA15062308','Filmsuez for  Bimbo De Uruguay','06-3-096','1226.61','ES',null,'LOC','DLA','TRANSM','PRDUCT','701971',0,to_date('30/06/2015','DD/MM/RRRR'),null,null,null,'ACCEPTED','9.14',1,4,58094,to_date('30/06/2015','DD/MM/RRRR'),null,null,'516651',null,2,11106,11105,null,null,null,null,null,'USD',null,11105,'331',0,null);
insert into TRANSMISSION_ORDER (TRANSMISSION_ORDER_ID,INVOICE_NUMBER,ORIGINAL_INVOICE_NUMBER,DOC_CREATE_DATE,DOC_TYPE,CONTRACT_TYPE,BILL_ITEM_TYPE,SUMMARY_INDICATOR,BILL_TO_REFERENCE,AGENCY_CLIENT_REFERENCE,CUSTOMER_REFERENCE,SALES_REP_COMPANY_REFERENCE,NUMBER_OF_UNIT,UNIT_DESCRIPTION,TAX_CODE,PAYMENT_TERMS,PERIOD_TYPE_DESCRIPTION,INVOICE_START_DATE,INVOICE_END_DATE,CAMPAIGN_START_DATE,CAMPAIGN_END_DATE,CAMPAIGN_REFERENCE,CAMPAIGN_NAME,ORDER_REF,GROSS_COST,LANGUAGE_CODE,REASON_CODE,SCHEDULE_GROUP_TYPE,SALES_GROUP_TYPE,CAMPAIGN_BILLING_TYPE,CAMPAIGN_TYPE,CAMPAIGN_ID,BILLING_ITEM_ID,INVOICE_DATE,TEXT_LINE,INSERTION_ORDER,PURCHASE_ORDER,STATUS,EXCHANGE_RATE,BILLABLE,BATCH_ID,RECORD_NUMBER,POSTING_DATE,REV_ALLOC_METH,CPE_CODE,PROPOSAL_NBR,DELAY_REASON_CODE,BILLING_SCENARIO_ID,CUSTOMER_ID,AGENCY_ID,SALES_REPRESENTATIVE_ID,PREBILL_REFERENCE_ID,INVOICE_TYPE_CODE,INVOICE_ID,ORIG_TRANSMISSION_ORDER_ID,CURRENCY_CODE,MODIFIED_BY,BILL_TO_CUSTOMER_ID,COMPANY_CODE,CONSUMPTION,PREBILL_CONSUMPTION_INV_ID) values ('10892','733158',null,to_timestamp('02/07/2015 12:00:00','DD/MM/RRRR HH12:MI:SS'),'IN','GEN',null,0,'0002107983','0002107983','0002108003',null,0,null,'N','NT60','Calendar Month',to_date('01/06/2015','DD/MM/RRRR'),to_date('30/06/2015','DD/MM/RRRR'),to_date('26/06/2015','DD/MM/RRRR'),to_date('30/06/2015','DD/MM/RRRR'),'JVA15062309','Filmsuez for  Bimbo De Uruguay','06-3-097','867.3','ES',null,'LOC','DLA','TRANSM','PRDUCT','701978',0,to_date('30/06/2015','DD/MM/RRRR'),null,null,null,'ACCEPTED','9.14',1,4,58110,to_date('30/06/2015','DD/MM/RRRR'),null,null,'516659',null,2,11106,11105,null,null,null,null,null,'USD',null,11105,'331',0,null);

-- Reversal BS Test -->
insert into TRANSMISSION_ORDER (TRANSMISSION_ORDER_ID, COMPANY_CODE,INVOICE_NUMBER,ORIGINAL_INVOICE_NUMBER,DOC_CREATE_DATE,DOC_TYPE,CONTRACT_TYPE,BILL_ITEM_TYPE,SUMMARY_INDICATOR,BILL_TO_REFERENCE,AGENCY_CLIENT_REFERENCE,CUSTOMER_REFERENCE,SALES_REP_COMPANY_REFERENCE,NUMBER_OF_UNIT,UNIT_DESCRIPTION,TAX_CODE,PAYMENT_TERMS,PERIOD_TYPE_DESCRIPTION,INVOICE_START_DATE,INVOICE_END_DATE,CAMPAIGN_START_DATE,CAMPAIGN_END_DATE,CAMPAIGN_REFERENCE,CAMPAIGN_NAME,ORDER_REF,GROSS_COST,LANGUAGE_CODE,REASON_CODE,SCHEDULE_GROUP_TYPE,SALES_GROUP_TYPE,CAMPAIGN_BILLING_TYPE,CAMPAIGN_TYPE,CAMPAIGN_ID,BILLING_ITEM_ID,INVOICE_DATE,TEXT_LINE,INSERTION_ORDER,PURCHASE_ORDER,STATUS,EXCHANGE_RATE,BILLABLE,BATCH_ID,RECORD_NUMBER,POSTING_DATE,REV_ALLOC_METH,CPE_CODE,PROPOSAL_NBR,DELAY_REASON_CODE,BILLING_SCENARIO_ID,BILL_TO_CUSTOMER_ID,CUSTOMER_ID,AGENCY_ID,SALES_REPRESENTATIVE_ID,PREBILL_REFERENCE_ID,INVOICE_TYPE_CODE,INVOICE_ID,CURRENCY_CODE,MODIFIED_BY,PREBILL_CONSUMPTION_INV_ID ,CONSUMPTION) values (486,'331',649246,null,to_timestamp('01/10/2014 12:00 PM','DD/MM/RRRR HH12:MI AM'),'AF',null,null,0,'0002015202','0002015202','0002015203',null,0,null,'N','NT90','Calendar Month',to_date('01/09/2014','DD/MM/RRRR'),to_date('30/09/2014','DD/MM/RRRR'),to_date('14/09/2014','DD/MM/RRRR'),to_date('30/09/2014','DD/MM/RRRR'),'RVA14090904','Ddb Argentina for  Clorox Argentina S.A.','09-6-078C',9072,null,null,'LOC','DLA','TRANSM','PRDUCT',651464,0,to_date('30/09/2014','DD/MM/RRRR'),null,null,'POBS01','ACCEPTED',null,1,4,40032,to_date('30/09/2014','DD/MM/RRRR'),null,null,'466705',null,2,2168,2169,2168,null,null,1,1000,'ARS','dgarcia',null,0);
insert into TRANSMISSION_ORDER (TRANSMISSION_ORDER_ID, COMPANY_CODE,INVOICE_NUMBER,ORIGINAL_INVOICE_NUMBER,DOC_CREATE_DATE,DOC_TYPE,CONTRACT_TYPE,BILL_ITEM_TYPE,SUMMARY_INDICATOR,BILL_TO_REFERENCE,AGENCY_CLIENT_REFERENCE,CUSTOMER_REFERENCE,SALES_REP_COMPANY_REFERENCE,NUMBER_OF_UNIT,UNIT_DESCRIPTION,TAX_CODE,PAYMENT_TERMS,PERIOD_TYPE_DESCRIPTION,INVOICE_START_DATE,INVOICE_END_DATE,CAMPAIGN_START_DATE,CAMPAIGN_END_DATE,CAMPAIGN_REFERENCE,CAMPAIGN_NAME,ORDER_REF,GROSS_COST,LANGUAGE_CODE,REASON_CODE,SCHEDULE_GROUP_TYPE,SALES_GROUP_TYPE,CAMPAIGN_BILLING_TYPE,CAMPAIGN_TYPE,CAMPAIGN_ID,BILLING_ITEM_ID,INVOICE_DATE,TEXT_LINE,INSERTION_ORDER,PURCHASE_ORDER,STATUS,EXCHANGE_RATE,BILLABLE,BATCH_ID,RECORD_NUMBER,POSTING_DATE,REV_ALLOC_METH,CPE_CODE,PROPOSAL_NBR,DELAY_REASON_CODE,BILLING_SCENARIO_ID,BILL_TO_CUSTOMER_ID,CUSTOMER_ID,AGENCY_ID,SALES_REPRESENTATIVE_ID,PREBILL_REFERENCE_ID,INVOICE_TYPE_CODE,INVOICE_ID,CURRENCY_CODE,MODIFIED_BY,PREBILL_CONSUMPTION_INV_ID ,CONSUMPTION) values (487,'331',649247,null,to_timestamp('01/10/2014 12:00 PM','DD/MM/RRRR HH12:MI AM'),'AF',null,null,0,'0002015202','0002015202','0002015203',null,0,null,'N','NT90','Calendar Month',to_date('01/09/2014','DD/MM/RRRR'),to_date('30/09/2014','DD/MM/RRRR'),to_date('14/09/2014','DD/MM/RRRR'),to_date('30/09/2014','DD/MM/RRRR'),'JNN14090902','Ddb Argentina for  Clorox Argentina S.A.','09-5-105',11370,null,null,'LOC','DLA','TRANSM','PRDUCT',651466,0,to_date('30/09/2014','DD/MM/RRRR'),null,null,'POBS01','ACCEPTED',null,1,4,40253,to_date('30/09/2014','DD/MM/RRRR'),null,null,'466707',null,2,2168,2169,2168,null,null,1,1000,'ARS','dgarcia',null,0);
insert into TRANSMISSION_ORDER (TRANSMISSION_ORDER_ID, COMPANY_CODE,INVOICE_NUMBER,ORIGINAL_INVOICE_NUMBER,DOC_CREATE_DATE,DOC_TYPE,CONTRACT_TYPE,BILL_ITEM_TYPE,SUMMARY_INDICATOR,BILL_TO_REFERENCE,AGENCY_CLIENT_REFERENCE,CUSTOMER_REFERENCE,SALES_REP_COMPANY_REFERENCE,NUMBER_OF_UNIT,UNIT_DESCRIPTION,TAX_CODE,PAYMENT_TERMS,PERIOD_TYPE_DESCRIPTION,INVOICE_START_DATE,INVOICE_END_DATE,CAMPAIGN_START_DATE,CAMPAIGN_END_DATE,CAMPAIGN_REFERENCE,CAMPAIGN_NAME,ORDER_REF,GROSS_COST,LANGUAGE_CODE,REASON_CODE,SCHEDULE_GROUP_TYPE,SALES_GROUP_TYPE,CAMPAIGN_BILLING_TYPE,CAMPAIGN_TYPE,CAMPAIGN_ID,BILLING_ITEM_ID,INVOICE_DATE,TEXT_LINE,INSERTION_ORDER,PURCHASE_ORDER,STATUS,EXCHANGE_RATE,BILLABLE,BATCH_ID,RECORD_NUMBER,POSTING_DATE,REV_ALLOC_METH,CPE_CODE,PROPOSAL_NBR,DELAY_REASON_CODE,BILLING_SCENARIO_ID,BILL_TO_CUSTOMER_ID,CUSTOMER_ID,AGENCY_ID,SALES_REPRESENTATIVE_ID,PREBILL_REFERENCE_ID,INVOICE_TYPE_CODE,INVOICE_ID,ORIG_TRANSMISSION_ORDER_ID,CURRENCY_CODE,MODIFIED_BY,PREBILL_CONSUMPTION_INV_ID ,CONSUMPTION) values (488,'331',649248,null,to_timestamp('01/10/2014 12:00 PM','DD/MM/RRRR HH12:MI AM'),'RV',null,null,0,'0002015202','0002015202','0002015203',null,0,null,'N','NT90','Calendar Month',to_date('01/09/2014','DD/MM/RRRR'),to_date('30/09/2014','DD/MM/RRRR'),to_date('14/09/2014','DD/MM/RRRR'),to_date('30/09/2014','DD/MM/RRRR'),'RVA14090903','Ddb Argentina for  Clorox Argentina S.A.','09-2-088',50,null,null,'LOC','DLA','TRANSM','PRDUCT',651460,0,to_date('30/09/2014','DD/MM/RRRR'),null,null,'POBS01','ACCEPTED',2,1,4,42,to_date('30/09/2014','DD/MM/RRRR'),null,null,'466701',null,2,2168,2169,2168,null,null,null,null,486,'USD','dgarcia',null,0);
insert into TRANSMISSION_ORDER (TRANSMISSION_ORDER_ID, COMPANY_CODE,INVOICE_NUMBER,ORIGINAL_INVOICE_NUMBER,DOC_CREATE_DATE,DOC_TYPE,CONTRACT_TYPE,BILL_ITEM_TYPE,SUMMARY_INDICATOR,BILL_TO_REFERENCE,AGENCY_CLIENT_REFERENCE,CUSTOMER_REFERENCE,SALES_REP_COMPANY_REFERENCE,NUMBER_OF_UNIT,UNIT_DESCRIPTION,TAX_CODE,PAYMENT_TERMS,PERIOD_TYPE_DESCRIPTION,INVOICE_START_DATE,INVOICE_END_DATE,CAMPAIGN_START_DATE,CAMPAIGN_END_DATE,CAMPAIGN_REFERENCE,CAMPAIGN_NAME,ORDER_REF,GROSS_COST,LANGUAGE_CODE,REASON_CODE,SCHEDULE_GROUP_TYPE,SALES_GROUP_TYPE,CAMPAIGN_BILLING_TYPE,CAMPAIGN_TYPE,CAMPAIGN_ID,BILLING_ITEM_ID,INVOICE_DATE,TEXT_LINE,INSERTION_ORDER,PURCHASE_ORDER,STATUS,EXCHANGE_RATE,BILLABLE,BATCH_ID,RECORD_NUMBER,POSTING_DATE,REV_ALLOC_METH,CPE_CODE,PROPOSAL_NBR,DELAY_REASON_CODE,BILLING_SCENARIO_ID,BILL_TO_CUSTOMER_ID,CUSTOMER_ID,AGENCY_ID,SALES_REPRESENTATIVE_ID,PREBILL_REFERENCE_ID,INVOICE_TYPE_CODE,INVOICE_ID,ORIG_TRANSMISSION_ORDER_ID,CURRENCY_CODE,MODIFIED_BY,PREBILL_CONSUMPTION_INV_ID ,CONSUMPTION) values (489,'331',649249,null,to_timestamp('01/10/2014 12:00 PM','DD/MM/RRRR HH12:MI AM'),'RV',null,null,0,'0002015202','0002015202','0002015203',null,0,null,'N','NT90','Calendar Month',to_date('01/09/2014','DD/MM/RRRR'),to_date('30/09/2014','DD/MM/RRRR'),to_date('14/09/2014','DD/MM/RRRR'),to_date('30/09/2014','DD/MM/RRRR'),'RVA14090903','Ddb Argentina for  Clorox Argentina S.A.','09-2-088',50,null,null,'LOC','DLA','TRANSM','PRDUCT',651460,0,to_date('30/09/2014','DD/MM/RRRR'),null,null,'POBS01','GROUPED',2,1,4,41,to_date('30/09/2014','DD/MM/RRRR'),null,null,'466701',null,2,2168,2169,2168,null,null,null,null,487,'USD','dgarcia',null,0);
-- Reversal BS Test <--

insert into TRANSMISSION_ORDER (TRANSMISSION_ORDER_ID, COMPANY_CODE,INVOICE_NUMBER,ORIGINAL_INVOICE_NUMBER,DOC_CREATE_DATE,DOC_TYPE,CONTRACT_TYPE,BILL_ITEM_TYPE,SUMMARY_INDICATOR,BILL_TO_REFERENCE,AGENCY_CLIENT_REFERENCE,CUSTOMER_REFERENCE,SALES_REP_COMPANY_REFERENCE,NUMBER_OF_UNIT,UNIT_DESCRIPTION,TAX_CODE,PAYMENT_TERMS,PERIOD_TYPE_DESCRIPTION,INVOICE_START_DATE,INVOICE_END_DATE,CAMPAIGN_START_DATE,CAMPAIGN_END_DATE,CAMPAIGN_REFERENCE,CAMPAIGN_NAME,ORDER_REF,GROSS_COST,LANGUAGE_CODE,REASON_CODE,SCHEDULE_GROUP_TYPE,SALES_GROUP_TYPE,CAMPAIGN_BILLING_TYPE,CAMPAIGN_TYPE,CAMPAIGN_ID,BILLING_ITEM_ID,INVOICE_DATE,TEXT_LINE,INSERTION_ORDER,PURCHASE_ORDER,STATUS,EXCHANGE_RATE,BILLABLE,BATCH_ID,RECORD_NUMBER,POSTING_DATE,REV_ALLOC_METH,CPE_CODE,PROPOSAL_NBR,DELAY_REASON_CODE,BILLING_SCENARIO_ID,BILL_TO_CUSTOMER_ID,CUSTOMER_ID,AGENCY_ID,SALES_REPRESENTATIVE_ID,PREBILL_REFERENCE_ID,INVOICE_TYPE_CODE,INVOICE_ID,ORIG_TRANSMISSION_ORDER_ID,CURRENCY_CODE,MODIFIED_BY,PREBILL_CONSUMPTION_INV_ID ,CONSUMPTION) values (490,'331',649250,null,to_timestamp('01/10/2014 12:00 PM','DD/MM/RRRR HH12:MI AM'),'AF',null,null,0,'0002070694','0002075893','0002070694',null,0,null,'N','NT90','Calendar Month',to_date('01/09/2014','DD/MM/RRRR'),to_date('30/09/2014','DD/MM/RRRR'),to_date('15/09/2014','DD/MM/RRRR'),to_date('28/09/2014','DD/MM/RRRR'),'KSC14090907','Media Edge C  a. for  Farmacity','09-4-074',7371,null,null,'LOC','DLA','TRANSM','PRDUCT',651468,0,to_date('30/09/2014','DD/MM/RRRR'),null,null,null,'ACCEPTED',null,1,4,40405,to_date('30/09/2014','DD/MM/RRRR'),null,null,'466709',null,2,2087,2087,2099,null,null,null,null,486,'ARS','dgarcia',null,0);

insert into INVOICE (INVOICE_ID,INVOICE_NUMBER,INVOICE_TYPE_ID,ISSUE_DATE,INVOICE_DATE,DUE_DATE,INVOICE_SOURCE,SERVICE_RECEIVED_TYPE_ID,BILLING_SCENARIO_ID,CUSTOMER_ID,INVOICE_STATUS,TRANSACTION_CURRENCY_ID,BASE_CURRENCY_ID,EXCHANGE_RATE,TRANSACTION_NET_AMOUNT,BASE_NET_AMOUNT,TRANSACTION_VAT_AMOUNT,BASE_VAT_AMOUNT,TRANSACTION_GROSS_AMOUNT,BASE_GROSS_AMOUNT,DESCRIPTION,TERMS_OF_SALE,INSERTION_ORDER_REF,PURCHASE_ORDER_REF,INTERNAL_NOTE,ERP_INVOICE_NUMBER,PARENT_INVOICE_ID,RELATED_INVOICE_ID,SALES_CHANNEL_CALL_SIGN,PREBILL,COMPANY_ID,ADVERTISER_CUSTOMER_ID,MODIFIED_BY,SUBMITTED_BY,INVOICE_SUBTYPE_CODE,AGENCY_ID,CAE,BARTER,SINGLE_LINE_TRANSMISSION) values (1078,'A000200042714',1,to_timestamp('17/07/2015 14:47:41','DD/MM/RRRR HH24:MI:SS'),to_date('16/07/2015','DD/MM/RRRR'),to_date('15/08/2015','DD/MM/RRRR'),'IBMS',1,1,2168,'POSTED',1,1,1,38707.2,38707.2,8128.51,8128.51,46835.71,46835.71,'Servicio de Publicidad de Kimberly Clark Argentina S.A. / Mindshare Argentin for  Kimberly Clark A (696972) - Martin Hernandez en DLA Discovery Kids Argentina en las transmisiones de 06/2015 según Orden de Publicidad N° 511709 (270168578/0 / 732388) para el Producto Huggies Kc.. ',null,null,null,null,'A000200042714',null,null,null,0,1,2168,null,'emlopez',null,2168,'65297955997615',0,0);

insert into TRANSMISSION_ORDER (TRANSMISSION_ORDER_ID,INVOICE_NUMBER,ORIGINAL_INVOICE_NUMBER,DOC_CREATE_DATE,DOC_TYPE,CONTRACT_TYPE,BILL_ITEM_TYPE,SUMMARY_INDICATOR,BILL_TO_REFERENCE,AGENCY_CLIENT_REFERENCE,CUSTOMER_REFERENCE,SALES_REP_COMPANY_REFERENCE,NUMBER_OF_UNIT,UNIT_DESCRIPTION,TAX_CODE,PAYMENT_TERMS,PERIOD_TYPE_DESCRIPTION,INVOICE_START_DATE,INVOICE_END_DATE,CAMPAIGN_START_DATE,CAMPAIGN_END_DATE,CAMPAIGN_REFERENCE,CAMPAIGN_NAME,ORDER_REF,GROSS_COST,LANGUAGE_CODE,REASON_CODE,SCHEDULE_GROUP_TYPE,SALES_GROUP_TYPE,CAMPAIGN_BILLING_TYPE,CAMPAIGN_TYPE,CAMPAIGN_ID,BILLING_ITEM_ID,INVOICE_DATE,TEXT_LINE,INSERTION_ORDER,PURCHASE_ORDER,STATUS,EXCHANGE_RATE,BILLABLE,BATCH_ID,RECORD_NUMBER,POSTING_DATE,REV_ALLOC_METH,CPE_CODE,PROPOSAL_NBR,DELAY_REASON_CODE,BILLING_SCENARIO_ID,CUSTOMER_ID,AGENCY_ID,SALES_REPRESENTATIVE_ID,PREBILL_REFERENCE_ID,INVOICE_TYPE_CODE,INVOICE_ID,ORIG_TRANSMISSION_ORDER_ID,CURRENCY_CODE,MODIFIED_BY,BILL_TO_CUSTOMER_ID,COMPANY_CODE,CONSUMPTION,PREBILL_CONSUMPTION_INV_ID) values (127,'732388',null,to_timestamp('02/07/2015 00:00:00','DD/MM/RRRR HH24:MI:SS'),'IN','GEN',null,0,'0002034120','0002048400','0002034120',null,0,null,'N','NT90','Calendar Month',to_date('01/06/2015','DD/MM/RRRR'),to_date('30/06/2015','DD/MM/RRRR'),to_date('01/06/2015','DD/MM/RRRR'),to_date('28/06/2015','DD/MM/RRRR'),'JVA15052706','Mindshare Argentin for  Kimberly Clark A','270168578/0',38707.2,'ES',null,'LOC','DLA','TRANSM','PRDUCT','696972',0,to_date('30/06/2015','DD/MM/RRRR'),null,null,null,'GROUPED',1,1,4,5437,to_date('30/06/2015','DD/MM/RRRR'),null,null,'511709',null,2,2168,2168,null,null,null,1078,null,'ARS','emlopez',2168,'331',0,null);
insert into TRANSMISSION_ORDER (TRANSMISSION_ORDER_ID,INVOICE_NUMBER,ORIGINAL_INVOICE_NUMBER,DOC_CREATE_DATE,DOC_TYPE,CONTRACT_TYPE,BILL_ITEM_TYPE,SUMMARY_INDICATOR,BILL_TO_REFERENCE,AGENCY_CLIENT_REFERENCE,CUSTOMER_REFERENCE,SALES_REP_COMPANY_REFERENCE,NUMBER_OF_UNIT,UNIT_DESCRIPTION,TAX_CODE,PAYMENT_TERMS,PERIOD_TYPE_DESCRIPTION,INVOICE_START_DATE,INVOICE_END_DATE,CAMPAIGN_START_DATE,CAMPAIGN_END_DATE,CAMPAIGN_REFERENCE,CAMPAIGN_NAME,ORDER_REF,GROSS_COST,LANGUAGE_CODE,REASON_CODE,SCHEDULE_GROUP_TYPE,SALES_GROUP_TYPE,CAMPAIGN_BILLING_TYPE,CAMPAIGN_TYPE,CAMPAIGN_ID,BILLING_ITEM_ID,INVOICE_DATE,TEXT_LINE,INSERTION_ORDER,PURCHASE_ORDER,STATUS,EXCHANGE_RATE,BILLABLE,BATCH_ID,RECORD_NUMBER,POSTING_DATE,REV_ALLOC_METH,CPE_CODE,PROPOSAL_NBR,DELAY_REASON_CODE,BILLING_SCENARIO_ID,CUSTOMER_ID,AGENCY_ID,SALES_REPRESENTATIVE_ID,PREBILL_REFERENCE_ID,INVOICE_TYPE_CODE,INVOICE_ID,ORIG_TRANSMISSION_ORDER_ID,CURRENCY_CODE,MODIFIED_BY,BILL_TO_CUSTOMER_ID,COMPANY_CODE,CONSUMPTION,PREBILL_CONSUMPTION_INV_ID) values (4561,'763337','732388',to_timestamp('15/10/2015 00:00:00','DD/MM/RRRR HH24:MI:SS'),'RV','GEN',null,0,'0002014889','0002048400','0002014889',null,0,null,'N','NT90','Calendar Month',to_date('01/06/2015','DD/MM/RRRR'),to_date('30/06/2015','DD/MM/RRRR'),to_date('01/06/2015','DD/MM/RRRR'),to_date('28/06/2015','DD/MM/RRRR'),'JVA15052706','Mindshare Argentin for  Kimberly Clark A','270168578/3',38707.2,'ES','022','LOC','DLA','TRANSM','PRDUCT','696972',0,to_date('30/06/2015','DD/MM/RRRR'),null,null,null,'ACCEPTED',1,1,4,2,to_date('15/10/2015','DD/MM/RRRR'),null,null,'511709',null,2,2168,2168,null,null,null,null,127,'ARS','admin',2168,'331',0,null);

insert into TRANSMISSION_PRODUCT(TRANSMISSION_PRODUCT_ID,PRODUCT_NAME) values(486,'Poett');

-- SALES REPRESENTATIVES
insert into SALES_REPRESENTATIVES (SALES_REPRESENTATIVES_ID,SALES_PERSON,SALES_REP_NAME,TYPE,SALES_OFFICE,SALES_GROUP,SALES_GROUP_TYPE,PERCENTAGE,MODIFIED_BY) values (486,'Karina Diana',null,'I','Argentina','Argentina','DLA',100,'dgarcia');
insert into SALES_REPRESENTATIVES (SALES_REPRESENTATIVES_ID,SALES_PERSON,SALES_REP_NAME,TYPE,SALES_OFFICE,SALES_GROUP,SALES_GROUP_TYPE,PERCENTAGE,MODIFIED_BY) values (487,'Karina Diana',null,'I','Argentina','Argentina','DLA',100,'dgarcia');
insert into SALES_REPRESENTATIVES (SALES_REPRESENTATIVES_ID,SALES_PERSON,SALES_REP_NAME,TYPE,SALES_OFFICE,SALES_GROUP,SALES_GROUP_TYPE,PERCENTAGE,MODIFIED_BY) values (488,'Karina Diana',null,'I','Argentina','Argentina','DLA',100,'dgarcia');
insert into SALES_REPRESENTATIVES (SALES_REPRESENTATIVES_ID,SALES_PERSON,SALES_REP_NAME,TYPE,SALES_OFFICE,SALES_GROUP,SALES_GROUP_TYPE,PERCENTAGE,MODIFIED_BY) values (489,null,null,'I','Argentina','Argentina','DLA',100,'dgarcia');

-- SALES CHANNELS
insert into SALES_CHANNEL (SALES_CHANNEL_ID,SALES_CHANNEL_NAME,SALES_CHANNEL_CALL_SIGN,DEMOGRAPHIC_NAME,GROSS_COST_PER_SALES_CHANNEL,CHANNEL_CODE) values (1,'DLA Id Argentina','IDAR',null,5520,'IDAR');
insert into SALES_CHANNEL (SALES_CHANNEL_ID,SALES_CHANNEL_NAME,SALES_CHANNEL_CALL_SIGN,DEMOGRAPHIC_NAME,GROSS_COST_PER_SALES_CHANNEL,CHANNEL_CODE) values (2,'DLA Id Argentina','IDAR',null,9072,'IDAR');
insert into SALES_CHANNEL (SALES_CHANNEL_ID,SALES_CHANNEL_NAME,SALES_CHANNEL_CALL_SIGN,DEMOGRAPHIC_NAME,GROSS_COST_PER_SALES_CHANNEL,CHANNEL_CODE) values (3,'DLA Disc Home Health Argentina','DHAR',null,11370,'DHAR');
insert into SALES_CHANNEL (SALES_CHANNEL_ID,SALES_CHANNEL_NAME,SALES_CHANNEL_CALL_SIGN,DEMOGRAPHIC_NAME,GROSS_COST_PER_SALES_CHANNEL,CHANNEL_CODE) values (4,'DLA Animal Planet Argentina','APAR',null,7371,'APAR');
insert into SALES_CHANNEL (SALES_CHANNEL_ID,SALES_CHANNEL_NAME,SALES_CHANNEL_CALL_SIGN,DEMOGRAPHIC_NAME,GROSS_COST_PER_SALES_CHANNEL,CHANNEL_CODE) values (5,'DLA Id Argentina','IDAR',null,5520,'IDAR');
insert into SALES_CHANNEL (SALES_CHANNEL_ID,SALES_CHANNEL_NAME,SALES_CHANNEL_CALL_SIGN,DEMOGRAPHIC_NAME,GROSS_COST_PER_SALES_CHANNEL,CHANNEL_CODE) values (6,'DLA Tlc Argentina','TLCA',null,9072,'TLCA');
insert into SALES_CHANNEL (SALES_CHANNEL_ID,SALES_CHANNEL_NAME,SALES_CHANNEL_CALL_SIGN,DEMOGRAPHIC_NAME,GROSS_COST_PER_SALES_CHANNEL,CHANNEL_CODE) values (7,'DLA Disc Home Health Argentina','DHAR',null,11370,'DHAR');
insert into SALES_CHANNEL (SALES_CHANNEL_ID,SALES_CHANNEL_NAME,SALES_CHANNEL_CALL_SIGN,DEMOGRAPHIC_NAME,GROSS_COST_PER_SALES_CHANNEL,CHANNEL_CODE) values (8,'DLA Animal Planet Argentina','APAR',null,7371,'APAR');
insert into SALES_CHANNEL (SALES_CHANNEL_ID,SALES_CHANNEL_NAME,SALES_CHANNEL_CALL_SIGN,DEMOGRAPHIC_NAME,GROSS_COST_PER_SALES_CHANNEL,CHANNEL_CODE) values (9,'DLA Animal Planet Argentina','APAR',null,7371,'APAR');

insert into SALES_CHANNEL (SALES_CHANNEL_ID,SALES_CHANNEL_NAME,SALES_CHANNEL_CALL_SIGN,DEMOGRAPHIC_NAME,GROSS_COST_PER_SALES_CHANNEL,MODIFIED_BY,CHANNEL_CODE) values (486,'DLA Id Argentina','IDAR',null,5520,'dgarcia','IDAR');
insert into SALES_CHANNEL (SALES_CHANNEL_ID,SALES_CHANNEL_NAME,SALES_CHANNEL_CALL_SIGN,DEMOGRAPHIC_NAME,GROSS_COST_PER_SALES_CHANNEL,MODIFIED_BY,CHANNEL_CODE) values (487,'DLA Tlc Argentina','TLCA',null,9072,'dgarcia','TLCA');
insert into SALES_CHANNEL (SALES_CHANNEL_ID,SALES_CHANNEL_NAME,SALES_CHANNEL_CALL_SIGN,DEMOGRAPHIC_NAME,GROSS_COST_PER_SALES_CHANNEL,MODIFIED_BY,CHANNEL_CODE) values (488,'DLA Disc Home Health Argentina','DHAR',null,11370,'dgarcia','DHAR');
insert into SALES_CHANNEL (SALES_CHANNEL_ID,SALES_CHANNEL_NAME,SALES_CHANNEL_CALL_SIGN,DEMOGRAPHIC_NAME,GROSS_COST_PER_SALES_CHANNEL,MODIFIED_BY,CHANNEL_CODE) values (489,'DLA Disc Home Health Argentina','DHAR',null,11370,'dgarcia','DHAR');

insert into SALES_CHANNEL (SALES_CHANNEL_ID,SALES_CHANNEL_NAME,SALES_CHANNEL_CALL_SIGN,DEMOGRAPHIC_NAME,GROSS_COST_PER_SALES_CHANNEL,MODIFIED_BY,CHANNEL_CODE) values (10776,'DLA Discovery Kids Argentina','DKAR',null,'2008.26',null,'DKAR');
insert into SALES_CHANNEL (SALES_CHANNEL_ID,SALES_CHANNEL_NAME,SALES_CHANNEL_CALL_SIGN,DEMOGRAPHIC_NAME,GROSS_COST_PER_SALES_CHANNEL,MODIFIED_BY,CHANNEL_CODE) values (10785,'DLA Discovery Kids Argentina','DKAR',null,'1611.6',null,'DKAR');
insert into SALES_CHANNEL (SALES_CHANNEL_ID,SALES_CHANNEL_NAME,SALES_CHANNEL_CALL_SIGN,DEMOGRAPHIC_NAME,GROSS_COST_PER_SALES_CHANNEL,MODIFIED_BY,CHANNEL_CODE) values (10891,'DLA Discovery Kids Argentina','DKAR',null,'1226.61',null,'DKAR');
insert into SALES_CHANNEL (SALES_CHANNEL_ID,SALES_CHANNEL_NAME,SALES_CHANNEL_CALL_SIGN,DEMOGRAPHIC_NAME,GROSS_COST_PER_SALES_CHANNEL,MODIFIED_BY,CHANNEL_CODE) values (10892,'DLA Discovery Kids Argentina','DKAR',null,'867.3',null,'DKAR');

-- TRANSMISSION ORDER LINES
insert into TRANSMISSION_ORDER_LINE (TRANSMISSION_ORDER_LINE_ID,LINE_NUMBER,ORIGINAL_INVOICE_LINE,SPOT_ID,SALESCHANNELNAME,SPOT_LEGTH,SPOT_DESCRIPTION,REVENUE_TYPE,GROSS_COST,COPY_NUMBER,SCHED_AIR_DATETIME,ACTUAL_AIR_DATETIME,BOOKING_ZONE_DESCRIPTION,PRODUCT,REASON_CODE,SALES_CHANNEL_CALL_SIGN,DEL_RECONCILIATION_REASON,INVENTORY_VALUE,MAKE_GOOD_ID,TRANSMISSION_ORDER_ID,MODIFIED_BY) values (37511,21,null,35339014,'DLA Id Argentina',30,':30 Rotator','PAIDSP',138,'CAMINO DE MARIPO (R)',to_date('22/09/2014','DD/MM/RRRR'),to_date('22/09/2014','DD/MM/RRRR'),'19:00-24:00+00:00-01:00 M......','Poett',null,'IDAR',null,138,null,486,'dgarcia');
insert into TRANSMISSION_ORDER_LINE (TRANSMISSION_ORDER_LINE_ID,LINE_NUMBER,ORIGINAL_INVOICE_LINE,SPOT_ID,SALESCHANNELNAME,SPOT_LEGTH,SPOT_DESCRIPTION,REVENUE_TYPE,GROSS_COST,COPY_NUMBER,SCHED_AIR_DATETIME,ACTUAL_AIR_DATETIME,BOOKING_ZONE_DESCRIPTION,PRODUCT,REASON_CODE,SALES_CHANNEL_CALL_SIGN,DEL_RECONCILIATION_REASON,INVENTORY_VALUE,MAKE_GOOD_ID,TRANSMISSION_ORDER_ID,MODIFIED_BY) values (37512,20,null,35339016,'DLA Id Argentina',30,':30 Rotator','PAIDSP',138,'CAMINO DE MARIPO (R)',to_date('22/09/2014','DD/MM/RRRR'),to_date('22/09/2014','DD/MM/RRRR'),'19:00-24:00+00:00-01:00 M......','Poett',null,'IDAR',null,138,null,486,'dgarcia');
insert into TRANSMISSION_ORDER_LINE (TRANSMISSION_ORDER_LINE_ID,LINE_NUMBER,ORIGINAL_INVOICE_LINE,SPOT_ID,SALESCHANNELNAME,SPOT_LEGTH,SPOT_DESCRIPTION,REVENUE_TYPE,GROSS_COST,COPY_NUMBER,SCHED_AIR_DATETIME,ACTUAL_AIR_DATETIME,BOOKING_ZONE_DESCRIPTION,PRODUCT,REASON_CODE,SALES_CHANNEL_CALL_SIGN,DEL_RECONCILIATION_REASON,INVENTORY_VALUE,MAKE_GOOD_ID,TRANSMISSION_ORDER_ID,MODIFIED_BY) values (37513,19,null,35323799,'DLA Id Argentina',30,':30 Rotator','PAIDSP',138,'CAMINO DE MARIPO (R)',to_date('21/09/2014','DD/MM/RRRR'),to_date('21/09/2014','DD/MM/RRRR'),'19:00-24:00+00:00-01:00 ......S','Poett',null,'IDAR',null,138,null,486,'dgarcia');
insert into TRANSMISSION_ORDER_LINE (TRANSMISSION_ORDER_LINE_ID,LINE_NUMBER,ORIGINAL_INVOICE_LINE,SPOT_ID,SALESCHANNELNAME,SPOT_LEGTH,SPOT_DESCRIPTION,REVENUE_TYPE,GROSS_COST,COPY_NUMBER,SCHED_AIR_DATETIME,ACTUAL_AIR_DATETIME,BOOKING_ZONE_DESCRIPTION,PRODUCT,REASON_CODE,SALES_CHANNEL_CALL_SIGN,DEL_RECONCILIATION_REASON,INVENTORY_VALUE,MAKE_GOOD_ID,TRANSMISSION_ORDER_ID,MODIFIED_BY) values (37514,18,null,35323798,'DLA Id Argentina',30,':30 Rotator','PAIDSP',138,'CAMINO DE MARIPO (R)',to_date('21/09/2014','DD/MM/RRRR'),to_date('21/09/2014','DD/MM/RRRR'),'19:00-24:00+00:00-01:00 ......S','Poett',null,'IDAR',null,138,null,486,'dgarcia');
insert into TRANSMISSION_ORDER_LINE (TRANSMISSION_ORDER_LINE_ID,LINE_NUMBER,ORIGINAL_INVOICE_LINE,SPOT_ID,SALESCHANNELNAME,SPOT_LEGTH,SPOT_DESCRIPTION,REVENUE_TYPE,GROSS_COST,COPY_NUMBER,SCHED_AIR_DATETIME,ACTUAL_AIR_DATETIME,BOOKING_ZONE_DESCRIPTION,PRODUCT,REASON_CODE,SALES_CHANNEL_CALL_SIGN,DEL_RECONCILIATION_REASON,INVENTORY_VALUE,MAKE_GOOD_ID,TRANSMISSION_ORDER_ID,MODIFIED_BY) values (37515,17,null,35323800,'DLA Id Argentina',30,':30 Rotator','PAIDSP',138,'CAMINO DE MARIPO (R)',to_date('21/09/2014','DD/MM/RRRR'),to_date('21/09/2014','DD/MM/RRRR'),'19:00-24:00+00:00-01:00 ......S','Poett',null,'IDAR',null,138,null,486,'dgarcia');
insert into TRANSMISSION_ORDER_LINE (TRANSMISSION_ORDER_LINE_ID,LINE_NUMBER,ORIGINAL_INVOICE_LINE,SPOT_ID,SALESCHANNELNAME,SPOT_LEGTH,SPOT_DESCRIPTION,REVENUE_TYPE,GROSS_COST,COPY_NUMBER,SCHED_AIR_DATETIME,ACTUAL_AIR_DATETIME,BOOKING_ZONE_DESCRIPTION,PRODUCT,REASON_CODE,SALES_CHANNEL_CALL_SIGN,DEL_RECONCILIATION_REASON,INVENTORY_VALUE,MAKE_GOOD_ID,TRANSMISSION_ORDER_ID,MODIFIED_BY) values (37517,15,null,35323795,'DLA Id Argentina',30,':30 Rotator','PAIDSP',138,'CAMINO DE MARIPO (R)',to_date('20/09/2014','DD/MM/RRRR'),to_date('20/09/2014','DD/MM/RRRR'),'19:00-24:00+00:00-01:00 .....S.','Poett',null,'IDAR',null,138,null,486,'dgarcia');
insert into TRANSMISSION_ORDER_LINE (TRANSMISSION_ORDER_LINE_ID,LINE_NUMBER,ORIGINAL_INVOICE_LINE,SPOT_ID,SALESCHANNELNAME,SPOT_LEGTH,SPOT_DESCRIPTION,REVENUE_TYPE,GROSS_COST,COPY_NUMBER,SCHED_AIR_DATETIME,ACTUAL_AIR_DATETIME,BOOKING_ZONE_DESCRIPTION,PRODUCT,REASON_CODE,SALES_CHANNEL_CALL_SIGN,DEL_RECONCILIATION_REASON,INVENTORY_VALUE,MAKE_GOOD_ID,TRANSMISSION_ORDER_ID,MODIFIED_BY) values (37518,14,null,35323797,'DLA Id Argentina',30,':30 Rotator','PAIDSP',138,'CAMINO DE MARIPO (R)',to_date('20/09/2014','DD/MM/RRRR'),to_date('20/09/2014','DD/MM/RRRR'),'19:00-24:00+00:00-01:00 .....S.','Poett',null,'IDAR',null,138,null,486,'dgarcia');
insert into TRANSMISSION_ORDER_LINE (TRANSMISSION_ORDER_LINE_ID,LINE_NUMBER,ORIGINAL_INVOICE_LINE,SPOT_ID,SALESCHANNELNAME,SPOT_LEGTH,SPOT_DESCRIPTION,REVENUE_TYPE,GROSS_COST,COPY_NUMBER,SCHED_AIR_DATETIME,ACTUAL_AIR_DATETIME,BOOKING_ZONE_DESCRIPTION,PRODUCT,REASON_CODE,SALES_CHANNEL_CALL_SIGN,DEL_RECONCILIATION_REASON,INVENTORY_VALUE,MAKE_GOOD_ID,TRANSMISSION_ORDER_ID,MODIFIED_BY) values (37519,13,null,35323793,'DLA Id Argentina',30,':30 Rotator','PAIDSP',138,'CAMINO DE MARIPO (R)',to_date('19/09/2014','DD/MM/RRRR'),to_date('19/09/2014','DD/MM/RRRR'),'19:00-24:00+00:00-01:00 ....F..','Poett',null,'IDAR',null,138,null,486,'dgarcia');
insert into TRANSMISSION_ORDER_LINE (TRANSMISSION_ORDER_LINE_ID,LINE_NUMBER,ORIGINAL_INVOICE_LINE,SPOT_ID,SALESCHANNELNAME,SPOT_LEGTH,SPOT_DESCRIPTION,REVENUE_TYPE,GROSS_COST,COPY_NUMBER,SCHED_AIR_DATETIME,ACTUAL_AIR_DATETIME,BOOKING_ZONE_DESCRIPTION,PRODUCT,REASON_CODE,SALES_CHANNEL_CALL_SIGN,DEL_RECONCILIATION_REASON,INVENTORY_VALUE,MAKE_GOOD_ID,TRANSMISSION_ORDER_ID,MODIFIED_BY) values (37520,12,null,35323794,'DLA Id Argentina',30,':30 Rotator','PAIDSP',138,'CAMINO DE MARIPO (R)',to_date('19/09/2014','DD/MM/RRRR'),to_date('19/09/2014','DD/MM/RRRR'),'19:00-24:00+00:00-01:00 ....F..','Poett',null,'IDAR',null,138,null,486,'dgarcia');
insert into TRANSMISSION_ORDER_LINE (TRANSMISSION_ORDER_LINE_ID,LINE_NUMBER,ORIGINAL_INVOICE_LINE,SPOT_ID,SALESCHANNELNAME,SPOT_LEGTH,SPOT_DESCRIPTION,REVENUE_TYPE,GROSS_COST,COPY_NUMBER,SCHED_AIR_DATETIME,ACTUAL_AIR_DATETIME,BOOKING_ZONE_DESCRIPTION,PRODUCT,REASON_CODE,SALES_CHANNEL_CALL_SIGN,DEL_RECONCILIATION_REASON,INVENTORY_VALUE,MAKE_GOOD_ID,TRANSMISSION_ORDER_ID,MODIFIED_BY) values (37521,11,null,35323792,'DLA Id Argentina',30,':30 Rotator','PAIDSP',138,'CAMINO DE MARIPO (R)',to_date('19/09/2014','DD/MM/RRRR'),to_date('19/09/2014','DD/MM/RRRR'),'19:00-24:00+00:00-01:00 ....F..','Poett',null,'IDAR',null,138,null,486,'dgarcia');
insert into TRANSMISSION_ORDER_LINE (TRANSMISSION_ORDER_LINE_ID,LINE_NUMBER,ORIGINAL_INVOICE_LINE,SPOT_ID,SALESCHANNELNAME,SPOT_LEGTH,SPOT_DESCRIPTION,REVENUE_TYPE,GROSS_COST,COPY_NUMBER,SCHED_AIR_DATETIME,ACTUAL_AIR_DATETIME,BOOKING_ZONE_DESCRIPTION,PRODUCT,REASON_CODE,SALES_CHANNEL_CALL_SIGN,DEL_RECONCILIATION_REASON,INVENTORY_VALUE,MAKE_GOOD_ID,TRANSMISSION_ORDER_ID,MODIFIED_BY) values (37522,10,null,35323791,'DLA Id Argentina',30,':30 Rotator','PAIDSP',138,'CAMINO DE MARIPO (R)',to_date('18/09/2014','DD/MM/RRRR'),to_date('18/09/2014','DD/MM/RRRR'),'19:00-24:00+00:00-01:00 ...T...','Poett',null,'IDAR',null,138,null,486,'dgarcia');
insert into TRANSMISSION_ORDER_LINE (TRANSMISSION_ORDER_LINE_ID,LINE_NUMBER,ORIGINAL_INVOICE_LINE,SPOT_ID,SALESCHANNELNAME,SPOT_LEGTH,SPOT_DESCRIPTION,REVENUE_TYPE,GROSS_COST,COPY_NUMBER,SCHED_AIR_DATETIME,ACTUAL_AIR_DATETIME,BOOKING_ZONE_DESCRIPTION,PRODUCT,REASON_CODE,SALES_CHANNEL_CALL_SIGN,DEL_RECONCILIATION_REASON,INVENTORY_VALUE,MAKE_GOOD_ID,TRANSMISSION_ORDER_ID,MODIFIED_BY) values (37523,9,null,35323790,'DLA Id Argentina',30,':30 Rotator','PAIDSP',138,'CAMINO DE MARIPO (R)',to_date('18/09/2014','DD/MM/RRRR'),to_date('18/09/2014','DD/MM/RRRR'),'19:00-24:00+00:00-01:00 ...T...','Poett',null,'IDAR',null,138,null,486,'dgarcia');
insert into TRANSMISSION_ORDER_LINE (TRANSMISSION_ORDER_LINE_ID,LINE_NUMBER,ORIGINAL_INVOICE_LINE,SPOT_ID,SALESCHANNELNAME,SPOT_LEGTH,SPOT_DESCRIPTION,REVENUE_TYPE,GROSS_COST,COPY_NUMBER,SCHED_AIR_DATETIME,ACTUAL_AIR_DATETIME,BOOKING_ZONE_DESCRIPTION,PRODUCT,REASON_CODE,SALES_CHANNEL_CALL_SIGN,DEL_RECONCILIATION_REASON,INVENTORY_VALUE,MAKE_GOOD_ID,TRANSMISSION_ORDER_ID,MODIFIED_BY) values (37524,8,null,35323788,'DLA Id Argentina',30,':30 Rotator','PAIDSP',138,'CAMINO DE MARIPO (R)',to_date('17/09/2014','DD/MM/RRRR'),to_date('17/09/2014','DD/MM/RRRR'),'19:00-24:00+00:00-01:00 ..W....','Poett',null,'IDAR',null,138,null,486,'dgarcia');
insert into TRANSMISSION_ORDER_LINE (TRANSMISSION_ORDER_LINE_ID,LINE_NUMBER,ORIGINAL_INVOICE_LINE,SPOT_ID,SALESCHANNELNAME,SPOT_LEGTH,SPOT_DESCRIPTION,REVENUE_TYPE,GROSS_COST,COPY_NUMBER,SCHED_AIR_DATETIME,ACTUAL_AIR_DATETIME,BOOKING_ZONE_DESCRIPTION,PRODUCT,REASON_CODE,SALES_CHANNEL_CALL_SIGN,DEL_RECONCILIATION_REASON,INVENTORY_VALUE,MAKE_GOOD_ID,TRANSMISSION_ORDER_ID,MODIFIED_BY) values (37525,7,null,35323789,'DLA Id Argentina',30,':30 Rotator','PAIDSP',138,'CAMINO DE MARIPO (R)',to_date('17/09/2014','DD/MM/RRRR'),to_date('17/09/2014','DD/MM/RRRR'),'19:00-24:00+00:00-01:00 ..W....','Poett',null,'IDAR',null,138,null,486,'dgarcia');
insert into TRANSMISSION_ORDER_LINE (TRANSMISSION_ORDER_LINE_ID,LINE_NUMBER,ORIGINAL_INVOICE_LINE,SPOT_ID,SALESCHANNELNAME,SPOT_LEGTH,SPOT_DESCRIPTION,REVENUE_TYPE,GROSS_COST,COPY_NUMBER,SCHED_AIR_DATETIME,ACTUAL_AIR_DATETIME,BOOKING_ZONE_DESCRIPTION,PRODUCT,REASON_CODE,SALES_CHANNEL_CALL_SIGN,DEL_RECONCILIATION_REASON,INVENTORY_VALUE,MAKE_GOOD_ID,TRANSMISSION_ORDER_ID,MODIFIED_BY) values (37526,6,null,35323787,'DLA Id Argentina',30,':30 Rotator','PAIDSP',138,'CAMINO DE MARIPO (R)',to_date('16/09/2014','DD/MM/RRRR'),to_date('16/09/2014','DD/MM/RRRR'),'19:00-24:00+00:00-01:00 .T.....','Poett',null,'IDAR',null,138,null,486,'dgarcia');
insert into TRANSMISSION_ORDER_LINE (TRANSMISSION_ORDER_LINE_ID,LINE_NUMBER,ORIGINAL_INVOICE_LINE,SPOT_ID,SALESCHANNELNAME,SPOT_LEGTH,SPOT_DESCRIPTION,REVENUE_TYPE,GROSS_COST,COPY_NUMBER,SCHED_AIR_DATETIME,ACTUAL_AIR_DATETIME,BOOKING_ZONE_DESCRIPTION,PRODUCT,REASON_CODE,SALES_CHANNEL_CALL_SIGN,DEL_RECONCILIATION_REASON,INVENTORY_VALUE,MAKE_GOOD_ID,TRANSMISSION_ORDER_ID,MODIFIED_BY) values (37527,5,null,35323786,'DLA Id Argentina',30,':30 Rotator','PAIDSP',138,'CAMINO DE MARIPO (R)',to_date('16/09/2014','DD/MM/RRRR'),to_date('16/09/2014','DD/MM/RRRR'),'19:00-24:00+00:00-01:00 .T.....','Poett',null,'IDAR',null,138,null,486,'dgarcia');
insert into TRANSMISSION_ORDER_LINE (TRANSMISSION_ORDER_LINE_ID,LINE_NUMBER,ORIGINAL_INVOICE_LINE,SPOT_ID,SALESCHANNELNAME,SPOT_LEGTH,SPOT_DESCRIPTION,REVENUE_TYPE,GROSS_COST,COPY_NUMBER,SCHED_AIR_DATETIME,ACTUAL_AIR_DATETIME,BOOKING_ZONE_DESCRIPTION,PRODUCT,REASON_CODE,SALES_CHANNEL_CALL_SIGN,DEL_RECONCILIATION_REASON,INVENTORY_VALUE,MAKE_GOOD_ID,TRANSMISSION_ORDER_ID,MODIFIED_BY) values (37528,4,null,35323785,'DLA Id Argentina',30,':30 Rotator','PAIDSP',138,'CAMINO DE MARIPO (R)',to_date('15/09/2014','DD/MM/RRRR'),to_date('15/09/2014','DD/MM/RRRR'),'19:00-24:00+00:00-01:00 M......','Poett',null,'IDAR',null,138,null,486,'dgarcia');
insert into TRANSMISSION_ORDER_LINE (TRANSMISSION_ORDER_LINE_ID,LINE_NUMBER,ORIGINAL_INVOICE_LINE,SPOT_ID,SALESCHANNELNAME,SPOT_LEGTH,SPOT_DESCRIPTION,REVENUE_TYPE,GROSS_COST,COPY_NUMBER,SCHED_AIR_DATETIME,ACTUAL_AIR_DATETIME,BOOKING_ZONE_DESCRIPTION,PRODUCT,REASON_CODE,SALES_CHANNEL_CALL_SIGN,DEL_RECONCILIATION_REASON,INVENTORY_VALUE,MAKE_GOOD_ID,TRANSMISSION_ORDER_ID,MODIFIED_BY) values (37529,3,null,35323784,'DLA Id Argentina',30,':30 Rotator','PAIDSP',138,'CAMINO DE MARIPO (R)',to_date('15/09/2014','DD/MM/RRRR'),to_date('15/09/2014','DD/MM/RRRR'),'19:00-24:00+00:00-01:00 M......','Poett',null,'IDAR',null,138,null,486,'dgarcia');
insert into TRANSMISSION_ORDER_LINE (TRANSMISSION_ORDER_LINE_ID,LINE_NUMBER,ORIGINAL_INVOICE_LINE,SPOT_ID,SALESCHANNELNAME,SPOT_LEGTH,SPOT_DESCRIPTION,REVENUE_TYPE,GROSS_COST,COPY_NUMBER,SCHED_AIR_DATETIME,ACTUAL_AIR_DATETIME,BOOKING_ZONE_DESCRIPTION,PRODUCT,REASON_CODE,SALES_CHANNEL_CALL_SIGN,DEL_RECONCILIATION_REASON,INVENTORY_VALUE,MAKE_GOOD_ID,TRANSMISSION_ORDER_ID,MODIFIED_BY) values (37530,2,null,35323782,'DLA Id Argentina',30,':30 Rotator','PAIDSP',138,'CAMINO DE MARIPO (R)',to_date('14/09/2014','DD/MM/RRRR'),to_date('14/09/2014','DD/MM/RRRR'),'19:00-24:00+00:00-01:00 ......S','Poett',null,'IDAR',null,138,null,486,'dgarcia');
insert into TRANSMISSION_ORDER_LINE (TRANSMISSION_ORDER_LINE_ID,LINE_NUMBER,ORIGINAL_INVOICE_LINE,SPOT_ID,SALESCHANNELNAME,SPOT_LEGTH,SPOT_DESCRIPTION,REVENUE_TYPE,GROSS_COST,COPY_NUMBER,SCHED_AIR_DATETIME,ACTUAL_AIR_DATETIME,BOOKING_ZONE_DESCRIPTION,PRODUCT,REASON_CODE,SALES_CHANNEL_CALL_SIGN,DEL_RECONCILIATION_REASON,INVENTORY_VALUE,MAKE_GOOD_ID,TRANSMISSION_ORDER_ID,MODIFIED_BY) values (37531,1,null,35323783,'DLA Id Argentina',30,':30 Rotator','PAIDSP',138,'CAMINO DE MARIPO (R)',to_date('14/09/2014','DD/MM/RRRR'),to_date('14/09/2014','DD/MM/RRRR'),'19:00-24:00+00:00-01:00 ......S','Poett',null,'IDAR',null,138,null,486,'dgarcia');
insert into TRANSMISSION_ORDER_LINE (TRANSMISSION_ORDER_LINE_ID,LINE_NUMBER,ORIGINAL_INVOICE_LINE,SPOT_ID,SALESCHANNELNAME,SPOT_LEGTH,SPOT_DESCRIPTION,REVENUE_TYPE,GROSS_COST,COPY_NUMBER,SCHED_AIR_DATETIME,ACTUAL_AIR_DATETIME,BOOKING_ZONE_DESCRIPTION,PRODUCT,REASON_CODE,SALES_CHANNEL_CALL_SIGN,DEL_RECONCILIATION_REASON,INVENTORY_VALUE,MAKE_GOOD_ID,TRANSMISSION_ORDER_ID,MODIFIED_BY) values (37532,216,null,35579429,'DLA Tlc Argentina',30,':30 Rotator','PAIDSP',42,'CAMINO DE MARIPO (R)',to_date('30/09/2014','DD/MM/RRRR'),to_date('30/09/2014','DD/MM/RRRR'),'10:00-24:00+00:00-01:00 .T.....','Poett',null,'TLCA',null,42,null,487,'dgarcia');
insert into TRANSMISSION_ORDER_LINE (TRANSMISSION_ORDER_LINE_ID,LINE_NUMBER,ORIGINAL_INVOICE_LINE,SPOT_ID,SALESCHANNELNAME,SPOT_LEGTH,SPOT_DESCRIPTION,REVENUE_TYPE,GROSS_COST,COPY_NUMBER,SCHED_AIR_DATETIME,ACTUAL_AIR_DATETIME,BOOKING_ZONE_DESCRIPTION,PRODUCT,REASON_CODE,SALES_CHANNEL_CALL_SIGN,DEL_RECONCILIATION_REASON,INVENTORY_VALUE,MAKE_GOOD_ID,TRANSMISSION_ORDER_ID,MODIFIED_BY) values (37533,215,null,35579436,'DLA Tlc Argentina',30,':30 Rotator','PAIDSP',42,'CAMINO DE MARIPO (R)',to_date('30/09/2014','DD/MM/RRRR'),to_date('30/09/2014','DD/MM/RRRR'),'10:00-24:00+00:00-01:00 .T.....','Poett',null,'TLCA',null,42,null,487,'dgarcia');
insert into TRANSMISSION_ORDER_LINE (TRANSMISSION_ORDER_LINE_ID,LINE_NUMBER,ORIGINAL_INVOICE_LINE,SPOT_ID,SALESCHANNELNAME,SPOT_LEGTH,SPOT_DESCRIPTION,REVENUE_TYPE,GROSS_COST,COPY_NUMBER,SCHED_AIR_DATETIME,ACTUAL_AIR_DATETIME,BOOKING_ZONE_DESCRIPTION,PRODUCT,REASON_CODE,SALES_CHANNEL_CALL_SIGN,DEL_RECONCILIATION_REASON,INVENTORY_VALUE,MAKE_GOOD_ID,TRANSMISSION_ORDER_ID,MODIFIED_BY) values (37534,214,null,35579432,'DLA Tlc Argentina',30,':30 Rotator','PAIDSP',42,'CAMINO DE MARIPO (R)',to_date('30/09/2014','DD/MM/RRRR'),to_date('30/09/2014','DD/MM/RRRR'),'10:00-24:00+00:00-01:00 .T.....','Poett',null,'TLCA',null,42,null,487,'dgarcia');
insert into TRANSMISSION_ORDER_LINE (TRANSMISSION_ORDER_LINE_ID,LINE_NUMBER,ORIGINAL_INVOICE_LINE,SPOT_ID,SALESCHANNELNAME,SPOT_LEGTH,SPOT_DESCRIPTION,REVENUE_TYPE,GROSS_COST,COPY_NUMBER,SCHED_AIR_DATETIME,ACTUAL_AIR_DATETIME,BOOKING_ZONE_DESCRIPTION,PRODUCT,REASON_CODE,SALES_CHANNEL_CALL_SIGN,DEL_RECONCILIATION_REASON,INVENTORY_VALUE,MAKE_GOOD_ID,TRANSMISSION_ORDER_ID,MODIFIED_BY) values (37535,213,null,35579437,'DLA Tlc Argentina',30,':30 Rotator','PAIDSP',42,'CAMINO DE MARIPO (R)',to_date('30/09/2014','DD/MM/RRRR'),to_date('30/09/2014','DD/MM/RRRR'),'10:00-24:00+00:00-01:00 .T.....','Poett',null,'TLCA',null,42,null,487,'dgarcia');
insert into TRANSMISSION_ORDER_LINE (TRANSMISSION_ORDER_LINE_ID,LINE_NUMBER,ORIGINAL_INVOICE_LINE,SPOT_ID,SALESCHANNELNAME,SPOT_LEGTH,SPOT_DESCRIPTION,REVENUE_TYPE,GROSS_COST,COPY_NUMBER,SCHED_AIR_DATETIME,ACTUAL_AIR_DATETIME,BOOKING_ZONE_DESCRIPTION,PRODUCT,REASON_CODE,SALES_CHANNEL_CALL_SIGN,DEL_RECONCILIATION_REASON,INVENTORY_VALUE,MAKE_GOOD_ID,TRANSMISSION_ORDER_ID,MODIFIED_BY) values (37536,212,null,35579430,'DLA Tlc Argentina',30,':30 Rotator','PAIDSP',42,'CAMINO DE MARIPO (R)',to_date('30/09/2014','DD/MM/RRRR'),to_date('30/09/2014','DD/MM/RRRR'),'10:00-24:00+00:00-01:00 .T.....','Poett',null,'TLCA',null,42,null,487,'dgarcia');
insert into TRANSMISSION_ORDER_LINE (TRANSMISSION_ORDER_LINE_ID,LINE_NUMBER,ORIGINAL_INVOICE_LINE,SPOT_ID,SALESCHANNELNAME,SPOT_LEGTH,SPOT_DESCRIPTION,REVENUE_TYPE,GROSS_COST,COPY_NUMBER,SCHED_AIR_DATETIME,ACTUAL_AIR_DATETIME,BOOKING_ZONE_DESCRIPTION,PRODUCT,REASON_CODE,SALES_CHANNEL_CALL_SIGN,DEL_RECONCILIATION_REASON,INVENTORY_VALUE,MAKE_GOOD_ID,TRANSMISSION_ORDER_ID,MODIFIED_BY) values (37537,211,null,35579438,'DLA Tlc Argentina',30,':30 Rotator','PAIDSP',42,'CAMINO DE MARIPO (R)',to_date('30/09/2014','DD/MM/RRRR'),to_date('30/09/2014','DD/MM/RRRR'),'10:00-24:00+00:00-01:00 .T.....','Poett',null,'TLCA',null,42,null,487,'dgarcia');
insert into TRANSMISSION_ORDER_LINE (TRANSMISSION_ORDER_LINE_ID,LINE_NUMBER,ORIGINAL_INVOICE_LINE,SPOT_ID,SALESCHANNELNAME,SPOT_LEGTH,SPOT_DESCRIPTION,REVENUE_TYPE,GROSS_COST,COPY_NUMBER,SCHED_AIR_DATETIME,ACTUAL_AIR_DATETIME,BOOKING_ZONE_DESCRIPTION,PRODUCT,REASON_CODE,SALES_CHANNEL_CALL_SIGN,DEL_RECONCILIATION_REASON,INVENTORY_VALUE,MAKE_GOOD_ID,TRANSMISSION_ORDER_ID,MODIFIED_BY) values (37538,210,null,35579433,'DLA Tlc Argentina',30,':30 Rotator','PAIDSP',42,'CAMINO DE MARIPO (R)',to_date('30/09/2014','DD/MM/RRRR'),to_date('30/09/2014','DD/MM/RRRR'),'10:00-24:00+00:00-01:00 .T.....','Poett',null,'TLCA',null,42,null,487,'dgarcia');
insert into TRANSMISSION_ORDER_LINE (TRANSMISSION_ORDER_LINE_ID,LINE_NUMBER,ORIGINAL_INVOICE_LINE,SPOT_ID,SALESCHANNELNAME,SPOT_LEGTH,SPOT_DESCRIPTION,REVENUE_TYPE,GROSS_COST,COPY_NUMBER,SCHED_AIR_DATETIME,ACTUAL_AIR_DATETIME,BOOKING_ZONE_DESCRIPTION,PRODUCT,REASON_CODE,SALES_CHANNEL_CALL_SIGN,DEL_RECONCILIATION_REASON,INVENTORY_VALUE,MAKE_GOOD_ID,TRANSMISSION_ORDER_ID,MODIFIED_BY) values (37539,209,null,35579434,'DLA Tlc Argentina',30,':30 Rotator','PAIDSP',42,'CAMINO DE MARIPO (R)',to_date('30/09/2014','DD/MM/RRRR'),to_date('30/09/2014','DD/MM/RRRR'),'10:00-24:00+00:00-01:00 .T.....','Poett',null,'TLCA',null,42,null,487,'dgarcia');
insert into TRANSMISSION_ORDER_LINE (TRANSMISSION_ORDER_LINE_ID,LINE_NUMBER,ORIGINAL_INVOICE_LINE,SPOT_ID,SALESCHANNELNAME,SPOT_LEGTH,SPOT_DESCRIPTION,REVENUE_TYPE,GROSS_COST,COPY_NUMBER,SCHED_AIR_DATETIME,ACTUAL_AIR_DATETIME,BOOKING_ZONE_DESCRIPTION,PRODUCT,REASON_CODE,SALES_CHANNEL_CALL_SIGN,DEL_RECONCILIATION_REASON,INVENTORY_VALUE,MAKE_GOOD_ID,TRANSMISSION_ORDER_ID,MODIFIED_BY) values (37540,208,null,35574535,'DLA Tlc Argentina',30,':30 Rotator','PAIDSP',42,'CAMINO DE MARIPO (R)',to_date('30/09/2014','DD/MM/RRRR'),to_date('30/09/2014','DD/MM/RRRR'),'10:00-19:00 .T.....','Poett',null,'TLCA',null,42,null,487,'dgarcia');
insert into TRANSMISSION_ORDER_LINE (TRANSMISSION_ORDER_LINE_ID,LINE_NUMBER,ORIGINAL_INVOICE_LINE,SPOT_ID,SALESCHANNELNAME,SPOT_LEGTH,SPOT_DESCRIPTION,REVENUE_TYPE,GROSS_COST,COPY_NUMBER,SCHED_AIR_DATETIME,ACTUAL_AIR_DATETIME,BOOKING_ZONE_DESCRIPTION,PRODUCT,REASON_CODE,SALES_CHANNEL_CALL_SIGN,DEL_RECONCILIATION_REASON,INVENTORY_VALUE,MAKE_GOOD_ID,TRANSMISSION_ORDER_ID,MODIFIED_BY) values (37541,207,null,35574540,'DLA Tlc Argentina',30,':30 Rotator','PAIDSP',42,'CAMINO DE MARIPO (R)',to_date('30/09/2014','DD/MM/RRRR'),to_date('30/09/2014','DD/MM/RRRR'),'10:00-19:00 .T.....','Poett',null,'TLCA',null,42,null,487,'dgarcia');
insert into TRANSMISSION_ORDER_LINE (TRANSMISSION_ORDER_LINE_ID,LINE_NUMBER,ORIGINAL_INVOICE_LINE,SPOT_ID,SALESCHANNELNAME,SPOT_LEGTH,SPOT_DESCRIPTION,REVENUE_TYPE,GROSS_COST,COPY_NUMBER,SCHED_AIR_DATETIME,ACTUAL_AIR_DATETIME,BOOKING_ZONE_DESCRIPTION,PRODUCT,REASON_CODE,SALES_CHANNEL_CALL_SIGN,DEL_RECONCILIATION_REASON,INVENTORY_VALUE,MAKE_GOOD_ID,TRANSMISSION_ORDER_ID,MODIFIED_BY) values (37542,206,null,35574532,'DLA Tlc Argentina',30,':30 Rotator','PAIDSP',42,'CAMINO DE MARIPO (R)',to_date('30/09/2014','DD/MM/RRRR'),to_date('30/09/2014','DD/MM/RRRR'),'10:00-19:00 .T.....','Poett',null,'TLCA',null,42,null,487,'dgarcia');
insert into TRANSMISSION_ORDER_LINE (TRANSMISSION_ORDER_LINE_ID,LINE_NUMBER,ORIGINAL_INVOICE_LINE,SPOT_ID,SALESCHANNELNAME,SPOT_LEGTH,SPOT_DESCRIPTION,REVENUE_TYPE,GROSS_COST,COPY_NUMBER,SCHED_AIR_DATETIME,ACTUAL_AIR_DATETIME,BOOKING_ZONE_DESCRIPTION,PRODUCT,REASON_CODE,SALES_CHANNEL_CALL_SIGN,DEL_RECONCILIATION_REASON,INVENTORY_VALUE,MAKE_GOOD_ID,TRANSMISSION_ORDER_ID,MODIFIED_BY) values (37543,205,null,35574550,'DLA Tlc Argentina',30,':30 Rotator','PAIDSP',42,'CAMINO DE MARIPO (R)',to_date('30/09/2014','DD/MM/RRRR'),to_date('30/09/2014','DD/MM/RRRR'),'10:00-19:00 .T.....','Poett',null,'TLCA',null,42,null,487,'dgarcia');
insert into TRANSMISSION_ORDER_LINE (TRANSMISSION_ORDER_LINE_ID,LINE_NUMBER,ORIGINAL_INVOICE_LINE,SPOT_ID,SALESCHANNELNAME,SPOT_LEGTH,SPOT_DESCRIPTION,REVENUE_TYPE,GROSS_COST,COPY_NUMBER,SCHED_AIR_DATETIME,ACTUAL_AIR_DATETIME,BOOKING_ZONE_DESCRIPTION,PRODUCT,REASON_CODE,SALES_CHANNEL_CALL_SIGN,DEL_RECONCILIATION_REASON,INVENTORY_VALUE,MAKE_GOOD_ID,TRANSMISSION_ORDER_ID,MODIFIED_BY) values (37544,204,null,35574537,'DLA Tlc Argentina',30,':30 Rotator','PAIDSP',42,'CAMINO DE MARIPO (R)',to_date('30/09/2014','DD/MM/RRRR'),to_date('30/09/2014','DD/MM/RRRR'),'10:00-19:00 .T.....','Poett',null,'TLCA',null,42,null,487,'dgarcia');
insert into TRANSMISSION_ORDER_LINE (TRANSMISSION_ORDER_LINE_ID,LINE_NUMBER,ORIGINAL_INVOICE_LINE,SPOT_ID,SALESCHANNELNAME,SPOT_LEGTH,SPOT_DESCRIPTION,REVENUE_TYPE,GROSS_COST,COPY_NUMBER,SCHED_AIR_DATETIME,ACTUAL_AIR_DATETIME,BOOKING_ZONE_DESCRIPTION,PRODUCT,REASON_CODE,SALES_CHANNEL_CALL_SIGN,DEL_RECONCILIATION_REASON,INVENTORY_VALUE,MAKE_GOOD_ID,TRANSMISSION_ORDER_ID,MODIFIED_BY) values (37545,203,null,35574544,'DLA Tlc Argentina',30,':30 Rotator','PAIDSP',42,'CAMINO DE MARIPO (R)',to_date('30/09/2014','DD/MM/RRRR'),to_date('30/09/2014','DD/MM/RRRR'),'10:00-19:00 .T.....','Poett',null,'TLCA',null,42,null,487,'dgarcia');
insert into TRANSMISSION_ORDER_LINE (TRANSMISSION_ORDER_LINE_ID,LINE_NUMBER,ORIGINAL_INVOICE_LINE,SPOT_ID,SALESCHANNELNAME,SPOT_LEGTH,SPOT_DESCRIPTION,REVENUE_TYPE,GROSS_COST,COPY_NUMBER,SCHED_AIR_DATETIME,ACTUAL_AIR_DATETIME,BOOKING_ZONE_DESCRIPTION,PRODUCT,REASON_CODE,SALES_CHANNEL_CALL_SIGN,DEL_RECONCILIATION_REASON,INVENTORY_VALUE,MAKE_GOOD_ID,TRANSMISSION_ORDER_ID,MODIFIED_BY) values (37546,202,null,35574553,'DLA Tlc Argentina',30,':30 Rotator','PAIDSP',42,'CAMINO DE MARIPO (R)',to_date('30/09/2014','DD/MM/RRRR'),to_date('30/09/2014','DD/MM/RRRR'),'10:00-19:00 .T.....','Poett',null,'TLCA',null,42,null,487,'dgarcia');
insert into TRANSMISSION_ORDER_LINE (TRANSMISSION_ORDER_LINE_ID,LINE_NUMBER,ORIGINAL_INVOICE_LINE,SPOT_ID,SALESCHANNELNAME,SPOT_LEGTH,SPOT_DESCRIPTION,REVENUE_TYPE,GROSS_COST,COPY_NUMBER,SCHED_AIR_DATETIME,ACTUAL_AIR_DATETIME,BOOKING_ZONE_DESCRIPTION,PRODUCT,REASON_CODE,SALES_CHANNEL_CALL_SIGN,DEL_RECONCILIATION_REASON,INVENTORY_VALUE,MAKE_GOOD_ID,TRANSMISSION_ORDER_ID,MODIFIED_BY) values (37547,201,null,35574534,'DLA Tlc Argentina',30,':30 Rotator','PAIDSP',42,'CAMINO DE MARIPO (R)',to_date('30/09/2014','DD/MM/RRRR'),to_date('30/09/2014','DD/MM/RRRR'),'10:00-19:00 .T.....','Poett',null,'TLCA',null,42,null,487,'dgarcia');
insert into TRANSMISSION_ORDER_LINE (TRANSMISSION_ORDER_LINE_ID,LINE_NUMBER,ORIGINAL_INVOICE_LINE,SPOT_ID,SALESCHANNELNAME,SPOT_LEGTH,SPOT_DESCRIPTION,REVENUE_TYPE,GROSS_COST,COPY_NUMBER,SCHED_AIR_DATETIME,ACTUAL_AIR_DATETIME,BOOKING_ZONE_DESCRIPTION,PRODUCT,REASON_CODE,SALES_CHANNEL_CALL_SIGN,DEL_RECONCILIATION_REASON,INVENTORY_VALUE,MAKE_GOOD_ID,TRANSMISSION_ORDER_ID,MODIFIED_BY) values (37548,200,null,35574549,'DLA Tlc Argentina',30,':30 Rotator','PAIDSP',42,'CAMINO DE MARIPO (R)',to_date('30/09/2014','DD/MM/RRRR'),to_date('30/09/2014','DD/MM/RRRR'),'10:00-19:00 .T.....','Poett',null,'TLCA',null,42,null,487,'dgarcia');
insert into TRANSMISSION_ORDER_LINE (TRANSMISSION_ORDER_LINE_ID,LINE_NUMBER,ORIGINAL_INVOICE_LINE,SPOT_ID,SALESCHANNELNAME,SPOT_LEGTH,SPOT_DESCRIPTION,REVENUE_TYPE,GROSS_COST,COPY_NUMBER,SCHED_AIR_DATETIME,ACTUAL_AIR_DATETIME,BOOKING_ZONE_DESCRIPTION,PRODUCT,REASON_CODE,SALES_CHANNEL_CALL_SIGN,DEL_RECONCILIATION_REASON,INVENTORY_VALUE,MAKE_GOOD_ID,TRANSMISSION_ORDER_ID,MODIFIED_BY) values (37549,199,null,35574542,'DLA Tlc Argentina',30,':30 Rotator','PAIDSP',42,'CAMINO DE MARIPO (R)',to_date('30/09/2014','DD/MM/RRRR'),to_date('30/09/2014','DD/MM/RRRR'),'10:00-19:00 .T.....','Poett',null,'TLCA',null,42,null,487,'dgarcia');
insert into TRANSMISSION_ORDER_LINE (TRANSMISSION_ORDER_LINE_ID,LINE_NUMBER,ORIGINAL_INVOICE_LINE,SPOT_ID,SALESCHANNELNAME,SPOT_LEGTH,SPOT_DESCRIPTION,REVENUE_TYPE,GROSS_COST,COPY_NUMBER,SCHED_AIR_DATETIME,ACTUAL_AIR_DATETIME,BOOKING_ZONE_DESCRIPTION,PRODUCT,REASON_CODE,SALES_CHANNEL_CALL_SIGN,DEL_RECONCILIATION_REASON,INVENTORY_VALUE,MAKE_GOOD_ID,TRANSMISSION_ORDER_ID,MODIFIED_BY) values (37550,198,null,35574536,'DLA Tlc Argentina',30,':30 Rotator','PAIDSP',42,'CAMINO DE MARIPO (R)',to_date('30/09/2014','DD/MM/RRRR'),to_date('30/09/2014','DD/MM/RRRR'),'10:00-19:00 .T.....','Poett',null,'TLCA',null,42,null,487,'dgarcia');
insert into TRANSMISSION_ORDER_LINE (TRANSMISSION_ORDER_LINE_ID,LINE_NUMBER,ORIGINAL_INVOICE_LINE,SPOT_ID,SALESCHANNELNAME,SPOT_LEGTH,SPOT_DESCRIPTION,REVENUE_TYPE,GROSS_COST,COPY_NUMBER,SCHED_AIR_DATETIME,ACTUAL_AIR_DATETIME,BOOKING_ZONE_DESCRIPTION,PRODUCT,REASON_CODE,SALES_CHANNEL_CALL_SIGN,DEL_RECONCILIATION_REASON,INVENTORY_VALUE,MAKE_GOOD_ID,TRANSMISSION_ORDER_ID,MODIFIED_BY) values (37551,197,null,35574548,'DLA Tlc Argentina',30,':30 Rotator','PAIDSP',42,'CAMINO DE MARIPO (R)',to_date('30/09/2014','DD/MM/RRRR'),to_date('30/09/2014','DD/MM/RRRR'),'10:00-19:00 .T.....','Poett',null,'TLCA',null,42,null,487,'dgarcia');
insert into TRANSMISSION_ORDER_LINE (TRANSMISSION_ORDER_LINE_ID,LINE_NUMBER,ORIGINAL_INVOICE_LINE,SPOT_ID,SALESCHANNELNAME,SPOT_LEGTH,SPOT_DESCRIPTION,REVENUE_TYPE,GROSS_COST,COPY_NUMBER,SCHED_AIR_DATETIME,ACTUAL_AIR_DATETIME,BOOKING_ZONE_DESCRIPTION,PRODUCT,REASON_CODE,SALES_CHANNEL_CALL_SIGN,DEL_RECONCILIATION_REASON,INVENTORY_VALUE,MAKE_GOOD_ID,TRANSMISSION_ORDER_ID,MODIFIED_BY) values (37552,196,null,35574538,'DLA Tlc Argentina',30,':30 Rotator','PAIDSP',42,'CAMINO DE MARIPO (R)',to_date('30/09/2014','DD/MM/RRRR'),to_date('30/09/2014','DD/MM/RRRR'),'10:00-19:00 .T.....','Poett',null,'TLCA',null,42,null,487,'dgarcia');
insert into TRANSMISSION_ORDER_LINE (TRANSMISSION_ORDER_LINE_ID,LINE_NUMBER,ORIGINAL_INVOICE_LINE,SPOT_ID,SALESCHANNELNAME,SPOT_LEGTH,SPOT_DESCRIPTION,REVENUE_TYPE,GROSS_COST,COPY_NUMBER,SCHED_AIR_DATETIME,ACTUAL_AIR_DATETIME,BOOKING_ZONE_DESCRIPTION,PRODUCT,REASON_CODE,SALES_CHANNEL_CALL_SIGN,DEL_RECONCILIATION_REASON,INVENTORY_VALUE,MAKE_GOOD_ID,TRANSMISSION_ORDER_ID,MODIFIED_BY) values (37553,195,null,35574545,'DLA Tlc Argentina',30,':30 Rotator','PAIDSP',42,'CAMINO DE MARIPO (R)',to_date('30/09/2014','DD/MM/RRRR'),to_date('30/09/2014','DD/MM/RRRR'),'10:00-19:00 .T.....','Poett',null,'TLCA',null,42,null,487,'dgarcia');
insert into TRANSMISSION_ORDER_LINE (TRANSMISSION_ORDER_LINE_ID,LINE_NUMBER,ORIGINAL_INVOICE_LINE,SPOT_ID,SALESCHANNELNAME,SPOT_LEGTH,SPOT_DESCRIPTION,REVENUE_TYPE,GROSS_COST,COPY_NUMBER,SCHED_AIR_DATETIME,ACTUAL_AIR_DATETIME,BOOKING_ZONE_DESCRIPTION,PRODUCT,REASON_CODE,SALES_CHANNEL_CALL_SIGN,DEL_RECONCILIATION_REASON,INVENTORY_VALUE,MAKE_GOOD_ID,TRANSMISSION_ORDER_ID,MODIFIED_BY) values (37554,194,null,35579435,'DLA Tlc Argentina',30,':30 Rotator','PAIDSP',42,'CAMINO DE MARIPO (R)',to_date('30/09/2014','DD/MM/RRRR'),to_date('30/09/2014','DD/MM/RRRR'),'10:00-24:00+00:00-01:00 .T.....','Poett',null,'TLCA',null,42,null,487,'dgarcia');
insert into TRANSMISSION_ORDER_LINE (TRANSMISSION_ORDER_LINE_ID,LINE_NUMBER,ORIGINAL_INVOICE_LINE,SPOT_ID,SALESCHANNELNAME,SPOT_LEGTH,SPOT_DESCRIPTION,REVENUE_TYPE,GROSS_COST,COPY_NUMBER,SCHED_AIR_DATETIME,ACTUAL_AIR_DATETIME,BOOKING_ZONE_DESCRIPTION,PRODUCT,REASON_CODE,SALES_CHANNEL_CALL_SIGN,DEL_RECONCILIATION_REASON,INVENTORY_VALUE,MAKE_GOOD_ID,TRANSMISSION_ORDER_ID,MODIFIED_BY) values (37555,193,null,35574551,'DLA Tlc Argentina',30,':30 Rotator','PAIDSP',42,'CAMINO DE MARIPO (R)',to_date('30/09/2014','DD/MM/RRRR'),to_date('30/09/2014','DD/MM/RRRR'),'10:00-19:00 .T.....','Poett',null,'TLCA',null,42,null,487,'dgarcia');
insert into TRANSMISSION_ORDER_LINE (TRANSMISSION_ORDER_LINE_ID,LINE_NUMBER,ORIGINAL_INVOICE_LINE,SPOT_ID,SALESCHANNELNAME,SPOT_LEGTH,SPOT_DESCRIPTION,REVENUE_TYPE,GROSS_COST,COPY_NUMBER,SCHED_AIR_DATETIME,ACTUAL_AIR_DATETIME,BOOKING_ZONE_DESCRIPTION,PRODUCT,REASON_CODE,SALES_CHANNEL_CALL_SIGN,DEL_RECONCILIATION_REASON,INVENTORY_VALUE,MAKE_GOOD_ID,TRANSMISSION_ORDER_ID,MODIFIED_BY) values (37556,192,null,35574531,'DLA Tlc Argentina',30,':30 Rotator','PAIDSP',42,'CAMINO DE MARIPO (R)',to_date('30/09/2014','DD/MM/RRRR'),to_date('30/09/2014','DD/MM/RRRR'),'10:00-19:00 .T.....','Poett',null,'TLCA',null,42,null,487,'dgarcia');
insert into TRANSMISSION_ORDER_LINE (TRANSMISSION_ORDER_LINE_ID,LINE_NUMBER,ORIGINAL_INVOICE_LINE,SPOT_ID,SALESCHANNELNAME,SPOT_LEGTH,SPOT_DESCRIPTION,REVENUE_TYPE,GROSS_COST,COPY_NUMBER,SCHED_AIR_DATETIME,ACTUAL_AIR_DATETIME,BOOKING_ZONE_DESCRIPTION,PRODUCT,REASON_CODE,SALES_CHANNEL_CALL_SIGN,DEL_RECONCILIATION_REASON,INVENTORY_VALUE,MAKE_GOOD_ID,TRANSMISSION_ORDER_ID,MODIFIED_BY) values (37557,191,null,35574555,'DLA Tlc Argentina',30,':30 Rotator','PAIDSP',42,'CAMINO DE MARIPO (R)',to_date('30/09/2014','DD/MM/RRRR'),to_date('30/09/2014','DD/MM/RRRR'),'10:00-19:00 .T.....','Poett',null,'TLCA',null,42,null,487,'dgarcia');
insert into TRANSMISSION_ORDER_LINE (TRANSMISSION_ORDER_LINE_ID,LINE_NUMBER,ORIGINAL_INVOICE_LINE,SPOT_ID,SALESCHANNELNAME,SPOT_LEGTH,SPOT_DESCRIPTION,REVENUE_TYPE,GROSS_COST,COPY_NUMBER,SCHED_AIR_DATETIME,ACTUAL_AIR_DATETIME,BOOKING_ZONE_DESCRIPTION,PRODUCT,REASON_CODE,SALES_CHANNEL_CALL_SIGN,DEL_RECONCILIATION_REASON,INVENTORY_VALUE,MAKE_GOOD_ID,TRANSMISSION_ORDER_ID,MODIFIED_BY) values (37558,190,null,35574547,'DLA Tlc Argentina',30,':30 Rotator','PAIDSP',42,'CAMINO DE MARIPO (R)',to_date('30/09/2014','DD/MM/RRRR'),to_date('30/09/2014','DD/MM/RRRR'),'10:00-19:00 .T.....','Poett',null,'TLCA',null,42,null,487,'dgarcia');
insert into TRANSMISSION_ORDER_LINE (TRANSMISSION_ORDER_LINE_ID,LINE_NUMBER,ORIGINAL_INVOICE_LINE,SPOT_ID,SALESCHANNELNAME,SPOT_LEGTH,SPOT_DESCRIPTION,REVENUE_TYPE,GROSS_COST,COPY_NUMBER,SCHED_AIR_DATETIME,ACTUAL_AIR_DATETIME,BOOKING_ZONE_DESCRIPTION,PRODUCT,REASON_CODE,SALES_CHANNEL_CALL_SIGN,DEL_RECONCILIATION_REASON,INVENTORY_VALUE,MAKE_GOOD_ID,TRANSMISSION_ORDER_ID,MODIFIED_BY) values (37559,189,null,35574541,'DLA Tlc Argentina',30,':30 Rotator','PAIDSP',42,'CAMINO DE MARIPO (R)',to_date('30/09/2014','DD/MM/RRRR'),to_date('30/09/2014','DD/MM/RRRR'),'10:00-19:00 .T.....','Poett',null,'TLCA',null,42,null,487,'dgarcia');
insert into TRANSMISSION_ORDER_LINE (TRANSMISSION_ORDER_LINE_ID,LINE_NUMBER,ORIGINAL_INVOICE_LINE,SPOT_ID,SALESCHANNELNAME,SPOT_LEGTH,SPOT_DESCRIPTION,REVENUE_TYPE,GROSS_COST,COPY_NUMBER,SCHED_AIR_DATETIME,ACTUAL_AIR_DATETIME,BOOKING_ZONE_DESCRIPTION,PRODUCT,REASON_CODE,SALES_CHANNEL_CALL_SIGN,DEL_RECONCILIATION_REASON,INVENTORY_VALUE,MAKE_GOOD_ID,TRANSMISSION_ORDER_ID,MODIFIED_BY) values (37560,188,null,35574554,'DLA Tlc Argentina',30,':30 Rotator','PAIDSP',42,'CAMINO DE MARIPO (R)',to_date('30/09/2014','DD/MM/RRRR'),to_date('30/09/2014','DD/MM/RRRR'),'10:00-19:00 .T.....','Poett',null,'TLCA',null,42,null,487,'dgarcia');
insert into TRANSMISSION_ORDER_LINE (TRANSMISSION_ORDER_LINE_ID,LINE_NUMBER,ORIGINAL_INVOICE_LINE,SPOT_ID,SALESCHANNELNAME,SPOT_LEGTH,SPOT_DESCRIPTION,REVENUE_TYPE,GROSS_COST,COPY_NUMBER,SCHED_AIR_DATETIME,ACTUAL_AIR_DATETIME,BOOKING_ZONE_DESCRIPTION,PRODUCT,REASON_CODE,SALES_CHANNEL_CALL_SIGN,DEL_RECONCILIATION_REASON,INVENTORY_VALUE,MAKE_GOOD_ID,TRANSMISSION_ORDER_ID,MODIFIED_BY) values (37516,16,null,35323796,'DLA Id Argentina',30,':30 Rotator','PAIDSP',138,'CAMINO DE MARIPO (R)',to_date('20/09/2014','DD/MM/RRRR'),to_date('20/09/2014','DD/MM/RRRR'),'19:00-24:00+00:00-01:00 .....S.','Poett',null,'IDAR',null,138,null,486,'dgarcia');
insert into TRANSMISSION_ORDER_LINE (TRANSMISSION_ORDER_LINE_ID,LINE_NUMBER,ORIGINAL_INVOICE_LINE,SPOT_ID,SALESCHANNELNAME,SPOT_LEGTH,SPOT_DESCRIPTION,REVENUE_TYPE,GROSS_COST,COPY_NUMBER,SCHED_AIR_DATETIME,ACTUAL_AIR_DATETIME,BOOKING_ZONE_DESCRIPTION,PRODUCT,REASON_CODE,SALES_CHANNEL_CALL_SIGN,DEL_RECONCILIATION_REASON,INVENTORY_VALUE,MAKE_GOOD_ID,TRANSMISSION_ORDER_ID,MODIFIED_BY) values (37894,1,null,35324295,'DLA Disc Home Health Argentina',30,':30 Rotator','PAIDSP',123,'CAMINO DE MARIPO (R)',to_date('14/09/2014','DD/MM/RRRR'),to_date('14/09/2014','DD/MM/RRRR'),'10:00-19:00 ......S','Poett',null,'DHAR',null,123,null,486,'dgarcia');
insert into TRANSMISSION_ORDER_LINE (TRANSMISSION_ORDER_LINE_ID,LINE_NUMBER,ORIGINAL_INVOICE_LINE,SPOT_ID,SALESCHANNELNAME,SPOT_LEGTH,SPOT_DESCRIPTION,REVENUE_TYPE,GROSS_COST,COPY_NUMBER,SCHED_AIR_DATETIME,ACTUAL_AIR_DATETIME,BOOKING_ZONE_DESCRIPTION,PRODUCT,REASON_CODE,SALES_CHANNEL_CALL_SIGN,DEL_RECONCILIATION_REASON,INVENTORY_VALUE,MAKE_GOOD_ID,TRANSMISSION_ORDER_ID,MODIFIED_BY) values (37895,39,null,35325160,'DLA Animal Planet Argentina',30,':30 Rotator','PAIDSP',189,'EMBARAZADA RED (R)',to_date('28/09/2014','DD/MM/RRRR'),to_date('28/09/2014','DD/MM/RRRR'),'19:00-24:00+00:00-02:00 ......S','Farmacity',null,'APAR',null,189,null,489,'dgarcia');
insert into TRANSMISSION_ORDER_LINE (TRANSMISSION_ORDER_LINE_ID,LINE_NUMBER,ORIGINAL_INVOICE_LINE,SPOT_ID,SALESCHANNELNAME,SPOT_LEGTH,SPOT_DESCRIPTION,REVENUE_TYPE,GROSS_COST,COPY_NUMBER,SCHED_AIR_DATETIME,ACTUAL_AIR_DATETIME,BOOKING_ZONE_DESCRIPTION,PRODUCT,REASON_CODE,SALES_CHANNEL_CALL_SIGN,DEL_RECONCILIATION_REASON,INVENTORY_VALUE,MAKE_GOOD_ID,TRANSMISSION_ORDER_ID,MODIFIED_BY) values (37896,38,null,35325175,'DLA Animal Planet Argentina',30,':30 Rotator','PAIDSP',189,'AMIGO FARMA RED (R)',to_date('28/09/2014','DD/MM/RRRR'),to_date('28/09/2014','DD/MM/RRRR'),'19:00-24:00+00:00-02:00 ......S','Farmacity',null,'APAR',null,189,null,489,'dgarcia');
insert into TRANSMISSION_ORDER_LINE (TRANSMISSION_ORDER_LINE_ID,LINE_NUMBER,ORIGINAL_INVOICE_LINE,SPOT_ID,SALESCHANNELNAME,SPOT_LEGTH,SPOT_DESCRIPTION,REVENUE_TYPE,GROSS_COST,COPY_NUMBER,SCHED_AIR_DATETIME,ACTUAL_AIR_DATETIME,BOOKING_ZONE_DESCRIPTION,PRODUCT,REASON_CODE,SALES_CHANNEL_CALL_SIGN,DEL_RECONCILIATION_REASON,INVENTORY_VALUE,MAKE_GOOD_ID,TRANSMISSION_ORDER_ID,MODIFIED_BY) values (37897,37,null,35325161,'DLA Animal Planet Argentina',30,':30 Rotator','PAIDSP',189,'EMBARAZADA RED (R)',to_date('28/09/2014','DD/MM/RRRR'),to_date('28/09/2014','DD/MM/RRRR'),'19:00-24:00+00:00-02:00 ......S','Farmacity',null,'APAR',null,189,null,489,'dgarcia');
insert into TRANSMISSION_ORDER_LINE (TRANSMISSION_ORDER_LINE_ID,LINE_NUMBER,ORIGINAL_INVOICE_LINE,SPOT_ID,SALESCHANNELNAME,SPOT_LEGTH,SPOT_DESCRIPTION,REVENUE_TYPE,GROSS_COST,COPY_NUMBER,SCHED_AIR_DATETIME,ACTUAL_AIR_DATETIME,BOOKING_ZONE_DESCRIPTION,PRODUCT,REASON_CODE,SALES_CHANNEL_CALL_SIGN,DEL_RECONCILIATION_REASON,INVENTORY_VALUE,MAKE_GOOD_ID,TRANSMISSION_ORDER_ID,MODIFIED_BY) values (37898,36,null,35325159,'DLA Animal Planet Argentina',30,':30 Rotator','PAIDSP',189,'EMBARAZADA RED (R)',to_date('27/09/2014','DD/MM/RRRR'),to_date('27/09/2014','DD/MM/RRRR'),'19:00-24:00+00:00-02:00 .....S.','Farmacity',null,'APAR',null,189,null,489,'dgarcia');
insert into TRANSMISSION_ORDER_LINE (TRANSMISSION_ORDER_LINE_ID,LINE_NUMBER,ORIGINAL_INVOICE_LINE,SPOT_ID,SALESCHANNELNAME,SPOT_LEGTH,SPOT_DESCRIPTION,REVENUE_TYPE,GROSS_COST,COPY_NUMBER,SCHED_AIR_DATETIME,ACTUAL_AIR_DATETIME,BOOKING_ZONE_DESCRIPTION,PRODUCT,REASON_CODE,SALES_CHANNEL_CALL_SIGN,DEL_RECONCILIATION_REASON,INVENTORY_VALUE,MAKE_GOOD_ID,TRANSMISSION_ORDER_ID,MODIFIED_BY) values (37899,35,null,35325174,'DLA Animal Planet Argentina',30,':30 Rotator','PAIDSP',189,'AMIGO FARMA RED (R)',to_date('27/09/2014','DD/MM/RRRR'),to_date('27/09/2014','DD/MM/RRRR'),'19:00-24:00+00:00-02:00 .....S.','Farmacity',null,'APAR',null,189,null,489,'dgarcia');
insert into TRANSMISSION_ORDER_LINE (TRANSMISSION_ORDER_LINE_ID,LINE_NUMBER,ORIGINAL_INVOICE_LINE,SPOT_ID,SALESCHANNELNAME,SPOT_LEGTH,SPOT_DESCRIPTION,REVENUE_TYPE,GROSS_COST,COPY_NUMBER,SCHED_AIR_DATETIME,ACTUAL_AIR_DATETIME,BOOKING_ZONE_DESCRIPTION,PRODUCT,REASON_CODE,SALES_CHANNEL_CALL_SIGN,DEL_RECONCILIATION_REASON,INVENTORY_VALUE,MAKE_GOOD_ID,TRANSMISSION_ORDER_ID,MODIFIED_BY) values (37900,34,null,35325173,'DLA Animal Planet Argentina',30,':30 Rotator','PAIDSP',189,'AMIGO FARMA RED (R)',to_date('27/09/2014','DD/MM/RRRR'),to_date('27/09/2014','DD/MM/RRRR'),'19:00-24:00+00:00-02:00 .....S.','Farmacity',null,'APAR',null,189,null,489,'dgarcia');
insert into TRANSMISSION_ORDER_LINE (TRANSMISSION_ORDER_LINE_ID,LINE_NUMBER,ORIGINAL_INVOICE_LINE,SPOT_ID,SALESCHANNELNAME,SPOT_LEGTH,SPOT_DESCRIPTION,REVENUE_TYPE,GROSS_COST,COPY_NUMBER,SCHED_AIR_DATETIME,ACTUAL_AIR_DATETIME,BOOKING_ZONE_DESCRIPTION,PRODUCT,REASON_CODE,SALES_CHANNEL_CALL_SIGN,DEL_RECONCILIATION_REASON,INVENTORY_VALUE,MAKE_GOOD_ID,TRANSMISSION_ORDER_ID,MODIFIED_BY) values (37901,33,null,35325157,'DLA Animal Planet Argentina',30,':30 Rotator','PAIDSP',189,'EMBARAZADA RED (R)',to_date('26/09/2014','DD/MM/RRRR'),to_date('26/09/2014','DD/MM/RRRR'),'19:00-24:00+00:00-02:00 ....F..','Farmacity',null,'APAR',null,189,null,489,'dgarcia');
insert into TRANSMISSION_ORDER_LINE (TRANSMISSION_ORDER_LINE_ID,LINE_NUMBER,ORIGINAL_INVOICE_LINE,SPOT_ID,SALESCHANNELNAME,SPOT_LEGTH,SPOT_DESCRIPTION,REVENUE_TYPE,GROSS_COST,COPY_NUMBER,SCHED_AIR_DATETIME,ACTUAL_AIR_DATETIME,BOOKING_ZONE_DESCRIPTION,PRODUCT,REASON_CODE,SALES_CHANNEL_CALL_SIGN,DEL_RECONCILIATION_REASON,INVENTORY_VALUE,MAKE_GOOD_ID,TRANSMISSION_ORDER_ID,MODIFIED_BY) values (37902,32,null,35325172,'DLA Animal Planet Argentina',30,':30 Rotator','PAIDSP',189,'AMIGO FARMA RED (R)',to_date('26/09/2014','DD/MM/RRRR'),to_date('26/09/2014','DD/MM/RRRR'),'19:00-24:00+00:00-02:00 ....F..','Farmacity',null,'APAR',null,189,null,489,'dgarcia');
insert into TRANSMISSION_ORDER_LINE (TRANSMISSION_ORDER_LINE_ID,LINE_NUMBER,ORIGINAL_INVOICE_LINE,SPOT_ID,SALESCHANNELNAME,SPOT_LEGTH,SPOT_DESCRIPTION,REVENUE_TYPE,GROSS_COST,COPY_NUMBER,SCHED_AIR_DATETIME,ACTUAL_AIR_DATETIME,BOOKING_ZONE_DESCRIPTION,PRODUCT,REASON_CODE,SALES_CHANNEL_CALL_SIGN,DEL_RECONCILIATION_REASON,INVENTORY_VALUE,MAKE_GOOD_ID,TRANSMISSION_ORDER_ID,MODIFIED_BY) values (37903,31,null,35325158,'DLA Animal Planet Argentina',30,':30 Rotator','PAIDSP',189,'EMBARAZADA RED (R)',to_date('26/09/2014','DD/MM/RRRR'),to_date('26/09/2014','DD/MM/RRRR'),'19:00-24:00+00:00-02:00 ....F..','Farmacity',null,'APAR',null,189,null,489,'dgarcia');
insert into TRANSMISSION_ORDER_LINE (TRANSMISSION_ORDER_LINE_ID,LINE_NUMBER,ORIGINAL_INVOICE_LINE,SPOT_ID,SALESCHANNELNAME,SPOT_LEGTH,SPOT_DESCRIPTION,REVENUE_TYPE,GROSS_COST,COPY_NUMBER,SCHED_AIR_DATETIME,ACTUAL_AIR_DATETIME,BOOKING_ZONE_DESCRIPTION,PRODUCT,REASON_CODE,SALES_CHANNEL_CALL_SIGN,DEL_RECONCILIATION_REASON,INVENTORY_VALUE,MAKE_GOOD_ID,TRANSMISSION_ORDER_ID,MODIFIED_BY) values (37904,30,null,35325170,'DLA Animal Planet Argentina',30,':30 Rotator','PAIDSP',189,'AMIGO FARMA RED (R)',to_date('25/09/2014','DD/MM/RRRR'),to_date('25/09/2014','DD/MM/RRRR'),'19:00-24:00+00:00-02:00 ...T...','Farmacity',null,'APAR',null,189,null,489,'dgarcia');
insert into TRANSMISSION_ORDER_LINE (TRANSMISSION_ORDER_LINE_ID,LINE_NUMBER,ORIGINAL_INVOICE_LINE,SPOT_ID,SALESCHANNELNAME,SPOT_LEGTH,SPOT_DESCRIPTION,REVENUE_TYPE,GROSS_COST,COPY_NUMBER,SCHED_AIR_DATETIME,ACTUAL_AIR_DATETIME,BOOKING_ZONE_DESCRIPTION,PRODUCT,REASON_CODE,SALES_CHANNEL_CALL_SIGN,DEL_RECONCILIATION_REASON,INVENTORY_VALUE,MAKE_GOOD_ID,TRANSMISSION_ORDER_ID,MODIFIED_BY) values (37905,29,null,35325156,'DLA Animal Planet Argentina',30,':30 Rotator','PAIDSP',189,'EMBARAZADA RED (R)',to_date('25/09/2014','DD/MM/RRRR'),to_date('25/09/2014','DD/MM/RRRR'),'19:00-24:00+00:00-02:00 ...T...','Farmacity',null,'APAR',null,189,null,489,'dgarcia');
insert into TRANSMISSION_ORDER_LINE (TRANSMISSION_ORDER_LINE_ID,LINE_NUMBER,ORIGINAL_INVOICE_LINE,SPOT_ID,SALESCHANNELNAME,SPOT_LEGTH,SPOT_DESCRIPTION,REVENUE_TYPE,GROSS_COST,COPY_NUMBER,SCHED_AIR_DATETIME,ACTUAL_AIR_DATETIME,BOOKING_ZONE_DESCRIPTION,PRODUCT,REASON_CODE,SALES_CHANNEL_CALL_SIGN,DEL_RECONCILIATION_REASON,INVENTORY_VALUE,MAKE_GOOD_ID,TRANSMISSION_ORDER_ID,MODIFIED_BY) values (37906,28,null,35325171,'DLA Animal Planet Argentina',30,':30 Rotator','PAIDSP',189,'AMIGO FARMA RED (R)',to_date('25/09/2014','DD/MM/RRRR'),to_date('25/09/2014','DD/MM/RRRR'),'19:00-24:00+00:00-02:00 ...T...','Farmacity',null,'APAR',null,189,null,489,'dgarcia');
insert into TRANSMISSION_ORDER_LINE (TRANSMISSION_ORDER_LINE_ID,LINE_NUMBER,ORIGINAL_INVOICE_LINE,SPOT_ID,SALESCHANNELNAME,SPOT_LEGTH,SPOT_DESCRIPTION,REVENUE_TYPE,GROSS_COST,COPY_NUMBER,SCHED_AIR_DATETIME,ACTUAL_AIR_DATETIME,BOOKING_ZONE_DESCRIPTION,PRODUCT,REASON_CODE,SALES_CHANNEL_CALL_SIGN,DEL_RECONCILIATION_REASON,INVENTORY_VALUE,MAKE_GOOD_ID,TRANSMISSION_ORDER_ID,MODIFIED_BY) values (37907,27,null,35325155,'DLA Animal Planet Argentina',30,':30 Rotator','PAIDSP',189,'EMBARAZADA RED (R)',to_date('24/09/2014','DD/MM/RRRR'),to_date('24/09/2014','DD/MM/RRRR'),'19:00-24:00+00:00-02:00 ..W....','Farmacity',null,'APAR',null,189,null,489,'dgarcia');
insert into TRANSMISSION_ORDER_LINE (TRANSMISSION_ORDER_LINE_ID,LINE_NUMBER,ORIGINAL_INVOICE_LINE,SPOT_ID,SALESCHANNELNAME,SPOT_LEGTH,SPOT_DESCRIPTION,REVENUE_TYPE,GROSS_COST,COPY_NUMBER,SCHED_AIR_DATETIME,ACTUAL_AIR_DATETIME,BOOKING_ZONE_DESCRIPTION,PRODUCT,REASON_CODE,SALES_CHANNEL_CALL_SIGN,DEL_RECONCILIATION_REASON,INVENTORY_VALUE,MAKE_GOOD_ID,TRANSMISSION_ORDER_ID,MODIFIED_BY) values (37908,26,null,35325154,'DLA Animal Planet Argentina',30,':30 Rotator','PAIDSP',189,'EMBARAZADA RED (R)',to_date('24/09/2014','DD/MM/RRRR'),to_date('24/09/2014','DD/MM/RRRR'),'19:00-24:00+00:00-02:00 ..W....','Farmacity',null,'APAR',null,189,null,489,'dgarcia');
insert into TRANSMISSION_ORDER_LINE (TRANSMISSION_ORDER_LINE_ID,LINE_NUMBER,ORIGINAL_INVOICE_LINE,SPOT_ID,SALESCHANNELNAME,SPOT_LEGTH,SPOT_DESCRIPTION,REVENUE_TYPE,GROSS_COST,COPY_NUMBER,SCHED_AIR_DATETIME,ACTUAL_AIR_DATETIME,BOOKING_ZONE_DESCRIPTION,PRODUCT,REASON_CODE,SALES_CHANNEL_CALL_SIGN,DEL_RECONCILIATION_REASON,INVENTORY_VALUE,MAKE_GOOD_ID,TRANSMISSION_ORDER_ID,MODIFIED_BY) values (37909,25,null,35325169,'DLA Animal Planet Argentina',30,':30 Rotator','PAIDSP',189,'AMIGO FARMA RED (R)',to_date('24/09/2014','DD/MM/RRRR'),to_date('24/09/2014','DD/MM/RRRR'),'19:00-24:00+00:00-02:00 ..W....','Farmacity',null,'APAR',null,189,null,489,'dgarcia');
insert into TRANSMISSION_ORDER_LINE (TRANSMISSION_ORDER_LINE_ID,LINE_NUMBER,ORIGINAL_INVOICE_LINE,SPOT_ID,SALESCHANNELNAME,SPOT_LEGTH,SPOT_DESCRIPTION,REVENUE_TYPE,GROSS_COST,COPY_NUMBER,SCHED_AIR_DATETIME,ACTUAL_AIR_DATETIME,BOOKING_ZONE_DESCRIPTION,PRODUCT,REASON_CODE,SALES_CHANNEL_CALL_SIGN,DEL_RECONCILIATION_REASON,INVENTORY_VALUE,MAKE_GOOD_ID,TRANSMISSION_ORDER_ID,MODIFIED_BY) values (37910,24,null,35325167,'DLA Animal Planet Argentina',30,':30 Rotator','PAIDSP',189,'AMIGO FARMA RED (R)',to_date('23/09/2014','DD/MM/RRRR'),to_date('23/09/2014','DD/MM/RRRR'),'19:00-24:00+00:00-02:00 .T.....','Farmacity',null,'APAR',null,189,null,489,'dgarcia');
insert into TRANSMISSION_ORDER_LINE (TRANSMISSION_ORDER_LINE_ID,LINE_NUMBER,ORIGINAL_INVOICE_LINE,SPOT_ID,SALESCHANNELNAME,SPOT_LEGTH,SPOT_DESCRIPTION,REVENUE_TYPE,GROSS_COST,COPY_NUMBER,SCHED_AIR_DATETIME,ACTUAL_AIR_DATETIME,BOOKING_ZONE_DESCRIPTION,PRODUCT,REASON_CODE,SALES_CHANNEL_CALL_SIGN,DEL_RECONCILIATION_REASON,INVENTORY_VALUE,MAKE_GOOD_ID,TRANSMISSION_ORDER_ID,MODIFIED_BY) values (37911,23,null,35325153,'DLA Animal Planet Argentina',30,':30 Rotator','PAIDSP',189,'EMBARAZADA RED (R)',to_date('23/09/2014','DD/MM/RRRR'),to_date('23/09/2014','DD/MM/RRRR'),'19:00-24:00+00:00-02:00 .T.....','Farmacity',null,'APAR',null,189,null,489,'dgarcia');
insert into TRANSMISSION_ORDER_LINE (TRANSMISSION_ORDER_LINE_ID,LINE_NUMBER,ORIGINAL_INVOICE_LINE,SPOT_ID,SALESCHANNELNAME,SPOT_LEGTH,SPOT_DESCRIPTION,REVENUE_TYPE,GROSS_COST,COPY_NUMBER,SCHED_AIR_DATETIME,ACTUAL_AIR_DATETIME,BOOKING_ZONE_DESCRIPTION,PRODUCT,REASON_CODE,SALES_CHANNEL_CALL_SIGN,DEL_RECONCILIATION_REASON,INVENTORY_VALUE,MAKE_GOOD_ID,TRANSMISSION_ORDER_ID,MODIFIED_BY) values (37912,22,null,35325168,'DLA Animal Planet Argentina',30,':30 Rotator','PAIDSP',189,'AMIGO FARMA RED (R)',to_date('23/09/2014','DD/MM/RRRR'),to_date('23/09/2014','DD/MM/RRRR'),'19:00-24:00+00:00-02:00 .T.....','Farmacity',null,'APAR',null,189,null,489,'dgarcia');
insert into TRANSMISSION_ORDER_LINE (TRANSMISSION_ORDER_LINE_ID,LINE_NUMBER,ORIGINAL_INVOICE_LINE,SPOT_ID,SALESCHANNELNAME,SPOT_LEGTH,SPOT_DESCRIPTION,REVENUE_TYPE,GROSS_COST,COPY_NUMBER,SCHED_AIR_DATETIME,ACTUAL_AIR_DATETIME,BOOKING_ZONE_DESCRIPTION,PRODUCT,REASON_CODE,SALES_CHANNEL_CALL_SIGN,DEL_RECONCILIATION_REASON,INVENTORY_VALUE,MAKE_GOOD_ID,TRANSMISSION_ORDER_ID,MODIFIED_BY) values (37913,21,null,35325152,'DLA Animal Planet Argentina',30,':30 Rotator','PAIDSP',189,'EMBARAZADA RED (R)',to_date('22/09/2014','DD/MM/RRRR'),to_date('22/09/2014','DD/MM/RRRR'),'19:00-24:00+00:00-02:00 M......','Farmacity',null,'APAR',null,189,null,489,'dgarcia');
insert into TRANSMISSION_ORDER_LINE (TRANSMISSION_ORDER_LINE_ID,LINE_NUMBER,ORIGINAL_INVOICE_LINE,SPOT_ID,SALESCHANNELNAME,SPOT_LEGTH,SPOT_DESCRIPTION,REVENUE_TYPE,GROSS_COST,COPY_NUMBER,SCHED_AIR_DATETIME,ACTUAL_AIR_DATETIME,BOOKING_ZONE_DESCRIPTION,PRODUCT,REASON_CODE,SALES_CHANNEL_CALL_SIGN,DEL_RECONCILIATION_REASON,INVENTORY_VALUE,MAKE_GOOD_ID,TRANSMISSION_ORDER_ID,MODIFIED_BY) values (37914,20,null,35325166,'DLA Animal Planet Argentina',30,':30 Rotator','PAIDSP',189,'AMIGO FARMA RED (R)',to_date('22/09/2014','DD/MM/RRRR'),to_date('22/09/2014','DD/MM/RRRR'),'19:00-24:00+00:00-02:00 M......','Farmacity',null,'APAR',null,189,null,489,'dgarcia');
insert into TRANSMISSION_ORDER_LINE (TRANSMISSION_ORDER_LINE_ID,LINE_NUMBER,ORIGINAL_INVOICE_LINE,SPOT_ID,SALESCHANNELNAME,SPOT_LEGTH,SPOT_DESCRIPTION,REVENUE_TYPE,GROSS_COST,COPY_NUMBER,SCHED_AIR_DATETIME,ACTUAL_AIR_DATETIME,BOOKING_ZONE_DESCRIPTION,PRODUCT,REASON_CODE,SALES_CHANNEL_CALL_SIGN,DEL_RECONCILIATION_REASON,INVENTORY_VALUE,MAKE_GOOD_ID,TRANSMISSION_ORDER_ID,MODIFIED_BY) values (37915,19,null,35325151,'DLA Animal Planet Argentina',30,':30 Rotator','PAIDSP',189,'EMBARAZADA RED (R)',to_date('22/09/2014','DD/MM/RRRR'),to_date('22/09/2014','DD/MM/RRRR'),'19:00-24:00+00:00-02:00 M......','Farmacity',null,'APAR',null,189,null,489,'dgarcia');
insert into TRANSMISSION_ORDER_LINE (TRANSMISSION_ORDER_LINE_ID,LINE_NUMBER,ORIGINAL_INVOICE_LINE,SPOT_ID,SALESCHANNELNAME,SPOT_LEGTH,SPOT_DESCRIPTION,REVENUE_TYPE,GROSS_COST,COPY_NUMBER,SCHED_AIR_DATETIME,ACTUAL_AIR_DATETIME,BOOKING_ZONE_DESCRIPTION,PRODUCT,REASON_CODE,SALES_CHANNEL_CALL_SIGN,DEL_RECONCILIATION_REASON,INVENTORY_VALUE,MAKE_GOOD_ID,TRANSMISSION_ORDER_ID,MODIFIED_BY) values (37916,18,null,35325146,'DLA Animal Planet Argentina',30,':30 Rotator','PAIDSP',189,'EMBARAZADA RED (R)',to_date('21/09/2014','DD/MM/RRRR'),to_date('21/09/2014','DD/MM/RRRR'),'19:00-24:00+00:00-02:00 ......S','Farmacity',null,'APAR',null,189,null,489,'dgarcia');
insert into TRANSMISSION_ORDER_LINE (TRANSMISSION_ORDER_LINE_ID,LINE_NUMBER,ORIGINAL_INVOICE_LINE,SPOT_ID,SALESCHANNELNAME,SPOT_LEGTH,SPOT_DESCRIPTION,REVENUE_TYPE,GROSS_COST,COPY_NUMBER,SCHED_AIR_DATETIME,ACTUAL_AIR_DATETIME,BOOKING_ZONE_DESCRIPTION,PRODUCT,REASON_CODE,SALES_CHANNEL_CALL_SIGN,DEL_RECONCILIATION_REASON,INVENTORY_VALUE,MAKE_GOOD_ID,TRANSMISSION_ORDER_ID,MODIFIED_BY) values (37917,17,null,35325147,'DLA Animal Planet Argentina',30,':30 Rotator','PAIDSP',189,'EMBARAZADA RED (R)',to_date('21/09/2014','DD/MM/RRRR'),to_date('21/09/2014','DD/MM/RRRR'),'19:00-24:00+00:00-02:00 ......S','Farmacity',null,'APAR',null,189,null,489,'dgarcia');
insert into TRANSMISSION_ORDER_LINE (TRANSMISSION_ORDER_LINE_ID,LINE_NUMBER,ORIGINAL_INVOICE_LINE,SPOT_ID,SALESCHANNELNAME,SPOT_LEGTH,SPOT_DESCRIPTION,REVENUE_TYPE,GROSS_COST,COPY_NUMBER,SCHED_AIR_DATETIME,ACTUAL_AIR_DATETIME,BOOKING_ZONE_DESCRIPTION,PRODUCT,REASON_CODE,SALES_CHANNEL_CALL_SIGN,DEL_RECONCILIATION_REASON,INVENTORY_VALUE,MAKE_GOOD_ID,TRANSMISSION_ORDER_ID,MODIFIED_BY) values (37918,16,null,35324815,'DLA Animal Planet Argentina',30,':30 Rotator','PAIDSP',189,'AMIGO FARMA RED (R)',to_date('21/09/2014','DD/MM/RRRR'),to_date('21/09/2014','DD/MM/RRRR'),'19:00-24:00+00:00-02:00 ......S','Farmacity',null,'APAR',null,189,null,489,'dgarcia');
insert into TRANSMISSION_ORDER_LINE (TRANSMISSION_ORDER_LINE_ID,LINE_NUMBER,ORIGINAL_INVOICE_LINE,SPOT_ID,SALESCHANNELNAME,SPOT_LEGTH,SPOT_DESCRIPTION,REVENUE_TYPE,GROSS_COST,COPY_NUMBER,SCHED_AIR_DATETIME,ACTUAL_AIR_DATETIME,BOOKING_ZONE_DESCRIPTION,PRODUCT,REASON_CODE,SALES_CHANNEL_CALL_SIGN,DEL_RECONCILIATION_REASON,INVENTORY_VALUE,MAKE_GOOD_ID,TRANSMISSION_ORDER_ID,MODIFIED_BY) values (37919,15,null,35324814,'DLA Animal Planet Argentina',30,':30 Rotator','PAIDSP',189,'AMIGO FARMA RED (R)',to_date('20/09/2014','DD/MM/RRRR'),to_date('20/09/2014','DD/MM/RRRR'),'19:00-24:00+00:00-02:00 .....S.','Farmacity',null,'APAR',null,189,null,489,'dgarcia');
insert into TRANSMISSION_ORDER_LINE (TRANSMISSION_ORDER_LINE_ID,LINE_NUMBER,ORIGINAL_INVOICE_LINE,SPOT_ID,SALESCHANNELNAME,SPOT_LEGTH,SPOT_DESCRIPTION,REVENUE_TYPE,GROSS_COST,COPY_NUMBER,SCHED_AIR_DATETIME,ACTUAL_AIR_DATETIME,BOOKING_ZONE_DESCRIPTION,PRODUCT,REASON_CODE,SALES_CHANNEL_CALL_SIGN,DEL_RECONCILIATION_REASON,INVENTORY_VALUE,MAKE_GOOD_ID,TRANSMISSION_ORDER_ID,MODIFIED_BY) values (37920,14,null,35325145,'DLA Animal Planet Argentina',30,':30 Rotator','PAIDSP',189,'EMBARAZADA RED (R)',to_date('20/09/2014','DD/MM/RRRR'),to_date('20/09/2014','DD/MM/RRRR'),'19:00-24:00+00:00-02:00 .....S.','Farmacity',null,'APAR',null,189,null,489,'dgarcia');
insert into TRANSMISSION_ORDER_LINE (TRANSMISSION_ORDER_LINE_ID,LINE_NUMBER,ORIGINAL_INVOICE_LINE,SPOT_ID,SALESCHANNELNAME,SPOT_LEGTH,SPOT_DESCRIPTION,REVENUE_TYPE,GROSS_COST,COPY_NUMBER,SCHED_AIR_DATETIME,ACTUAL_AIR_DATETIME,BOOKING_ZONE_DESCRIPTION,PRODUCT,REASON_CODE,SALES_CHANNEL_CALL_SIGN,DEL_RECONCILIATION_REASON,INVENTORY_VALUE,MAKE_GOOD_ID,TRANSMISSION_ORDER_ID,MODIFIED_BY) values (37921,13,null,35324813,'DLA Animal Planet Argentina',30,':30 Rotator','PAIDSP',189,'AMIGO FARMA RED (R)',to_date('19/09/2014','DD/MM/RRRR'),to_date('19/09/2014','DD/MM/RRRR'),'19:00-24:00+00:00-02:00 ....F..','Farmacity',null,'APAR',null,189,null,489,'dgarcia');
insert into TRANSMISSION_ORDER_LINE (TRANSMISSION_ORDER_LINE_ID,LINE_NUMBER,ORIGINAL_INVOICE_LINE,SPOT_ID,SALESCHANNELNAME,SPOT_LEGTH,SPOT_DESCRIPTION,REVENUE_TYPE,GROSS_COST,COPY_NUMBER,SCHED_AIR_DATETIME,ACTUAL_AIR_DATETIME,BOOKING_ZONE_DESCRIPTION,PRODUCT,REASON_CODE,SALES_CHANNEL_CALL_SIGN,DEL_RECONCILIATION_REASON,INVENTORY_VALUE,MAKE_GOOD_ID,TRANSMISSION_ORDER_ID,MODIFIED_BY) values (37922,12,null,35324812,'DLA Animal Planet Argentina',30,':30 Rotator','PAIDSP',189,'AMIGO FARMA RED (R)',to_date('19/09/2014','DD/MM/RRRR'),to_date('19/09/2014','DD/MM/RRRR'),'19:00-24:00+00:00-02:00 ....F..','Farmacity',null,'APAR',null,189,null,489,'dgarcia');
insert into TRANSMISSION_ORDER_LINE (TRANSMISSION_ORDER_LINE_ID,LINE_NUMBER,ORIGINAL_INVOICE_LINE,SPOT_ID,SALESCHANNELNAME,SPOT_LEGTH,SPOT_DESCRIPTION,REVENUE_TYPE,GROSS_COST,COPY_NUMBER,SCHED_AIR_DATETIME,ACTUAL_AIR_DATETIME,BOOKING_ZONE_DESCRIPTION,PRODUCT,REASON_CODE,SALES_CHANNEL_CALL_SIGN,DEL_RECONCILIATION_REASON,INVENTORY_VALUE,MAKE_GOOD_ID,TRANSMISSION_ORDER_ID,MODIFIED_BY) values (37923,11,null,35325144,'DLA Animal Planet Argentina',30,':30 Rotator','PAIDSP',189,'EMBARAZADA RED (R)',to_date('19/09/2014','DD/MM/RRRR'),to_date('19/09/2014','DD/MM/RRRR'),'19:00-24:00+00:00-02:00 ....F..','Farmacity',null,'APAR',null,189,null,489,'dgarcia');
insert into TRANSMISSION_ORDER_LINE (TRANSMISSION_ORDER_LINE_ID,LINE_NUMBER,ORIGINAL_INVOICE_LINE,SPOT_ID,SALESCHANNELNAME,SPOT_LEGTH,SPOT_DESCRIPTION,REVENUE_TYPE,GROSS_COST,COPY_NUMBER,SCHED_AIR_DATETIME,ACTUAL_AIR_DATETIME,BOOKING_ZONE_DESCRIPTION,PRODUCT,REASON_CODE,SALES_CHANNEL_CALL_SIGN,DEL_RECONCILIATION_REASON,INVENTORY_VALUE,MAKE_GOOD_ID,TRANSMISSION_ORDER_ID,MODIFIED_BY) values (37924,10,null,35324811,'DLA Animal Planet Argentina',30,':30 Rotator','PAIDSP',189,'AMIGO FARMA RED (R)',to_date('18/09/2014','DD/MM/RRRR'),to_date('18/09/2014','DD/MM/RRRR'),'19:00-24:00+00:00-02:00 ...T...','Farmacity',null,'APAR',null,189,null,489,'dgarcia');
insert into TRANSMISSION_ORDER_LINE (TRANSMISSION_ORDER_LINE_ID,LINE_NUMBER,ORIGINAL_INVOICE_LINE,SPOT_ID,SALESCHANNELNAME,SPOT_LEGTH,SPOT_DESCRIPTION,REVENUE_TYPE,GROSS_COST,COPY_NUMBER,SCHED_AIR_DATETIME,ACTUAL_AIR_DATETIME,BOOKING_ZONE_DESCRIPTION,PRODUCT,REASON_CODE,SALES_CHANNEL_CALL_SIGN,DEL_RECONCILIATION_REASON,INVENTORY_VALUE,MAKE_GOOD_ID,TRANSMISSION_ORDER_ID,MODIFIED_BY) values (37925,9,null,35325143,'DLA Animal Planet Argentina',30,':30 Rotator','PAIDSP',189,'EMBARAZADA RED (R)',to_date('18/09/2014','DD/MM/RRRR'),to_date('18/09/2014','DD/MM/RRRR'),'19:00-24:00+00:00-02:00 ...T...','Farmacity',null,'APAR',null,189,null,489,'dgarcia');
insert into TRANSMISSION_ORDER_LINE (TRANSMISSION_ORDER_LINE_ID,LINE_NUMBER,ORIGINAL_INVOICE_LINE,SPOT_ID,SALESCHANNELNAME,SPOT_LEGTH,SPOT_DESCRIPTION,REVENUE_TYPE,GROSS_COST,COPY_NUMBER,SCHED_AIR_DATETIME,ACTUAL_AIR_DATETIME,BOOKING_ZONE_DESCRIPTION,PRODUCT,REASON_CODE,SALES_CHANNEL_CALL_SIGN,DEL_RECONCILIATION_REASON,INVENTORY_VALUE,MAKE_GOOD_ID,TRANSMISSION_ORDER_ID,MODIFIED_BY) values (37926,8,null,35325141,'DLA Animal Planet Argentina',30,':30 Rotator','PAIDSP',189,'EMBARAZADA RED (R)',to_date('17/09/2014','DD/MM/RRRR'),to_date('17/09/2014','DD/MM/RRRR'),'19:00-24:00+00:00-02:00 ..W....','Farmacity',null,'APAR',null,189,null,489,'dgarcia');
insert into TRANSMISSION_ORDER_LINE (TRANSMISSION_ORDER_LINE_ID,LINE_NUMBER,ORIGINAL_INVOICE_LINE,SPOT_ID,SALESCHANNELNAME,SPOT_LEGTH,SPOT_DESCRIPTION,REVENUE_TYPE,GROSS_COST,COPY_NUMBER,SCHED_AIR_DATETIME,ACTUAL_AIR_DATETIME,BOOKING_ZONE_DESCRIPTION,PRODUCT,REASON_CODE,SALES_CHANNEL_CALL_SIGN,DEL_RECONCILIATION_REASON,INVENTORY_VALUE,MAKE_GOOD_ID,TRANSMISSION_ORDER_ID,MODIFIED_BY) values (37927,7,null,35324810,'DLA Animal Planet Argentina',30,':30 Rotator','PAIDSP',189,'AMIGO FARMA RED (R)',to_date('17/09/2014','DD/MM/RRRR'),to_date('17/09/2014','DD/MM/RRRR'),'19:00-24:00+00:00-02:00 ..W....','Farmacity',null,'APAR',null,189,null,489,'dgarcia');
insert into TRANSMISSION_ORDER_LINE (TRANSMISSION_ORDER_LINE_ID,LINE_NUMBER,ORIGINAL_INVOICE_LINE,SPOT_ID,SALESCHANNELNAME,SPOT_LEGTH,SPOT_DESCRIPTION,REVENUE_TYPE,GROSS_COST,COPY_NUMBER,SCHED_AIR_DATETIME,ACTUAL_AIR_DATETIME,BOOKING_ZONE_DESCRIPTION,PRODUCT,REASON_CODE,SALES_CHANNEL_CALL_SIGN,DEL_RECONCILIATION_REASON,INVENTORY_VALUE,MAKE_GOOD_ID,TRANSMISSION_ORDER_ID,MODIFIED_BY) values (37928,6,null,35325142,'DLA Animal Planet Argentina',30,':30 Rotator','PAIDSP',189,'EMBARAZADA RED (R)',to_date('17/09/2014','DD/MM/RRRR'),to_date('17/09/2014','DD/MM/RRRR'),'19:00-24:00+00:00-02:00 ..W....','Farmacity',null,'APAR',null,189,null,489,'dgarcia');
insert into TRANSMISSION_ORDER_LINE (TRANSMISSION_ORDER_LINE_ID,LINE_NUMBER,ORIGINAL_INVOICE_LINE,SPOT_ID,SALESCHANNELNAME,SPOT_LEGTH,SPOT_DESCRIPTION,REVENUE_TYPE,GROSS_COST,COPY_NUMBER,SCHED_AIR_DATETIME,ACTUAL_AIR_DATETIME,BOOKING_ZONE_DESCRIPTION,PRODUCT,REASON_CODE,SALES_CHANNEL_CALL_SIGN,DEL_RECONCILIATION_REASON,INVENTORY_VALUE,MAKE_GOOD_ID,TRANSMISSION_ORDER_ID,MODIFIED_BY) values (37929,5,null,35325140,'DLA Animal Planet Argentina',30,':30 Rotator','PAIDSP',189,'EMBARAZADA RED (R)',to_date('16/09/2014','DD/MM/RRRR'),to_date('16/09/2014','DD/MM/RRRR'),'19:00-24:00+00:00-02:00 .T.....','Farmacity',null,'APAR',null,189,null,489,'dgarcia');
insert into TRANSMISSION_ORDER_LINE (TRANSMISSION_ORDER_LINE_ID,LINE_NUMBER,ORIGINAL_INVOICE_LINE,SPOT_ID,SALESCHANNELNAME,SPOT_LEGTH,SPOT_DESCRIPTION,REVENUE_TYPE,GROSS_COST,COPY_NUMBER,SCHED_AIR_DATETIME,ACTUAL_AIR_DATETIME,BOOKING_ZONE_DESCRIPTION,PRODUCT,REASON_CODE,SALES_CHANNEL_CALL_SIGN,DEL_RECONCILIATION_REASON,INVENTORY_VALUE,MAKE_GOOD_ID,TRANSMISSION_ORDER_ID,MODIFIED_BY) values (37930,4,null,35325137,'DLA Animal Planet Argentina',30,':30 Rotator','PAIDSP',189,'AMIGO FARMA RED (R)',to_date('16/09/2014','DD/MM/RRRR'),to_date('16/09/2014','DD/MM/RRRR'),'19:00-24:00+00:00-02:00 .T.....','Farmacity',null,'APAR',null,189,null,489,'dgarcia');
insert into TRANSMISSION_ORDER_LINE (TRANSMISSION_ORDER_LINE_ID,LINE_NUMBER,ORIGINAL_INVOICE_LINE,SPOT_ID,SALESCHANNELNAME,SPOT_LEGTH,SPOT_DESCRIPTION,REVENUE_TYPE,GROSS_COST,COPY_NUMBER,SCHED_AIR_DATETIME,ACTUAL_AIR_DATETIME,BOOKING_ZONE_DESCRIPTION,PRODUCT,REASON_CODE,SALES_CHANNEL_CALL_SIGN,DEL_RECONCILIATION_REASON,INVENTORY_VALUE,MAKE_GOOD_ID,TRANSMISSION_ORDER_ID,MODIFIED_BY) values (37931,3,null,35324807,'DLA Animal Planet Argentina',30,':30 Rotator','PAIDSP',189,'AMIGO FARMA RED (R)',to_date('15/09/2014','DD/MM/RRRR'),to_date('15/09/2014','DD/MM/RRRR'),'19:00-24:00+00:00-02:00 M......','Farmacity',null,'APAR',null,189,null,489,'dgarcia');
insert into TRANSMISSION_ORDER_LINE (TRANSMISSION_ORDER_LINE_ID,LINE_NUMBER,ORIGINAL_INVOICE_LINE,SPOT_ID,SALESCHANNELNAME,SPOT_LEGTH,SPOT_DESCRIPTION,REVENUE_TYPE,GROSS_COST,COPY_NUMBER,SCHED_AIR_DATETIME,ACTUAL_AIR_DATETIME,BOOKING_ZONE_DESCRIPTION,PRODUCT,REASON_CODE,SALES_CHANNEL_CALL_SIGN,DEL_RECONCILIATION_REASON,INVENTORY_VALUE,MAKE_GOOD_ID,TRANSMISSION_ORDER_ID,MODIFIED_BY) values (37932,2,null,35324808,'DLA Animal Planet Argentina',30,':30 Rotator','PAIDSP',189,'AMIGO FARMA RED (R)',to_date('15/09/2014','DD/MM/RRRR'),to_date('15/09/2014','DD/MM/RRRR'),'19:00-24:00+00:00-02:00 M......','Farmacity',null,'APAR',null,189,null,489,'dgarcia');
insert into TRANSMISSION_ORDER_LINE (TRANSMISSION_ORDER_LINE_ID,LINE_NUMBER,ORIGINAL_INVOICE_LINE,SPOT_ID,SALESCHANNELNAME,SPOT_LEGTH,SPOT_DESCRIPTION,REVENUE_TYPE,GROSS_COST,COPY_NUMBER,SCHED_AIR_DATETIME,ACTUAL_AIR_DATETIME,BOOKING_ZONE_DESCRIPTION,PRODUCT,REASON_CODE,SALES_CHANNEL_CALL_SIGN,DEL_RECONCILIATION_REASON,INVENTORY_VALUE,MAKE_GOOD_ID,TRANSMISSION_ORDER_ID,MODIFIED_BY) values (37561,187,null,35574539,'DLA Tlc Argentina',30,':30 Rotator','PAIDSP',42,'CAMINO DE MARIPO (R)',to_date('30/09/2014','DD/MM/RRRR'),to_date('30/09/2014','DD/MM/RRRR'),'10:00-19:00 .T.....','Poett',null,'TLCA',null,42,null,487,'dgarcia');
insert into TRANSMISSION_ORDER_LINE (TRANSMISSION_ORDER_LINE_ID,LINE_NUMBER,ORIGINAL_INVOICE_LINE,SPOT_ID,SALESCHANNELNAME,SPOT_LEGTH,SPOT_DESCRIPTION,REVENUE_TYPE,GROSS_COST,COPY_NUMBER,SCHED_AIR_DATETIME,ACTUAL_AIR_DATETIME,BOOKING_ZONE_DESCRIPTION,PRODUCT,REASON_CODE,SALES_CHANNEL_CALL_SIGN,DEL_RECONCILIATION_REASON,INVENTORY_VALUE,MAKE_GOOD_ID,TRANSMISSION_ORDER_ID,MODIFIED_BY) values (37722,26,null,35324209,'DLA Tlc Argentina',30,':30 Rotator','PAIDSP',42,'CAMINO DE MARIPO (R)',to_date('18/09/2014','DD/MM/RRRR'),to_date('18/09/2014','DD/MM/RRRR'),'10:00-19:00 ...T...','Poett',null,'TLCA',null,42,null,487,'dgarcia');
insert into TRANSMISSION_ORDER_LINE (TRANSMISSION_ORDER_LINE_ID,LINE_NUMBER,ORIGINAL_INVOICE_LINE,SPOT_ID,SALESCHANNELNAME,SPOT_LEGTH,SPOT_DESCRIPTION,REVENUE_TYPE,GROSS_COST,COPY_NUMBER,SCHED_AIR_DATETIME,ACTUAL_AIR_DATETIME,BOOKING_ZONE_DESCRIPTION,PRODUCT,REASON_CODE,SALES_CHANNEL_CALL_SIGN,DEL_RECONCILIATION_REASON,INVENTORY_VALUE,MAKE_GOOD_ID,TRANSMISSION_ORDER_ID,MODIFIED_BY) values (37723,25,null,35324204,'DLA Tlc Argentina',30,':30 Rotator','PAIDSP',42,'CAMINO DE MARIPO (R)',to_date('18/09/2014','DD/MM/RRRR'),to_date('18/09/2014','DD/MM/RRRR'),'10:00-19:00 ...T...','Poett',null,'TLCA',null,42,null,487,'dgarcia');
insert into TRANSMISSION_ORDER_LINE (TRANSMISSION_ORDER_LINE_ID,LINE_NUMBER,ORIGINAL_INVOICE_LINE,SPOT_ID,SALESCHANNELNAME,SPOT_LEGTH,SPOT_DESCRIPTION,REVENUE_TYPE,GROSS_COST,COPY_NUMBER,SCHED_AIR_DATETIME,ACTUAL_AIR_DATETIME,BOOKING_ZONE_DESCRIPTION,PRODUCT,REASON_CODE,SALES_CHANNEL_CALL_SIGN,DEL_RECONCILIATION_REASON,INVENTORY_VALUE,MAKE_GOOD_ID,TRANSMISSION_ORDER_ID,MODIFIED_BY) values (37724,24,null,35324207,'DLA Tlc Argentina',30,':30 Rotator','PAIDSP',42,'CAMINO DE MARIPO (R)',to_date('18/09/2014','DD/MM/RRRR'),to_date('18/09/2014','DD/MM/RRRR'),'10:00-19:00 ...T...','Poett',null,'TLCA',null,42,null,487,'dgarcia');
insert into TRANSMISSION_ORDER_LINE (TRANSMISSION_ORDER_LINE_ID,LINE_NUMBER,ORIGINAL_INVOICE_LINE,SPOT_ID,SALESCHANNELNAME,SPOT_LEGTH,SPOT_DESCRIPTION,REVENUE_TYPE,GROSS_COST,COPY_NUMBER,SCHED_AIR_DATETIME,ACTUAL_AIR_DATETIME,BOOKING_ZONE_DESCRIPTION,PRODUCT,REASON_CODE,SALES_CHANNEL_CALL_SIGN,DEL_RECONCILIATION_REASON,INVENTORY_VALUE,MAKE_GOOD_ID,TRANSMISSION_ORDER_ID,MODIFIED_BY) values (37725,23,null,35324206,'DLA Tlc Argentina',30,':30 Rotator','PAIDSP',42,'CAMINO DE MARIPO (R)',to_date('18/09/2014','DD/MM/RRRR'),to_date('18/09/2014','DD/MM/RRRR'),'10:00-19:00 ...T...','Poett',null,'TLCA',null,42,null,487,'dgarcia');
insert into TRANSMISSION_ORDER_LINE (TRANSMISSION_ORDER_LINE_ID,LINE_NUMBER,ORIGINAL_INVOICE_LINE,SPOT_ID,SALESCHANNELNAME,SPOT_LEGTH,SPOT_DESCRIPTION,REVENUE_TYPE,GROSS_COST,COPY_NUMBER,SCHED_AIR_DATETIME,ACTUAL_AIR_DATETIME,BOOKING_ZONE_DESCRIPTION,PRODUCT,REASON_CODE,SALES_CHANNEL_CALL_SIGN,DEL_RECONCILIATION_REASON,INVENTORY_VALUE,MAKE_GOOD_ID,TRANSMISSION_ORDER_ID,MODIFIED_BY) values (37726,22,null,35324203,'DLA Tlc Argentina',30,':30 Rotator','PAIDSP',42,'CAMINO DE MARIPO (R)',to_date('17/09/2014','DD/MM/RRRR'),to_date('17/09/2014','DD/MM/RRRR'),'10:00-19:00 ..W....','Poett',null,'TLCA',null,42,null,487,'dgarcia');
insert into TRANSMISSION_ORDER_LINE (TRANSMISSION_ORDER_LINE_ID,LINE_NUMBER,ORIGINAL_INVOICE_LINE,SPOT_ID,SALESCHANNELNAME,SPOT_LEGTH,SPOT_DESCRIPTION,REVENUE_TYPE,GROSS_COST,COPY_NUMBER,SCHED_AIR_DATETIME,ACTUAL_AIR_DATETIME,BOOKING_ZONE_DESCRIPTION,PRODUCT,REASON_CODE,SALES_CHANNEL_CALL_SIGN,DEL_RECONCILIATION_REASON,INVENTORY_VALUE,MAKE_GOOD_ID,TRANSMISSION_ORDER_ID,MODIFIED_BY) values (37727,21,null,35324199,'DLA Tlc Argentina',30,':30 Rotator','PAIDSP',42,'CAMINO DE MARIPO (R)',to_date('17/09/2014','DD/MM/RRRR'),to_date('17/09/2014','DD/MM/RRRR'),'10:00-19:00 ..W....','Poett',null,'TLCA',null,42,null,487,'dgarcia');
insert into TRANSMISSION_ORDER_LINE (TRANSMISSION_ORDER_LINE_ID,LINE_NUMBER,ORIGINAL_INVOICE_LINE,SPOT_ID,SALESCHANNELNAME,SPOT_LEGTH,SPOT_DESCRIPTION,REVENUE_TYPE,GROSS_COST,COPY_NUMBER,SCHED_AIR_DATETIME,ACTUAL_AIR_DATETIME,BOOKING_ZONE_DESCRIPTION,PRODUCT,REASON_CODE,SALES_CHANNEL_CALL_SIGN,DEL_RECONCILIATION_REASON,INVENTORY_VALUE,MAKE_GOOD_ID,TRANSMISSION_ORDER_ID,MODIFIED_BY) values (37728,20,null,35324201,'DLA Tlc Argentina',30,':30 Rotator','PAIDSP',42,'CAMINO DE MARIPO (R)',to_date('17/09/2014','DD/MM/RRRR'),to_date('17/09/2014','DD/MM/RRRR'),'10:00-19:00 ..W....','Poett',null,'TLCA',null,42,null,487,'dgarcia');
insert into TRANSMISSION_ORDER_LINE (TRANSMISSION_ORDER_LINE_ID,LINE_NUMBER,ORIGINAL_INVOICE_LINE,SPOT_ID,SALESCHANNELNAME,SPOT_LEGTH,SPOT_DESCRIPTION,REVENUE_TYPE,GROSS_COST,COPY_NUMBER,SCHED_AIR_DATETIME,ACTUAL_AIR_DATETIME,BOOKING_ZONE_DESCRIPTION,PRODUCT,REASON_CODE,SALES_CHANNEL_CALL_SIGN,DEL_RECONCILIATION_REASON,INVENTORY_VALUE,MAKE_GOOD_ID,TRANSMISSION_ORDER_ID,MODIFIED_BY) values (37729,19,null,35324200,'DLA Tlc Argentina',30,':30 Rotator','PAIDSP',42,'CAMINO DE MARIPO (R)',to_date('17/09/2014','DD/MM/RRRR'),to_date('17/09/2014','DD/MM/RRRR'),'10:00-19:00 ..W....','Poett',null,'TLCA',null,42,null,487,'dgarcia');
insert into TRANSMISSION_ORDER_LINE (TRANSMISSION_ORDER_LINE_ID,LINE_NUMBER,ORIGINAL_INVOICE_LINE,SPOT_ID,SALESCHANNELNAME,SPOT_LEGTH,SPOT_DESCRIPTION,REVENUE_TYPE,GROSS_COST,COPY_NUMBER,SCHED_AIR_DATETIME,ACTUAL_AIR_DATETIME,BOOKING_ZONE_DESCRIPTION,PRODUCT,REASON_CODE,SALES_CHANNEL_CALL_SIGN,DEL_RECONCILIATION_REASON,INVENTORY_VALUE,MAKE_GOOD_ID,TRANSMISSION_ORDER_ID,MODIFIED_BY) values (37730,18,null,35324202,'DLA Tlc Argentina',30,':30 Rotator','PAIDSP',42,'CAMINO DE MARIPO (R)',to_date('17/09/2014','DD/MM/RRRR'),to_date('17/09/2014','DD/MM/RRRR'),'10:00-19:00 ..W....','Poett',null,'TLCA',null,42,null,487,'dgarcia');
insert into TRANSMISSION_ORDER_LINE (TRANSMISSION_ORDER_LINE_ID,LINE_NUMBER,ORIGINAL_INVOICE_LINE,SPOT_ID,SALESCHANNELNAME,SPOT_LEGTH,SPOT_DESCRIPTION,REVENUE_TYPE,GROSS_COST,COPY_NUMBER,SCHED_AIR_DATETIME,ACTUAL_AIR_DATETIME,BOOKING_ZONE_DESCRIPTION,PRODUCT,REASON_CODE,SALES_CHANNEL_CALL_SIGN,DEL_RECONCILIATION_REASON,INVENTORY_VALUE,MAKE_GOOD_ID,TRANSMISSION_ORDER_ID,MODIFIED_BY) values (37731,17,null,35324193,'DLA Tlc Argentina',30,':30 Rotator','PAIDSP',42,'CAMINO DE MARIPO (R)',to_date('16/09/2014','DD/MM/RRRR'),to_date('16/09/2014','DD/MM/RRRR'),'10:00-19:00 .T.....','Poett',null,'TLCA',null,42,null,487,'dgarcia');
insert into TRANSMISSION_ORDER_LINE (TRANSMISSION_ORDER_LINE_ID,LINE_NUMBER,ORIGINAL_INVOICE_LINE,SPOT_ID,SALESCHANNELNAME,SPOT_LEGTH,SPOT_DESCRIPTION,REVENUE_TYPE,GROSS_COST,COPY_NUMBER,SCHED_AIR_DATETIME,ACTUAL_AIR_DATETIME,BOOKING_ZONE_DESCRIPTION,PRODUCT,REASON_CODE,SALES_CHANNEL_CALL_SIGN,DEL_RECONCILIATION_REASON,INVENTORY_VALUE,MAKE_GOOD_ID,TRANSMISSION_ORDER_ID,MODIFIED_BY) values (37732,16,null,35324195,'DLA Tlc Argentina',30,':30 Rotator','PAIDSP',42,'CAMINO DE MARIPO (R)',to_date('16/09/2014','DD/MM/RRRR'),to_date('16/09/2014','DD/MM/RRRR'),'10:00-19:00 .T.....','Poett',null,'TLCA',null,42,null,487,'dgarcia');
insert into TRANSMISSION_ORDER_LINE (TRANSMISSION_ORDER_LINE_ID,LINE_NUMBER,ORIGINAL_INVOICE_LINE,SPOT_ID,SALESCHANNELNAME,SPOT_LEGTH,SPOT_DESCRIPTION,REVENUE_TYPE,GROSS_COST,COPY_NUMBER,SCHED_AIR_DATETIME,ACTUAL_AIR_DATETIME,BOOKING_ZONE_DESCRIPTION,PRODUCT,REASON_CODE,SALES_CHANNEL_CALL_SIGN,DEL_RECONCILIATION_REASON,INVENTORY_VALUE,MAKE_GOOD_ID,TRANSMISSION_ORDER_ID,MODIFIED_BY) values (37733,15,null,35324197,'DLA Tlc Argentina',30,':30 Rotator','PAIDSP',42,'CAMINO DE MARIPO (R)',to_date('16/09/2014','DD/MM/RRRR'),to_date('16/09/2014','DD/MM/RRRR'),'10:00-19:00 .T.....','Poett',null,'TLCA',null,42,null,487,'dgarcia');
insert into TRANSMISSION_ORDER_LINE (TRANSMISSION_ORDER_LINE_ID,LINE_NUMBER,ORIGINAL_INVOICE_LINE,SPOT_ID,SALESCHANNELNAME,SPOT_LEGTH,SPOT_DESCRIPTION,REVENUE_TYPE,GROSS_COST,COPY_NUMBER,SCHED_AIR_DATETIME,ACTUAL_AIR_DATETIME,BOOKING_ZONE_DESCRIPTION,PRODUCT,REASON_CODE,SALES_CHANNEL_CALL_SIGN,DEL_RECONCILIATION_REASON,INVENTORY_VALUE,MAKE_GOOD_ID,TRANSMISSION_ORDER_ID,MODIFIED_BY) values (37734,14,null,35324194,'DLA Tlc Argentina',30,':30 Rotator','PAIDSP',42,'CAMINO DE MARIPO (R)',to_date('16/09/2014','DD/MM/RRRR'),to_date('16/09/2014','DD/MM/RRRR'),'10:00-19:00 .T.....','Poett',null,'TLCA',null,42,null,487,'dgarcia');
insert into TRANSMISSION_ORDER_LINE (TRANSMISSION_ORDER_LINE_ID,LINE_NUMBER,ORIGINAL_INVOICE_LINE,SPOT_ID,SALESCHANNELNAME,SPOT_LEGTH,SPOT_DESCRIPTION,REVENUE_TYPE,GROSS_COST,COPY_NUMBER,SCHED_AIR_DATETIME,ACTUAL_AIR_DATETIME,BOOKING_ZONE_DESCRIPTION,PRODUCT,REASON_CODE,SALES_CHANNEL_CALL_SIGN,DEL_RECONCILIATION_REASON,INVENTORY_VALUE,MAKE_GOOD_ID,TRANSMISSION_ORDER_ID,MODIFIED_BY) values (37735,13,null,35324198,'DLA Tlc Argentina',30,':30 Rotator','PAIDSP',42,'CAMINO DE MARIPO (R)',to_date('16/09/2014','DD/MM/RRRR'),to_date('16/09/2014','DD/MM/RRRR'),'10:00-19:00 .T.....','Poett',null,'TLCA',null,42,null,487,'dgarcia');
insert into TRANSMISSION_ORDER_LINE (TRANSMISSION_ORDER_LINE_ID,LINE_NUMBER,ORIGINAL_INVOICE_LINE,SPOT_ID,SALESCHANNELNAME,SPOT_LEGTH,SPOT_DESCRIPTION,REVENUE_TYPE,GROSS_COST,COPY_NUMBER,SCHED_AIR_DATETIME,ACTUAL_AIR_DATETIME,BOOKING_ZONE_DESCRIPTION,PRODUCT,REASON_CODE,SALES_CHANNEL_CALL_SIGN,DEL_RECONCILIATION_REASON,INVENTORY_VALUE,MAKE_GOOD_ID,TRANSMISSION_ORDER_ID,MODIFIED_BY) values (37736,12,null,35324196,'DLA Tlc Argentina',30,':30 Rotator','PAIDSP',42,'CAMINO DE MARIPO (R)',to_date('16/09/2014','DD/MM/RRRR'),to_date('16/09/2014','DD/MM/RRRR'),'10:00-19:00 .T.....','Poett',null,'TLCA',null,42,null,487,'dgarcia');
insert into TRANSMISSION_ORDER_LINE (TRANSMISSION_ORDER_LINE_ID,LINE_NUMBER,ORIGINAL_INVOICE_LINE,SPOT_ID,SALESCHANNELNAME,SPOT_LEGTH,SPOT_DESCRIPTION,REVENUE_TYPE,GROSS_COST,COPY_NUMBER,SCHED_AIR_DATETIME,ACTUAL_AIR_DATETIME,BOOKING_ZONE_DESCRIPTION,PRODUCT,REASON_CODE,SALES_CHANNEL_CALL_SIGN,DEL_RECONCILIATION_REASON,INVENTORY_VALUE,MAKE_GOOD_ID,TRANSMISSION_ORDER_ID,MODIFIED_BY) values (37737,11,null,35324189,'DLA Tlc Argentina',30,':30 Rotator','PAIDSP',42,'CAMINO DE MARIPO (R)',to_date('15/09/2014','DD/MM/RRRR'),to_date('15/09/2014','DD/MM/RRRR'),'10:00-19:00 M......','Poett',null,'TLCA',null,42,null,487,'dgarcia');
insert into TRANSMISSION_ORDER_LINE (TRANSMISSION_ORDER_LINE_ID,LINE_NUMBER,ORIGINAL_INVOICE_LINE,SPOT_ID,SALESCHANNELNAME,SPOT_LEGTH,SPOT_DESCRIPTION,REVENUE_TYPE,GROSS_COST,COPY_NUMBER,SCHED_AIR_DATETIME,ACTUAL_AIR_DATETIME,BOOKING_ZONE_DESCRIPTION,PRODUCT,REASON_CODE,SALES_CHANNEL_CALL_SIGN,DEL_RECONCILIATION_REASON,INVENTORY_VALUE,MAKE_GOOD_ID,TRANSMISSION_ORDER_ID,MODIFIED_BY) values (37738,10,null,35324190,'DLA Tlc Argentina',30,':30 Rotator','PAIDSP',42,'CAMINO DE MARIPO (R)',to_date('15/09/2014','DD/MM/RRRR'),to_date('15/09/2014','DD/MM/RRRR'),'10:00-19:00 M......','Poett',null,'TLCA',null,42,null,487,'dgarcia');
insert into TRANSMISSION_ORDER_LINE (TRANSMISSION_ORDER_LINE_ID,LINE_NUMBER,ORIGINAL_INVOICE_LINE,SPOT_ID,SALESCHANNELNAME,SPOT_LEGTH,SPOT_DESCRIPTION,REVENUE_TYPE,GROSS_COST,COPY_NUMBER,SCHED_AIR_DATETIME,ACTUAL_AIR_DATETIME,BOOKING_ZONE_DESCRIPTION,PRODUCT,REASON_CODE,SALES_CHANNEL_CALL_SIGN,DEL_RECONCILIATION_REASON,INVENTORY_VALUE,MAKE_GOOD_ID,TRANSMISSION_ORDER_ID,MODIFIED_BY) values (37739,9,null,35324192,'DLA Tlc Argentina',30,':30 Rotator','PAIDSP',42,'CAMINO DE MARIPO (R)',to_date('15/09/2014','DD/MM/RRRR'),to_date('15/09/2014','DD/MM/RRRR'),'10:00-19:00 M......','Poett',null,'TLCA',null,42,null,487,'dgarcia');
insert into TRANSMISSION_ORDER_LINE (TRANSMISSION_ORDER_LINE_ID,LINE_NUMBER,ORIGINAL_INVOICE_LINE,SPOT_ID,SALESCHANNELNAME,SPOT_LEGTH,SPOT_DESCRIPTION,REVENUE_TYPE,GROSS_COST,COPY_NUMBER,SCHED_AIR_DATETIME,ACTUAL_AIR_DATETIME,BOOKING_ZONE_DESCRIPTION,PRODUCT,REASON_CODE,SALES_CHANNEL_CALL_SIGN,DEL_RECONCILIATION_REASON,INVENTORY_VALUE,MAKE_GOOD_ID,TRANSMISSION_ORDER_ID,MODIFIED_BY) values (37740,8,null,35324188,'DLA Tlc Argentina',30,':30 Rotator','PAIDSP',42,'CAMINO DE MARIPO (R)',to_date('15/09/2014','DD/MM/RRRR'),to_date('15/09/2014','DD/MM/RRRR'),'10:00-19:00 M......','Poett',null,'TLCA',null,42,null,487,'dgarcia');
insert into TRANSMISSION_ORDER_LINE (TRANSMISSION_ORDER_LINE_ID,LINE_NUMBER,ORIGINAL_INVOICE_LINE,SPOT_ID,SALESCHANNELNAME,SPOT_LEGTH,SPOT_DESCRIPTION,REVENUE_TYPE,GROSS_COST,COPY_NUMBER,SCHED_AIR_DATETIME,ACTUAL_AIR_DATETIME,BOOKING_ZONE_DESCRIPTION,PRODUCT,REASON_CODE,SALES_CHANNEL_CALL_SIGN,DEL_RECONCILIATION_REASON,INVENTORY_VALUE,MAKE_GOOD_ID,TRANSMISSION_ORDER_ID,MODIFIED_BY) values (37741,7,null,35324191,'DLA Tlc Argentina',30,':30 Rotator','PAIDSP',42,'CAMINO DE MARIPO (R)',to_date('15/09/2014','DD/MM/RRRR'),to_date('15/09/2014','DD/MM/RRRR'),'10:00-19:00 M......','Poett',null,'TLCA',null,42,null,487,'dgarcia');
insert into TRANSMISSION_ORDER_LINE (TRANSMISSION_ORDER_LINE_ID,LINE_NUMBER,ORIGINAL_INVOICE_LINE,SPOT_ID,SALESCHANNELNAME,SPOT_LEGTH,SPOT_DESCRIPTION,REVENUE_TYPE,GROSS_COST,COPY_NUMBER,SCHED_AIR_DATETIME,ACTUAL_AIR_DATETIME,BOOKING_ZONE_DESCRIPTION,PRODUCT,REASON_CODE,SALES_CHANNEL_CALL_SIGN,DEL_RECONCILIATION_REASON,INVENTORY_VALUE,MAKE_GOOD_ID,TRANSMISSION_ORDER_ID,MODIFIED_BY) values (37742,6,null,35324086,'DLA Tlc Argentina',30,':30 Rotator','PAIDSP',42,'CAMINO DE MARIPO (R)',to_date('14/09/2014','DD/MM/RRRR'),to_date('14/09/2014','DD/MM/RRRR'),'10:00-19:00 ......S','Poett',null,'TLCA',null,42,null,487,'dgarcia');
insert into TRANSMISSION_ORDER_LINE (TRANSMISSION_ORDER_LINE_ID,LINE_NUMBER,ORIGINAL_INVOICE_LINE,SPOT_ID,SALESCHANNELNAME,SPOT_LEGTH,SPOT_DESCRIPTION,REVENUE_TYPE,GROSS_COST,COPY_NUMBER,SCHED_AIR_DATETIME,ACTUAL_AIR_DATETIME,BOOKING_ZONE_DESCRIPTION,PRODUCT,REASON_CODE,SALES_CHANNEL_CALL_SIGN,DEL_RECONCILIATION_REASON,INVENTORY_VALUE,MAKE_GOOD_ID,TRANSMISSION_ORDER_ID,MODIFIED_BY) values (37743,5,null,35324084,'DLA Tlc Argentina',30,':30 Rotator','PAIDSP',42,'CAMINO DE MARIPO (R)',to_date('14/09/2014','DD/MM/RRRR'),to_date('14/09/2014','DD/MM/RRRR'),'10:00-19:00 ......S','Poett',null,'TLCA',null,42,null,487,'dgarcia');
insert into TRANSMISSION_ORDER_LINE (TRANSMISSION_ORDER_LINE_ID,LINE_NUMBER,ORIGINAL_INVOICE_LINE,SPOT_ID,SALESCHANNELNAME,SPOT_LEGTH,SPOT_DESCRIPTION,REVENUE_TYPE,GROSS_COST,COPY_NUMBER,SCHED_AIR_DATETIME,ACTUAL_AIR_DATETIME,BOOKING_ZONE_DESCRIPTION,PRODUCT,REASON_CODE,SALES_CHANNEL_CALL_SIGN,DEL_RECONCILIATION_REASON,INVENTORY_VALUE,MAKE_GOOD_ID,TRANSMISSION_ORDER_ID,MODIFIED_BY) values (37744,4,null,35324088,'DLA Tlc Argentina',30,':30 Rotator','PAIDSP',42,'CAMINO DE MARIPO (R)',to_date('14/09/2014','DD/MM/RRRR'),to_date('14/09/2014','DD/MM/RRRR'),'10:00-19:00 ......S','Poett',null,'TLCA',null,42,null,487,'dgarcia');
insert into TRANSMISSION_ORDER_LINE (TRANSMISSION_ORDER_LINE_ID,LINE_NUMBER,ORIGINAL_INVOICE_LINE,SPOT_ID,SALESCHANNELNAME,SPOT_LEGTH,SPOT_DESCRIPTION,REVENUE_TYPE,GROSS_COST,COPY_NUMBER,SCHED_AIR_DATETIME,ACTUAL_AIR_DATETIME,BOOKING_ZONE_DESCRIPTION,PRODUCT,REASON_CODE,SALES_CHANNEL_CALL_SIGN,DEL_RECONCILIATION_REASON,INVENTORY_VALUE,MAKE_GOOD_ID,TRANSMISSION_ORDER_ID,MODIFIED_BY) values (37745,3,null,35324085,'DLA Tlc Argentina',30,':30 Rotator','PAIDSP',42,'CAMINO DE MARIPO (R)',to_date('14/09/2014','DD/MM/RRRR'),to_date('14/09/2014','DD/MM/RRRR'),'10:00-19:00 ......S','Poett',null,'TLCA',null,42,null,487,'dgarcia');
insert into TRANSMISSION_ORDER_LINE (TRANSMISSION_ORDER_LINE_ID,LINE_NUMBER,ORIGINAL_INVOICE_LINE,SPOT_ID,SALESCHANNELNAME,SPOT_LEGTH,SPOT_DESCRIPTION,REVENUE_TYPE,GROSS_COST,COPY_NUMBER,SCHED_AIR_DATETIME,ACTUAL_AIR_DATETIME,BOOKING_ZONE_DESCRIPTION,PRODUCT,REASON_CODE,SALES_CHANNEL_CALL_SIGN,DEL_RECONCILIATION_REASON,INVENTORY_VALUE,MAKE_GOOD_ID,TRANSMISSION_ORDER_ID,MODIFIED_BY) values (37746,2,null,35324087,'DLA Tlc Argentina',30,':30 Rotator','PAIDSP',42,'CAMINO DE MARIPO (R)',to_date('14/09/2014','DD/MM/RRRR'),to_date('14/09/2014','DD/MM/RRRR'),'10:00-19:00 ......S','Poett',null,'TLCA',null,42,null,487,'dgarcia');
insert into TRANSMISSION_ORDER_LINE (TRANSMISSION_ORDER_LINE_ID,LINE_NUMBER,ORIGINAL_INVOICE_LINE,SPOT_ID,SALESCHANNELNAME,SPOT_LEGTH,SPOT_DESCRIPTION,REVENUE_TYPE,GROSS_COST,COPY_NUMBER,SCHED_AIR_DATETIME,ACTUAL_AIR_DATETIME,BOOKING_ZONE_DESCRIPTION,PRODUCT,REASON_CODE,SALES_CHANNEL_CALL_SIGN,DEL_RECONCILIATION_REASON,INVENTORY_VALUE,MAKE_GOOD_ID,TRANSMISSION_ORDER_ID,MODIFIED_BY) values (37747,1,null,35324083,'DLA Tlc Argentina',30,':30 Rotator','PAIDSP',42,'CAMINO DE MARIPO (R)',to_date('14/09/2014','DD/MM/RRRR'),to_date('14/09/2014','DD/MM/RRRR'),'10:00-19:00 ......S','Poett',null,'TLCA',null,42,null,487,'dgarcia');
insert into TRANSMISSION_ORDER_LINE (TRANSMISSION_ORDER_LINE_ID,LINE_NUMBER,ORIGINAL_INVOICE_LINE,SPOT_ID,SALESCHANNELNAME,SPOT_LEGTH,SPOT_DESCRIPTION,REVENUE_TYPE,GROSS_COST,COPY_NUMBER,SCHED_AIR_DATETIME,ACTUAL_AIR_DATETIME,BOOKING_ZONE_DESCRIPTION,PRODUCT,REASON_CODE,SALES_CHANNEL_CALL_SIGN,DEL_RECONCILIATION_REASON,INVENTORY_VALUE,MAKE_GOOD_ID,TRANSMISSION_ORDER_ID,MODIFIED_BY) values (37748,147,null,35324401,'DLA Disc Home Health Argentina',30,':30 Rotator','PAIDSP',123,'CAMINO DE MARIPO (R)',to_date('30/09/2014','DD/MM/RRRR'),to_date('30/09/2014','DD/MM/RRRR'),'10:00-19:00 .T.....','Poett',null,'DHAR',null,123,null,488,'dgarcia');
insert into TRANSMISSION_ORDER_LINE (TRANSMISSION_ORDER_LINE_ID,LINE_NUMBER,ORIGINAL_INVOICE_LINE,SPOT_ID,SALESCHANNELNAME,SPOT_LEGTH,SPOT_DESCRIPTION,REVENUE_TYPE,GROSS_COST,COPY_NUMBER,SCHED_AIR_DATETIME,ACTUAL_AIR_DATETIME,BOOKING_ZONE_DESCRIPTION,PRODUCT,REASON_CODE,SALES_CHANNEL_CALL_SIGN,DEL_RECONCILIATION_REASON,INVENTORY_VALUE,MAKE_GOOD_ID,TRANSMISSION_ORDER_ID,MODIFIED_BY) values (37749,146,null,35324400,'DLA Disc Home Health Argentina',30,':30 Rotator','PAIDSP',123,'CAMINO DE MARIPO (R)',to_date('30/09/2014','DD/MM/RRRR'),to_date('30/09/2014','DD/MM/RRRR'),'10:00-19:00 .T.....','Poett',null,'DHAR',null,123,null,488,'dgarcia');
insert into TRANSMISSION_ORDER_LINE (TRANSMISSION_ORDER_LINE_ID,LINE_NUMBER,ORIGINAL_INVOICE_LINE,SPOT_ID,SALESCHANNELNAME,SPOT_LEGTH,SPOT_DESCRIPTION,REVENUE_TYPE,GROSS_COST,COPY_NUMBER,SCHED_AIR_DATETIME,ACTUAL_AIR_DATETIME,BOOKING_ZONE_DESCRIPTION,PRODUCT,REASON_CODE,SALES_CHANNEL_CALL_SIGN,DEL_RECONCILIATION_REASON,INVENTORY_VALUE,MAKE_GOOD_ID,TRANSMISSION_ORDER_ID,MODIFIED_BY) values (37750,145,null,35580341,'DLA Disc Home Health Argentina',30,':30 Rotator','RECNCG',0,null,to_date('30/09/2014','DD/MM/RRRR'),to_date('30/11/2002','DD/MM/RRRR'),'00:00-02:00+10:00-24:00 MT.....','Poett',null,'DHAR','055',123,null,488,'dgarcia');
insert into TRANSMISSION_ORDER_LINE (TRANSMISSION_ORDER_LINE_ID,LINE_NUMBER,ORIGINAL_INVOICE_LINE,SPOT_ID,SALESCHANNELNAME,SPOT_LEGTH,SPOT_DESCRIPTION,REVENUE_TYPE,GROSS_COST,COPY_NUMBER,SCHED_AIR_DATETIME,ACTUAL_AIR_DATETIME,BOOKING_ZONE_DESCRIPTION,PRODUCT,REASON_CODE,SALES_CHANNEL_CALL_SIGN,DEL_RECONCILIATION_REASON,INVENTORY_VALUE,MAKE_GOOD_ID,TRANSMISSION_ORDER_ID,MODIFIED_BY) values (37751,144,null,35580340,'DLA Disc Home Health Argentina',30,':30 Rotator','RECNCG',0,null,to_date('30/09/2014','DD/MM/RRRR'),to_date('30/11/2002','DD/MM/RRRR'),'00:00-02:00+10:00-24:00 MT.....','Poett',null,'DHAR','055',123,null,488,'dgarcia');
insert into TRANSMISSION_ORDER_LINE (TRANSMISSION_ORDER_LINE_ID,LINE_NUMBER,ORIGINAL_INVOICE_LINE,SPOT_ID,SALESCHANNELNAME,SPOT_LEGTH,SPOT_DESCRIPTION,REVENUE_TYPE,GROSS_COST,COPY_NUMBER,SCHED_AIR_DATETIME,ACTUAL_AIR_DATETIME,BOOKING_ZONE_DESCRIPTION,PRODUCT,REASON_CODE,SALES_CHANNEL_CALL_SIGN,DEL_RECONCILIATION_REASON,INVENTORY_VALUE,MAKE_GOOD_ID,TRANSMISSION_ORDER_ID,MODIFIED_BY) values (37752,143,null,35580330,'DLA Disc Home Health Argentina',30,':30 Rotator','RECNCG',0,null,to_date('30/09/2014','DD/MM/RRRR'),to_date('30/11/2002','DD/MM/RRRR'),'00:00-02:00+10:00-24:00 MT.....','Poett',null,'DHAR','055',123,null,488,'dgarcia');
insert into TRANSMISSION_ORDER_LINE (TRANSMISSION_ORDER_LINE_ID,LINE_NUMBER,ORIGINAL_INVOICE_LINE,SPOT_ID,SALESCHANNELNAME,SPOT_LEGTH,SPOT_DESCRIPTION,REVENUE_TYPE,GROSS_COST,COPY_NUMBER,SCHED_AIR_DATETIME,ACTUAL_AIR_DATETIME,BOOKING_ZONE_DESCRIPTION,PRODUCT,REASON_CODE,SALES_CHANNEL_CALL_SIGN,DEL_RECONCILIATION_REASON,INVENTORY_VALUE,MAKE_GOOD_ID,TRANSMISSION_ORDER_ID,MODIFIED_BY) values (37753,142,null,35580332,'DLA Disc Home Health Argentina',30,':30 Rotator','RECNCG',0,null,to_date('30/09/2014','DD/MM/RRRR'),to_date('30/11/2002','DD/MM/RRRR'),'00:00-02:00+10:00-24:00 MT.....','Poett',null,'DHAR','055',123,null,488,'dgarcia');
insert into TRANSMISSION_ORDER_LINE (TRANSMISSION_ORDER_LINE_ID,LINE_NUMBER,ORIGINAL_INVOICE_LINE,SPOT_ID,SALESCHANNELNAME,SPOT_LEGTH,SPOT_DESCRIPTION,REVENUE_TYPE,GROSS_COST,COPY_NUMBER,SCHED_AIR_DATETIME,ACTUAL_AIR_DATETIME,BOOKING_ZONE_DESCRIPTION,PRODUCT,REASON_CODE,SALES_CHANNEL_CALL_SIGN,DEL_RECONCILIATION_REASON,INVENTORY_VALUE,MAKE_GOOD_ID,TRANSMISSION_ORDER_ID,MODIFIED_BY) values (37754,141,null,35580337,'DLA Disc Home Health Argentina',30,':30 Rotator','RECNCG',0,null,to_date('30/09/2014','DD/MM/RRRR'),to_date('30/11/2002','DD/MM/RRRR'),'00:00-02:00+10:00-24:00 MT.....','Poett',null,'DHAR','055',123,null,488,'dgarcia');
insert into TRANSMISSION_ORDER_LINE (TRANSMISSION_ORDER_LINE_ID,LINE_NUMBER,ORIGINAL_INVOICE_LINE,SPOT_ID,SALESCHANNELNAME,SPOT_LEGTH,SPOT_DESCRIPTION,REVENUE_TYPE,GROSS_COST,COPY_NUMBER,SCHED_AIR_DATETIME,ACTUAL_AIR_DATETIME,BOOKING_ZONE_DESCRIPTION,PRODUCT,REASON_CODE,SALES_CHANNEL_CALL_SIGN,DEL_RECONCILIATION_REASON,INVENTORY_VALUE,MAKE_GOOD_ID,TRANSMISSION_ORDER_ID,MODIFIED_BY) values (37755,140,null,35580336,'DLA Disc Home Health Argentina',30,':30 Rotator','RECNCG',0,null,to_date('30/09/2014','DD/MM/RRRR'),to_date('30/11/2002','DD/MM/RRRR'),'00:00-02:00+10:00-24:00 MT.....','Poett',null,'DHAR','055',123,null,488,'dgarcia');
insert into TRANSMISSION_ORDER_LINE (TRANSMISSION_ORDER_LINE_ID,LINE_NUMBER,ORIGINAL_INVOICE_LINE,SPOT_ID,SALESCHANNELNAME,SPOT_LEGTH,SPOT_DESCRIPTION,REVENUE_TYPE,GROSS_COST,COPY_NUMBER,SCHED_AIR_DATETIME,ACTUAL_AIR_DATETIME,BOOKING_ZONE_DESCRIPTION,PRODUCT,REASON_CODE,SALES_CHANNEL_CALL_SIGN,DEL_RECONCILIATION_REASON,INVENTORY_VALUE,MAKE_GOOD_ID,TRANSMISSION_ORDER_ID,MODIFIED_BY) values (37756,139,null,35324520,'DLA Disc Home Health Argentina',30,':30 Rotator','PAIDSP',165,'CAMINO DE MARIPO (R)',to_date('29/09/2014','DD/MM/RRRR'),to_date('29/09/2014','DD/MM/RRRR'),'19:00-24:00+00:00-01:00 M......','Poett',null,'DHAR',null,165,null,488,'dgarcia');
insert into TRANSMISSION_ORDER_LINE (TRANSMISSION_ORDER_LINE_ID,LINE_NUMBER,ORIGINAL_INVOICE_LINE,SPOT_ID,SALESCHANNELNAME,SPOT_LEGTH,SPOT_DESCRIPTION,REVENUE_TYPE,GROSS_COST,COPY_NUMBER,SCHED_AIR_DATETIME,ACTUAL_AIR_DATETIME,BOOKING_ZONE_DESCRIPTION,PRODUCT,REASON_CODE,SALES_CHANNEL_CALL_SIGN,DEL_RECONCILIATION_REASON,INVENTORY_VALUE,MAKE_GOOD_ID,TRANSMISSION_ORDER_ID,MODIFIED_BY) values (37757,138,null,35324518,'DLA Disc Home Health Argentina',30,':30 Rotator','PAIDSP',165,'CAMINO DE MARIPO (R)',to_date('29/09/2014','DD/MM/RRRR'),to_date('29/09/2014','DD/MM/RRRR'),'19:00-24:00+00:00-01:00 M......','Poett',null,'DHAR',null,165,null,488,'dgarcia');
insert into TRANSMISSION_ORDER_LINE (TRANSMISSION_ORDER_LINE_ID,LINE_NUMBER,ORIGINAL_INVOICE_LINE,SPOT_ID,SALESCHANNELNAME,SPOT_LEGTH,SPOT_DESCRIPTION,REVENUE_TYPE,GROSS_COST,COPY_NUMBER,SCHED_AIR_DATETIME,ACTUAL_AIR_DATETIME,BOOKING_ZONE_DESCRIPTION,PRODUCT,REASON_CODE,SALES_CHANNEL_CALL_SIGN,DEL_RECONCILIATION_REASON,INVENTORY_VALUE,MAKE_GOOD_ID,TRANSMISSION_ORDER_ID,MODIFIED_BY) values (37758,137,null,35324519,'DLA Disc Home Health Argentina',30,':30 Rotator','PAIDSP',165,'CAMINO DE MARIPO (R)',to_date('29/09/2014','DD/MM/RRRR'),to_date('29/09/2014','DD/MM/RRRR'),'19:00-24:00+00:00-01:00 M......','Poett',null,'DHAR',null,165,null,488,'dgarcia');
insert into TRANSMISSION_ORDER_LINE (TRANSMISSION_ORDER_LINE_ID,LINE_NUMBER,ORIGINAL_INVOICE_LINE,SPOT_ID,SALESCHANNELNAME,SPOT_LEGTH,SPOT_DESCRIPTION,REVENUE_TYPE,GROSS_COST,COPY_NUMBER,SCHED_AIR_DATETIME,ACTUAL_AIR_DATETIME,BOOKING_ZONE_DESCRIPTION,PRODUCT,REASON_CODE,SALES_CHANNEL_CALL_SIGN,DEL_RECONCILIATION_REASON,INVENTORY_VALUE,MAKE_GOOD_ID,TRANSMISSION_ORDER_ID,MODIFIED_BY) values (37759,136,null,35324521,'DLA Disc Home Health Argentina',30,':30 Rotator','PAIDSP',165,'CAMINO DE MARIPO (R)',to_date('29/09/2014','DD/MM/RRRR'),to_date('29/09/2014','DD/MM/RRRR'),'19:00-24:00+00:00-01:00 M......','Poett',null,'DHAR',null,165,null,488,'dgarcia');
insert into TRANSMISSION_ORDER_LINE (TRANSMISSION_ORDER_LINE_ID,LINE_NUMBER,ORIGINAL_INVOICE_LINE,SPOT_ID,SALESCHANNELNAME,SPOT_LEGTH,SPOT_DESCRIPTION,REVENUE_TYPE,GROSS_COST,COPY_NUMBER,SCHED_AIR_DATETIME,ACTUAL_AIR_DATETIME,BOOKING_ZONE_DESCRIPTION,PRODUCT,REASON_CODE,SALES_CHANNEL_CALL_SIGN,DEL_RECONCILIATION_REASON,INVENTORY_VALUE,MAKE_GOOD_ID,TRANSMISSION_ORDER_ID,MODIFIED_BY) values (37760,135,null,35580342,'DLA Disc Home Health Argentina',30,':30 Rotator','RECNCG',0,null,to_date('29/09/2014','DD/MM/RRRR'),to_date('30/11/2002','DD/MM/RRRR'),'00:00-02:00+10:00-24:00 MT.....','Poett',null,'DHAR','055',123,null,488,'dgarcia');
insert into TRANSMISSION_ORDER_LINE (TRANSMISSION_ORDER_LINE_ID,LINE_NUMBER,ORIGINAL_INVOICE_LINE,SPOT_ID,SALESCHANNELNAME,SPOT_LEGTH,SPOT_DESCRIPTION,REVENUE_TYPE,GROSS_COST,COPY_NUMBER,SCHED_AIR_DATETIME,ACTUAL_AIR_DATETIME,BOOKING_ZONE_DESCRIPTION,PRODUCT,REASON_CODE,SALES_CHANNEL_CALL_SIGN,DEL_RECONCILIATION_REASON,INVENTORY_VALUE,MAKE_GOOD_ID,TRANSMISSION_ORDER_ID,MODIFIED_BY) values (37761,134,null,35580335,'DLA Disc Home Health Argentina',30,':30 Rotator','RECNCG',0,null,to_date('29/09/2014','DD/MM/RRRR'),to_date('30/11/2002','DD/MM/RRRR'),'00:00-02:00+10:00-24:00 MT.....','Poett',null,'DHAR','055',123,null,488,'dgarcia');
insert into TRANSMISSION_ORDER_LINE (TRANSMISSION_ORDER_LINE_ID,LINE_NUMBER,ORIGINAL_INVOICE_LINE,SPOT_ID,SALESCHANNELNAME,SPOT_LEGTH,SPOT_DESCRIPTION,REVENUE_TYPE,GROSS_COST,COPY_NUMBER,SCHED_AIR_DATETIME,ACTUAL_AIR_DATETIME,BOOKING_ZONE_DESCRIPTION,PRODUCT,REASON_CODE,SALES_CHANNEL_CALL_SIGN,DEL_RECONCILIATION_REASON,INVENTORY_VALUE,MAKE_GOOD_ID,TRANSMISSION_ORDER_ID,MODIFIED_BY) values (37762,133,null,35324399,'DLA Disc Home Health Argentina',30,':30 Rotator','RECNCG',0,null,to_date('29/09/2014','DD/MM/RRRR'),to_date('30/11/2002','DD/MM/RRRR'),'10:00-19:00 M......','Poett',null,'DHAR','055',123,null,488,'dgarcia');
insert into TRANSMISSION_ORDER_LINE (TRANSMISSION_ORDER_LINE_ID,LINE_NUMBER,ORIGINAL_INVOICE_LINE,SPOT_ID,SALESCHANNELNAME,SPOT_LEGTH,SPOT_DESCRIPTION,REVENUE_TYPE,GROSS_COST,COPY_NUMBER,SCHED_AIR_DATETIME,ACTUAL_AIR_DATETIME,BOOKING_ZONE_DESCRIPTION,PRODUCT,REASON_CODE,SALES_CHANNEL_CALL_SIGN,DEL_RECONCILIATION_REASON,INVENTORY_VALUE,MAKE_GOOD_ID,TRANSMISSION_ORDER_ID,MODIFIED_BY) values (37763,132,null,35580333,'DLA Disc Home Health Argentina',30,':30 Rotator','RECNCG',0,null,to_date('29/09/2014','DD/MM/RRRR'),to_date('30/11/2002','DD/MM/RRRR'),'00:00-02:00+10:00-24:00 MT.....','Poett',null,'DHAR','055',123,null,488,'dgarcia');
insert into TRANSMISSION_ORDER_LINE (TRANSMISSION_ORDER_LINE_ID,LINE_NUMBER,ORIGINAL_INVOICE_LINE,SPOT_ID,SALESCHANNELNAME,SPOT_LEGTH,SPOT_DESCRIPTION,REVENUE_TYPE,GROSS_COST,COPY_NUMBER,SCHED_AIR_DATETIME,ACTUAL_AIR_DATETIME,BOOKING_ZONE_DESCRIPTION,PRODUCT,REASON_CODE,SALES_CHANNEL_CALL_SIGN,DEL_RECONCILIATION_REASON,INVENTORY_VALUE,MAKE_GOOD_ID,TRANSMISSION_ORDER_ID,MODIFIED_BY) values (37764,131,null,35580339,'DLA Disc Home Health Argentina',30,':30 Rotator','RECNCG',0,null,to_date('29/09/2014','DD/MM/RRRR'),to_date('30/11/2002','DD/MM/RRRR'),'00:00-02:00+10:00-24:00 MT.....','Poett',null,'DHAR','055',123,null,488,'dgarcia');
insert into TRANSMISSION_ORDER_LINE (TRANSMISSION_ORDER_LINE_ID,LINE_NUMBER,ORIGINAL_INVOICE_LINE,SPOT_ID,SALESCHANNELNAME,SPOT_LEGTH,SPOT_DESCRIPTION,REVENUE_TYPE,GROSS_COST,COPY_NUMBER,SCHED_AIR_DATETIME,ACTUAL_AIR_DATETIME,BOOKING_ZONE_DESCRIPTION,PRODUCT,REASON_CODE,SALES_CHANNEL_CALL_SIGN,DEL_RECONCILIATION_REASON,INVENTORY_VALUE,MAKE_GOOD_ID,TRANSMISSION_ORDER_ID,MODIFIED_BY) values (37765,130,null,35580331,'DLA Disc Home Health Argentina',30,':30 Rotator','RECNCG',0,null,to_date('29/09/2014','DD/MM/RRRR'),to_date('30/11/2002','DD/MM/RRRR'),'00:00-02:00+10:00-24:00 MT.....','Poett',null,'DHAR','055',123,null,488,'dgarcia');
insert into TRANSMISSION_ORDER_LINE (TRANSMISSION_ORDER_LINE_ID,LINE_NUMBER,ORIGINAL_INVOICE_LINE,SPOT_ID,SALESCHANNELNAME,SPOT_LEGTH,SPOT_DESCRIPTION,REVENUE_TYPE,GROSS_COST,COPY_NUMBER,SCHED_AIR_DATETIME,ACTUAL_AIR_DATETIME,BOOKING_ZONE_DESCRIPTION,PRODUCT,REASON_CODE,SALES_CHANNEL_CALL_SIGN,DEL_RECONCILIATION_REASON,INVENTORY_VALUE,MAKE_GOOD_ID,TRANSMISSION_ORDER_ID,MODIFIED_BY) values (37766,129,null,35324398,'DLA Disc Home Health Argentina',30,':30 Rotator','RECNCG',0,null,to_date('29/09/2014','DD/MM/RRRR'),to_date('30/11/2002','DD/MM/RRRR'),'10:00-19:00 M......','Poett',null,'DHAR','055',123,null,488,'dgarcia');
insert into TRANSMISSION_ORDER_LINE (TRANSMISSION_ORDER_LINE_ID,LINE_NUMBER,ORIGINAL_INVOICE_LINE,SPOT_ID,SALESCHANNELNAME,SPOT_LEGTH,SPOT_DESCRIPTION,REVENUE_TYPE,GROSS_COST,COPY_NUMBER,SCHED_AIR_DATETIME,ACTUAL_AIR_DATETIME,BOOKING_ZONE_DESCRIPTION,PRODUCT,REASON_CODE,SALES_CHANNEL_CALL_SIGN,DEL_RECONCILIATION_REASON,INVENTORY_VALUE,MAKE_GOOD_ID,TRANSMISSION_ORDER_ID,MODIFIED_BY) values (37562,186,null,35574546,'DLA Tlc Argentina',30,':30 Rotator','PAIDSP',42,'CAMINO DE MARIPO (R)',to_date('30/09/2014','DD/MM/RRRR'),to_date('30/09/2014','DD/MM/RRRR'),'10:00-19:00 .T.....','Poett',null,'TLCA',null,42,null,487,'dgarcia');
insert into TRANSMISSION_ORDER_LINE (TRANSMISSION_ORDER_LINE_ID,LINE_NUMBER,ORIGINAL_INVOICE_LINE,SPOT_ID,SALESCHANNELNAME,SPOT_LEGTH,SPOT_DESCRIPTION,REVENUE_TYPE,GROSS_COST,COPY_NUMBER,SCHED_AIR_DATETIME,ACTUAL_AIR_DATETIME,BOOKING_ZONE_DESCRIPTION,PRODUCT,REASON_CODE,SALES_CHANNEL_CALL_SIGN,DEL_RECONCILIATION_REASON,INVENTORY_VALUE,MAKE_GOOD_ID,TRANSMISSION_ORDER_ID,MODIFIED_BY) values (37563,185,null,35574533,'DLA Tlc Argentina',30,':30 Rotator','PAIDSP',42,'CAMINO DE MARIPO (R)',to_date('30/09/2014','DD/MM/RRRR'),to_date('30/09/2014','DD/MM/RRRR'),'10:00-19:00 .T.....','Poett',null,'TLCA',null,42,null,487,'dgarcia');
insert into TRANSMISSION_ORDER_LINE (TRANSMISSION_ORDER_LINE_ID,LINE_NUMBER,ORIGINAL_INVOICE_LINE,SPOT_ID,SALESCHANNELNAME,SPOT_LEGTH,SPOT_DESCRIPTION,REVENUE_TYPE,GROSS_COST,COPY_NUMBER,SCHED_AIR_DATETIME,ACTUAL_AIR_DATETIME,BOOKING_ZONE_DESCRIPTION,PRODUCT,REASON_CODE,SALES_CHANNEL_CALL_SIGN,DEL_RECONCILIATION_REASON,INVENTORY_VALUE,MAKE_GOOD_ID,TRANSMISSION_ORDER_ID,MODIFIED_BY) values (37564,184,null,35574543,'DLA Tlc Argentina',30,':30 Rotator','PAIDSP',42,'CAMINO DE MARIPO (R)',to_date('30/09/2014','DD/MM/RRRR'),to_date('30/09/2014','DD/MM/RRRR'),'10:00-19:00 .T.....','Poett',null,'TLCA',null,42,null,487,'dgarcia');
insert into TRANSMISSION_ORDER_LINE (TRANSMISSION_ORDER_LINE_ID,LINE_NUMBER,ORIGINAL_INVOICE_LINE,SPOT_ID,SALESCHANNELNAME,SPOT_LEGTH,SPOT_DESCRIPTION,REVENUE_TYPE,GROSS_COST,COPY_NUMBER,SCHED_AIR_DATETIME,ACTUAL_AIR_DATETIME,BOOKING_ZONE_DESCRIPTION,PRODUCT,REASON_CODE,SALES_CHANNEL_CALL_SIGN,DEL_RECONCILIATION_REASON,INVENTORY_VALUE,MAKE_GOOD_ID,TRANSMISSION_ORDER_ID,MODIFIED_BY) values (37565,183,null,35574552,'DLA Tlc Argentina',30,':30 Rotator','PAIDSP',42,'CAMINO DE MARIPO (R)',to_date('30/09/2014','DD/MM/RRRR'),to_date('30/09/2014','DD/MM/RRRR'),'10:00-19:00 .T.....','Poett',null,'TLCA',null,42,null,487,'dgarcia');
insert into TRANSMISSION_ORDER_LINE (TRANSMISSION_ORDER_LINE_ID,LINE_NUMBER,ORIGINAL_INVOICE_LINE,SPOT_ID,SALESCHANNELNAME,SPOT_LEGTH,SPOT_DESCRIPTION,REVENUE_TYPE,GROSS_COST,COPY_NUMBER,SCHED_AIR_DATETIME,ACTUAL_AIR_DATETIME,BOOKING_ZONE_DESCRIPTION,PRODUCT,REASON_CODE,SALES_CHANNEL_CALL_SIGN,DEL_RECONCILIATION_REASON,INVENTORY_VALUE,MAKE_GOOD_ID,TRANSMISSION_ORDER_ID,MODIFIED_BY) values (37566,182,null,35579431,'DLA Tlc Argentina',30,':30 Rotator','PAIDSP',42,'CAMINO DE MARIPO (R)',to_date('30/09/2014','DD/MM/RRRR'),to_date('30/09/2014','DD/MM/RRRR'),'10:00-24:00+00:00-01:00 .T.....','Poett',null,'TLCA',null,42,null,487,'dgarcia');
insert into TRANSMISSION_ORDER_LINE (TRANSMISSION_ORDER_LINE_ID,LINE_NUMBER,ORIGINAL_INVOICE_LINE,SPOT_ID,SALESCHANNELNAME,SPOT_LEGTH,SPOT_DESCRIPTION,REVENUE_TYPE,GROSS_COST,COPY_NUMBER,SCHED_AIR_DATETIME,ACTUAL_AIR_DATETIME,BOOKING_ZONE_DESCRIPTION,PRODUCT,REASON_CODE,SALES_CHANNEL_CALL_SIGN,DEL_RECONCILIATION_REASON,INVENTORY_VALUE,MAKE_GOOD_ID,TRANSMISSION_ORDER_ID,MODIFIED_BY) values (37567,181,null,35579411,'DLA Tlc Argentina',30,':30 Rotator','PAIDSP',42,'CAMINO DE MARIPO (R)',to_date('29/09/2014','DD/MM/RRRR'),to_date('29/09/2014','DD/MM/RRRR'),'10:00-24:00+00:00-01:00 M......','Poett',null,'TLCA',null,42,null,487,'dgarcia');
insert into TRANSMISSION_ORDER_LINE (TRANSMISSION_ORDER_LINE_ID,LINE_NUMBER,ORIGINAL_INVOICE_LINE,SPOT_ID,SALESCHANNELNAME,SPOT_LEGTH,SPOT_DESCRIPTION,REVENUE_TYPE,GROSS_COST,COPY_NUMBER,SCHED_AIR_DATETIME,ACTUAL_AIR_DATETIME,BOOKING_ZONE_DESCRIPTION,PRODUCT,REASON_CODE,SALES_CHANNEL_CALL_SIGN,DEL_RECONCILIATION_REASON,INVENTORY_VALUE,MAKE_GOOD_ID,TRANSMISSION_ORDER_ID,MODIFIED_BY) values (37568,180,null,35579421,'DLA Tlc Argentina',30,':30 Rotator','PAIDSP',42,'CAMINO DE MARIPO (R)',to_date('29/09/2014','DD/MM/RRRR'),to_date('29/09/2014','DD/MM/RRRR'),'10:00-24:00+00:00-01:00 M......','Poett',null,'TLCA',null,42,null,487,'dgarcia');
insert into TRANSMISSION_ORDER_LINE (TRANSMISSION_ORDER_LINE_ID,LINE_NUMBER,ORIGINAL_INVOICE_LINE,SPOT_ID,SALESCHANNELNAME,SPOT_LEGTH,SPOT_DESCRIPTION,REVENUE_TYPE,GROSS_COST,COPY_NUMBER,SCHED_AIR_DATETIME,ACTUAL_AIR_DATETIME,BOOKING_ZONE_DESCRIPTION,PRODUCT,REASON_CODE,SALES_CHANNEL_CALL_SIGN,DEL_RECONCILIATION_REASON,INVENTORY_VALUE,MAKE_GOOD_ID,TRANSMISSION_ORDER_ID,MODIFIED_BY) values (37569,179,null,35579414,'DLA Tlc Argentina',30,':30 Rotator','PAIDSP',42,'CAMINO DE MARIPO (R)',to_date('29/09/2014','DD/MM/RRRR'),to_date('29/09/2014','DD/MM/RRRR'),'10:00-24:00+00:00-01:00 M......','Poett',null,'TLCA',null,42,null,487,'dgarcia');
insert into TRANSMISSION_ORDER_LINE (TRANSMISSION_ORDER_LINE_ID,LINE_NUMBER,ORIGINAL_INVOICE_LINE,SPOT_ID,SALESCHANNELNAME,SPOT_LEGTH,SPOT_DESCRIPTION,REVENUE_TYPE,GROSS_COST,COPY_NUMBER,SCHED_AIR_DATETIME,ACTUAL_AIR_DATETIME,BOOKING_ZONE_DESCRIPTION,PRODUCT,REASON_CODE,SALES_CHANNEL_CALL_SIGN,DEL_RECONCILIATION_REASON,INVENTORY_VALUE,MAKE_GOOD_ID,TRANSMISSION_ORDER_ID,MODIFIED_BY) values (37570,178,null,35579418,'DLA Tlc Argentina',30,':30 Rotator','PAIDSP',42,'CAMINO DE MARIPO (R)',to_date('29/09/2014','DD/MM/RRRR'),to_date('29/09/2014','DD/MM/RRRR'),'10:00-24:00+00:00-01:00 M......','Poett',null,'TLCA',null,42,null,487,'dgarcia');
insert into TRANSMISSION_ORDER_LINE (TRANSMISSION_ORDER_LINE_ID,LINE_NUMBER,ORIGINAL_INVOICE_LINE,SPOT_ID,SALESCHANNELNAME,SPOT_LEGTH,SPOT_DESCRIPTION,REVENUE_TYPE,GROSS_COST,COPY_NUMBER,SCHED_AIR_DATETIME,ACTUAL_AIR_DATETIME,BOOKING_ZONE_DESCRIPTION,PRODUCT,REASON_CODE,SALES_CHANNEL_CALL_SIGN,DEL_RECONCILIATION_REASON,INVENTORY_VALUE,MAKE_GOOD_ID,TRANSMISSION_ORDER_ID,MODIFIED_BY) values (37571,177,null,35579408,'DLA Tlc Argentina',30,':30 Rotator','PAIDSP',42,'CAMINO DE MARIPO (R)',to_date('29/09/2014','DD/MM/RRRR'),to_date('29/09/2014','DD/MM/RRRR'),'10:00-24:00+00:00-01:00 M......','Poett',null,'TLCA',null,42,null,487,'dgarcia');
insert into TRANSMISSION_ORDER_LINE (TRANSMISSION_ORDER_LINE_ID,LINE_NUMBER,ORIGINAL_INVOICE_LINE,SPOT_ID,SALESCHANNELNAME,SPOT_LEGTH,SPOT_DESCRIPTION,REVENUE_TYPE,GROSS_COST,COPY_NUMBER,SCHED_AIR_DATETIME,ACTUAL_AIR_DATETIME,BOOKING_ZONE_DESCRIPTION,PRODUCT,REASON_CODE,SALES_CHANNEL_CALL_SIGN,DEL_RECONCILIATION_REASON,INVENTORY_VALUE,MAKE_GOOD_ID,TRANSMISSION_ORDER_ID,MODIFIED_BY) values (37572,176,null,35579413,'DLA Tlc Argentina',30,':30 Rotator','PAIDSP',42,'CAMINO DE MARIPO (R)',to_date('29/09/2014','DD/MM/RRRR'),to_date('29/09/2014','DD/MM/RRRR'),'10:00-24:00+00:00-01:00 M......','Poett',null,'TLCA',null,42,null,487,'dgarcia');
insert into TRANSMISSION_ORDER_LINE (TRANSMISSION_ORDER_LINE_ID,LINE_NUMBER,ORIGINAL_INVOICE_LINE,SPOT_ID,SALESCHANNELNAME,SPOT_LEGTH,SPOT_DESCRIPTION,REVENUE_TYPE,GROSS_COST,COPY_NUMBER,SCHED_AIR_DATETIME,ACTUAL_AIR_DATETIME,BOOKING_ZONE_DESCRIPTION,PRODUCT,REASON_CODE,SALES_CHANNEL_CALL_SIGN,DEL_RECONCILIATION_REASON,INVENTORY_VALUE,MAKE_GOOD_ID,TRANSMISSION_ORDER_ID,MODIFIED_BY) values (37573,175,null,35579419,'DLA Tlc Argentina',30,':30 Rotator','PAIDSP',42,'CAMINO DE MARIPO (R)',to_date('29/09/2014','DD/MM/RRRR'),to_date('29/09/2014','DD/MM/RRRR'),'10:00-24:00+00:00-01:00 M......','Poett',null,'TLCA',null,42,null,487,'dgarcia');
insert into TRANSMISSION_ORDER_LINE (TRANSMISSION_ORDER_LINE_ID,LINE_NUMBER,ORIGINAL_INVOICE_LINE,SPOT_ID,SALESCHANNELNAME,SPOT_LEGTH,SPOT_DESCRIPTION,REVENUE_TYPE,GROSS_COST,COPY_NUMBER,SCHED_AIR_DATETIME,ACTUAL_AIR_DATETIME,BOOKING_ZONE_DESCRIPTION,PRODUCT,REASON_CODE,SALES_CHANNEL_CALL_SIGN,DEL_RECONCILIATION_REASON,INVENTORY_VALUE,MAKE_GOOD_ID,TRANSMISSION_ORDER_ID,MODIFIED_BY) values (37574,174,null,35579410,'DLA Tlc Argentina',30,':30 Rotator','PAIDSP',42,'CAMINO DE MARIPO (R)',to_date('29/09/2014','DD/MM/RRRR'),to_date('29/09/2014','DD/MM/RRRR'),'10:00-24:00+00:00-01:00 M......','Poett',null,'TLCA',null,42,null,487,'dgarcia');
insert into TRANSMISSION_ORDER_LINE (TRANSMISSION_ORDER_LINE_ID,LINE_NUMBER,ORIGINAL_INVOICE_LINE,SPOT_ID,SALESCHANNELNAME,SPOT_LEGTH,SPOT_DESCRIPTION,REVENUE_TYPE,GROSS_COST,COPY_NUMBER,SCHED_AIR_DATETIME,ACTUAL_AIR_DATETIME,BOOKING_ZONE_DESCRIPTION,PRODUCT,REASON_CODE,SALES_CHANNEL_CALL_SIGN,DEL_RECONCILIATION_REASON,INVENTORY_VALUE,MAKE_GOOD_ID,TRANSMISSION_ORDER_ID,MODIFIED_BY) values (37575,173,null,35579417,'DLA Tlc Argentina',30,':30 Rotator','PAIDSP',42,'CAMINO DE MARIPO (R)',to_date('29/09/2014','DD/MM/RRRR'),to_date('29/09/2014','DD/MM/RRRR'),'10:00-24:00+00:00-01:00 M......','Poett',null,'TLCA',null,42,null,487,'dgarcia');
insert into TRANSMISSION_ORDER_LINE (TRANSMISSION_ORDER_LINE_ID,LINE_NUMBER,ORIGINAL_INVOICE_LINE,SPOT_ID,SALESCHANNELNAME,SPOT_LEGTH,SPOT_DESCRIPTION,REVENUE_TYPE,GROSS_COST,COPY_NUMBER,SCHED_AIR_DATETIME,ACTUAL_AIR_DATETIME,BOOKING_ZONE_DESCRIPTION,PRODUCT,REASON_CODE,SALES_CHANNEL_CALL_SIGN,DEL_RECONCILIATION_REASON,INVENTORY_VALUE,MAKE_GOOD_ID,TRANSMISSION_ORDER_ID,MODIFIED_BY) values (37576,172,null,35579415,'DLA Tlc Argentina',30,':30 Rotator','PAIDSP',42,'CAMINO DE MARIPO (R)',to_date('29/09/2014','DD/MM/RRRR'),to_date('29/09/2014','DD/MM/RRRR'),'10:00-24:00+00:00-01:00 M......','Poett',null,'TLCA',null,42,null,487,'dgarcia');
insert into TRANSMISSION_ORDER_LINE (TRANSMISSION_ORDER_LINE_ID,LINE_NUMBER,ORIGINAL_INVOICE_LINE,SPOT_ID,SALESCHANNELNAME,SPOT_LEGTH,SPOT_DESCRIPTION,REVENUE_TYPE,GROSS_COST,COPY_NUMBER,SCHED_AIR_DATETIME,ACTUAL_AIR_DATETIME,BOOKING_ZONE_DESCRIPTION,PRODUCT,REASON_CODE,SALES_CHANNEL_CALL_SIGN,DEL_RECONCILIATION_REASON,INVENTORY_VALUE,MAKE_GOOD_ID,TRANSMISSION_ORDER_ID,MODIFIED_BY) values (37577,171,null,35579409,'DLA Tlc Argentina',30,':30 Rotator','PAIDSP',42,'CAMINO DE MARIPO (R)',to_date('29/09/2014','DD/MM/RRRR'),to_date('29/09/2014','DD/MM/RRRR'),'10:00-24:00+00:00-01:00 M......','Poett',null,'TLCA',null,42,null,487,'dgarcia');
insert into TRANSMISSION_ORDER_LINE (TRANSMISSION_ORDER_LINE_ID,LINE_NUMBER,ORIGINAL_INVOICE_LINE,SPOT_ID,SALESCHANNELNAME,SPOT_LEGTH,SPOT_DESCRIPTION,REVENUE_TYPE,GROSS_COST,COPY_NUMBER,SCHED_AIR_DATETIME,ACTUAL_AIR_DATETIME,BOOKING_ZONE_DESCRIPTION,PRODUCT,REASON_CODE,SALES_CHANNEL_CALL_SIGN,DEL_RECONCILIATION_REASON,INVENTORY_VALUE,MAKE_GOOD_ID,TRANSMISSION_ORDER_ID,MODIFIED_BY) values (37578,170,null,35579412,'DLA Tlc Argentina',30,':30 Rotator','PAIDSP',42,'CAMINO DE MARIPO (R)',to_date('29/09/2014','DD/MM/RRRR'),to_date('29/09/2014','DD/MM/RRRR'),'10:00-24:00+00:00-01:00 M......','Poett',null,'TLCA',null,42,null,487,'dgarcia');
insert into TRANSMISSION_ORDER_LINE (TRANSMISSION_ORDER_LINE_ID,LINE_NUMBER,ORIGINAL_INVOICE_LINE,SPOT_ID,SALESCHANNELNAME,SPOT_LEGTH,SPOT_DESCRIPTION,REVENUE_TYPE,GROSS_COST,COPY_NUMBER,SCHED_AIR_DATETIME,ACTUAL_AIR_DATETIME,BOOKING_ZONE_DESCRIPTION,PRODUCT,REASON_CODE,SALES_CHANNEL_CALL_SIGN,DEL_RECONCILIATION_REASON,INVENTORY_VALUE,MAKE_GOOD_ID,TRANSMISSION_ORDER_ID,MODIFIED_BY) values (37579,169,null,35579420,'DLA Tlc Argentina',30,':30 Rotator','PAIDSP',42,'CAMINO DE MARIPO (R)',to_date('29/09/2014','DD/MM/RRRR'),to_date('29/09/2014','DD/MM/RRRR'),'10:00-24:00+00:00-01:00 M......','Poett',null,'TLCA',null,42,null,487,'dgarcia');
insert into TRANSMISSION_ORDER_LINE (TRANSMISSION_ORDER_LINE_ID,LINE_NUMBER,ORIGINAL_INVOICE_LINE,SPOT_ID,SALESCHANNELNAME,SPOT_LEGTH,SPOT_DESCRIPTION,REVENUE_TYPE,GROSS_COST,COPY_NUMBER,SCHED_AIR_DATETIME,ACTUAL_AIR_DATETIME,BOOKING_ZONE_DESCRIPTION,PRODUCT,REASON_CODE,SALES_CHANNEL_CALL_SIGN,DEL_RECONCILIATION_REASON,INVENTORY_VALUE,MAKE_GOOD_ID,TRANSMISSION_ORDER_ID,MODIFIED_BY) values (37580,168,null,35579416,'DLA Tlc Argentina',30,':30 Rotator','PAIDSP',42,'CAMINO DE MARIPO (R)',to_date('29/09/2014','DD/MM/RRRR'),to_date('29/09/2014','DD/MM/RRRR'),'10:00-24:00+00:00-01:00 M......','Poett',null,'TLCA',null,42,null,487,'dgarcia');
insert into TRANSMISSION_ORDER_LINE (TRANSMISSION_ORDER_LINE_ID,LINE_NUMBER,ORIGINAL_INVOICE_LINE,SPOT_ID,SALESCHANNELNAME,SPOT_LEGTH,SPOT_DESCRIPTION,REVENUE_TYPE,GROSS_COST,COPY_NUMBER,SCHED_AIR_DATETIME,ACTUAL_AIR_DATETIME,BOOKING_ZONE_DESCRIPTION,PRODUCT,REASON_CODE,SALES_CHANNEL_CALL_SIGN,DEL_RECONCILIATION_REASON,INVENTORY_VALUE,MAKE_GOOD_ID,TRANSMISSION_ORDER_ID,MODIFIED_BY) values (37581,167,null,35574509,'DLA Tlc Argentina',30,':30 Rotator','PAIDSP',42,'CAMINO DE MARIPO (R)',to_date('29/09/2014','DD/MM/RRRR'),to_date('29/09/2014','DD/MM/RRRR'),'10:00-19:00 M......','Poett',null,'TLCA',null,42,null,487,'dgarcia');
insert into TRANSMISSION_ORDER_LINE (TRANSMISSION_ORDER_LINE_ID,LINE_NUMBER,ORIGINAL_INVOICE_LINE,SPOT_ID,SALESCHANNELNAME,SPOT_LEGTH,SPOT_DESCRIPTION,REVENUE_TYPE,GROSS_COST,COPY_NUMBER,SCHED_AIR_DATETIME,ACTUAL_AIR_DATETIME,BOOKING_ZONE_DESCRIPTION,PRODUCT,REASON_CODE,SALES_CHANNEL_CALL_SIGN,DEL_RECONCILIATION_REASON,INVENTORY_VALUE,MAKE_GOOD_ID,TRANSMISSION_ORDER_ID,MODIFIED_BY) values (37582,166,null,35574527,'DLA Tlc Argentina',30,':30 Rotator','PAIDSP',42,'CAMINO DE MARIPO (R)',to_date('29/09/2014','DD/MM/RRRR'),to_date('29/09/2014','DD/MM/RRRR'),'10:00-19:00 M......','Poett',null,'TLCA',null,42,null,487,'dgarcia');
insert into TRANSMISSION_ORDER_LINE (TRANSMISSION_ORDER_LINE_ID,LINE_NUMBER,ORIGINAL_INVOICE_LINE,SPOT_ID,SALESCHANNELNAME,SPOT_LEGTH,SPOT_DESCRIPTION,REVENUE_TYPE,GROSS_COST,COPY_NUMBER,SCHED_AIR_DATETIME,ACTUAL_AIR_DATETIME,BOOKING_ZONE_DESCRIPTION,PRODUCT,REASON_CODE,SALES_CHANNEL_CALL_SIGN,DEL_RECONCILIATION_REASON,INVENTORY_VALUE,MAKE_GOOD_ID,TRANSMISSION_ORDER_ID,MODIFIED_BY) values (37583,165,null,35574518,'DLA Tlc Argentina',30,':30 Rotator','PAIDSP',42,'CAMINO DE MARIPO (R)',to_date('29/09/2014','DD/MM/RRRR'),to_date('29/09/2014','DD/MM/RRRR'),'10:00-19:00 M......','Poett',null,'TLCA',null,42,null,487,'dgarcia');
insert into TRANSMISSION_ORDER_LINE (TRANSMISSION_ORDER_LINE_ID,LINE_NUMBER,ORIGINAL_INVOICE_LINE,SPOT_ID,SALESCHANNELNAME,SPOT_LEGTH,SPOT_DESCRIPTION,REVENUE_TYPE,GROSS_COST,COPY_NUMBER,SCHED_AIR_DATETIME,ACTUAL_AIR_DATETIME,BOOKING_ZONE_DESCRIPTION,PRODUCT,REASON_CODE,SALES_CHANNEL_CALL_SIGN,DEL_RECONCILIATION_REASON,INVENTORY_VALUE,MAKE_GOOD_ID,TRANSMISSION_ORDER_ID,MODIFIED_BY) values (37584,164,null,35574514,'DLA Tlc Argentina',30,':30 Rotator','PAIDSP',42,'CAMINO DE MARIPO (R)',to_date('29/09/2014','DD/MM/RRRR'),to_date('29/09/2014','DD/MM/RRRR'),'10:00-19:00 M......','Poett',null,'TLCA',null,42,null,487,'dgarcia');
insert into TRANSMISSION_ORDER_LINE (TRANSMISSION_ORDER_LINE_ID,LINE_NUMBER,ORIGINAL_INVOICE_LINE,SPOT_ID,SALESCHANNELNAME,SPOT_LEGTH,SPOT_DESCRIPTION,REVENUE_TYPE,GROSS_COST,COPY_NUMBER,SCHED_AIR_DATETIME,ACTUAL_AIR_DATETIME,BOOKING_ZONE_DESCRIPTION,PRODUCT,REASON_CODE,SALES_CHANNEL_CALL_SIGN,DEL_RECONCILIATION_REASON,INVENTORY_VALUE,MAKE_GOOD_ID,TRANSMISSION_ORDER_ID,MODIFIED_BY) values (37585,163,null,35574515,'DLA Tlc Argentina',30,':30 Rotator','PAIDSP',42,'CAMINO DE MARIPO (R)',to_date('29/09/2014','DD/MM/RRRR'),to_date('29/09/2014','DD/MM/RRRR'),'10:00-19:00 M......','Poett',null,'TLCA',null,42,null,487,'dgarcia');
insert into TRANSMISSION_ORDER_LINE (TRANSMISSION_ORDER_LINE_ID,LINE_NUMBER,ORIGINAL_INVOICE_LINE,SPOT_ID,SALESCHANNELNAME,SPOT_LEGTH,SPOT_DESCRIPTION,REVENUE_TYPE,GROSS_COST,COPY_NUMBER,SCHED_AIR_DATETIME,ACTUAL_AIR_DATETIME,BOOKING_ZONE_DESCRIPTION,PRODUCT,REASON_CODE,SALES_CHANNEL_CALL_SIGN,DEL_RECONCILIATION_REASON,INVENTORY_VALUE,MAKE_GOOD_ID,TRANSMISSION_ORDER_ID,MODIFIED_BY) values (37586,162,null,35574529,'DLA Tlc Argentina',30,':30 Rotator','PAIDSP',42,'CAMINO DE MARIPO (R)',to_date('29/09/2014','DD/MM/RRRR'),to_date('29/09/2014','DD/MM/RRRR'),'10:00-19:00 M......','Poett',null,'TLCA',null,42,null,487,'dgarcia');
insert into TRANSMISSION_ORDER_LINE (TRANSMISSION_ORDER_LINE_ID,LINE_NUMBER,ORIGINAL_INVOICE_LINE,SPOT_ID,SALESCHANNELNAME,SPOT_LEGTH,SPOT_DESCRIPTION,REVENUE_TYPE,GROSS_COST,COPY_NUMBER,SCHED_AIR_DATETIME,ACTUAL_AIR_DATETIME,BOOKING_ZONE_DESCRIPTION,PRODUCT,REASON_CODE,SALES_CHANNEL_CALL_SIGN,DEL_RECONCILIATION_REASON,INVENTORY_VALUE,MAKE_GOOD_ID,TRANSMISSION_ORDER_ID,MODIFIED_BY) values (37587,161,null,35574520,'DLA Tlc Argentina',30,':30 Rotator','PAIDSP',42,'CAMINO DE MARIPO (R)',to_date('29/09/2014','DD/MM/RRRR'),to_date('29/09/2014','DD/MM/RRRR'),'10:00-19:00 M......','Poett',null,'TLCA',null,42,null,487,'dgarcia');
insert into TRANSMISSION_ORDER_LINE (TRANSMISSION_ORDER_LINE_ID,LINE_NUMBER,ORIGINAL_INVOICE_LINE,SPOT_ID,SALESCHANNELNAME,SPOT_LEGTH,SPOT_DESCRIPTION,REVENUE_TYPE,GROSS_COST,COPY_NUMBER,SCHED_AIR_DATETIME,ACTUAL_AIR_DATETIME,BOOKING_ZONE_DESCRIPTION,PRODUCT,REASON_CODE,SALES_CHANNEL_CALL_SIGN,DEL_RECONCILIATION_REASON,INVENTORY_VALUE,MAKE_GOOD_ID,TRANSMISSION_ORDER_ID,MODIFIED_BY) values (37588,160,null,35574512,'DLA Tlc Argentina',30,':30 Rotator','PAIDSP',42,'CAMINO DE MARIPO (R)',to_date('29/09/2014','DD/MM/RRRR'),to_date('29/09/2014','DD/MM/RRRR'),'10:00-19:00 M......','Poett',null,'TLCA',null,42,null,487,'dgarcia');
insert into TRANSMISSION_ORDER_LINE (TRANSMISSION_ORDER_LINE_ID,LINE_NUMBER,ORIGINAL_INVOICE_LINE,SPOT_ID,SALESCHANNELNAME,SPOT_LEGTH,SPOT_DESCRIPTION,REVENUE_TYPE,GROSS_COST,COPY_NUMBER,SCHED_AIR_DATETIME,ACTUAL_AIR_DATETIME,BOOKING_ZONE_DESCRIPTION,PRODUCT,REASON_CODE,SALES_CHANNEL_CALL_SIGN,DEL_RECONCILIATION_REASON,INVENTORY_VALUE,MAKE_GOOD_ID,TRANSMISSION_ORDER_ID,MODIFIED_BY) values (37589,159,null,35574525,'DLA Tlc Argentina',30,':30 Rotator','PAIDSP',42,'CAMINO DE MARIPO (R)',to_date('29/09/2014','DD/MM/RRRR'),to_date('29/09/2014','DD/MM/RRRR'),'10:00-19:00 M......','Poett',null,'TLCA',null,42,null,487,'dgarcia');
insert into TRANSMISSION_ORDER_LINE (TRANSMISSION_ORDER_LINE_ID,LINE_NUMBER,ORIGINAL_INVOICE_LINE,SPOT_ID,SALESCHANNELNAME,SPOT_LEGTH,SPOT_DESCRIPTION,REVENUE_TYPE,GROSS_COST,COPY_NUMBER,SCHED_AIR_DATETIME,ACTUAL_AIR_DATETIME,BOOKING_ZONE_DESCRIPTION,PRODUCT,REASON_CODE,SALES_CHANNEL_CALL_SIGN,DEL_RECONCILIATION_REASON,INVENTORY_VALUE,MAKE_GOOD_ID,TRANSMISSION_ORDER_ID,MODIFIED_BY) values (37590,158,null,35574519,'DLA Tlc Argentina',30,':30 Rotator','PAIDSP',42,'CAMINO DE MARIPO (R)',to_date('29/09/2014','DD/MM/RRRR'),to_date('29/09/2014','DD/MM/RRRR'),'10:00-19:00 M......','Poett',null,'TLCA',null,42,null,487,'dgarcia');
insert into TRANSMISSION_ORDER_LINE (TRANSMISSION_ORDER_LINE_ID,LINE_NUMBER,ORIGINAL_INVOICE_LINE,SPOT_ID,SALESCHANNELNAME,SPOT_LEGTH,SPOT_DESCRIPTION,REVENUE_TYPE,GROSS_COST,COPY_NUMBER,SCHED_AIR_DATETIME,ACTUAL_AIR_DATETIME,BOOKING_ZONE_DESCRIPTION,PRODUCT,REASON_CODE,SALES_CHANNEL_CALL_SIGN,DEL_RECONCILIATION_REASON,INVENTORY_VALUE,MAKE_GOOD_ID,TRANSMISSION_ORDER_ID,MODIFIED_BY) values (37591,157,null,35574511,'DLA Tlc Argentina',30,':30 Rotator','PAIDSP',42,'CAMINO DE MARIPO (R)',to_date('29/09/2014','DD/MM/RRRR'),to_date('29/09/2014','DD/MM/RRRR'),'10:00-19:00 M......','Poett',null,'TLCA',null,42,null,487,'dgarcia');
insert into TRANSMISSION_ORDER_LINE (TRANSMISSION_ORDER_LINE_ID,LINE_NUMBER,ORIGINAL_INVOICE_LINE,SPOT_ID,SALESCHANNELNAME,SPOT_LEGTH,SPOT_DESCRIPTION,REVENUE_TYPE,GROSS_COST,COPY_NUMBER,SCHED_AIR_DATETIME,ACTUAL_AIR_DATETIME,BOOKING_ZONE_DESCRIPTION,PRODUCT,REASON_CODE,SALES_CHANNEL_CALL_SIGN,DEL_RECONCILIATION_REASON,INVENTORY_VALUE,MAKE_GOOD_ID,TRANSMISSION_ORDER_ID,MODIFIED_BY) values (37592,156,null,35574528,'DLA Tlc Argentina',30,':30 Rotator','PAIDSP',42,'CAMINO DE MARIPO (R)',to_date('29/09/2014','DD/MM/RRRR'),to_date('29/09/2014','DD/MM/RRRR'),'10:00-19:00 M......','Poett',null,'TLCA',null,42,null,487,'dgarcia');
insert into TRANSMISSION_ORDER_LINE (TRANSMISSION_ORDER_LINE_ID,LINE_NUMBER,ORIGINAL_INVOICE_LINE,SPOT_ID,SALESCHANNELNAME,SPOT_LEGTH,SPOT_DESCRIPTION,REVENUE_TYPE,GROSS_COST,COPY_NUMBER,SCHED_AIR_DATETIME,ACTUAL_AIR_DATETIME,BOOKING_ZONE_DESCRIPTION,PRODUCT,REASON_CODE,SALES_CHANNEL_CALL_SIGN,DEL_RECONCILIATION_REASON,INVENTORY_VALUE,MAKE_GOOD_ID,TRANSMISSION_ORDER_ID,MODIFIED_BY) values (37593,155,null,35574524,'DLA Tlc Argentina',30,':30 Rotator','PAIDSP',42,'CAMINO DE MARIPO (R)',to_date('29/09/2014','DD/MM/RRRR'),to_date('29/09/2014','DD/MM/RRRR'),'10:00-19:00 M......','Poett',null,'TLCA',null,42,null,487,'dgarcia');
insert into TRANSMISSION_ORDER_LINE (TRANSMISSION_ORDER_LINE_ID,LINE_NUMBER,ORIGINAL_INVOICE_LINE,SPOT_ID,SALESCHANNELNAME,SPOT_LEGTH,SPOT_DESCRIPTION,REVENUE_TYPE,GROSS_COST,COPY_NUMBER,SCHED_AIR_DATETIME,ACTUAL_AIR_DATETIME,BOOKING_ZONE_DESCRIPTION,PRODUCT,REASON_CODE,SALES_CHANNEL_CALL_SIGN,DEL_RECONCILIATION_REASON,INVENTORY_VALUE,MAKE_GOOD_ID,TRANSMISSION_ORDER_ID,MODIFIED_BY) values (37594,154,null,35574517,'DLA Tlc Argentina',30,':30 Rotator','PAIDSP',42,'CAMINO DE MARIPO (R)',to_date('29/09/2014','DD/MM/RRRR'),to_date('29/09/2014','DD/MM/RRRR'),'10:00-19:00 M......','Poett',null,'TLCA',null,42,null,487,'dgarcia');
insert into TRANSMISSION_ORDER_LINE (TRANSMISSION_ORDER_LINE_ID,LINE_NUMBER,ORIGINAL_INVOICE_LINE,SPOT_ID,SALESCHANNELNAME,SPOT_LEGTH,SPOT_DESCRIPTION,REVENUE_TYPE,GROSS_COST,COPY_NUMBER,SCHED_AIR_DATETIME,ACTUAL_AIR_DATETIME,BOOKING_ZONE_DESCRIPTION,PRODUCT,REASON_CODE,SALES_CHANNEL_CALL_SIGN,DEL_RECONCILIATION_REASON,INVENTORY_VALUE,MAKE_GOOD_ID,TRANSMISSION_ORDER_ID,MODIFIED_BY) values (37595,153,null,35574526,'DLA Tlc Argentina',30,':30 Rotator','PAIDSP',42,'CAMINO DE MARIPO (R)',to_date('29/09/2014','DD/MM/RRRR'),to_date('29/09/2014','DD/MM/RRRR'),'10:00-19:00 M......','Poett',null,'TLCA',null,42,null,487,'dgarcia');
insert into TRANSMISSION_ORDER_LINE (TRANSMISSION_ORDER_LINE_ID,LINE_NUMBER,ORIGINAL_INVOICE_LINE,SPOT_ID,SALESCHANNELNAME,SPOT_LEGTH,SPOT_DESCRIPTION,REVENUE_TYPE,GROSS_COST,COPY_NUMBER,SCHED_AIR_DATETIME,ACTUAL_AIR_DATETIME,BOOKING_ZONE_DESCRIPTION,PRODUCT,REASON_CODE,SALES_CHANNEL_CALL_SIGN,DEL_RECONCILIATION_REASON,INVENTORY_VALUE,MAKE_GOOD_ID,TRANSMISSION_ORDER_ID,MODIFIED_BY) values (37596,152,null,35574513,'DLA Tlc Argentina',30,':30 Rotator','PAIDSP',42,'CAMINO DE MARIPO (R)',to_date('29/09/2014','DD/MM/RRRR'),to_date('29/09/2014','DD/MM/RRRR'),'10:00-19:00 M......','Poett',null,'TLCA',null,42,null,487,'dgarcia');
insert into TRANSMISSION_ORDER_LINE (TRANSMISSION_ORDER_LINE_ID,LINE_NUMBER,ORIGINAL_INVOICE_LINE,SPOT_ID,SALESCHANNELNAME,SPOT_LEGTH,SPOT_DESCRIPTION,REVENUE_TYPE,GROSS_COST,COPY_NUMBER,SCHED_AIR_DATETIME,ACTUAL_AIR_DATETIME,BOOKING_ZONE_DESCRIPTION,PRODUCT,REASON_CODE,SALES_CHANNEL_CALL_SIGN,DEL_RECONCILIATION_REASON,INVENTORY_VALUE,MAKE_GOOD_ID,TRANSMISSION_ORDER_ID,MODIFIED_BY) values (37597,151,null,35574523,'DLA Tlc Argentina',30,':30 Rotator','PAIDSP',42,'CAMINO DE MARIPO (R)',to_date('29/09/2014','DD/MM/RRRR'),to_date('29/09/2014','DD/MM/RRRR'),'10:00-19:00 M......','Poett',null,'TLCA',null,42,null,487,'dgarcia');
insert into TRANSMISSION_ORDER_LINE (TRANSMISSION_ORDER_LINE_ID,LINE_NUMBER,ORIGINAL_INVOICE_LINE,SPOT_ID,SALESCHANNELNAME,SPOT_LEGTH,SPOT_DESCRIPTION,REVENUE_TYPE,GROSS_COST,COPY_NUMBER,SCHED_AIR_DATETIME,ACTUAL_AIR_DATETIME,BOOKING_ZONE_DESCRIPTION,PRODUCT,REASON_CODE,SALES_CHANNEL_CALL_SIGN,DEL_RECONCILIATION_REASON,INVENTORY_VALUE,MAKE_GOOD_ID,TRANSMISSION_ORDER_ID,MODIFIED_BY) values (37598,150,null,35574516,'DLA Tlc Argentina',30,':30 Rotator','PAIDSP',42,'CAMINO DE MARIPO (R)',to_date('29/09/2014','DD/MM/RRRR'),to_date('29/09/2014','DD/MM/RRRR'),'10:00-19:00 M......','Poett',null,'TLCA',null,42,null,487,'dgarcia');
insert into TRANSMISSION_ORDER_LINE (TRANSMISSION_ORDER_LINE_ID,LINE_NUMBER,ORIGINAL_INVOICE_LINE,SPOT_ID,SALESCHANNELNAME,SPOT_LEGTH,SPOT_DESCRIPTION,REVENUE_TYPE,GROSS_COST,COPY_NUMBER,SCHED_AIR_DATETIME,ACTUAL_AIR_DATETIME,BOOKING_ZONE_DESCRIPTION,PRODUCT,REASON_CODE,SALES_CHANNEL_CALL_SIGN,DEL_RECONCILIATION_REASON,INVENTORY_VALUE,MAKE_GOOD_ID,TRANSMISSION_ORDER_ID,MODIFIED_BY) values (37599,149,null,35574522,'DLA Tlc Argentina',30,':30 Rotator','PAIDSP',42,'CAMINO DE MARIPO (R)',to_date('29/09/2014','DD/MM/RRRR'),to_date('29/09/2014','DD/MM/RRRR'),'10:00-19:00 M......','Poett',null,'TLCA',null,42,null,487,'dgarcia');
insert into TRANSMISSION_ORDER_LINE (TRANSMISSION_ORDER_LINE_ID,LINE_NUMBER,ORIGINAL_INVOICE_LINE,SPOT_ID,SALESCHANNELNAME,SPOT_LEGTH,SPOT_DESCRIPTION,REVENUE_TYPE,GROSS_COST,COPY_NUMBER,SCHED_AIR_DATETIME,ACTUAL_AIR_DATETIME,BOOKING_ZONE_DESCRIPTION,PRODUCT,REASON_CODE,SALES_CHANNEL_CALL_SIGN,DEL_RECONCILIATION_REASON,INVENTORY_VALUE,MAKE_GOOD_ID,TRANSMISSION_ORDER_ID,MODIFIED_BY) values (37600,148,null,35574521,'DLA Tlc Argentina',30,':30 Rotator','PAIDSP',42,'CAMINO DE MARIPO (R)',to_date('29/09/2014','DD/MM/RRRR'),to_date('29/09/2014','DD/MM/RRRR'),'10:00-19:00 M......','Poett',null,'TLCA',null,42,null,487,'dgarcia');
insert into TRANSMISSION_ORDER_LINE (TRANSMISSION_ORDER_LINE_ID,LINE_NUMBER,ORIGINAL_INVOICE_LINE,SPOT_ID,SALESCHANNELNAME,SPOT_LEGTH,SPOT_DESCRIPTION,REVENUE_TYPE,GROSS_COST,COPY_NUMBER,SCHED_AIR_DATETIME,ACTUAL_AIR_DATETIME,BOOKING_ZONE_DESCRIPTION,PRODUCT,REASON_CODE,SALES_CHANNEL_CALL_SIGN,DEL_RECONCILIATION_REASON,INVENTORY_VALUE,MAKE_GOOD_ID,TRANSMISSION_ORDER_ID,MODIFIED_BY) values (37601,147,null,35574510,'DLA Tlc Argentina',30,':30 Rotator','PAIDSP',42,'CAMINO DE MARIPO (R)',to_date('29/09/2014','DD/MM/RRRR'),to_date('29/09/2014','DD/MM/RRRR'),'10:00-19:00 M......','Poett',null,'TLCA',null,42,null,487,'dgarcia');
insert into TRANSMISSION_ORDER_LINE (TRANSMISSION_ORDER_LINE_ID,LINE_NUMBER,ORIGINAL_INVOICE_LINE,SPOT_ID,SALESCHANNELNAME,SPOT_LEGTH,SPOT_DESCRIPTION,REVENUE_TYPE,GROSS_COST,COPY_NUMBER,SCHED_AIR_DATETIME,ACTUAL_AIR_DATETIME,BOOKING_ZONE_DESCRIPTION,PRODUCT,REASON_CODE,SALES_CHANNEL_CALL_SIGN,DEL_RECONCILIATION_REASON,INVENTORY_VALUE,MAKE_GOOD_ID,TRANSMISSION_ORDER_ID,MODIFIED_BY) values (37602,146,null,35579004,'DLA Tlc Argentina',30,':30 Rotator','PAIDSP',42,'CAMINO DE MARIPO (R)',to_date('28/09/2014','DD/MM/RRRR'),to_date('28/09/2014','DD/MM/RRRR'),'10:00-24:00+00:00-01:00 ......S','Poett',null,'TLCA',null,42,null,487,'dgarcia');
insert into TRANSMISSION_ORDER_LINE (TRANSMISSION_ORDER_LINE_ID,LINE_NUMBER,ORIGINAL_INVOICE_LINE,SPOT_ID,SALESCHANNELNAME,SPOT_LEGTH,SPOT_DESCRIPTION,REVENUE_TYPE,GROSS_COST,COPY_NUMBER,SCHED_AIR_DATETIME,ACTUAL_AIR_DATETIME,BOOKING_ZONE_DESCRIPTION,PRODUCT,REASON_CODE,SALES_CHANNEL_CALL_SIGN,DEL_RECONCILIATION_REASON,INVENTORY_VALUE,MAKE_GOOD_ID,TRANSMISSION_ORDER_ID,MODIFIED_BY) values (37603,145,null,35579016,'DLA Tlc Argentina',30,':30 Rotator','PAIDSP',42,'CAMINO DE MARIPO (R)',to_date('28/09/2014','DD/MM/RRRR'),to_date('28/09/2014','DD/MM/RRRR'),'10:00-24:00+00:00-01:00 ......S','Poett',null,'TLCA',null,42,null,487,'dgarcia');
insert into TRANSMISSION_ORDER_LINE (TRANSMISSION_ORDER_LINE_ID,LINE_NUMBER,ORIGINAL_INVOICE_LINE,SPOT_ID,SALESCHANNELNAME,SPOT_LEGTH,SPOT_DESCRIPTION,REVENUE_TYPE,GROSS_COST,COPY_NUMBER,SCHED_AIR_DATETIME,ACTUAL_AIR_DATETIME,BOOKING_ZONE_DESCRIPTION,PRODUCT,REASON_CODE,SALES_CHANNEL_CALL_SIGN,DEL_RECONCILIATION_REASON,INVENTORY_VALUE,MAKE_GOOD_ID,TRANSMISSION_ORDER_ID,MODIFIED_BY) values (37604,144,null,35579011,'DLA Tlc Argentina',30,':30 Rotator','PAIDSP',42,'CAMINO DE MARIPO (R)',to_date('28/09/2014','DD/MM/RRRR'),to_date('28/09/2014','DD/MM/RRRR'),'10:00-24:00+00:00-01:00 ......S','Poett',null,'TLCA',null,42,null,487,'dgarcia');
insert into TRANSMISSION_ORDER_LINE (TRANSMISSION_ORDER_LINE_ID,LINE_NUMBER,ORIGINAL_INVOICE_LINE,SPOT_ID,SALESCHANNELNAME,SPOT_LEGTH,SPOT_DESCRIPTION,REVENUE_TYPE,GROSS_COST,COPY_NUMBER,SCHED_AIR_DATETIME,ACTUAL_AIR_DATETIME,BOOKING_ZONE_DESCRIPTION,PRODUCT,REASON_CODE,SALES_CHANNEL_CALL_SIGN,DEL_RECONCILIATION_REASON,INVENTORY_VALUE,MAKE_GOOD_ID,TRANSMISSION_ORDER_ID,MODIFIED_BY) values (37605,143,null,35579009,'DLA Tlc Argentina',30,':30 Rotator','PAIDSP',42,'CAMINO DE MARIPO (R)',to_date('28/09/2014','DD/MM/RRRR'),to_date('28/09/2014','DD/MM/RRRR'),'10:00-24:00+00:00-01:00 ......S','Poett',null,'TLCA',null,42,null,487,'dgarcia');
insert into TRANSMISSION_ORDER_LINE (TRANSMISSION_ORDER_LINE_ID,LINE_NUMBER,ORIGINAL_INVOICE_LINE,SPOT_ID,SALESCHANNELNAME,SPOT_LEGTH,SPOT_DESCRIPTION,REVENUE_TYPE,GROSS_COST,COPY_NUMBER,SCHED_AIR_DATETIME,ACTUAL_AIR_DATETIME,BOOKING_ZONE_DESCRIPTION,PRODUCT,REASON_CODE,SALES_CHANNEL_CALL_SIGN,DEL_RECONCILIATION_REASON,INVENTORY_VALUE,MAKE_GOOD_ID,TRANSMISSION_ORDER_ID,MODIFIED_BY) values (37606,142,null,35579017,'DLA Tlc Argentina',30,':30 Rotator','PAIDSP',42,'CAMINO DE MARIPO (R)',to_date('28/09/2014','DD/MM/RRRR'),to_date('28/09/2014','DD/MM/RRRR'),'10:00-24:00+00:00-01:00 ......S','Poett',null,'TLCA',null,42,null,487,'dgarcia');
insert into TRANSMISSION_ORDER_LINE (TRANSMISSION_ORDER_LINE_ID,LINE_NUMBER,ORIGINAL_INVOICE_LINE,SPOT_ID,SALESCHANNELNAME,SPOT_LEGTH,SPOT_DESCRIPTION,REVENUE_TYPE,GROSS_COST,COPY_NUMBER,SCHED_AIR_DATETIME,ACTUAL_AIR_DATETIME,BOOKING_ZONE_DESCRIPTION,PRODUCT,REASON_CODE,SALES_CHANNEL_CALL_SIGN,DEL_RECONCILIATION_REASON,INVENTORY_VALUE,MAKE_GOOD_ID,TRANSMISSION_ORDER_ID,MODIFIED_BY) values (37767,128,null,35580338,'DLA Disc Home Health Argentina',30,':30 Rotator','RECNCG',0,null,to_date('29/09/2014','DD/MM/RRRR'),to_date('30/11/2002','DD/MM/RRRR'),'00:00-02:00+10:00-24:00 MT.....','Poett',null,'DHAR','055',123,null,488,'dgarcia');
insert into TRANSMISSION_ORDER_LINE (TRANSMISSION_ORDER_LINE_ID,LINE_NUMBER,ORIGINAL_INVOICE_LINE,SPOT_ID,SALESCHANNELNAME,SPOT_LEGTH,SPOT_DESCRIPTION,REVENUE_TYPE,GROSS_COST,COPY_NUMBER,SCHED_AIR_DATETIME,ACTUAL_AIR_DATETIME,BOOKING_ZONE_DESCRIPTION,PRODUCT,REASON_CODE,SALES_CHANNEL_CALL_SIGN,DEL_RECONCILIATION_REASON,INVENTORY_VALUE,MAKE_GOOD_ID,TRANSMISSION_ORDER_ID,MODIFIED_BY) values (37768,127,null,35580334,'DLA Disc Home Health Argentina',30,':30 Rotator','RECNCG',0,null,to_date('29/09/2014','DD/MM/RRRR'),to_date('30/11/2002','DD/MM/RRRR'),'00:00-02:00+10:00-24:00 MT.....','Poett',null,'DHAR','055',123,null,488,'dgarcia');
insert into TRANSMISSION_ORDER_LINE (TRANSMISSION_ORDER_LINE_ID,LINE_NUMBER,ORIGINAL_INVOICE_LINE,SPOT_ID,SALESCHANNELNAME,SPOT_LEGTH,SPOT_DESCRIPTION,REVENUE_TYPE,GROSS_COST,COPY_NUMBER,SCHED_AIR_DATETIME,ACTUAL_AIR_DATETIME,BOOKING_ZONE_DESCRIPTION,PRODUCT,REASON_CODE,SALES_CHANNEL_CALL_SIGN,DEL_RECONCILIATION_REASON,INVENTORY_VALUE,MAKE_GOOD_ID,TRANSMISSION_ORDER_ID,MODIFIED_BY) values (37769,126,null,35580024,'DLA Disc Home Health Argentina',30,':30 Rotator','PAIDSP',165,'CAMINO DE MARIPO (R)',to_date('28/09/2014','DD/MM/RRRR'),to_date('28/09/2014','DD/MM/RRRR'),'10:00-24:00+00:00-02:00 ....FSS','Poett',null,'DHAR',null,165,null,488,'dgarcia');
insert into TRANSMISSION_ORDER_LINE (TRANSMISSION_ORDER_LINE_ID,LINE_NUMBER,ORIGINAL_INVOICE_LINE,SPOT_ID,SALESCHANNELNAME,SPOT_LEGTH,SPOT_DESCRIPTION,REVENUE_TYPE,GROSS_COST,COPY_NUMBER,SCHED_AIR_DATETIME,ACTUAL_AIR_DATETIME,BOOKING_ZONE_DESCRIPTION,PRODUCT,REASON_CODE,SALES_CHANNEL_CALL_SIGN,DEL_RECONCILIATION_REASON,INVENTORY_VALUE,MAKE_GOOD_ID,TRANSMISSION_ORDER_ID,MODIFIED_BY) values (37770,125,null,35580124,'DLA Disc Home Health Argentina',30,':30 Rotator','PAIDSP',165,'CAMINO DE MARIPO (R)',to_date('28/09/2014','DD/MM/RRRR'),to_date('28/09/2014','DD/MM/RRRR'),'10:00-24:00+00:00-02:00 ....FSS','Poett',null,'DHAR',null,165,null,488,'dgarcia');
insert into TRANSMISSION_ORDER_LINE (TRANSMISSION_ORDER_LINE_ID,LINE_NUMBER,ORIGINAL_INVOICE_LINE,SPOT_ID,SALESCHANNELNAME,SPOT_LEGTH,SPOT_DESCRIPTION,REVENUE_TYPE,GROSS_COST,COPY_NUMBER,SCHED_AIR_DATETIME,ACTUAL_AIR_DATETIME,BOOKING_ZONE_DESCRIPTION,PRODUCT,REASON_CODE,SALES_CHANNEL_CALL_SIGN,DEL_RECONCILIATION_REASON,INVENTORY_VALUE,MAKE_GOOD_ID,TRANSMISSION_ORDER_ID,MODIFIED_BY) values (37771,124,null,35580196,'DLA Disc Home Health Argentina',30,':30 Rotator','PAIDSP',165,'CAMINO DE MARIPO (R)',to_date('28/09/2014','DD/MM/RRRR'),to_date('28/09/2014','DD/MM/RRRR'),'10:00-24:00+00:00-02:00 ....FSS','Poett',null,'DHAR',null,165,null,488,'dgarcia');
insert into TRANSMISSION_ORDER_LINE (TRANSMISSION_ORDER_LINE_ID,LINE_NUMBER,ORIGINAL_INVOICE_LINE,SPOT_ID,SALESCHANNELNAME,SPOT_LEGTH,SPOT_DESCRIPTION,REVENUE_TYPE,GROSS_COST,COPY_NUMBER,SCHED_AIR_DATETIME,ACTUAL_AIR_DATETIME,BOOKING_ZONE_DESCRIPTION,PRODUCT,REASON_CODE,SALES_CHANNEL_CALL_SIGN,DEL_RECONCILIATION_REASON,INVENTORY_VALUE,MAKE_GOOD_ID,TRANSMISSION_ORDER_ID,MODIFIED_BY) values (37772,123,null,35580293,'DLA Disc Home Health Argentina',30,':30 Rotator','PAIDSP',165,'CAMINO DE MARIPO (R)',to_date('28/09/2014','DD/MM/RRRR'),to_date('28/09/2014','DD/MM/RRRR'),'10:00-24:00+00:00-02:00 ....FSS','Poett',null,'DHAR',null,165,null,488,'dgarcia');
insert into TRANSMISSION_ORDER_LINE (TRANSMISSION_ORDER_LINE_ID,LINE_NUMBER,ORIGINAL_INVOICE_LINE,SPOT_ID,SALESCHANNELNAME,SPOT_LEGTH,SPOT_DESCRIPTION,REVENUE_TYPE,GROSS_COST,COPY_NUMBER,SCHED_AIR_DATETIME,ACTUAL_AIR_DATETIME,BOOKING_ZONE_DESCRIPTION,PRODUCT,REASON_CODE,SALES_CHANNEL_CALL_SIGN,DEL_RECONCILIATION_REASON,INVENTORY_VALUE,MAKE_GOOD_ID,TRANSMISSION_ORDER_ID,MODIFIED_BY) values (37773,122,null,35580287,'DLA Disc Home Health Argentina',30,':30 Rotator','PAIDSP',165,'CAMINO DE MARIPO (R)',to_date('28/09/2014','DD/MM/RRRR'),to_date('28/09/2014','DD/MM/RRRR'),'10:00-24:00+00:00-02:00 ....FSS','Poett',null,'DHAR',null,165,null,488,'dgarcia');
insert into TRANSMISSION_ORDER_LINE (TRANSMISSION_ORDER_LINE_ID,LINE_NUMBER,ORIGINAL_INVOICE_LINE,SPOT_ID,SALESCHANNELNAME,SPOT_LEGTH,SPOT_DESCRIPTION,REVENUE_TYPE,GROSS_COST,COPY_NUMBER,SCHED_AIR_DATETIME,ACTUAL_AIR_DATETIME,BOOKING_ZONE_DESCRIPTION,PRODUCT,REASON_CODE,SALES_CHANNEL_CALL_SIGN,DEL_RECONCILIATION_REASON,INVENTORY_VALUE,MAKE_GOOD_ID,TRANSMISSION_ORDER_ID,MODIFIED_BY) values (37774,121,null,35580148,'DLA Disc Home Health Argentina',30,':30 Rotator','PAIDSP',165,'CAMINO DE MARIPO (R)',to_date('28/09/2014','DD/MM/RRRR'),to_date('28/09/2014','DD/MM/RRRR'),'10:00-24:00+00:00-02:00 ....FSS','Poett',null,'DHAR',null,165,null,488,'dgarcia');
insert into TRANSMISSION_ORDER_LINE (TRANSMISSION_ORDER_LINE_ID,LINE_NUMBER,ORIGINAL_INVOICE_LINE,SPOT_ID,SALESCHANNELNAME,SPOT_LEGTH,SPOT_DESCRIPTION,REVENUE_TYPE,GROSS_COST,COPY_NUMBER,SCHED_AIR_DATETIME,ACTUAL_AIR_DATETIME,BOOKING_ZONE_DESCRIPTION,PRODUCT,REASON_CODE,SALES_CHANNEL_CALL_SIGN,DEL_RECONCILIATION_REASON,INVENTORY_VALUE,MAKE_GOOD_ID,TRANSMISSION_ORDER_ID,MODIFIED_BY) values (37775,120,null,35580062,'DLA Disc Home Health Argentina',30,':30 Rotator','PAIDSP',165,'CAMINO DE MARIPO (R)',to_date('28/09/2014','DD/MM/RRRR'),to_date('28/09/2014','DD/MM/RRRR'),'10:00-24:00+00:00-02:00 ....FSS','Poett',null,'DHAR',null,165,null,488,'dgarcia');
insert into TRANSMISSION_ORDER_LINE (TRANSMISSION_ORDER_LINE_ID,LINE_NUMBER,ORIGINAL_INVOICE_LINE,SPOT_ID,SALESCHANNELNAME,SPOT_LEGTH,SPOT_DESCRIPTION,REVENUE_TYPE,GROSS_COST,COPY_NUMBER,SCHED_AIR_DATETIME,ACTUAL_AIR_DATETIME,BOOKING_ZONE_DESCRIPTION,PRODUCT,REASON_CODE,SALES_CHANNEL_CALL_SIGN,DEL_RECONCILIATION_REASON,INVENTORY_VALUE,MAKE_GOOD_ID,TRANSMISSION_ORDER_ID,MODIFIED_BY) values (37776,119,null,35324510,'DLA Disc Home Health Argentina',30,':30 Rotator','RECNCG',0,null,to_date('28/09/2014','DD/MM/RRRR'),to_date('30/11/2002','DD/MM/RRRR'),'19:00-24:00+00:00-01:00 ......S','Poett',null,'DHAR','055',165,null,488,'dgarcia');
insert into TRANSMISSION_ORDER_LINE (TRANSMISSION_ORDER_LINE_ID,LINE_NUMBER,ORIGINAL_INVOICE_LINE,SPOT_ID,SALESCHANNELNAME,SPOT_LEGTH,SPOT_DESCRIPTION,REVENUE_TYPE,GROSS_COST,COPY_NUMBER,SCHED_AIR_DATETIME,ACTUAL_AIR_DATETIME,BOOKING_ZONE_DESCRIPTION,PRODUCT,REASON_CODE,SALES_CHANNEL_CALL_SIGN,DEL_RECONCILIATION_REASON,INVENTORY_VALUE,MAKE_GOOD_ID,TRANSMISSION_ORDER_ID,MODIFIED_BY) values (37777,118,null,35324377,'DLA Disc Home Health Argentina',30,':30 Rotator','RECNCG',0,null,to_date('28/09/2014','DD/MM/RRRR'),to_date('30/11/2002','DD/MM/RRRR'),'10:00-19:00 ......S','Poett',null,'DHAR','055',123,null,488,'dgarcia');
insert into TRANSMISSION_ORDER_LINE (TRANSMISSION_ORDER_LINE_ID,LINE_NUMBER,ORIGINAL_INVOICE_LINE,SPOT_ID,SALESCHANNELNAME,SPOT_LEGTH,SPOT_DESCRIPTION,REVENUE_TYPE,GROSS_COST,COPY_NUMBER,SCHED_AIR_DATETIME,ACTUAL_AIR_DATETIME,BOOKING_ZONE_DESCRIPTION,PRODUCT,REASON_CODE,SALES_CHANNEL_CALL_SIGN,DEL_RECONCILIATION_REASON,INVENTORY_VALUE,MAKE_GOOD_ID,TRANSMISSION_ORDER_ID,MODIFIED_BY) values (37778,117,null,35324376,'DLA Disc Home Health Argentina',30,':30 Rotator','RECNCG',0,null,to_date('28/09/2014','DD/MM/RRRR'),to_date('30/11/2002','DD/MM/RRRR'),'10:00-19:00 ......S','Poett',null,'DHAR','055',123,null,488,'dgarcia');
insert into TRANSMISSION_ORDER_LINE (TRANSMISSION_ORDER_LINE_ID,LINE_NUMBER,ORIGINAL_INVOICE_LINE,SPOT_ID,SALESCHANNELNAME,SPOT_LEGTH,SPOT_DESCRIPTION,REVENUE_TYPE,GROSS_COST,COPY_NUMBER,SCHED_AIR_DATETIME,ACTUAL_AIR_DATETIME,BOOKING_ZONE_DESCRIPTION,PRODUCT,REASON_CODE,SALES_CHANNEL_CALL_SIGN,DEL_RECONCILIATION_REASON,INVENTORY_VALUE,MAKE_GOOD_ID,TRANSMISSION_ORDER_ID,MODIFIED_BY) values (37779,116,null,35324509,'DLA Disc Home Health Argentina',30,':30 Rotator','RECNCG',0,null,to_date('28/09/2014','DD/MM/RRRR'),to_date('30/11/2002','DD/MM/RRRR'),'19:00-24:00+00:00-01:00 ......S','Poett',null,'DHAR','055',165,null,488,'dgarcia');
insert into TRANSMISSION_ORDER_LINE (TRANSMISSION_ORDER_LINE_ID,LINE_NUMBER,ORIGINAL_INVOICE_LINE,SPOT_ID,SALESCHANNELNAME,SPOT_LEGTH,SPOT_DESCRIPTION,REVENUE_TYPE,GROSS_COST,COPY_NUMBER,SCHED_AIR_DATETIME,ACTUAL_AIR_DATETIME,BOOKING_ZONE_DESCRIPTION,PRODUCT,REASON_CODE,SALES_CHANNEL_CALL_SIGN,DEL_RECONCILIATION_REASON,INVENTORY_VALUE,MAKE_GOOD_ID,TRANSMISSION_ORDER_ID,MODIFIED_BY) values (37780,115,null,35324511,'DLA Disc Home Health Argentina',30,':30 Rotator','RECNCG',0,null,to_date('28/09/2014','DD/MM/RRRR'),to_date('30/11/2002','DD/MM/RRRR'),'19:00-24:00+00:00-01:00 ......S','Poett',null,'DHAR','055',165,null,488,'dgarcia');
insert into TRANSMISSION_ORDER_LINE (TRANSMISSION_ORDER_LINE_ID,LINE_NUMBER,ORIGINAL_INVOICE_LINE,SPOT_ID,SALESCHANNELNAME,SPOT_LEGTH,SPOT_DESCRIPTION,REVENUE_TYPE,GROSS_COST,COPY_NUMBER,SCHED_AIR_DATETIME,ACTUAL_AIR_DATETIME,BOOKING_ZONE_DESCRIPTION,PRODUCT,REASON_CODE,SALES_CHANNEL_CALL_SIGN,DEL_RECONCILIATION_REASON,INVENTORY_VALUE,MAKE_GOOD_ID,TRANSMISSION_ORDER_ID,MODIFIED_BY) values (37781,114,null,35580286,'DLA Disc Home Health Argentina',30,':30 Rotator','PAIDSP',165,'CAMINO DE MARIPO (R)',to_date('27/09/2014','DD/MM/RRRR'),to_date('27/09/2014','DD/MM/RRRR'),'10:00-24:00+00:00-02:00 ....FSS','Poett',null,'DHAR',null,165,null,488,'dgarcia');
insert into TRANSMISSION_ORDER_LINE (TRANSMISSION_ORDER_LINE_ID,LINE_NUMBER,ORIGINAL_INVOICE_LINE,SPOT_ID,SALESCHANNELNAME,SPOT_LEGTH,SPOT_DESCRIPTION,REVENUE_TYPE,GROSS_COST,COPY_NUMBER,SCHED_AIR_DATETIME,ACTUAL_AIR_DATETIME,BOOKING_ZONE_DESCRIPTION,PRODUCT,REASON_CODE,SALES_CHANNEL_CALL_SIGN,DEL_RECONCILIATION_REASON,INVENTORY_VALUE,MAKE_GOOD_ID,TRANSMISSION_ORDER_ID,MODIFIED_BY) values (37782,113,null,35580240,'DLA Disc Home Health Argentina',30,':30 Rotator','PAIDSP',165,'CAMINO DE MARIPO (R)',to_date('27/09/2014','DD/MM/RRRR'),to_date('27/09/2014','DD/MM/RRRR'),'10:00-24:00+00:00-02:00 ....FSS','Poett',null,'DHAR',null,165,null,488,'dgarcia');
insert into TRANSMISSION_ORDER_LINE (TRANSMISSION_ORDER_LINE_ID,LINE_NUMBER,ORIGINAL_INVOICE_LINE,SPOT_ID,SALESCHANNELNAME,SPOT_LEGTH,SPOT_DESCRIPTION,REVENUE_TYPE,GROSS_COST,COPY_NUMBER,SCHED_AIR_DATETIME,ACTUAL_AIR_DATETIME,BOOKING_ZONE_DESCRIPTION,PRODUCT,REASON_CODE,SALES_CHANNEL_CALL_SIGN,DEL_RECONCILIATION_REASON,INVENTORY_VALUE,MAKE_GOOD_ID,TRANSMISSION_ORDER_ID,MODIFIED_BY) values (37783,112,null,35580164,'DLA Disc Home Health Argentina',30,':30 Rotator','PAIDSP',165,'CAMINO DE MARIPO (R)',to_date('27/09/2014','DD/MM/RRRR'),to_date('27/09/2014','DD/MM/RRRR'),'10:00-24:00+00:00-02:00 ....FSS','Poett',null,'DHAR',null,165,null,488,'dgarcia');
insert into TRANSMISSION_ORDER_LINE (TRANSMISSION_ORDER_LINE_ID,LINE_NUMBER,ORIGINAL_INVOICE_LINE,SPOT_ID,SALESCHANNELNAME,SPOT_LEGTH,SPOT_DESCRIPTION,REVENUE_TYPE,GROSS_COST,COPY_NUMBER,SCHED_AIR_DATETIME,ACTUAL_AIR_DATETIME,BOOKING_ZONE_DESCRIPTION,PRODUCT,REASON_CODE,SALES_CHANNEL_CALL_SIGN,DEL_RECONCILIATION_REASON,INVENTORY_VALUE,MAKE_GOOD_ID,TRANSMISSION_ORDER_ID,MODIFIED_BY) values (37784,111,null,35580119,'DLA Disc Home Health Argentina',30,':30 Rotator','PAIDSP',165,'CAMINO DE MARIPO (R)',to_date('27/09/2014','DD/MM/RRRR'),to_date('27/09/2014','DD/MM/RRRR'),'10:00-24:00+00:00-02:00 ....FSS','Poett',null,'DHAR',null,165,null,488,'dgarcia');
insert into TRANSMISSION_ORDER_LINE (TRANSMISSION_ORDER_LINE_ID,LINE_NUMBER,ORIGINAL_INVOICE_LINE,SPOT_ID,SALESCHANNELNAME,SPOT_LEGTH,SPOT_DESCRIPTION,REVENUE_TYPE,GROSS_COST,COPY_NUMBER,SCHED_AIR_DATETIME,ACTUAL_AIR_DATETIME,BOOKING_ZONE_DESCRIPTION,PRODUCT,REASON_CODE,SALES_CHANNEL_CALL_SIGN,DEL_RECONCILIATION_REASON,INVENTORY_VALUE,MAKE_GOOD_ID,TRANSMISSION_ORDER_ID,MODIFIED_BY) values (37785,110,null,35580096,'DLA Disc Home Health Argentina',30,':30 Rotator','PAIDSP',165,'CAMINO DE MARIPO (R)',to_date('27/09/2014','DD/MM/RRRR'),to_date('27/09/2014','DD/MM/RRRR'),'10:00-24:00+00:00-02:00 ....FSS','Poett',null,'DHAR',null,165,null,488,'dgarcia');
insert into TRANSMISSION_ORDER_LINE (TRANSMISSION_ORDER_LINE_ID,LINE_NUMBER,ORIGINAL_INVOICE_LINE,SPOT_ID,SALESCHANNELNAME,SPOT_LEGTH,SPOT_DESCRIPTION,REVENUE_TYPE,GROSS_COST,COPY_NUMBER,SCHED_AIR_DATETIME,ACTUAL_AIR_DATETIME,BOOKING_ZONE_DESCRIPTION,PRODUCT,REASON_CODE,SALES_CHANNEL_CALL_SIGN,DEL_RECONCILIATION_REASON,INVENTORY_VALUE,MAKE_GOOD_ID,TRANSMISSION_ORDER_ID,MODIFIED_BY) values (37786,109,null,35579986,'DLA Disc Home Health Argentina',30,':30 Rotator','PAIDSP',165,'CAMINO DE MARIPO (R)',to_date('27/09/2014','DD/MM/RRRR'),to_date('27/09/2014','DD/MM/RRRR'),'10:00-24:00+00:00-02:00 ....FSS','Poett',null,'DHAR',null,165,null,488,'dgarcia');
insert into TRANSMISSION_ORDER_LINE (TRANSMISSION_ORDER_LINE_ID,LINE_NUMBER,ORIGINAL_INVOICE_LINE,SPOT_ID,SALESCHANNELNAME,SPOT_LEGTH,SPOT_DESCRIPTION,REVENUE_TYPE,GROSS_COST,COPY_NUMBER,SCHED_AIR_DATETIME,ACTUAL_AIR_DATETIME,BOOKING_ZONE_DESCRIPTION,PRODUCT,REASON_CODE,SALES_CHANNEL_CALL_SIGN,DEL_RECONCILIATION_REASON,INVENTORY_VALUE,MAKE_GOOD_ID,TRANSMISSION_ORDER_ID,MODIFIED_BY) values (37787,108,null,35324507,'DLA Disc Home Health Argentina',30,':30 Rotator','RECNCG',0,null,to_date('27/09/2014','DD/MM/RRRR'),to_date('30/11/2002','DD/MM/RRRR'),'19:00-24:00+00:00-01:00 .....S.','Poett',null,'DHAR','055',165,null,488,'dgarcia');
insert into TRANSMISSION_ORDER_LINE (TRANSMISSION_ORDER_LINE_ID,LINE_NUMBER,ORIGINAL_INVOICE_LINE,SPOT_ID,SALESCHANNELNAME,SPOT_LEGTH,SPOT_DESCRIPTION,REVENUE_TYPE,GROSS_COST,COPY_NUMBER,SCHED_AIR_DATETIME,ACTUAL_AIR_DATETIME,BOOKING_ZONE_DESCRIPTION,PRODUCT,REASON_CODE,SALES_CHANNEL_CALL_SIGN,DEL_RECONCILIATION_REASON,INVENTORY_VALUE,MAKE_GOOD_ID,TRANSMISSION_ORDER_ID,MODIFIED_BY) values (37788,107,null,35324506,'DLA Disc Home Health Argentina',30,':30 Rotator','RECNCG',0,null,to_date('27/09/2014','DD/MM/RRRR'),to_date('30/11/2002','DD/MM/RRRR'),'19:00-24:00+00:00-01:00 .....S.','Poett',null,'DHAR','055',165,null,488,'dgarcia');
insert into TRANSMISSION_ORDER_LINE (TRANSMISSION_ORDER_LINE_ID,LINE_NUMBER,ORIGINAL_INVOICE_LINE,SPOT_ID,SALESCHANNELNAME,SPOT_LEGTH,SPOT_DESCRIPTION,REVENUE_TYPE,GROSS_COST,COPY_NUMBER,SCHED_AIR_DATETIME,ACTUAL_AIR_DATETIME,BOOKING_ZONE_DESCRIPTION,PRODUCT,REASON_CODE,SALES_CHANNEL_CALL_SIGN,DEL_RECONCILIATION_REASON,INVENTORY_VALUE,MAKE_GOOD_ID,TRANSMISSION_ORDER_ID,MODIFIED_BY) values (37789,106,null,35324508,'DLA Disc Home Health Argentina',30,':30 Rotator','RECNCG',0,null,to_date('27/09/2014','DD/MM/RRRR'),to_date('30/11/2002','DD/MM/RRRR'),'19:00-24:00+00:00-01:00 .....S.','Poett',null,'DHAR','055',165,null,488,'dgarcia');
insert into TRANSMISSION_ORDER_LINE (TRANSMISSION_ORDER_LINE_ID,LINE_NUMBER,ORIGINAL_INVOICE_LINE,SPOT_ID,SALESCHANNELNAME,SPOT_LEGTH,SPOT_DESCRIPTION,REVENUE_TYPE,GROSS_COST,COPY_NUMBER,SCHED_AIR_DATETIME,ACTUAL_AIR_DATETIME,BOOKING_ZONE_DESCRIPTION,PRODUCT,REASON_CODE,SALES_CHANNEL_CALL_SIGN,DEL_RECONCILIATION_REASON,INVENTORY_VALUE,MAKE_GOOD_ID,TRANSMISSION_ORDER_ID,MODIFIED_BY) values (37790,105,null,35324374,'DLA Disc Home Health Argentina',30,':30 Rotator','RECNCG',0,null,to_date('27/09/2014','DD/MM/RRRR'),to_date('30/11/2002','DD/MM/RRRR'),'10:00-19:00 .....S.','Poett',null,'DHAR','055',123,null,488,'dgarcia');
insert into TRANSMISSION_ORDER_LINE (TRANSMISSION_ORDER_LINE_ID,LINE_NUMBER,ORIGINAL_INVOICE_LINE,SPOT_ID,SALESCHANNELNAME,SPOT_LEGTH,SPOT_DESCRIPTION,REVENUE_TYPE,GROSS_COST,COPY_NUMBER,SCHED_AIR_DATETIME,ACTUAL_AIR_DATETIME,BOOKING_ZONE_DESCRIPTION,PRODUCT,REASON_CODE,SALES_CHANNEL_CALL_SIGN,DEL_RECONCILIATION_REASON,INVENTORY_VALUE,MAKE_GOOD_ID,TRANSMISSION_ORDER_ID,MODIFIED_BY) values (37791,104,null,35324372,'DLA Disc Home Health Argentina',30,':30 Rotator','RECNCG',0,null,to_date('27/09/2014','DD/MM/RRRR'),to_date('30/11/2002','DD/MM/RRRR'),'10:00-19:00 .....S.','Poett',null,'DHAR','055',123,null,488,'dgarcia');
insert into TRANSMISSION_ORDER_LINE (TRANSMISSION_ORDER_LINE_ID,LINE_NUMBER,ORIGINAL_INVOICE_LINE,SPOT_ID,SALESCHANNELNAME,SPOT_LEGTH,SPOT_DESCRIPTION,REVENUE_TYPE,GROSS_COST,COPY_NUMBER,SCHED_AIR_DATETIME,ACTUAL_AIR_DATETIME,BOOKING_ZONE_DESCRIPTION,PRODUCT,REASON_CODE,SALES_CHANNEL_CALL_SIGN,DEL_RECONCILIATION_REASON,INVENTORY_VALUE,MAKE_GOOD_ID,TRANSMISSION_ORDER_ID,MODIFIED_BY) values (37792,103,null,35324505,'DLA Disc Home Health Argentina',30,':30 Rotator','RECNCG',0,null,to_date('27/09/2014','DD/MM/RRRR'),to_date('30/11/2002','DD/MM/RRRR'),'19:00-24:00+00:00-01:00 .....S.','Poett',null,'DHAR','055',165,null,488,'dgarcia');
insert into TRANSMISSION_ORDER_LINE (TRANSMISSION_ORDER_LINE_ID,LINE_NUMBER,ORIGINAL_INVOICE_LINE,SPOT_ID,SALESCHANNELNAME,SPOT_LEGTH,SPOT_DESCRIPTION,REVENUE_TYPE,GROSS_COST,COPY_NUMBER,SCHED_AIR_DATETIME,ACTUAL_AIR_DATETIME,BOOKING_ZONE_DESCRIPTION,PRODUCT,REASON_CODE,SALES_CHANNEL_CALL_SIGN,DEL_RECONCILIATION_REASON,INVENTORY_VALUE,MAKE_GOOD_ID,TRANSMISSION_ORDER_ID,MODIFIED_BY) values (37793,102,null,35324504,'DLA Disc Home Health Argentina',30,':30 Rotator','PAIDSP',165,'CAMINO DE MARIPO (R)',to_date('26/09/2014','DD/MM/RRRR'),to_date('26/09/2014','DD/MM/RRRR'),'19:00-24:00+00:00-01:00 ....F..','Poett',null,'DHAR',null,165,null,488,'dgarcia');
insert into TRANSMISSION_ORDER_LINE (TRANSMISSION_ORDER_LINE_ID,LINE_NUMBER,ORIGINAL_INVOICE_LINE,SPOT_ID,SALESCHANNELNAME,SPOT_LEGTH,SPOT_DESCRIPTION,REVENUE_TYPE,GROSS_COST,COPY_NUMBER,SCHED_AIR_DATETIME,ACTUAL_AIR_DATETIME,BOOKING_ZONE_DESCRIPTION,PRODUCT,REASON_CODE,SALES_CHANNEL_CALL_SIGN,DEL_RECONCILIATION_REASON,INVENTORY_VALUE,MAKE_GOOD_ID,TRANSMISSION_ORDER_ID,MODIFIED_BY) values (37794,101,null,35324503,'DLA Disc Home Health Argentina',30,':30 Rotator','PAIDSP',165,'CAMINO DE MARIPO (R)',to_date('26/09/2014','DD/MM/RRRR'),to_date('26/09/2014','DD/MM/RRRR'),'19:00-24:00+00:00-01:00 ....F..','Poett',null,'DHAR',null,165,null,488,'dgarcia');
insert into TRANSMISSION_ORDER_LINE (TRANSMISSION_ORDER_LINE_ID,LINE_NUMBER,ORIGINAL_INVOICE_LINE,SPOT_ID,SALESCHANNELNAME,SPOT_LEGTH,SPOT_DESCRIPTION,REVENUE_TYPE,GROSS_COST,COPY_NUMBER,SCHED_AIR_DATETIME,ACTUAL_AIR_DATETIME,BOOKING_ZONE_DESCRIPTION,PRODUCT,REASON_CODE,SALES_CHANNEL_CALL_SIGN,DEL_RECONCILIATION_REASON,INVENTORY_VALUE,MAKE_GOOD_ID,TRANSMISSION_ORDER_ID,MODIFIED_BY) values (37795,100,null,35580107,'DLA Disc Home Health Argentina',30,':30 Rotator','PAIDSP',165,'CAMINO DE MARIPO (R)',to_date('26/09/2014','DD/MM/RRRR'),to_date('26/09/2014','DD/MM/RRRR'),'10:00-24:00+00:00-02:00 ....FSS','Poett',null,'DHAR',null,165,null,488,'dgarcia');
insert into TRANSMISSION_ORDER_LINE (TRANSMISSION_ORDER_LINE_ID,LINE_NUMBER,ORIGINAL_INVOICE_LINE,SPOT_ID,SALESCHANNELNAME,SPOT_LEGTH,SPOT_DESCRIPTION,REVENUE_TYPE,GROSS_COST,COPY_NUMBER,SCHED_AIR_DATETIME,ACTUAL_AIR_DATETIME,BOOKING_ZONE_DESCRIPTION,PRODUCT,REASON_CODE,SALES_CHANNEL_CALL_SIGN,DEL_RECONCILIATION_REASON,INVENTORY_VALUE,MAKE_GOOD_ID,TRANSMISSION_ORDER_ID,MODIFIED_BY) values (37796,99,null,35580044,'DLA Disc Home Health Argentina',30,':30 Rotator','PAIDSP',165,'CAMINO DE MARIPO (R)',to_date('26/09/2014','DD/MM/RRRR'),to_date('26/09/2014','DD/MM/RRRR'),'10:00-24:00+00:00-02:00 ....FSS','Poett',null,'DHAR',null,165,null,488,'dgarcia');
insert into TRANSMISSION_ORDER_LINE (TRANSMISSION_ORDER_LINE_ID,LINE_NUMBER,ORIGINAL_INVOICE_LINE,SPOT_ID,SALESCHANNELNAME,SPOT_LEGTH,SPOT_DESCRIPTION,REVENUE_TYPE,GROSS_COST,COPY_NUMBER,SCHED_AIR_DATETIME,ACTUAL_AIR_DATETIME,BOOKING_ZONE_DESCRIPTION,PRODUCT,REASON_CODE,SALES_CHANNEL_CALL_SIGN,DEL_RECONCILIATION_REASON,INVENTORY_VALUE,MAKE_GOOD_ID,TRANSMISSION_ORDER_ID,MODIFIED_BY) values (37797,98,null,35580094,'DLA Disc Home Health Argentina',30,':30 Rotator','PAIDSP',165,'CAMINO DE MARIPO (R)',to_date('26/09/2014','DD/MM/RRRR'),to_date('26/09/2014','DD/MM/RRRR'),'10:00-24:00+00:00-02:00 ....FSS','Poett',null,'DHAR',null,165,null,488,'dgarcia');
insert into TRANSMISSION_ORDER_LINE (TRANSMISSION_ORDER_LINE_ID,LINE_NUMBER,ORIGINAL_INVOICE_LINE,SPOT_ID,SALESCHANNELNAME,SPOT_LEGTH,SPOT_DESCRIPTION,REVENUE_TYPE,GROSS_COST,COPY_NUMBER,SCHED_AIR_DATETIME,ACTUAL_AIR_DATETIME,BOOKING_ZONE_DESCRIPTION,PRODUCT,REASON_CODE,SALES_CHANNEL_CALL_SIGN,DEL_RECONCILIATION_REASON,INVENTORY_VALUE,MAKE_GOOD_ID,TRANSMISSION_ORDER_ID,MODIFIED_BY) values (37798,97,null,35579993,'DLA Disc Home Health Argentina',30,':30 Rotator','PAIDSP',165,'CAMINO DE MARIPO (R)',to_date('26/09/2014','DD/MM/RRRR'),to_date('26/09/2014','DD/MM/RRRR'),'10:00-24:00+00:00-02:00 ....FSS','Poett',null,'DHAR',null,165,null,488,'dgarcia');
insert into TRANSMISSION_ORDER_LINE (TRANSMISSION_ORDER_LINE_ID,LINE_NUMBER,ORIGINAL_INVOICE_LINE,SPOT_ID,SALESCHANNELNAME,SPOT_LEGTH,SPOT_DESCRIPTION,REVENUE_TYPE,GROSS_COST,COPY_NUMBER,SCHED_AIR_DATETIME,ACTUAL_AIR_DATETIME,BOOKING_ZONE_DESCRIPTION,PRODUCT,REASON_CODE,SALES_CHANNEL_CALL_SIGN,DEL_RECONCILIATION_REASON,INVENTORY_VALUE,MAKE_GOOD_ID,TRANSMISSION_ORDER_ID,MODIFIED_BY) values (37799,96,null,35580118,'DLA Disc Home Health Argentina',30,':30 Rotator','PAIDSP',165,'CAMINO DE MARIPO (R)',to_date('26/09/2014','DD/MM/RRRR'),to_date('26/09/2014','DD/MM/RRRR'),'10:00-24:00+00:00-02:00 ....FSS','Poett',null,'DHAR',null,165,null,488,'dgarcia');
insert into TRANSMISSION_ORDER_LINE (TRANSMISSION_ORDER_LINE_ID,LINE_NUMBER,ORIGINAL_INVOICE_LINE,SPOT_ID,SALESCHANNELNAME,SPOT_LEGTH,SPOT_DESCRIPTION,REVENUE_TYPE,GROSS_COST,COPY_NUMBER,SCHED_AIR_DATETIME,ACTUAL_AIR_DATETIME,BOOKING_ZONE_DESCRIPTION,PRODUCT,REASON_CODE,SALES_CHANNEL_CALL_SIGN,DEL_RECONCILIATION_REASON,INVENTORY_VALUE,MAKE_GOOD_ID,TRANSMISSION_ORDER_ID,MODIFIED_BY) values (37800,95,null,35580255,'DLA Disc Home Health Argentina',30,':30 Rotator','PAIDSP',165,'CAMINO DE MARIPO (R)',to_date('26/09/2014','DD/MM/RRRR'),to_date('26/09/2014','DD/MM/RRRR'),'10:00-24:00+00:00-02:00 ....FSS','Poett',null,'DHAR',null,165,null,488,'dgarcia');
insert into TRANSMISSION_ORDER_LINE (TRANSMISSION_ORDER_LINE_ID,LINE_NUMBER,ORIGINAL_INVOICE_LINE,SPOT_ID,SALESCHANNELNAME,SPOT_LEGTH,SPOT_DESCRIPTION,REVENUE_TYPE,GROSS_COST,COPY_NUMBER,SCHED_AIR_DATETIME,ACTUAL_AIR_DATETIME,BOOKING_ZONE_DESCRIPTION,PRODUCT,REASON_CODE,SALES_CHANNEL_CALL_SIGN,DEL_RECONCILIATION_REASON,INVENTORY_VALUE,MAKE_GOOD_ID,TRANSMISSION_ORDER_ID,MODIFIED_BY) values (37801,94,null,35580226,'DLA Disc Home Health Argentina',30,':30 Rotator','PAIDSP',165,'CAMINO DE MARIPO (R)',to_date('26/09/2014','DD/MM/RRRR'),to_date('26/09/2014','DD/MM/RRRR'),'10:00-24:00+00:00-02:00 ....FSS','Poett',null,'DHAR',null,165,null,488,'dgarcia');
insert into TRANSMISSION_ORDER_LINE (TRANSMISSION_ORDER_LINE_ID,LINE_NUMBER,ORIGINAL_INVOICE_LINE,SPOT_ID,SALESCHANNELNAME,SPOT_LEGTH,SPOT_DESCRIPTION,REVENUE_TYPE,GROSS_COST,COPY_NUMBER,SCHED_AIR_DATETIME,ACTUAL_AIR_DATETIME,BOOKING_ZONE_DESCRIPTION,PRODUCT,REASON_CODE,SALES_CHANNEL_CALL_SIGN,DEL_RECONCILIATION_REASON,INVENTORY_VALUE,MAKE_GOOD_ID,TRANSMISSION_ORDER_ID,MODIFIED_BY) values (37802,93,null,35580180,'DLA Disc Home Health Argentina',30,':30 Rotator','PAIDSP',165,'CAMINO DE MARIPO (R)',to_date('26/09/2014','DD/MM/RRRR'),to_date('26/09/2014','DD/MM/RRRR'),'10:00-24:00+00:00-02:00 ....FSS','Poett',null,'DHAR',null,165,null,488,'dgarcia');
insert into TRANSMISSION_ORDER_LINE (TRANSMISSION_ORDER_LINE_ID,LINE_NUMBER,ORIGINAL_INVOICE_LINE,SPOT_ID,SALESCHANNELNAME,SPOT_LEGTH,SPOT_DESCRIPTION,REVENUE_TYPE,GROSS_COST,COPY_NUMBER,SCHED_AIR_DATETIME,ACTUAL_AIR_DATETIME,BOOKING_ZONE_DESCRIPTION,PRODUCT,REASON_CODE,SALES_CHANNEL_CALL_SIGN,DEL_RECONCILIATION_REASON,INVENTORY_VALUE,MAKE_GOOD_ID,TRANSMISSION_ORDER_ID,MODIFIED_BY) values (37803,92,null,35580288,'DLA Disc Home Health Argentina',30,':30 Rotator','PAIDSP',165,'CAMINO DE MARIPO (R)',to_date('26/09/2014','DD/MM/RRRR'),to_date('26/09/2014','DD/MM/RRRR'),'10:00-24:00+00:00-02:00 ....FSS','Poett',null,'DHAR',null,165,null,488,'dgarcia');
insert into TRANSMISSION_ORDER_LINE (TRANSMISSION_ORDER_LINE_ID,LINE_NUMBER,ORIGINAL_INVOICE_LINE,SPOT_ID,SALESCHANNELNAME,SPOT_LEGTH,SPOT_DESCRIPTION,REVENUE_TYPE,GROSS_COST,COPY_NUMBER,SCHED_AIR_DATETIME,ACTUAL_AIR_DATETIME,BOOKING_ZONE_DESCRIPTION,PRODUCT,REASON_CODE,SALES_CHANNEL_CALL_SIGN,DEL_RECONCILIATION_REASON,INVENTORY_VALUE,MAKE_GOOD_ID,TRANSMISSION_ORDER_ID,MODIFIED_BY) values (37804,91,null,35580100,'DLA Disc Home Health Argentina',30,':30 Rotator','PAIDSP',165,'CAMINO DE MARIPO (R)',to_date('26/09/2014','DD/MM/RRRR'),to_date('26/09/2014','DD/MM/RRRR'),'10:00-24:00+00:00-02:00 ....FSS','Poett',null,'DHAR',null,165,null,488,'dgarcia');
insert into TRANSMISSION_ORDER_LINE (TRANSMISSION_ORDER_LINE_ID,LINE_NUMBER,ORIGINAL_INVOICE_LINE,SPOT_ID,SALESCHANNELNAME,SPOT_LEGTH,SPOT_DESCRIPTION,REVENUE_TYPE,GROSS_COST,COPY_NUMBER,SCHED_AIR_DATETIME,ACTUAL_AIR_DATETIME,BOOKING_ZONE_DESCRIPTION,PRODUCT,REASON_CODE,SALES_CHANNEL_CALL_SIGN,DEL_RECONCILIATION_REASON,INVENTORY_VALUE,MAKE_GOOD_ID,TRANSMISSION_ORDER_ID,MODIFIED_BY) values (37805,90,null,35580211,'DLA Disc Home Health Argentina',30,':30 Rotator','PAIDSP',165,'CAMINO DE MARIPO (R)',to_date('26/09/2014','DD/MM/RRRR'),to_date('26/09/2014','DD/MM/RRRR'),'10:00-24:00+00:00-02:00 ....FSS','Poett',null,'DHAR',null,165,null,488,'dgarcia');
insert into TRANSMISSION_ORDER_LINE (TRANSMISSION_ORDER_LINE_ID,LINE_NUMBER,ORIGINAL_INVOICE_LINE,SPOT_ID,SALESCHANNELNAME,SPOT_LEGTH,SPOT_DESCRIPTION,REVENUE_TYPE,GROSS_COST,COPY_NUMBER,SCHED_AIR_DATETIME,ACTUAL_AIR_DATETIME,BOOKING_ZONE_DESCRIPTION,PRODUCT,REASON_CODE,SALES_CHANNEL_CALL_SIGN,DEL_RECONCILIATION_REASON,INVENTORY_VALUE,MAKE_GOOD_ID,TRANSMISSION_ORDER_ID,MODIFIED_BY) values (37806,89,null,35580129,'DLA Disc Home Health Argentina',30,':30 Rotator','PAIDSP',165,'CAMINO DE MARIPO (R)',to_date('26/09/2014','DD/MM/RRRR'),to_date('26/09/2014','DD/MM/RRRR'),'10:00-24:00+00:00-02:00 ....FSS','Poett',null,'DHAR',null,165,null,488,'dgarcia');
insert into TRANSMISSION_ORDER_LINE (TRANSMISSION_ORDER_LINE_ID,LINE_NUMBER,ORIGINAL_INVOICE_LINE,SPOT_ID,SALESCHANNELNAME,SPOT_LEGTH,SPOT_DESCRIPTION,REVENUE_TYPE,GROSS_COST,COPY_NUMBER,SCHED_AIR_DATETIME,ACTUAL_AIR_DATETIME,BOOKING_ZONE_DESCRIPTION,PRODUCT,REASON_CODE,SALES_CHANNEL_CALL_SIGN,DEL_RECONCILIATION_REASON,INVENTORY_VALUE,MAKE_GOOD_ID,TRANSMISSION_ORDER_ID,MODIFIED_BY) values (37807,88,null,35580078,'DLA Disc Home Health Argentina',30,':30 Rotator','PAIDSP',165,'CAMINO DE MARIPO (R)',to_date('26/09/2014','DD/MM/RRRR'),to_date('26/09/2014','DD/MM/RRRR'),'10:00-24:00+00:00-02:00 ....FSS','Poett',null,'DHAR',null,165,null,488,'dgarcia');
insert into TRANSMISSION_ORDER_LINE (TRANSMISSION_ORDER_LINE_ID,LINE_NUMBER,ORIGINAL_INVOICE_LINE,SPOT_ID,SALESCHANNELNAME,SPOT_LEGTH,SPOT_DESCRIPTION,REVENUE_TYPE,GROSS_COST,COPY_NUMBER,SCHED_AIR_DATETIME,ACTUAL_AIR_DATETIME,BOOKING_ZONE_DESCRIPTION,PRODUCT,REASON_CODE,SALES_CHANNEL_CALL_SIGN,DEL_RECONCILIATION_REASON,INVENTORY_VALUE,MAKE_GOOD_ID,TRANSMISSION_ORDER_ID,MODIFIED_BY) values (37808,87,null,35580278,'DLA Disc Home Health Argentina',30,':30 Rotator','PAIDSP',165,'CAMINO DE MARIPO (R)',to_date('26/09/2014','DD/MM/RRRR'),to_date('26/09/2014','DD/MM/RRRR'),'10:00-24:00+00:00-02:00 ....FSS','Poett',null,'DHAR',null,165,null,488,'dgarcia');
insert into TRANSMISSION_ORDER_LINE (TRANSMISSION_ORDER_LINE_ID,LINE_NUMBER,ORIGINAL_INVOICE_LINE,SPOT_ID,SALESCHANNELNAME,SPOT_LEGTH,SPOT_DESCRIPTION,REVENUE_TYPE,GROSS_COST,COPY_NUMBER,SCHED_AIR_DATETIME,ACTUAL_AIR_DATETIME,BOOKING_ZONE_DESCRIPTION,PRODUCT,REASON_CODE,SALES_CHANNEL_CALL_SIGN,DEL_RECONCILIATION_REASON,INVENTORY_VALUE,MAKE_GOOD_ID,TRANSMISSION_ORDER_ID,MODIFIED_BY) values (37607,141,null,35579013,'DLA Tlc Argentina',30,':30 Rotator','PAIDSP',42,'CAMINO DE MARIPO (R)',to_date('28/09/2014','DD/MM/RRRR'),to_date('28/09/2014','DD/MM/RRRR'),'10:00-24:00+00:00-01:00 ......S','Poett',null,'TLCA',null,42,null,487,'dgarcia');
insert into TRANSMISSION_ORDER_LINE (TRANSMISSION_ORDER_LINE_ID,LINE_NUMBER,ORIGINAL_INVOICE_LINE,SPOT_ID,SALESCHANNELNAME,SPOT_LEGTH,SPOT_DESCRIPTION,REVENUE_TYPE,GROSS_COST,COPY_NUMBER,SCHED_AIR_DATETIME,ACTUAL_AIR_DATETIME,BOOKING_ZONE_DESCRIPTION,PRODUCT,REASON_CODE,SALES_CHANNEL_CALL_SIGN,DEL_RECONCILIATION_REASON,INVENTORY_VALUE,MAKE_GOOD_ID,TRANSMISSION_ORDER_ID,MODIFIED_BY) values (37608,140,null,35579003,'DLA Tlc Argentina',30,':30 Rotator','PAIDSP',42,'CAMINO DE MARIPO (R)',to_date('28/09/2014','DD/MM/RRRR'),to_date('28/09/2014','DD/MM/RRRR'),'10:00-24:00+00:00-01:00 ......S','Poett',null,'TLCA',null,42,null,487,'dgarcia');
insert into TRANSMISSION_ORDER_LINE (TRANSMISSION_ORDER_LINE_ID,LINE_NUMBER,ORIGINAL_INVOICE_LINE,SPOT_ID,SALESCHANNELNAME,SPOT_LEGTH,SPOT_DESCRIPTION,REVENUE_TYPE,GROSS_COST,COPY_NUMBER,SCHED_AIR_DATETIME,ACTUAL_AIR_DATETIME,BOOKING_ZONE_DESCRIPTION,PRODUCT,REASON_CODE,SALES_CHANNEL_CALL_SIGN,DEL_RECONCILIATION_REASON,INVENTORY_VALUE,MAKE_GOOD_ID,TRANSMISSION_ORDER_ID,MODIFIED_BY) values (37609,139,null,35579012,'DLA Tlc Argentina',30,':30 Rotator','PAIDSP',42,'CAMINO DE MARIPO (R)',to_date('28/09/2014','DD/MM/RRRR'),to_date('28/09/2014','DD/MM/RRRR'),'10:00-24:00+00:00-01:00 ......S','Poett',null,'TLCA',null,42,null,487,'dgarcia');
insert into TRANSMISSION_ORDER_LINE (TRANSMISSION_ORDER_LINE_ID,LINE_NUMBER,ORIGINAL_INVOICE_LINE,SPOT_ID,SALESCHANNELNAME,SPOT_LEGTH,SPOT_DESCRIPTION,REVENUE_TYPE,GROSS_COST,COPY_NUMBER,SCHED_AIR_DATETIME,ACTUAL_AIR_DATETIME,BOOKING_ZONE_DESCRIPTION,PRODUCT,REASON_CODE,SALES_CHANNEL_CALL_SIGN,DEL_RECONCILIATION_REASON,INVENTORY_VALUE,MAKE_GOOD_ID,TRANSMISSION_ORDER_ID,MODIFIED_BY) values (37610,138,null,35579014,'DLA Tlc Argentina',30,':30 Rotator','PAIDSP',42,'CAMINO DE MARIPO (R)',to_date('28/09/2014','DD/MM/RRRR'),to_date('28/09/2014','DD/MM/RRRR'),'10:00-24:00+00:00-01:00 ......S','Poett',null,'TLCA',null,42,null,487,'dgarcia');
insert into TRANSMISSION_ORDER_LINE (TRANSMISSION_ORDER_LINE_ID,LINE_NUMBER,ORIGINAL_INVOICE_LINE,SPOT_ID,SALESCHANNELNAME,SPOT_LEGTH,SPOT_DESCRIPTION,REVENUE_TYPE,GROSS_COST,COPY_NUMBER,SCHED_AIR_DATETIME,ACTUAL_AIR_DATETIME,BOOKING_ZONE_DESCRIPTION,PRODUCT,REASON_CODE,SALES_CHANNEL_CALL_SIGN,DEL_RECONCILIATION_REASON,INVENTORY_VALUE,MAKE_GOOD_ID,TRANSMISSION_ORDER_ID,MODIFIED_BY) values (37611,137,null,35579007,'DLA Tlc Argentina',30,':30 Rotator','PAIDSP',42,'CAMINO DE MARIPO (R)',to_date('28/09/2014','DD/MM/RRRR'),to_date('28/09/2014','DD/MM/RRRR'),'10:00-24:00+00:00-01:00 ......S','Poett',null,'TLCA',null,42,null,487,'dgarcia');
insert into TRANSMISSION_ORDER_LINE (TRANSMISSION_ORDER_LINE_ID,LINE_NUMBER,ORIGINAL_INVOICE_LINE,SPOT_ID,SALESCHANNELNAME,SPOT_LEGTH,SPOT_DESCRIPTION,REVENUE_TYPE,GROSS_COST,COPY_NUMBER,SCHED_AIR_DATETIME,ACTUAL_AIR_DATETIME,BOOKING_ZONE_DESCRIPTION,PRODUCT,REASON_CODE,SALES_CHANNEL_CALL_SIGN,DEL_RECONCILIATION_REASON,INVENTORY_VALUE,MAKE_GOOD_ID,TRANSMISSION_ORDER_ID,MODIFIED_BY) values (37612,136,null,35579005,'DLA Tlc Argentina',30,':30 Rotator','PAIDSP',42,'CAMINO DE MARIPO (R)',to_date('28/09/2014','DD/MM/RRRR'),to_date('28/09/2014','DD/MM/RRRR'),'10:00-24:00+00:00-01:00 ......S','Poett',null,'TLCA',null,42,null,487,'dgarcia');
insert into TRANSMISSION_ORDER_LINE (TRANSMISSION_ORDER_LINE_ID,LINE_NUMBER,ORIGINAL_INVOICE_LINE,SPOT_ID,SALESCHANNELNAME,SPOT_LEGTH,SPOT_DESCRIPTION,REVENUE_TYPE,GROSS_COST,COPY_NUMBER,SCHED_AIR_DATETIME,ACTUAL_AIR_DATETIME,BOOKING_ZONE_DESCRIPTION,PRODUCT,REASON_CODE,SALES_CHANNEL_CALL_SIGN,DEL_RECONCILIATION_REASON,INVENTORY_VALUE,MAKE_GOOD_ID,TRANSMISSION_ORDER_ID,MODIFIED_BY) values (37613,135,null,35579008,'DLA Tlc Argentina',30,':30 Rotator','PAIDSP',42,'CAMINO DE MARIPO (R)',to_date('28/09/2014','DD/MM/RRRR'),to_date('28/09/2014','DD/MM/RRRR'),'10:00-24:00+00:00-01:00 ......S','Poett',null,'TLCA',null,42,null,487,'dgarcia');
insert into TRANSMISSION_ORDER_LINE (TRANSMISSION_ORDER_LINE_ID,LINE_NUMBER,ORIGINAL_INVOICE_LINE,SPOT_ID,SALESCHANNELNAME,SPOT_LEGTH,SPOT_DESCRIPTION,REVENUE_TYPE,GROSS_COST,COPY_NUMBER,SCHED_AIR_DATETIME,ACTUAL_AIR_DATETIME,BOOKING_ZONE_DESCRIPTION,PRODUCT,REASON_CODE,SALES_CHANNEL_CALL_SIGN,DEL_RECONCILIATION_REASON,INVENTORY_VALUE,MAKE_GOOD_ID,TRANSMISSION_ORDER_ID,MODIFIED_BY) values (37614,134,null,35579006,'DLA Tlc Argentina',30,':30 Rotator','PAIDSP',42,'CAMINO DE MARIPO (R)',to_date('28/09/2014','DD/MM/RRRR'),to_date('28/09/2014','DD/MM/RRRR'),'10:00-24:00+00:00-01:00 ......S','Poett',null,'TLCA',null,42,null,487,'dgarcia');
insert into TRANSMISSION_ORDER_LINE (TRANSMISSION_ORDER_LINE_ID,LINE_NUMBER,ORIGINAL_INVOICE_LINE,SPOT_ID,SALESCHANNELNAME,SPOT_LEGTH,SPOT_DESCRIPTION,REVENUE_TYPE,GROSS_COST,COPY_NUMBER,SCHED_AIR_DATETIME,ACTUAL_AIR_DATETIME,BOOKING_ZONE_DESCRIPTION,PRODUCT,REASON_CODE,SALES_CHANNEL_CALL_SIGN,DEL_RECONCILIATION_REASON,INVENTORY_VALUE,MAKE_GOOD_ID,TRANSMISSION_ORDER_ID,MODIFIED_BY) values (37615,133,null,35579015,'DLA Tlc Argentina',30,':30 Rotator','PAIDSP',42,'CAMINO DE MARIPO (R)',to_date('28/09/2014','DD/MM/RRRR'),to_date('28/09/2014','DD/MM/RRRR'),'10:00-24:00+00:00-01:00 ......S','Poett',null,'TLCA',null,42,null,487,'dgarcia');
insert into TRANSMISSION_ORDER_LINE (TRANSMISSION_ORDER_LINE_ID,LINE_NUMBER,ORIGINAL_INVOICE_LINE,SPOT_ID,SALESCHANNELNAME,SPOT_LEGTH,SPOT_DESCRIPTION,REVENUE_TYPE,GROSS_COST,COPY_NUMBER,SCHED_AIR_DATETIME,ACTUAL_AIR_DATETIME,BOOKING_ZONE_DESCRIPTION,PRODUCT,REASON_CODE,SALES_CHANNEL_CALL_SIGN,DEL_RECONCILIATION_REASON,INVENTORY_VALUE,MAKE_GOOD_ID,TRANSMISSION_ORDER_ID,MODIFIED_BY) values (37616,132,null,35579010,'DLA Tlc Argentina',30,':30 Rotator','PAIDSP',42,'CAMINO DE MARIPO (R)',to_date('28/09/2014','DD/MM/RRRR'),to_date('28/09/2014','DD/MM/RRRR'),'10:00-24:00+00:00-01:00 ......S','Poett',null,'TLCA',null,42,null,487,'dgarcia');
insert into TRANSMISSION_ORDER_LINE (TRANSMISSION_ORDER_LINE_ID,LINE_NUMBER,ORIGINAL_INVOICE_LINE,SPOT_ID,SALESCHANNELNAME,SPOT_LEGTH,SPOT_DESCRIPTION,REVENUE_TYPE,GROSS_COST,COPY_NUMBER,SCHED_AIR_DATETIME,ACTUAL_AIR_DATETIME,BOOKING_ZONE_DESCRIPTION,PRODUCT,REASON_CODE,SALES_CHANNEL_CALL_SIGN,DEL_RECONCILIATION_REASON,INVENTORY_VALUE,MAKE_GOOD_ID,TRANSMISSION_ORDER_ID,MODIFIED_BY) values (37617,131,null,35574473,'DLA Tlc Argentina',30,':30 Rotator','PAIDSP',42,'CAMINO DE MARIPO (R)',to_date('28/09/2014','DD/MM/RRRR'),to_date('28/09/2014','DD/MM/RRRR'),'10:00-19:00 ......S','Poett',null,'TLCA',null,42,null,487,'dgarcia');
insert into TRANSMISSION_ORDER_LINE (TRANSMISSION_ORDER_LINE_ID,LINE_NUMBER,ORIGINAL_INVOICE_LINE,SPOT_ID,SALESCHANNELNAME,SPOT_LEGTH,SPOT_DESCRIPTION,REVENUE_TYPE,GROSS_COST,COPY_NUMBER,SCHED_AIR_DATETIME,ACTUAL_AIR_DATETIME,BOOKING_ZONE_DESCRIPTION,PRODUCT,REASON_CODE,SALES_CHANNEL_CALL_SIGN,DEL_RECONCILIATION_REASON,INVENTORY_VALUE,MAKE_GOOD_ID,TRANSMISSION_ORDER_ID,MODIFIED_BY) values (37618,130,null,35574466,'DLA Tlc Argentina',30,':30 Rotator','PAIDSP',42,'CAMINO DE MARIPO (R)',to_date('28/09/2014','DD/MM/RRRR'),to_date('28/09/2014','DD/MM/RRRR'),'10:00-19:00 ......S','Poett',null,'TLCA',null,42,null,487,'dgarcia');
insert into TRANSMISSION_ORDER_LINE (TRANSMISSION_ORDER_LINE_ID,LINE_NUMBER,ORIGINAL_INVOICE_LINE,SPOT_ID,SALESCHANNELNAME,SPOT_LEGTH,SPOT_DESCRIPTION,REVENUE_TYPE,GROSS_COST,COPY_NUMBER,SCHED_AIR_DATETIME,ACTUAL_AIR_DATETIME,BOOKING_ZONE_DESCRIPTION,PRODUCT,REASON_CODE,SALES_CHANNEL_CALL_SIGN,DEL_RECONCILIATION_REASON,INVENTORY_VALUE,MAKE_GOOD_ID,TRANSMISSION_ORDER_ID,MODIFIED_BY) values (37619,129,null,35574482,'DLA Tlc Argentina',30,':30 Rotator','PAIDSP',42,'CAMINO DE MARIPO (R)',to_date('28/09/2014','DD/MM/RRRR'),to_date('28/09/2014','DD/MM/RRRR'),'10:00-19:00 ......S','Poett',null,'TLCA',null,42,null,487,'dgarcia');
insert into TRANSMISSION_ORDER_LINE (TRANSMISSION_ORDER_LINE_ID,LINE_NUMBER,ORIGINAL_INVOICE_LINE,SPOT_ID,SALESCHANNELNAME,SPOT_LEGTH,SPOT_DESCRIPTION,REVENUE_TYPE,GROSS_COST,COPY_NUMBER,SCHED_AIR_DATETIME,ACTUAL_AIR_DATETIME,BOOKING_ZONE_DESCRIPTION,PRODUCT,REASON_CODE,SALES_CHANNEL_CALL_SIGN,DEL_RECONCILIATION_REASON,INVENTORY_VALUE,MAKE_GOOD_ID,TRANSMISSION_ORDER_ID,MODIFIED_BY) values (37620,128,null,35574472,'DLA Tlc Argentina',30,':30 Rotator','PAIDSP',42,'CAMINO DE MARIPO (R)',to_date('28/09/2014','DD/MM/RRRR'),to_date('28/09/2014','DD/MM/RRRR'),'10:00-19:00 ......S','Poett',null,'TLCA',null,42,null,487,'dgarcia');
insert into TRANSMISSION_ORDER_LINE (TRANSMISSION_ORDER_LINE_ID,LINE_NUMBER,ORIGINAL_INVOICE_LINE,SPOT_ID,SALESCHANNELNAME,SPOT_LEGTH,SPOT_DESCRIPTION,REVENUE_TYPE,GROSS_COST,COPY_NUMBER,SCHED_AIR_DATETIME,ACTUAL_AIR_DATETIME,BOOKING_ZONE_DESCRIPTION,PRODUCT,REASON_CODE,SALES_CHANNEL_CALL_SIGN,DEL_RECONCILIATION_REASON,INVENTORY_VALUE,MAKE_GOOD_ID,TRANSMISSION_ORDER_ID,MODIFIED_BY) values (37621,127,null,35574469,'DLA Tlc Argentina',30,':30 Rotator','PAIDSP',42,'CAMINO DE MARIPO (R)',to_date('28/09/2014','DD/MM/RRRR'),to_date('28/09/2014','DD/MM/RRRR'),'10:00-19:00 ......S','Poett',null,'TLCA',null,42,null,487,'dgarcia');
insert into TRANSMISSION_ORDER_LINE (TRANSMISSION_ORDER_LINE_ID,LINE_NUMBER,ORIGINAL_INVOICE_LINE,SPOT_ID,SALESCHANNELNAME,SPOT_LEGTH,SPOT_DESCRIPTION,REVENUE_TYPE,GROSS_COST,COPY_NUMBER,SCHED_AIR_DATETIME,ACTUAL_AIR_DATETIME,BOOKING_ZONE_DESCRIPTION,PRODUCT,REASON_CODE,SALES_CHANNEL_CALL_SIGN,DEL_RECONCILIATION_REASON,INVENTORY_VALUE,MAKE_GOOD_ID,TRANSMISSION_ORDER_ID,MODIFIED_BY) values (37622,126,null,35324280,'DLA Tlc Argentina',30,':30 Rotator','PAIDSP',42,'CAMINO DE MARIPO (R)',to_date('28/09/2014','DD/MM/RRRR'),to_date('28/09/2014','DD/MM/RRRR'),'10:00-19:00 ......S','Poett',null,'TLCA',null,42,null,487,'dgarcia');
insert into TRANSMISSION_ORDER_LINE (TRANSMISSION_ORDER_LINE_ID,LINE_NUMBER,ORIGINAL_INVOICE_LINE,SPOT_ID,SALESCHANNELNAME,SPOT_LEGTH,SPOT_DESCRIPTION,REVENUE_TYPE,GROSS_COST,COPY_NUMBER,SCHED_AIR_DATETIME,ACTUAL_AIR_DATETIME,BOOKING_ZONE_DESCRIPTION,PRODUCT,REASON_CODE,SALES_CHANNEL_CALL_SIGN,DEL_RECONCILIATION_REASON,INVENTORY_VALUE,MAKE_GOOD_ID,TRANSMISSION_ORDER_ID,MODIFIED_BY) values (37623,125,null,35473514,'DLA Tlc Argentina',30,':30 Rotator','PAIDSP',42,'CAMINO DE MARIPO (R)',to_date('28/09/2014','DD/MM/RRRR'),to_date('28/09/2014','DD/MM/RRRR'),'10:00-19:00 ......S','Poett',null,'TLCA',null,42,null,487,'dgarcia');
insert into TRANSMISSION_ORDER_LINE (TRANSMISSION_ORDER_LINE_ID,LINE_NUMBER,ORIGINAL_INVOICE_LINE,SPOT_ID,SALESCHANNELNAME,SPOT_LEGTH,SPOT_DESCRIPTION,REVENUE_TYPE,GROSS_COST,COPY_NUMBER,SCHED_AIR_DATETIME,ACTUAL_AIR_DATETIME,BOOKING_ZONE_DESCRIPTION,PRODUCT,REASON_CODE,SALES_CHANNEL_CALL_SIGN,DEL_RECONCILIATION_REASON,INVENTORY_VALUE,MAKE_GOOD_ID,TRANSMISSION_ORDER_ID,MODIFIED_BY) values (37624,124,null,35574475,'DLA Tlc Argentina',30,':30 Rotator','PAIDSP',42,'CAMINO DE MARIPO (R)',to_date('28/09/2014','DD/MM/RRRR'),to_date('28/09/2014','DD/MM/RRRR'),'10:00-19:00 ......S','Poett',null,'TLCA',null,42,null,487,'dgarcia');
insert into TRANSMISSION_ORDER_LINE (TRANSMISSION_ORDER_LINE_ID,LINE_NUMBER,ORIGINAL_INVOICE_LINE,SPOT_ID,SALESCHANNELNAME,SPOT_LEGTH,SPOT_DESCRIPTION,REVENUE_TYPE,GROSS_COST,COPY_NUMBER,SCHED_AIR_DATETIME,ACTUAL_AIR_DATETIME,BOOKING_ZONE_DESCRIPTION,PRODUCT,REASON_CODE,SALES_CHANNEL_CALL_SIGN,DEL_RECONCILIATION_REASON,INVENTORY_VALUE,MAKE_GOOD_ID,TRANSMISSION_ORDER_ID,MODIFIED_BY) values (37625,123,null,35574479,'DLA Tlc Argentina',30,':30 Rotator','PAIDSP',42,'CAMINO DE MARIPO (R)',to_date('28/09/2014','DD/MM/RRRR'),to_date('28/09/2014','DD/MM/RRRR'),'10:00-19:00 ......S','Poett',null,'TLCA',null,42,null,487,'dgarcia');
insert into TRANSMISSION_ORDER_LINE (TRANSMISSION_ORDER_LINE_ID,LINE_NUMBER,ORIGINAL_INVOICE_LINE,SPOT_ID,SALESCHANNELNAME,SPOT_LEGTH,SPOT_DESCRIPTION,REVENUE_TYPE,GROSS_COST,COPY_NUMBER,SCHED_AIR_DATETIME,ACTUAL_AIR_DATETIME,BOOKING_ZONE_DESCRIPTION,PRODUCT,REASON_CODE,SALES_CHANNEL_CALL_SIGN,DEL_RECONCILIATION_REASON,INVENTORY_VALUE,MAKE_GOOD_ID,TRANSMISSION_ORDER_ID,MODIFIED_BY) values (37626,122,null,35574470,'DLA Tlc Argentina',30,':30 Rotator','PAIDSP',42,'CAMINO DE MARIPO (R)',to_date('28/09/2014','DD/MM/RRRR'),to_date('28/09/2014','DD/MM/RRRR'),'10:00-19:00 ......S','Poett',null,'TLCA',null,42,null,487,'dgarcia');
insert into TRANSMISSION_ORDER_LINE (TRANSMISSION_ORDER_LINE_ID,LINE_NUMBER,ORIGINAL_INVOICE_LINE,SPOT_ID,SALESCHANNELNAME,SPOT_LEGTH,SPOT_DESCRIPTION,REVENUE_TYPE,GROSS_COST,COPY_NUMBER,SCHED_AIR_DATETIME,ACTUAL_AIR_DATETIME,BOOKING_ZONE_DESCRIPTION,PRODUCT,REASON_CODE,SALES_CHANNEL_CALL_SIGN,DEL_RECONCILIATION_REASON,INVENTORY_VALUE,MAKE_GOOD_ID,TRANSMISSION_ORDER_ID,MODIFIED_BY) values (37627,121,null,35574478,'DLA Tlc Argentina',30,':30 Rotator','PAIDSP',42,'CAMINO DE MARIPO (R)',to_date('28/09/2014','DD/MM/RRRR'),to_date('28/09/2014','DD/MM/RRRR'),'10:00-19:00 ......S','Poett',null,'TLCA',null,42,null,487,'dgarcia');
insert into TRANSMISSION_ORDER_LINE (TRANSMISSION_ORDER_LINE_ID,LINE_NUMBER,ORIGINAL_INVOICE_LINE,SPOT_ID,SALESCHANNELNAME,SPOT_LEGTH,SPOT_DESCRIPTION,REVENUE_TYPE,GROSS_COST,COPY_NUMBER,SCHED_AIR_DATETIME,ACTUAL_AIR_DATETIME,BOOKING_ZONE_DESCRIPTION,PRODUCT,REASON_CODE,SALES_CHANNEL_CALL_SIGN,DEL_RECONCILIATION_REASON,INVENTORY_VALUE,MAKE_GOOD_ID,TRANSMISSION_ORDER_ID,MODIFIED_BY) values (37628,120,null,35574468,'DLA Tlc Argentina',30,':30 Rotator','PAIDSP',42,'CAMINO DE MARIPO (R)',to_date('28/09/2014','DD/MM/RRRR'),to_date('28/09/2014','DD/MM/RRRR'),'10:00-19:00 ......S','Poett',null,'TLCA',null,42,null,487,'dgarcia');
insert into TRANSMISSION_ORDER_LINE (TRANSMISSION_ORDER_LINE_ID,LINE_NUMBER,ORIGINAL_INVOICE_LINE,SPOT_ID,SALESCHANNELNAME,SPOT_LEGTH,SPOT_DESCRIPTION,REVENUE_TYPE,GROSS_COST,COPY_NUMBER,SCHED_AIR_DATETIME,ACTUAL_AIR_DATETIME,BOOKING_ZONE_DESCRIPTION,PRODUCT,REASON_CODE,SALES_CHANNEL_CALL_SIGN,DEL_RECONCILIATION_REASON,INVENTORY_VALUE,MAKE_GOOD_ID,TRANSMISSION_ORDER_ID,MODIFIED_BY) values (37629,119,null,35574474,'DLA Tlc Argentina',30,':30 Rotator','PAIDSP',42,'CAMINO DE MARIPO (R)',to_date('28/09/2014','DD/MM/RRRR'),to_date('28/09/2014','DD/MM/RRRR'),'10:00-19:00 ......S','Poett',null,'TLCA',null,42,null,487,'dgarcia');
insert into TRANSMISSION_ORDER_LINE (TRANSMISSION_ORDER_LINE_ID,LINE_NUMBER,ORIGINAL_INVOICE_LINE,SPOT_ID,SALESCHANNELNAME,SPOT_LEGTH,SPOT_DESCRIPTION,REVENUE_TYPE,GROSS_COST,COPY_NUMBER,SCHED_AIR_DATETIME,ACTUAL_AIR_DATETIME,BOOKING_ZONE_DESCRIPTION,PRODUCT,REASON_CODE,SALES_CHANNEL_CALL_SIGN,DEL_RECONCILIATION_REASON,INVENTORY_VALUE,MAKE_GOOD_ID,TRANSMISSION_ORDER_ID,MODIFIED_BY) values (37630,118,null,35574467,'DLA Tlc Argentina',30,':30 Rotator','PAIDSP',42,'CAMINO DE MARIPO (R)',to_date('28/09/2014','DD/MM/RRRR'),to_date('28/09/2014','DD/MM/RRRR'),'10:00-19:00 ......S','Poett',null,'TLCA',null,42,null,487,'dgarcia');
insert into TRANSMISSION_ORDER_LINE (TRANSMISSION_ORDER_LINE_ID,LINE_NUMBER,ORIGINAL_INVOICE_LINE,SPOT_ID,SALESCHANNELNAME,SPOT_LEGTH,SPOT_DESCRIPTION,REVENUE_TYPE,GROSS_COST,COPY_NUMBER,SCHED_AIR_DATETIME,ACTUAL_AIR_DATETIME,BOOKING_ZONE_DESCRIPTION,PRODUCT,REASON_CODE,SALES_CHANNEL_CALL_SIGN,DEL_RECONCILIATION_REASON,INVENTORY_VALUE,MAKE_GOOD_ID,TRANSMISSION_ORDER_ID,MODIFIED_BY) values (37631,117,null,35574477,'DLA Tlc Argentina',30,':30 Rotator','PAIDSP',42,'CAMINO DE MARIPO (R)',to_date('28/09/2014','DD/MM/RRRR'),to_date('28/09/2014','DD/MM/RRRR'),'10:00-19:00 ......S','Poett',null,'TLCA',null,42,null,487,'dgarcia');
insert into TRANSMISSION_ORDER_LINE (TRANSMISSION_ORDER_LINE_ID,LINE_NUMBER,ORIGINAL_INVOICE_LINE,SPOT_ID,SALESCHANNELNAME,SPOT_LEGTH,SPOT_DESCRIPTION,REVENUE_TYPE,GROSS_COST,COPY_NUMBER,SCHED_AIR_DATETIME,ACTUAL_AIR_DATETIME,BOOKING_ZONE_DESCRIPTION,PRODUCT,REASON_CODE,SALES_CHANNEL_CALL_SIGN,DEL_RECONCILIATION_REASON,INVENTORY_VALUE,MAKE_GOOD_ID,TRANSMISSION_ORDER_ID,MODIFIED_BY) values (37632,116,null,35574471,'DLA Tlc Argentina',30,':30 Rotator','PAIDSP',42,'CAMINO DE MARIPO (R)',to_date('28/09/2014','DD/MM/RRRR'),to_date('28/09/2014','DD/MM/RRRR'),'10:00-19:00 ......S','Poett',null,'TLCA',null,42,null,487,'dgarcia');
insert into TRANSMISSION_ORDER_LINE (TRANSMISSION_ORDER_LINE_ID,LINE_NUMBER,ORIGINAL_INVOICE_LINE,SPOT_ID,SALESCHANNELNAME,SPOT_LEGTH,SPOT_DESCRIPTION,REVENUE_TYPE,GROSS_COST,COPY_NUMBER,SCHED_AIR_DATETIME,ACTUAL_AIR_DATETIME,BOOKING_ZONE_DESCRIPTION,PRODUCT,REASON_CODE,SALES_CHANNEL_CALL_SIGN,DEL_RECONCILIATION_REASON,INVENTORY_VALUE,MAKE_GOOD_ID,TRANSMISSION_ORDER_ID,MODIFIED_BY) values (37633,115,null,35574481,'DLA Tlc Argentina',30,':30 Rotator','PAIDSP',42,'CAMINO DE MARIPO (R)',to_date('28/09/2014','DD/MM/RRRR'),to_date('28/09/2014','DD/MM/RRRR'),'10:00-19:00 ......S','Poett',null,'TLCA',null,42,null,487,'dgarcia');
insert into TRANSMISSION_ORDER_LINE (TRANSMISSION_ORDER_LINE_ID,LINE_NUMBER,ORIGINAL_INVOICE_LINE,SPOT_ID,SALESCHANNELNAME,SPOT_LEGTH,SPOT_DESCRIPTION,REVENUE_TYPE,GROSS_COST,COPY_NUMBER,SCHED_AIR_DATETIME,ACTUAL_AIR_DATETIME,BOOKING_ZONE_DESCRIPTION,PRODUCT,REASON_CODE,SALES_CHANNEL_CALL_SIGN,DEL_RECONCILIATION_REASON,INVENTORY_VALUE,MAKE_GOOD_ID,TRANSMISSION_ORDER_ID,MODIFIED_BY) values (37634,114,null,35574480,'DLA Tlc Argentina',30,':30 Rotator','PAIDSP',42,'CAMINO DE MARIPO (R)',to_date('28/09/2014','DD/MM/RRRR'),to_date('28/09/2014','DD/MM/RRRR'),'10:00-19:00 ......S','Poett',null,'TLCA',null,42,null,487,'dgarcia');
insert into TRANSMISSION_ORDER_LINE (TRANSMISSION_ORDER_LINE_ID,LINE_NUMBER,ORIGINAL_INVOICE_LINE,SPOT_ID,SALESCHANNELNAME,SPOT_LEGTH,SPOT_DESCRIPTION,REVENUE_TYPE,GROSS_COST,COPY_NUMBER,SCHED_AIR_DATETIME,ACTUAL_AIR_DATETIME,BOOKING_ZONE_DESCRIPTION,PRODUCT,REASON_CODE,SALES_CHANNEL_CALL_SIGN,DEL_RECONCILIATION_REASON,INVENTORY_VALUE,MAKE_GOOD_ID,TRANSMISSION_ORDER_ID,MODIFIED_BY) values (37635,113,null,35574465,'DLA Tlc Argentina',30,':30 Rotator','PAIDSP',42,'CAMINO DE MARIPO (R)',to_date('28/09/2014','DD/MM/RRRR'),to_date('28/09/2014','DD/MM/RRRR'),'10:00-19:00 ......S','Poett',null,'TLCA',null,42,null,487,'dgarcia');
insert into TRANSMISSION_ORDER_LINE (TRANSMISSION_ORDER_LINE_ID,LINE_NUMBER,ORIGINAL_INVOICE_LINE,SPOT_ID,SALESCHANNELNAME,SPOT_LEGTH,SPOT_DESCRIPTION,REVENUE_TYPE,GROSS_COST,COPY_NUMBER,SCHED_AIR_DATETIME,ACTUAL_AIR_DATETIME,BOOKING_ZONE_DESCRIPTION,PRODUCT,REASON_CODE,SALES_CHANNEL_CALL_SIGN,DEL_RECONCILIATION_REASON,INVENTORY_VALUE,MAKE_GOOD_ID,TRANSMISSION_ORDER_ID,MODIFIED_BY) values (37636,112,null,35574476,'DLA Tlc Argentina',30,':30 Rotator','PAIDSP',42,'CAMINO DE MARIPO (R)',to_date('28/09/2014','DD/MM/RRRR'),to_date('28/09/2014','DD/MM/RRRR'),'10:00-19:00 ......S','Poett',null,'TLCA',null,42,null,487,'dgarcia');
insert into TRANSMISSION_ORDER_LINE (TRANSMISSION_ORDER_LINE_ID,LINE_NUMBER,ORIGINAL_INVOICE_LINE,SPOT_ID,SALESCHANNELNAME,SPOT_LEGTH,SPOT_DESCRIPTION,REVENUE_TYPE,GROSS_COST,COPY_NUMBER,SCHED_AIR_DATETIME,ACTUAL_AIR_DATETIME,BOOKING_ZONE_DESCRIPTION,PRODUCT,REASON_CODE,SALES_CHANNEL_CALL_SIGN,DEL_RECONCILIATION_REASON,INVENTORY_VALUE,MAKE_GOOD_ID,TRANSMISSION_ORDER_ID,MODIFIED_BY) values (37637,111,null,35324278,'DLA Tlc Argentina',30,':30 Rotator','PAIDSP',42,'CAMINO DE MARIPO (R)',to_date('27/09/2014','DD/MM/RRRR'),to_date('27/09/2014','DD/MM/RRRR'),'10:00-19:00 .....S.','Poett',null,'TLCA',null,42,null,487,'dgarcia');
insert into TRANSMISSION_ORDER_LINE (TRANSMISSION_ORDER_LINE_ID,LINE_NUMBER,ORIGINAL_INVOICE_LINE,SPOT_ID,SALESCHANNELNAME,SPOT_LEGTH,SPOT_DESCRIPTION,REVENUE_TYPE,GROSS_COST,COPY_NUMBER,SCHED_AIR_DATETIME,ACTUAL_AIR_DATETIME,BOOKING_ZONE_DESCRIPTION,PRODUCT,REASON_CODE,SALES_CHANNEL_CALL_SIGN,DEL_RECONCILIATION_REASON,INVENTORY_VALUE,MAKE_GOOD_ID,TRANSMISSION_ORDER_ID,MODIFIED_BY) values (37638,110,null,35324276,'DLA Tlc Argentina',30,':30 Rotator','PAIDSP',42,'CAMINO DE MARIPO (R)',to_date('27/09/2014','DD/MM/RRRR'),to_date('27/09/2014','DD/MM/RRRR'),'10:00-19:00 .....S.','Poett',null,'TLCA',null,42,null,487,'dgarcia');
insert into TRANSMISSION_ORDER_LINE (TRANSMISSION_ORDER_LINE_ID,LINE_NUMBER,ORIGINAL_INVOICE_LINE,SPOT_ID,SALESCHANNELNAME,SPOT_LEGTH,SPOT_DESCRIPTION,REVENUE_TYPE,GROSS_COST,COPY_NUMBER,SCHED_AIR_DATETIME,ACTUAL_AIR_DATETIME,BOOKING_ZONE_DESCRIPTION,PRODUCT,REASON_CODE,SALES_CHANNEL_CALL_SIGN,DEL_RECONCILIATION_REASON,INVENTORY_VALUE,MAKE_GOOD_ID,TRANSMISSION_ORDER_ID,MODIFIED_BY) values (37639,109,null,35473510,'DLA Tlc Argentina',30,':30 Rotator','PAIDSP',42,'CAMINO DE MARIPO (R)',to_date('27/09/2014','DD/MM/RRRR'),to_date('27/09/2014','DD/MM/RRRR'),'10:00-19:00 .....S.','Poett',null,'TLCA',null,42,null,487,'dgarcia');
insert into TRANSMISSION_ORDER_LINE (TRANSMISSION_ORDER_LINE_ID,LINE_NUMBER,ORIGINAL_INVOICE_LINE,SPOT_ID,SALESCHANNELNAME,SPOT_LEGTH,SPOT_DESCRIPTION,REVENUE_TYPE,GROSS_COST,COPY_NUMBER,SCHED_AIR_DATETIME,ACTUAL_AIR_DATETIME,BOOKING_ZONE_DESCRIPTION,PRODUCT,REASON_CODE,SALES_CHANNEL_CALL_SIGN,DEL_RECONCILIATION_REASON,INVENTORY_VALUE,MAKE_GOOD_ID,TRANSMISSION_ORDER_ID,MODIFIED_BY) values (37640,108,null,35473508,'DLA Tlc Argentina',30,':30 Rotator','PAIDSP',42,'CAMINO DE MARIPO (R)',to_date('27/09/2014','DD/MM/RRRR'),to_date('27/09/2014','DD/MM/RRRR'),'10:00-19:00 .....S.','Poett',null,'TLCA',null,42,null,487,'dgarcia');
insert into TRANSMISSION_ORDER_LINE (TRANSMISSION_ORDER_LINE_ID,LINE_NUMBER,ORIGINAL_INVOICE_LINE,SPOT_ID,SALESCHANNELNAME,SPOT_LEGTH,SPOT_DESCRIPTION,REVENUE_TYPE,GROSS_COST,COPY_NUMBER,SCHED_AIR_DATETIME,ACTUAL_AIR_DATETIME,BOOKING_ZONE_DESCRIPTION,PRODUCT,REASON_CODE,SALES_CHANNEL_CALL_SIGN,DEL_RECONCILIATION_REASON,INVENTORY_VALUE,MAKE_GOOD_ID,TRANSMISSION_ORDER_ID,MODIFIED_BY) values (37641,107,null,35324277,'DLA Tlc Argentina',30,':30 Rotator','PAIDSP',42,'CAMINO DE MARIPO (R)',to_date('27/09/2014','DD/MM/RRRR'),to_date('27/09/2014','DD/MM/RRRR'),'10:00-19:00 .....S.','Poett',null,'TLCA',null,42,null,487,'dgarcia');
insert into TRANSMISSION_ORDER_LINE (TRANSMISSION_ORDER_LINE_ID,LINE_NUMBER,ORIGINAL_INVOICE_LINE,SPOT_ID,SALESCHANNELNAME,SPOT_LEGTH,SPOT_DESCRIPTION,REVENUE_TYPE,GROSS_COST,COPY_NUMBER,SCHED_AIR_DATETIME,ACTUAL_AIR_DATETIME,BOOKING_ZONE_DESCRIPTION,PRODUCT,REASON_CODE,SALES_CHANNEL_CALL_SIGN,DEL_RECONCILIATION_REASON,INVENTORY_VALUE,MAKE_GOOD_ID,TRANSMISSION_ORDER_ID,MODIFIED_BY) values (37642,106,null,35473512,'DLA Tlc Argentina',30,':30 Rotator','PAIDSP',42,'CAMINO DE MARIPO (R)',to_date('27/09/2014','DD/MM/RRRR'),to_date('27/09/2014','DD/MM/RRRR'),'10:00-19:00 .....S.','Poett',null,'TLCA',null,42,null,487,'dgarcia');
insert into TRANSMISSION_ORDER_LINE (TRANSMISSION_ORDER_LINE_ID,LINE_NUMBER,ORIGINAL_INVOICE_LINE,SPOT_ID,SALESCHANNELNAME,SPOT_LEGTH,SPOT_DESCRIPTION,REVENUE_TYPE,GROSS_COST,COPY_NUMBER,SCHED_AIR_DATETIME,ACTUAL_AIR_DATETIME,BOOKING_ZONE_DESCRIPTION,PRODUCT,REASON_CODE,SALES_CHANNEL_CALL_SIGN,DEL_RECONCILIATION_REASON,INVENTORY_VALUE,MAKE_GOOD_ID,TRANSMISSION_ORDER_ID,MODIFIED_BY) values (37643,105,null,35473507,'DLA Tlc Argentina',30,':30 Rotator','PAIDSP',42,'CAMINO DE MARIPO (R)',to_date('27/09/2014','DD/MM/RRRR'),to_date('27/09/2014','DD/MM/RRRR'),'10:00-19:00 .....S.','Poett',null,'TLCA',null,42,null,487,'dgarcia');
insert into TRANSMISSION_ORDER_LINE (TRANSMISSION_ORDER_LINE_ID,LINE_NUMBER,ORIGINAL_INVOICE_LINE,SPOT_ID,SALESCHANNELNAME,SPOT_LEGTH,SPOT_DESCRIPTION,REVENUE_TYPE,GROSS_COST,COPY_NUMBER,SCHED_AIR_DATETIME,ACTUAL_AIR_DATETIME,BOOKING_ZONE_DESCRIPTION,PRODUCT,REASON_CODE,SALES_CHANNEL_CALL_SIGN,DEL_RECONCILIATION_REASON,INVENTORY_VALUE,MAKE_GOOD_ID,TRANSMISSION_ORDER_ID,MODIFIED_BY) values (37644,104,null,35473511,'DLA Tlc Argentina',30,':30 Rotator','PAIDSP',42,'CAMINO DE MARIPO (R)',to_date('27/09/2014','DD/MM/RRRR'),to_date('27/09/2014','DD/MM/RRRR'),'10:00-19:00 .....S.','Poett',null,'TLCA',null,42,null,487,'dgarcia');
insert into TRANSMISSION_ORDER_LINE (TRANSMISSION_ORDER_LINE_ID,LINE_NUMBER,ORIGINAL_INVOICE_LINE,SPOT_ID,SALESCHANNELNAME,SPOT_LEGTH,SPOT_DESCRIPTION,REVENUE_TYPE,GROSS_COST,COPY_NUMBER,SCHED_AIR_DATETIME,ACTUAL_AIR_DATETIME,BOOKING_ZONE_DESCRIPTION,PRODUCT,REASON_CODE,SALES_CHANNEL_CALL_SIGN,DEL_RECONCILIATION_REASON,INVENTORY_VALUE,MAKE_GOOD_ID,TRANSMISSION_ORDER_ID,MODIFIED_BY) values (37645,103,null,35324275,'DLA Tlc Argentina',30,':30 Rotator','PAIDSP',42,'CAMINO DE MARIPO (R)',to_date('27/09/2014','DD/MM/RRRR'),to_date('27/09/2014','DD/MM/RRRR'),'10:00-19:00 .....S.','Poett',null,'TLCA',null,42,null,487,'dgarcia');
insert into TRANSMISSION_ORDER_LINE (TRANSMISSION_ORDER_LINE_ID,LINE_NUMBER,ORIGINAL_INVOICE_LINE,SPOT_ID,SALESCHANNELNAME,SPOT_LEGTH,SPOT_DESCRIPTION,REVENUE_TYPE,GROSS_COST,COPY_NUMBER,SCHED_AIR_DATETIME,ACTUAL_AIR_DATETIME,BOOKING_ZONE_DESCRIPTION,PRODUCT,REASON_CODE,SALES_CHANNEL_CALL_SIGN,DEL_RECONCILIATION_REASON,INVENTORY_VALUE,MAKE_GOOD_ID,TRANSMISSION_ORDER_ID,MODIFIED_BY) values (37646,102,null,35473509,'DLA Tlc Argentina',30,':30 Rotator','PAIDSP',42,'CAMINO DE MARIPO (R)',to_date('27/09/2014','DD/MM/RRRR'),to_date('27/09/2014','DD/MM/RRRR'),'10:00-19:00 .....S.','Poett',null,'TLCA',null,42,null,487,'dgarcia');
insert into TRANSMISSION_ORDER_LINE (TRANSMISSION_ORDER_LINE_ID,LINE_NUMBER,ORIGINAL_INVOICE_LINE,SPOT_ID,SALESCHANNELNAME,SPOT_LEGTH,SPOT_DESCRIPTION,REVENUE_TYPE,GROSS_COST,COPY_NUMBER,SCHED_AIR_DATETIME,ACTUAL_AIR_DATETIME,BOOKING_ZONE_DESCRIPTION,PRODUCT,REASON_CODE,SALES_CHANNEL_CALL_SIGN,DEL_RECONCILIATION_REASON,INVENTORY_VALUE,MAKE_GOOD_ID,TRANSMISSION_ORDER_ID,MODIFIED_BY) values (37647,101,null,35473513,'DLA Tlc Argentina',30,':30 Rotator','PAIDSP',42,'CAMINO DE MARIPO (R)',to_date('27/09/2014','DD/MM/RRRR'),to_date('27/09/2014','DD/MM/RRRR'),'10:00-19:00 .....S.','Poett',null,'TLCA',null,42,null,487,'dgarcia');
insert into TRANSMISSION_ORDER_LINE (TRANSMISSION_ORDER_LINE_ID,LINE_NUMBER,ORIGINAL_INVOICE_LINE,SPOT_ID,SALESCHANNELNAME,SPOT_LEGTH,SPOT_DESCRIPTION,REVENUE_TYPE,GROSS_COST,COPY_NUMBER,SCHED_AIR_DATETIME,ACTUAL_AIR_DATETIME,BOOKING_ZONE_DESCRIPTION,PRODUCT,REASON_CODE,SALES_CHANNEL_CALL_SIGN,DEL_RECONCILIATION_REASON,INVENTORY_VALUE,MAKE_GOOD_ID,TRANSMISSION_ORDER_ID,MODIFIED_BY) values (37648,100,null,35324279,'DLA Tlc Argentina',30,':30 Rotator','PAIDSP',42,'CAMINO DE MARIPO (R)',to_date('27/09/2014','DD/MM/RRRR'),to_date('27/09/2014','DD/MM/RRRR'),'10:00-19:00 .....S.','Poett',null,'TLCA',null,42,null,487,'dgarcia');
insert into TRANSMISSION_ORDER_LINE (TRANSMISSION_ORDER_LINE_ID,LINE_NUMBER,ORIGINAL_INVOICE_LINE,SPOT_ID,SALESCHANNELNAME,SPOT_LEGTH,SPOT_DESCRIPTION,REVENUE_TYPE,GROSS_COST,COPY_NUMBER,SCHED_AIR_DATETIME,ACTUAL_AIR_DATETIME,BOOKING_ZONE_DESCRIPTION,PRODUCT,REASON_CODE,SALES_CHANNEL_CALL_SIGN,DEL_RECONCILIATION_REASON,INVENTORY_VALUE,MAKE_GOOD_ID,TRANSMISSION_ORDER_ID,MODIFIED_BY) values (37649,99,null,35324272,'DLA Tlc Argentina',30,':30 Rotator','PAIDSP',42,'CAMINO DE MARIPO (R)',to_date('26/09/2014','DD/MM/RRRR'),to_date('26/09/2014','DD/MM/RRRR'),'10:00-19:00 ....F..','Poett',null,'TLCA',null,42,null,487,'dgarcia');
insert into TRANSMISSION_ORDER_LINE (TRANSMISSION_ORDER_LINE_ID,LINE_NUMBER,ORIGINAL_INVOICE_LINE,SPOT_ID,SALESCHANNELNAME,SPOT_LEGTH,SPOT_DESCRIPTION,REVENUE_TYPE,GROSS_COST,COPY_NUMBER,SCHED_AIR_DATETIME,ACTUAL_AIR_DATETIME,BOOKING_ZONE_DESCRIPTION,PRODUCT,REASON_CODE,SALES_CHANNEL_CALL_SIGN,DEL_RECONCILIATION_REASON,INVENTORY_VALUE,MAKE_GOOD_ID,TRANSMISSION_ORDER_ID,MODIFIED_BY) values (37650,98,null,35324268,'DLA Tlc Argentina',30,':30 Rotator','PAIDSP',42,'CAMINO DE MARIPO (R)',to_date('26/09/2014','DD/MM/RRRR'),to_date('26/09/2014','DD/MM/RRRR'),'10:00-19:00 ....F..','Poett',null,'TLCA',null,42,null,487,'dgarcia');
insert into TRANSMISSION_ORDER_LINE (TRANSMISSION_ORDER_LINE_ID,LINE_NUMBER,ORIGINAL_INVOICE_LINE,SPOT_ID,SALESCHANNELNAME,SPOT_LEGTH,SPOT_DESCRIPTION,REVENUE_TYPE,GROSS_COST,COPY_NUMBER,SCHED_AIR_DATETIME,ACTUAL_AIR_DATETIME,BOOKING_ZONE_DESCRIPTION,PRODUCT,REASON_CODE,SALES_CHANNEL_CALL_SIGN,DEL_RECONCILIATION_REASON,INVENTORY_VALUE,MAKE_GOOD_ID,TRANSMISSION_ORDER_ID,MODIFIED_BY) values (37651,97,null,35473501,'DLA Tlc Argentina',30,':30 Rotator','PAIDSP',42,'CAMINO DE MARIPO (R)',to_date('26/09/2014','DD/MM/RRRR'),to_date('26/09/2014','DD/MM/RRRR'),'10:00-19:00 ....F..','Poett',null,'TLCA',null,42,null,487,'dgarcia');
insert into TRANSMISSION_ORDER_LINE (TRANSMISSION_ORDER_LINE_ID,LINE_NUMBER,ORIGINAL_INVOICE_LINE,SPOT_ID,SALESCHANNELNAME,SPOT_LEGTH,SPOT_DESCRIPTION,REVENUE_TYPE,GROSS_COST,COPY_NUMBER,SCHED_AIR_DATETIME,ACTUAL_AIR_DATETIME,BOOKING_ZONE_DESCRIPTION,PRODUCT,REASON_CODE,SALES_CHANNEL_CALL_SIGN,DEL_RECONCILIATION_REASON,INVENTORY_VALUE,MAKE_GOOD_ID,TRANSMISSION_ORDER_ID,MODIFIED_BY) values (37652,96,null,35473505,'DLA Tlc Argentina',30,':30 Rotator','PAIDSP',42,'CAMINO DE MARIPO (R)',to_date('26/09/2014','DD/MM/RRRR'),to_date('26/09/2014','DD/MM/RRRR'),'10:00-19:00 ....F..','Poett',null,'TLCA',null,42,null,487,'dgarcia');
insert into TRANSMISSION_ORDER_LINE (TRANSMISSION_ORDER_LINE_ID,LINE_NUMBER,ORIGINAL_INVOICE_LINE,SPOT_ID,SALESCHANNELNAME,SPOT_LEGTH,SPOT_DESCRIPTION,REVENUE_TYPE,GROSS_COST,COPY_NUMBER,SCHED_AIR_DATETIME,ACTUAL_AIR_DATETIME,BOOKING_ZONE_DESCRIPTION,PRODUCT,REASON_CODE,SALES_CHANNEL_CALL_SIGN,DEL_RECONCILIATION_REASON,INVENTORY_VALUE,MAKE_GOOD_ID,TRANSMISSION_ORDER_ID,MODIFIED_BY) values (37809,86,null,35580009,'DLA Disc Home Health Argentina',30,':30 Rotator','PAIDSP',165,'CAMINO DE MARIPO (R)',to_date('26/09/2014','DD/MM/RRRR'),to_date('26/09/2014','DD/MM/RRRR'),'10:00-24:00+00:00-02:00 ....FSS','Poett',null,'DHAR',null,165,null,488,'dgarcia');
insert into TRANSMISSION_ORDER_LINE (TRANSMISSION_ORDER_LINE_ID,LINE_NUMBER,ORIGINAL_INVOICE_LINE,SPOT_ID,SALESCHANNELNAME,SPOT_LEGTH,SPOT_DESCRIPTION,REVENUE_TYPE,GROSS_COST,COPY_NUMBER,SCHED_AIR_DATETIME,ACTUAL_AIR_DATETIME,BOOKING_ZONE_DESCRIPTION,PRODUCT,REASON_CODE,SALES_CHANNEL_CALL_SIGN,DEL_RECONCILIATION_REASON,INVENTORY_VALUE,MAKE_GOOD_ID,TRANSMISSION_ORDER_ID,MODIFIED_BY) values (37810,85,null,35324502,'DLA Disc Home Health Argentina',30,':30 Rotator','RECNCG',0,null,to_date('26/09/2014','DD/MM/RRRR'),to_date('30/11/2002','DD/MM/RRRR'),'19:00-24:00+00:00-01:00 ....F..','Poett',null,'DHAR','055',165,null,488,'dgarcia');
insert into TRANSMISSION_ORDER_LINE (TRANSMISSION_ORDER_LINE_ID,LINE_NUMBER,ORIGINAL_INVOICE_LINE,SPOT_ID,SALESCHANNELNAME,SPOT_LEGTH,SPOT_DESCRIPTION,REVENUE_TYPE,GROSS_COST,COPY_NUMBER,SCHED_AIR_DATETIME,ACTUAL_AIR_DATETIME,BOOKING_ZONE_DESCRIPTION,PRODUCT,REASON_CODE,SALES_CHANNEL_CALL_SIGN,DEL_RECONCILIATION_REASON,INVENTORY_VALUE,MAKE_GOOD_ID,TRANSMISSION_ORDER_ID,MODIFIED_BY) values (37811,84,null,35324369,'DLA Disc Home Health Argentina',30,':30 Rotator','RECNCG',0,null,to_date('26/09/2014','DD/MM/RRRR'),to_date('30/11/2002','DD/MM/RRRR'),'10:00-19:00 ....F..','Poett',null,'DHAR','055',123,null,488,'dgarcia');
insert into TRANSMISSION_ORDER_LINE (TRANSMISSION_ORDER_LINE_ID,LINE_NUMBER,ORIGINAL_INVOICE_LINE,SPOT_ID,SALESCHANNELNAME,SPOT_LEGTH,SPOT_DESCRIPTION,REVENUE_TYPE,GROSS_COST,COPY_NUMBER,SCHED_AIR_DATETIME,ACTUAL_AIR_DATETIME,BOOKING_ZONE_DESCRIPTION,PRODUCT,REASON_CODE,SALES_CHANNEL_CALL_SIGN,DEL_RECONCILIATION_REASON,INVENTORY_VALUE,MAKE_GOOD_ID,TRANSMISSION_ORDER_ID,MODIFIED_BY) values (37812,83,null,35324370,'DLA Disc Home Health Argentina',30,':30 Rotator','RECNCG',0,null,to_date('26/09/2014','DD/MM/RRRR'),to_date('30/11/2002','DD/MM/RRRR'),'10:00-19:00 ....F..','Poett',null,'DHAR','055',123,null,488,'dgarcia');
insert into TRANSMISSION_ORDER_LINE (TRANSMISSION_ORDER_LINE_ID,LINE_NUMBER,ORIGINAL_INVOICE_LINE,SPOT_ID,SALESCHANNELNAME,SPOT_LEGTH,SPOT_DESCRIPTION,REVENUE_TYPE,GROSS_COST,COPY_NUMBER,SCHED_AIR_DATETIME,ACTUAL_AIR_DATETIME,BOOKING_ZONE_DESCRIPTION,PRODUCT,REASON_CODE,SALES_CHANNEL_CALL_SIGN,DEL_RECONCILIATION_REASON,INVENTORY_VALUE,MAKE_GOOD_ID,TRANSMISSION_ORDER_ID,MODIFIED_BY) values (37813,82,null,35324501,'DLA Disc Home Health Argentina',30,':30 Rotator','RECNCG',0,null,to_date('26/09/2014','DD/MM/RRRR'),to_date('30/11/2002','DD/MM/RRRR'),'19:00-24:00+00:00-01:00 ....F..','Poett',null,'DHAR','055',165,null,488,'dgarcia');
insert into TRANSMISSION_ORDER_LINE (TRANSMISSION_ORDER_LINE_ID,LINE_NUMBER,ORIGINAL_INVOICE_LINE,SPOT_ID,SALESCHANNELNAME,SPOT_LEGTH,SPOT_DESCRIPTION,REVENUE_TYPE,GROSS_COST,COPY_NUMBER,SCHED_AIR_DATETIME,ACTUAL_AIR_DATETIME,BOOKING_ZONE_DESCRIPTION,PRODUCT,REASON_CODE,SALES_CHANNEL_CALL_SIGN,DEL_RECONCILIATION_REASON,INVENTORY_VALUE,MAKE_GOOD_ID,TRANSMISSION_ORDER_ID,MODIFIED_BY) values (37814,81,null,35324500,'DLA Disc Home Health Argentina',30,':30 Rotator','PAIDSP',165,'CAMINO DE MARIPO (R)',to_date('25/09/2014','DD/MM/RRRR'),to_date('25/09/2014','DD/MM/RRRR'),'19:00-24:00+00:00-01:00 ...T...','Poett',null,'DHAR',null,165,null,488,'dgarcia');
insert into TRANSMISSION_ORDER_LINE (TRANSMISSION_ORDER_LINE_ID,LINE_NUMBER,ORIGINAL_INVOICE_LINE,SPOT_ID,SALESCHANNELNAME,SPOT_LEGTH,SPOT_DESCRIPTION,REVENUE_TYPE,GROSS_COST,COPY_NUMBER,SCHED_AIR_DATETIME,ACTUAL_AIR_DATETIME,BOOKING_ZONE_DESCRIPTION,PRODUCT,REASON_CODE,SALES_CHANNEL_CALL_SIGN,DEL_RECONCILIATION_REASON,INVENTORY_VALUE,MAKE_GOOD_ID,TRANSMISSION_ORDER_ID,MODIFIED_BY) values (37815,80,null,35324499,'DLA Disc Home Health Argentina',30,':30 Rotator','PAIDSP',165,'CAMINO DE MARIPO (R)',to_date('25/09/2014','DD/MM/RRRR'),to_date('25/09/2014','DD/MM/RRRR'),'19:00-24:00+00:00-01:00 ...T...','Poett',null,'DHAR',null,165,null,488,'dgarcia');
insert into TRANSMISSION_ORDER_LINE (TRANSMISSION_ORDER_LINE_ID,LINE_NUMBER,ORIGINAL_INVOICE_LINE,SPOT_ID,SALESCHANNELNAME,SPOT_LEGTH,SPOT_DESCRIPTION,REVENUE_TYPE,GROSS_COST,COPY_NUMBER,SCHED_AIR_DATETIME,ACTUAL_AIR_DATETIME,BOOKING_ZONE_DESCRIPTION,PRODUCT,REASON_CODE,SALES_CHANNEL_CALL_SIGN,DEL_RECONCILIATION_REASON,INVENTORY_VALUE,MAKE_GOOD_ID,TRANSMISSION_ORDER_ID,MODIFIED_BY) values (37816,79,null,35324497,'DLA Disc Home Health Argentina',30,':30 Rotator','PAIDSP',165,'CAMINO DE MARIPO (R)',to_date('25/09/2014','DD/MM/RRRR'),to_date('25/09/2014','DD/MM/RRRR'),'19:00-24:00+00:00-01:00 ...T...','Poett',null,'DHAR',null,165,null,488,'dgarcia');
insert into TRANSMISSION_ORDER_LINE (TRANSMISSION_ORDER_LINE_ID,LINE_NUMBER,ORIGINAL_INVOICE_LINE,SPOT_ID,SALESCHANNELNAME,SPOT_LEGTH,SPOT_DESCRIPTION,REVENUE_TYPE,GROSS_COST,COPY_NUMBER,SCHED_AIR_DATETIME,ACTUAL_AIR_DATETIME,BOOKING_ZONE_DESCRIPTION,PRODUCT,REASON_CODE,SALES_CHANNEL_CALL_SIGN,DEL_RECONCILIATION_REASON,INVENTORY_VALUE,MAKE_GOOD_ID,TRANSMISSION_ORDER_ID,MODIFIED_BY) values (37817,78,null,35324498,'DLA Disc Home Health Argentina',30,':30 Rotator','PAIDSP',165,'CAMINO DE MARIPO (R)',to_date('25/09/2014','DD/MM/RRRR'),to_date('25/09/2014','DD/MM/RRRR'),'19:00-24:00+00:00-01:00 ...T...','Poett',null,'DHAR',null,165,null,488,'dgarcia');
insert into TRANSMISSION_ORDER_LINE (TRANSMISSION_ORDER_LINE_ID,LINE_NUMBER,ORIGINAL_INVOICE_LINE,SPOT_ID,SALESCHANNELNAME,SPOT_LEGTH,SPOT_DESCRIPTION,REVENUE_TYPE,GROSS_COST,COPY_NUMBER,SCHED_AIR_DATETIME,ACTUAL_AIR_DATETIME,BOOKING_ZONE_DESCRIPTION,PRODUCT,REASON_CODE,SALES_CHANNEL_CALL_SIGN,DEL_RECONCILIATION_REASON,INVENTORY_VALUE,MAKE_GOOD_ID,TRANSMISSION_ORDER_ID,MODIFIED_BY) values (37818,77,null,35324368,'DLA Disc Home Health Argentina',30,':30 Rotator','RECNCG',0,null,to_date('25/09/2014','DD/MM/RRRR'),to_date('30/11/2002','DD/MM/RRRR'),'10:00-19:00 ...T...','Poett',null,'DHAR','055',123,null,488,'dgarcia');
insert into TRANSMISSION_ORDER_LINE (TRANSMISSION_ORDER_LINE_ID,LINE_NUMBER,ORIGINAL_INVOICE_LINE,SPOT_ID,SALESCHANNELNAME,SPOT_LEGTH,SPOT_DESCRIPTION,REVENUE_TYPE,GROSS_COST,COPY_NUMBER,SCHED_AIR_DATETIME,ACTUAL_AIR_DATETIME,BOOKING_ZONE_DESCRIPTION,PRODUCT,REASON_CODE,SALES_CHANNEL_CALL_SIGN,DEL_RECONCILIATION_REASON,INVENTORY_VALUE,MAKE_GOOD_ID,TRANSMISSION_ORDER_ID,MODIFIED_BY) values (37819,76,null,35324367,'DLA Disc Home Health Argentina',30,':30 Rotator','RECNCG',0,null,to_date('25/09/2014','DD/MM/RRRR'),to_date('30/11/2002','DD/MM/RRRR'),'10:00-19:00 ...T...','Poett',null,'DHAR','055',123,null,488,'dgarcia');
insert into TRANSMISSION_ORDER_LINE (TRANSMISSION_ORDER_LINE_ID,LINE_NUMBER,ORIGINAL_INVOICE_LINE,SPOT_ID,SALESCHANNELNAME,SPOT_LEGTH,SPOT_DESCRIPTION,REVENUE_TYPE,GROSS_COST,COPY_NUMBER,SCHED_AIR_DATETIME,ACTUAL_AIR_DATETIME,BOOKING_ZONE_DESCRIPTION,PRODUCT,REASON_CODE,SALES_CHANNEL_CALL_SIGN,DEL_RECONCILIATION_REASON,INVENTORY_VALUE,MAKE_GOOD_ID,TRANSMISSION_ORDER_ID,MODIFIED_BY) values (37820,75,null,35324496,'DLA Disc Home Health Argentina',30,':30 Rotator','PAIDSP',165,'CAMINO DE MARIPO (R)',to_date('24/09/2014','DD/MM/RRRR'),to_date('24/09/2014','DD/MM/RRRR'),'19:00-24:00+00:00-01:00 ..W....','Poett',null,'DHAR',null,165,null,488,'dgarcia');
insert into TRANSMISSION_ORDER_LINE (TRANSMISSION_ORDER_LINE_ID,LINE_NUMBER,ORIGINAL_INVOICE_LINE,SPOT_ID,SALESCHANNELNAME,SPOT_LEGTH,SPOT_DESCRIPTION,REVENUE_TYPE,GROSS_COST,COPY_NUMBER,SCHED_AIR_DATETIME,ACTUAL_AIR_DATETIME,BOOKING_ZONE_DESCRIPTION,PRODUCT,REASON_CODE,SALES_CHANNEL_CALL_SIGN,DEL_RECONCILIATION_REASON,INVENTORY_VALUE,MAKE_GOOD_ID,TRANSMISSION_ORDER_ID,MODIFIED_BY) values (37821,74,null,35324495,'DLA Disc Home Health Argentina',30,':30 Rotator','PAIDSP',165,'CAMINO DE MARIPO (R)',to_date('24/09/2014','DD/MM/RRRR'),to_date('24/09/2014','DD/MM/RRRR'),'19:00-24:00+00:00-01:00 ..W....','Poett',null,'DHAR',null,165,null,488,'dgarcia');
insert into TRANSMISSION_ORDER_LINE (TRANSMISSION_ORDER_LINE_ID,LINE_NUMBER,ORIGINAL_INVOICE_LINE,SPOT_ID,SALESCHANNELNAME,SPOT_LEGTH,SPOT_DESCRIPTION,REVENUE_TYPE,GROSS_COST,COPY_NUMBER,SCHED_AIR_DATETIME,ACTUAL_AIR_DATETIME,BOOKING_ZONE_DESCRIPTION,PRODUCT,REASON_CODE,SALES_CHANNEL_CALL_SIGN,DEL_RECONCILIATION_REASON,INVENTORY_VALUE,MAKE_GOOD_ID,TRANSMISSION_ORDER_ID,MODIFIED_BY) values (37822,73,null,35324493,'DLA Disc Home Health Argentina',30,':30 Rotator','PAIDSP',165,'CAMINO DE MARIPO (R)',to_date('24/09/2014','DD/MM/RRRR'),to_date('24/09/2014','DD/MM/RRRR'),'19:00-24:00+00:00-01:00 ..W....','Poett',null,'DHAR',null,165,null,488,'dgarcia');
insert into TRANSMISSION_ORDER_LINE (TRANSMISSION_ORDER_LINE_ID,LINE_NUMBER,ORIGINAL_INVOICE_LINE,SPOT_ID,SALESCHANNELNAME,SPOT_LEGTH,SPOT_DESCRIPTION,REVENUE_TYPE,GROSS_COST,COPY_NUMBER,SCHED_AIR_DATETIME,ACTUAL_AIR_DATETIME,BOOKING_ZONE_DESCRIPTION,PRODUCT,REASON_CODE,SALES_CHANNEL_CALL_SIGN,DEL_RECONCILIATION_REASON,INVENTORY_VALUE,MAKE_GOOD_ID,TRANSMISSION_ORDER_ID,MODIFIED_BY) values (37823,72,null,35324366,'DLA Disc Home Health Argentina',30,':30 Rotator','PAIDSP',123,'CAMINO DE MARIPO (R)',to_date('24/09/2014','DD/MM/RRRR'),to_date('24/09/2014','DD/MM/RRRR'),'10:00-19:00 ..W....','Poett',null,'DHAR',null,123,null,488,'dgarcia');
insert into TRANSMISSION_ORDER_LINE (TRANSMISSION_ORDER_LINE_ID,LINE_NUMBER,ORIGINAL_INVOICE_LINE,SPOT_ID,SALESCHANNELNAME,SPOT_LEGTH,SPOT_DESCRIPTION,REVENUE_TYPE,GROSS_COST,COPY_NUMBER,SCHED_AIR_DATETIME,ACTUAL_AIR_DATETIME,BOOKING_ZONE_DESCRIPTION,PRODUCT,REASON_CODE,SALES_CHANNEL_CALL_SIGN,DEL_RECONCILIATION_REASON,INVENTORY_VALUE,MAKE_GOOD_ID,TRANSMISSION_ORDER_ID,MODIFIED_BY) values (37824,71,null,35324494,'DLA Disc Home Health Argentina',30,':30 Rotator','RECNCG',0,null,to_date('24/09/2014','DD/MM/RRRR'),to_date('30/11/2002','DD/MM/RRRR'),'19:00-24:00+00:00-01:00 ..W....','Poett',null,'DHAR','055',165,null,488,'dgarcia');
insert into TRANSMISSION_ORDER_LINE (TRANSMISSION_ORDER_LINE_ID,LINE_NUMBER,ORIGINAL_INVOICE_LINE,SPOT_ID,SALESCHANNELNAME,SPOT_LEGTH,SPOT_DESCRIPTION,REVENUE_TYPE,GROSS_COST,COPY_NUMBER,SCHED_AIR_DATETIME,ACTUAL_AIR_DATETIME,BOOKING_ZONE_DESCRIPTION,PRODUCT,REASON_CODE,SALES_CHANNEL_CALL_SIGN,DEL_RECONCILIATION_REASON,INVENTORY_VALUE,MAKE_GOOD_ID,TRANSMISSION_ORDER_ID,MODIFIED_BY) values (37825,70,null,35324365,'DLA Disc Home Health Argentina',30,':30 Rotator','RECNCG',0,null,to_date('24/09/2014','DD/MM/RRRR'),to_date('30/11/2002','DD/MM/RRRR'),'10:00-19:00 ..W....','Poett',null,'DHAR','055',123,null,488,'dgarcia');
insert into TRANSMISSION_ORDER_LINE (TRANSMISSION_ORDER_LINE_ID,LINE_NUMBER,ORIGINAL_INVOICE_LINE,SPOT_ID,SALESCHANNELNAME,SPOT_LEGTH,SPOT_DESCRIPTION,REVENUE_TYPE,GROSS_COST,COPY_NUMBER,SCHED_AIR_DATETIME,ACTUAL_AIR_DATETIME,BOOKING_ZONE_DESCRIPTION,PRODUCT,REASON_CODE,SALES_CHANNEL_CALL_SIGN,DEL_RECONCILIATION_REASON,INVENTORY_VALUE,MAKE_GOOD_ID,TRANSMISSION_ORDER_ID,MODIFIED_BY) values (37826,69,null,35324489,'DLA Disc Home Health Argentina',30,':30 Rotator','PAIDSP',165,'CAMINO DE MARIPO (R)',to_date('23/09/2014','DD/MM/RRRR'),to_date('23/09/2014','DD/MM/RRRR'),'19:00-24:00+00:00-01:00 .T.....','Poett',null,'DHAR',null,165,null,488,'dgarcia');
insert into TRANSMISSION_ORDER_LINE (TRANSMISSION_ORDER_LINE_ID,LINE_NUMBER,ORIGINAL_INVOICE_LINE,SPOT_ID,SALESCHANNELNAME,SPOT_LEGTH,SPOT_DESCRIPTION,REVENUE_TYPE,GROSS_COST,COPY_NUMBER,SCHED_AIR_DATETIME,ACTUAL_AIR_DATETIME,BOOKING_ZONE_DESCRIPTION,PRODUCT,REASON_CODE,SALES_CHANNEL_CALL_SIGN,DEL_RECONCILIATION_REASON,INVENTORY_VALUE,MAKE_GOOD_ID,TRANSMISSION_ORDER_ID,MODIFIED_BY) values (37827,68,null,35324492,'DLA Disc Home Health Argentina',30,':30 Rotator','PAIDSP',165,'CAMINO DE MARIPO (R)',to_date('23/09/2014','DD/MM/RRRR'),to_date('23/09/2014','DD/MM/RRRR'),'19:00-24:00+00:00-01:00 .T.....','Poett',null,'DHAR',null,165,null,488,'dgarcia');
insert into TRANSMISSION_ORDER_LINE (TRANSMISSION_ORDER_LINE_ID,LINE_NUMBER,ORIGINAL_INVOICE_LINE,SPOT_ID,SALESCHANNELNAME,SPOT_LEGTH,SPOT_DESCRIPTION,REVENUE_TYPE,GROSS_COST,COPY_NUMBER,SCHED_AIR_DATETIME,ACTUAL_AIR_DATETIME,BOOKING_ZONE_DESCRIPTION,PRODUCT,REASON_CODE,SALES_CHANNEL_CALL_SIGN,DEL_RECONCILIATION_REASON,INVENTORY_VALUE,MAKE_GOOD_ID,TRANSMISSION_ORDER_ID,MODIFIED_BY) values (37828,67,null,35324490,'DLA Disc Home Health Argentina',30,':30 Rotator','PAIDSP',165,'CAMINO DE MARIPO (R)',to_date('23/09/2014','DD/MM/RRRR'),to_date('23/09/2014','DD/MM/RRRR'),'19:00-24:00+00:00-01:00 .T.....','Poett',null,'DHAR',null,165,null,488,'dgarcia');
insert into TRANSMISSION_ORDER_LINE (TRANSMISSION_ORDER_LINE_ID,LINE_NUMBER,ORIGINAL_INVOICE_LINE,SPOT_ID,SALESCHANNELNAME,SPOT_LEGTH,SPOT_DESCRIPTION,REVENUE_TYPE,GROSS_COST,COPY_NUMBER,SCHED_AIR_DATETIME,ACTUAL_AIR_DATETIME,BOOKING_ZONE_DESCRIPTION,PRODUCT,REASON_CODE,SALES_CHANNEL_CALL_SIGN,DEL_RECONCILIATION_REASON,INVENTORY_VALUE,MAKE_GOOD_ID,TRANSMISSION_ORDER_ID,MODIFIED_BY) values (37653,95,null,35473503,'DLA Tlc Argentina',30,':30 Rotator','PAIDSP',42,'CAMINO DE MARIPO (R)',to_date('26/09/2014','DD/MM/RRRR'),to_date('26/09/2014','DD/MM/RRRR'),'10:00-19:00 ....F..','Poett',null,'TLCA',null,42,null,487,'dgarcia');
insert into TRANSMISSION_ORDER_LINE (TRANSMISSION_ORDER_LINE_ID,LINE_NUMBER,ORIGINAL_INVOICE_LINE,SPOT_ID,SALESCHANNELNAME,SPOT_LEGTH,SPOT_DESCRIPTION,REVENUE_TYPE,GROSS_COST,COPY_NUMBER,SCHED_AIR_DATETIME,ACTUAL_AIR_DATETIME,BOOKING_ZONE_DESCRIPTION,PRODUCT,REASON_CODE,SALES_CHANNEL_CALL_SIGN,DEL_RECONCILIATION_REASON,INVENTORY_VALUE,MAKE_GOOD_ID,TRANSMISSION_ORDER_ID,MODIFIED_BY) values (37654,94,null,35324274,'DLA Tlc Argentina',30,':30 Rotator','PAIDSP',42,'CAMINO DE MARIPO (R)',to_date('26/09/2014','DD/MM/RRRR'),to_date('26/09/2014','DD/MM/RRRR'),'10:00-19:00 ....F..','Poett',null,'TLCA',null,42,null,487,'dgarcia');
insert into TRANSMISSION_ORDER_LINE (TRANSMISSION_ORDER_LINE_ID,LINE_NUMBER,ORIGINAL_INVOICE_LINE,SPOT_ID,SALESCHANNELNAME,SPOT_LEGTH,SPOT_DESCRIPTION,REVENUE_TYPE,GROSS_COST,COPY_NUMBER,SCHED_AIR_DATETIME,ACTUAL_AIR_DATETIME,BOOKING_ZONE_DESCRIPTION,PRODUCT,REASON_CODE,SALES_CHANNEL_CALL_SIGN,DEL_RECONCILIATION_REASON,INVENTORY_VALUE,MAKE_GOOD_ID,TRANSMISSION_ORDER_ID,MODIFIED_BY) values (37655,93,null,35473502,'DLA Tlc Argentina',30,':30 Rotator','PAIDSP',42,'CAMINO DE MARIPO (R)',to_date('26/09/2014','DD/MM/RRRR'),to_date('26/09/2014','DD/MM/RRRR'),'10:00-19:00 ....F..','Poett',null,'TLCA',null,42,null,487,'dgarcia');
insert into TRANSMISSION_ORDER_LINE (TRANSMISSION_ORDER_LINE_ID,LINE_NUMBER,ORIGINAL_INVOICE_LINE,SPOT_ID,SALESCHANNELNAME,SPOT_LEGTH,SPOT_DESCRIPTION,REVENUE_TYPE,GROSS_COST,COPY_NUMBER,SCHED_AIR_DATETIME,ACTUAL_AIR_DATETIME,BOOKING_ZONE_DESCRIPTION,PRODUCT,REASON_CODE,SALES_CHANNEL_CALL_SIGN,DEL_RECONCILIATION_REASON,INVENTORY_VALUE,MAKE_GOOD_ID,TRANSMISSION_ORDER_ID,MODIFIED_BY) values (37656,92,null,35324271,'DLA Tlc Argentina',30,':30 Rotator','PAIDSP',42,'CAMINO DE MARIPO (R)',to_date('26/09/2014','DD/MM/RRRR'),to_date('26/09/2014','DD/MM/RRRR'),'10:00-19:00 ....F..','Poett',null,'TLCA',null,42,null,487,'dgarcia');
insert into TRANSMISSION_ORDER_LINE (TRANSMISSION_ORDER_LINE_ID,LINE_NUMBER,ORIGINAL_INVOICE_LINE,SPOT_ID,SALESCHANNELNAME,SPOT_LEGTH,SPOT_DESCRIPTION,REVENUE_TYPE,GROSS_COST,COPY_NUMBER,SCHED_AIR_DATETIME,ACTUAL_AIR_DATETIME,BOOKING_ZONE_DESCRIPTION,PRODUCT,REASON_CODE,SALES_CHANNEL_CALL_SIGN,DEL_RECONCILIATION_REASON,INVENTORY_VALUE,MAKE_GOOD_ID,TRANSMISSION_ORDER_ID,MODIFIED_BY) values (37657,91,null,35473504,'DLA Tlc Argentina',30,':30 Rotator','PAIDSP',42,'CAMINO DE MARIPO (R)',to_date('26/09/2014','DD/MM/RRRR'),to_date('26/09/2014','DD/MM/RRRR'),'10:00-19:00 ....F..','Poett',null,'TLCA',null,42,null,487,'dgarcia');
insert into TRANSMISSION_ORDER_LINE (TRANSMISSION_ORDER_LINE_ID,LINE_NUMBER,ORIGINAL_INVOICE_LINE,SPOT_ID,SALESCHANNELNAME,SPOT_LEGTH,SPOT_DESCRIPTION,REVENUE_TYPE,GROSS_COST,COPY_NUMBER,SCHED_AIR_DATETIME,ACTUAL_AIR_DATETIME,BOOKING_ZONE_DESCRIPTION,PRODUCT,REASON_CODE,SALES_CHANNEL_CALL_SIGN,DEL_RECONCILIATION_REASON,INVENTORY_VALUE,MAKE_GOOD_ID,TRANSMISSION_ORDER_ID,MODIFIED_BY) values (37658,90,null,35473500,'DLA Tlc Argentina',30,':30 Rotator','PAIDSP',42,'CAMINO DE MARIPO (R)',to_date('26/09/2014','DD/MM/RRRR'),to_date('26/09/2014','DD/MM/RRRR'),'10:00-19:00 ....F..','Poett',null,'TLCA',null,42,null,487,'dgarcia');
insert into TRANSMISSION_ORDER_LINE (TRANSMISSION_ORDER_LINE_ID,LINE_NUMBER,ORIGINAL_INVOICE_LINE,SPOT_ID,SALESCHANNELNAME,SPOT_LEGTH,SPOT_DESCRIPTION,REVENUE_TYPE,GROSS_COST,COPY_NUMBER,SCHED_AIR_DATETIME,ACTUAL_AIR_DATETIME,BOOKING_ZONE_DESCRIPTION,PRODUCT,REASON_CODE,SALES_CHANNEL_CALL_SIGN,DEL_RECONCILIATION_REASON,INVENTORY_VALUE,MAKE_GOOD_ID,TRANSMISSION_ORDER_ID,MODIFIED_BY) values (37659,89,null,35473506,'DLA Tlc Argentina',30,':30 Rotator','PAIDSP',42,'CAMINO DE MARIPO (R)',to_date('26/09/2014','DD/MM/RRRR'),to_date('26/09/2014','DD/MM/RRRR'),'10:00-19:00 ....F..','Poett',null,'TLCA',null,42,null,487,'dgarcia');
insert into TRANSMISSION_ORDER_LINE (TRANSMISSION_ORDER_LINE_ID,LINE_NUMBER,ORIGINAL_INVOICE_LINE,SPOT_ID,SALESCHANNELNAME,SPOT_LEGTH,SPOT_DESCRIPTION,REVENUE_TYPE,GROSS_COST,COPY_NUMBER,SCHED_AIR_DATETIME,ACTUAL_AIR_DATETIME,BOOKING_ZONE_DESCRIPTION,PRODUCT,REASON_CODE,SALES_CHANNEL_CALL_SIGN,DEL_RECONCILIATION_REASON,INVENTORY_VALUE,MAKE_GOOD_ID,TRANSMISSION_ORDER_ID,MODIFIED_BY) values (37660,88,null,35324269,'DLA Tlc Argentina',30,':30 Rotator','PAIDSP',42,'CAMINO DE MARIPO (R)',to_date('26/09/2014','DD/MM/RRRR'),to_date('26/09/2014','DD/MM/RRRR'),'10:00-19:00 ....F..','Poett',null,'TLCA',null,42,null,487,'dgarcia');
insert into TRANSMISSION_ORDER_LINE (TRANSMISSION_ORDER_LINE_ID,LINE_NUMBER,ORIGINAL_INVOICE_LINE,SPOT_ID,SALESCHANNELNAME,SPOT_LEGTH,SPOT_DESCRIPTION,REVENUE_TYPE,GROSS_COST,COPY_NUMBER,SCHED_AIR_DATETIME,ACTUAL_AIR_DATETIME,BOOKING_ZONE_DESCRIPTION,PRODUCT,REASON_CODE,SALES_CHANNEL_CALL_SIGN,DEL_RECONCILIATION_REASON,INVENTORY_VALUE,MAKE_GOOD_ID,TRANSMISSION_ORDER_ID,MODIFIED_BY) values (37661,87,null,35324263,'DLA Tlc Argentina',30,':30 Rotator','PAIDSP',42,'CAMINO DE MARIPO (R)',to_date('25/09/2014','DD/MM/RRRR'),to_date('25/09/2014','DD/MM/RRRR'),'10:00-19:00 ...T...','Poett',null,'TLCA',null,42,null,487,'dgarcia');
insert into TRANSMISSION_ORDER_LINE (TRANSMISSION_ORDER_LINE_ID,LINE_NUMBER,ORIGINAL_INVOICE_LINE,SPOT_ID,SALESCHANNELNAME,SPOT_LEGTH,SPOT_DESCRIPTION,REVENUE_TYPE,GROSS_COST,COPY_NUMBER,SCHED_AIR_DATETIME,ACTUAL_AIR_DATETIME,BOOKING_ZONE_DESCRIPTION,PRODUCT,REASON_CODE,SALES_CHANNEL_CALL_SIGN,DEL_RECONCILIATION_REASON,INVENTORY_VALUE,MAKE_GOOD_ID,TRANSMISSION_ORDER_ID,MODIFIED_BY) values (37662,86,null,35473497,'DLA Tlc Argentina',30,':30 Rotator','PAIDSP',42,'CAMINO DE MARIPO (R)',to_date('25/09/2014','DD/MM/RRRR'),to_date('25/09/2014','DD/MM/RRRR'),'10:00-19:00 ...T...','Poett',null,'TLCA',null,42,null,487,'dgarcia');
insert into TRANSMISSION_ORDER_LINE (TRANSMISSION_ORDER_LINE_ID,LINE_NUMBER,ORIGINAL_INVOICE_LINE,SPOT_ID,SALESCHANNELNAME,SPOT_LEGTH,SPOT_DESCRIPTION,REVENUE_TYPE,GROSS_COST,COPY_NUMBER,SCHED_AIR_DATETIME,ACTUAL_AIR_DATETIME,BOOKING_ZONE_DESCRIPTION,PRODUCT,REASON_CODE,SALES_CHANNEL_CALL_SIGN,DEL_RECONCILIATION_REASON,INVENTORY_VALUE,MAKE_GOOD_ID,TRANSMISSION_ORDER_ID,MODIFIED_BY) values (37663,85,null,35324266,'DLA Tlc Argentina',30,':30 Rotator','PAIDSP',42,'CAMINO DE MARIPO (R)',to_date('25/09/2014','DD/MM/RRRR'),to_date('25/09/2014','DD/MM/RRRR'),'10:00-19:00 ...T...','Poett',null,'TLCA',null,42,null,487,'dgarcia');
insert into TRANSMISSION_ORDER_LINE (TRANSMISSION_ORDER_LINE_ID,LINE_NUMBER,ORIGINAL_INVOICE_LINE,SPOT_ID,SALESCHANNELNAME,SPOT_LEGTH,SPOT_DESCRIPTION,REVENUE_TYPE,GROSS_COST,COPY_NUMBER,SCHED_AIR_DATETIME,ACTUAL_AIR_DATETIME,BOOKING_ZONE_DESCRIPTION,PRODUCT,REASON_CODE,SALES_CHANNEL_CALL_SIGN,DEL_RECONCILIATION_REASON,INVENTORY_VALUE,MAKE_GOOD_ID,TRANSMISSION_ORDER_ID,MODIFIED_BY) values (37664,84,null,35473495,'DLA Tlc Argentina',30,':30 Rotator','PAIDSP',42,'CAMINO DE MARIPO (R)',to_date('25/09/2014','DD/MM/RRRR'),to_date('25/09/2014','DD/MM/RRRR'),'10:00-19:00 ...T...','Poett',null,'TLCA',null,42,null,487,'dgarcia');
insert into TRANSMISSION_ORDER_LINE (TRANSMISSION_ORDER_LINE_ID,LINE_NUMBER,ORIGINAL_INVOICE_LINE,SPOT_ID,SALESCHANNELNAME,SPOT_LEGTH,SPOT_DESCRIPTION,REVENUE_TYPE,GROSS_COST,COPY_NUMBER,SCHED_AIR_DATETIME,ACTUAL_AIR_DATETIME,BOOKING_ZONE_DESCRIPTION,PRODUCT,REASON_CODE,SALES_CHANNEL_CALL_SIGN,DEL_RECONCILIATION_REASON,INVENTORY_VALUE,MAKE_GOOD_ID,TRANSMISSION_ORDER_ID,MODIFIED_BY) values (37665,83,null,35324267,'DLA Tlc Argentina',30,':30 Rotator','PAIDSP',42,'CAMINO DE MARIPO (R)',to_date('25/09/2014','DD/MM/RRRR'),to_date('25/09/2014','DD/MM/RRRR'),'10:00-19:00 ...T...','Poett',null,'TLCA',null,42,null,487,'dgarcia');
insert into TRANSMISSION_ORDER_LINE (TRANSMISSION_ORDER_LINE_ID,LINE_NUMBER,ORIGINAL_INVOICE_LINE,SPOT_ID,SALESCHANNELNAME,SPOT_LEGTH,SPOT_DESCRIPTION,REVENUE_TYPE,GROSS_COST,COPY_NUMBER,SCHED_AIR_DATETIME,ACTUAL_AIR_DATETIME,BOOKING_ZONE_DESCRIPTION,PRODUCT,REASON_CODE,SALES_CHANNEL_CALL_SIGN,DEL_RECONCILIATION_REASON,INVENTORY_VALUE,MAKE_GOOD_ID,TRANSMISSION_ORDER_ID,MODIFIED_BY) values (37666,82,null,35473498,'DLA Tlc Argentina',30,':30 Rotator','PAIDSP',42,'CAMINO DE MARIPO (R)',to_date('25/09/2014','DD/MM/RRRR'),to_date('25/09/2014','DD/MM/RRRR'),'10:00-19:00 ...T...','Poett',null,'TLCA',null,42,null,487,'dgarcia');
insert into TRANSMISSION_ORDER_LINE (TRANSMISSION_ORDER_LINE_ID,LINE_NUMBER,ORIGINAL_INVOICE_LINE,SPOT_ID,SALESCHANNELNAME,SPOT_LEGTH,SPOT_DESCRIPTION,REVENUE_TYPE,GROSS_COST,COPY_NUMBER,SCHED_AIR_DATETIME,ACTUAL_AIR_DATETIME,BOOKING_ZONE_DESCRIPTION,PRODUCT,REASON_CODE,SALES_CHANNEL_CALL_SIGN,DEL_RECONCILIATION_REASON,INVENTORY_VALUE,MAKE_GOOD_ID,TRANSMISSION_ORDER_ID,MODIFIED_BY) values (37667,81,null,35324264,'DLA Tlc Argentina',30,':30 Rotator','PAIDSP',42,'CAMINO DE MARIPO (R)',to_date('25/09/2014','DD/MM/RRRR'),to_date('25/09/2014','DD/MM/RRRR'),'10:00-19:00 ...T...','Poett',null,'TLCA',null,42,null,487,'dgarcia');
insert into TRANSMISSION_ORDER_LINE (TRANSMISSION_ORDER_LINE_ID,LINE_NUMBER,ORIGINAL_INVOICE_LINE,SPOT_ID,SALESCHANNELNAME,SPOT_LEGTH,SPOT_DESCRIPTION,REVENUE_TYPE,GROSS_COST,COPY_NUMBER,SCHED_AIR_DATETIME,ACTUAL_AIR_DATETIME,BOOKING_ZONE_DESCRIPTION,PRODUCT,REASON_CODE,SALES_CHANNEL_CALL_SIGN,DEL_RECONCILIATION_REASON,INVENTORY_VALUE,MAKE_GOOD_ID,TRANSMISSION_ORDER_ID,MODIFIED_BY) values (37668,80,null,35473499,'DLA Tlc Argentina',30,':30 Rotator','PAIDSP',42,'CAMINO DE MARIPO (R)',to_date('25/09/2014','DD/MM/RRRR'),to_date('25/09/2014','DD/MM/RRRR'),'10:00-19:00 ...T...','Poett',null,'TLCA',null,42,null,487,'dgarcia');
insert into TRANSMISSION_ORDER_LINE (TRANSMISSION_ORDER_LINE_ID,LINE_NUMBER,ORIGINAL_INVOICE_LINE,SPOT_ID,SALESCHANNELNAME,SPOT_LEGTH,SPOT_DESCRIPTION,REVENUE_TYPE,GROSS_COST,COPY_NUMBER,SCHED_AIR_DATETIME,ACTUAL_AIR_DATETIME,BOOKING_ZONE_DESCRIPTION,PRODUCT,REASON_CODE,SALES_CHANNEL_CALL_SIGN,DEL_RECONCILIATION_REASON,INVENTORY_VALUE,MAKE_GOOD_ID,TRANSMISSION_ORDER_ID,MODIFIED_BY) values (37669,79,null,35473493,'DLA Tlc Argentina',30,':30 Rotator','PAIDSP',42,'CAMINO DE MARIPO (R)',to_date('25/09/2014','DD/MM/RRRR'),to_date('25/09/2014','DD/MM/RRRR'),'10:00-19:00 ...T...','Poett',null,'TLCA',null,42,null,487,'dgarcia');
insert into TRANSMISSION_ORDER_LINE (TRANSMISSION_ORDER_LINE_ID,LINE_NUMBER,ORIGINAL_INVOICE_LINE,SPOT_ID,SALESCHANNELNAME,SPOT_LEGTH,SPOT_DESCRIPTION,REVENUE_TYPE,GROSS_COST,COPY_NUMBER,SCHED_AIR_DATETIME,ACTUAL_AIR_DATETIME,BOOKING_ZONE_DESCRIPTION,PRODUCT,REASON_CODE,SALES_CHANNEL_CALL_SIGN,DEL_RECONCILIATION_REASON,INVENTORY_VALUE,MAKE_GOOD_ID,TRANSMISSION_ORDER_ID,MODIFIED_BY) values (37492,40,null,35323821,'DLA Id Argentina',30,':30 Rotator','PAIDSP',138,'CAMINO DE MARIPO (R)',to_date('30/09/2014','DD/MM/RRRR'),to_date('30/09/2014','DD/MM/RRRR'),'19:00-24:00+00:00-01:00 .T.....','Poett',null,'IDAR',null,138,null,486,'dgarcia');
insert into TRANSMISSION_ORDER_LINE (TRANSMISSION_ORDER_LINE_ID,LINE_NUMBER,ORIGINAL_INVOICE_LINE,SPOT_ID,SALESCHANNELNAME,SPOT_LEGTH,SPOT_DESCRIPTION,REVENUE_TYPE,GROSS_COST,COPY_NUMBER,SCHED_AIR_DATETIME,ACTUAL_AIR_DATETIME,BOOKING_ZONE_DESCRIPTION,PRODUCT,REASON_CODE,SALES_CHANNEL_CALL_SIGN,DEL_RECONCILIATION_REASON,INVENTORY_VALUE,MAKE_GOOD_ID,TRANSMISSION_ORDER_ID,MODIFIED_BY) values (37493,39,null,35323822,'DLA Id Argentina',30,':30 Rotator','PAIDSP',138,'CAMINO DE MARIPO (R)',to_date('30/09/2014','DD/MM/RRRR'),to_date('30/09/2014','DD/MM/RRRR'),'19:00-24:00+00:00-01:00 .T.....','Poett',null,'IDAR',null,138,null,486,'dgarcia');
insert into TRANSMISSION_ORDER_LINE (TRANSMISSION_ORDER_LINE_ID,LINE_NUMBER,ORIGINAL_INVOICE_LINE,SPOT_ID,SALESCHANNELNAME,SPOT_LEGTH,SPOT_DESCRIPTION,REVENUE_TYPE,GROSS_COST,COPY_NUMBER,SCHED_AIR_DATETIME,ACTUAL_AIR_DATETIME,BOOKING_ZONE_DESCRIPTION,PRODUCT,REASON_CODE,SALES_CHANNEL_CALL_SIGN,DEL_RECONCILIATION_REASON,INVENTORY_VALUE,MAKE_GOOD_ID,TRANSMISSION_ORDER_ID,MODIFIED_BY) values (37494,38,null,35323820,'DLA Id Argentina',30,':30 Rotator','PAIDSP',138,'CAMINO DE MARIPO (R)',to_date('29/09/2014','DD/MM/RRRR'),to_date('29/09/2014','DD/MM/RRRR'),'19:00-24:00+00:00-01:00 M......','Poett',null,'IDAR',null,138,null,486,'dgarcia');
insert into TRANSMISSION_ORDER_LINE (TRANSMISSION_ORDER_LINE_ID,LINE_NUMBER,ORIGINAL_INVOICE_LINE,SPOT_ID,SALESCHANNELNAME,SPOT_LEGTH,SPOT_DESCRIPTION,REVENUE_TYPE,GROSS_COST,COPY_NUMBER,SCHED_AIR_DATETIME,ACTUAL_AIR_DATETIME,BOOKING_ZONE_DESCRIPTION,PRODUCT,REASON_CODE,SALES_CHANNEL_CALL_SIGN,DEL_RECONCILIATION_REASON,INVENTORY_VALUE,MAKE_GOOD_ID,TRANSMISSION_ORDER_ID,MODIFIED_BY) values (37495,37,null,35323819,'DLA Id Argentina',30,':30 Rotator','PAIDSP',138,'CAMINO DE MARIPO (R)',to_date('29/09/2014','DD/MM/RRRR'),to_date('29/09/2014','DD/MM/RRRR'),'19:00-24:00+00:00-01:00 M......','Poett',null,'IDAR',null,138,null,486,'dgarcia');
insert into TRANSMISSION_ORDER_LINE (TRANSMISSION_ORDER_LINE_ID,LINE_NUMBER,ORIGINAL_INVOICE_LINE,SPOT_ID,SALESCHANNELNAME,SPOT_LEGTH,SPOT_DESCRIPTION,REVENUE_TYPE,GROSS_COST,COPY_NUMBER,SCHED_AIR_DATETIME,ACTUAL_AIR_DATETIME,BOOKING_ZONE_DESCRIPTION,PRODUCT,REASON_CODE,SALES_CHANNEL_CALL_SIGN,DEL_RECONCILIATION_REASON,INVENTORY_VALUE,MAKE_GOOD_ID,TRANSMISSION_ORDER_ID,MODIFIED_BY) values (37496,36,null,35339029,'DLA Id Argentina',30,':30 Rotator','PAIDSP',138,'CAMINO DE MARIPO (R)',to_date('28/09/2014','DD/MM/RRRR'),to_date('28/09/2014','DD/MM/RRRR'),'19:00-24:00+00:00-01:00 ......S','Poett',null,'IDAR',null,138,null,486,'dgarcia');
insert into TRANSMISSION_ORDER_LINE (TRANSMISSION_ORDER_LINE_ID,LINE_NUMBER,ORIGINAL_INVOICE_LINE,SPOT_ID,SALESCHANNELNAME,SPOT_LEGTH,SPOT_DESCRIPTION,REVENUE_TYPE,GROSS_COST,COPY_NUMBER,SCHED_AIR_DATETIME,ACTUAL_AIR_DATETIME,BOOKING_ZONE_DESCRIPTION,PRODUCT,REASON_CODE,SALES_CHANNEL_CALL_SIGN,DEL_RECONCILIATION_REASON,INVENTORY_VALUE,MAKE_GOOD_ID,TRANSMISSION_ORDER_ID,MODIFIED_BY) values (37497,35,null,35339030,'DLA Id Argentina',30,':30 Rotator','PAIDSP',138,'CAMINO DE MARIPO (R)',to_date('28/09/2014','DD/MM/RRRR'),to_date('28/09/2014','DD/MM/RRRR'),'19:00-24:00+00:00-01:00 ......S','Poett',null,'IDAR',null,138,null,486,'dgarcia');
insert into TRANSMISSION_ORDER_LINE (TRANSMISSION_ORDER_LINE_ID,LINE_NUMBER,ORIGINAL_INVOICE_LINE,SPOT_ID,SALESCHANNELNAME,SPOT_LEGTH,SPOT_DESCRIPTION,REVENUE_TYPE,GROSS_COST,COPY_NUMBER,SCHED_AIR_DATETIME,ACTUAL_AIR_DATETIME,BOOKING_ZONE_DESCRIPTION,PRODUCT,REASON_CODE,SALES_CHANNEL_CALL_SIGN,DEL_RECONCILIATION_REASON,INVENTORY_VALUE,MAKE_GOOD_ID,TRANSMISSION_ORDER_ID,MODIFIED_BY) values (37498,34,null,35339028,'DLA Id Argentina',30,':30 Rotator','PAIDSP',138,'CAMINO DE MARIPO (R)',to_date('27/09/2014','DD/MM/RRRR'),to_date('27/09/2014','DD/MM/RRRR'),'19:00-24:00+00:00-01:00 .....S.','Poett',null,'IDAR',null,138,null,486,'dgarcia');
insert into TRANSMISSION_ORDER_LINE (TRANSMISSION_ORDER_LINE_ID,LINE_NUMBER,ORIGINAL_INVOICE_LINE,SPOT_ID,SALESCHANNELNAME,SPOT_LEGTH,SPOT_DESCRIPTION,REVENUE_TYPE,GROSS_COST,COPY_NUMBER,SCHED_AIR_DATETIME,ACTUAL_AIR_DATETIME,BOOKING_ZONE_DESCRIPTION,PRODUCT,REASON_CODE,SALES_CHANNEL_CALL_SIGN,DEL_RECONCILIATION_REASON,INVENTORY_VALUE,MAKE_GOOD_ID,TRANSMISSION_ORDER_ID,MODIFIED_BY) values (37499,33,null,35339027,'DLA Id Argentina',30,':30 Rotator','PAIDSP',138,'CAMINO DE MARIPO (R)',to_date('27/09/2014','DD/MM/RRRR'),to_date('27/09/2014','DD/MM/RRRR'),'19:00-24:00+00:00-01:00 .....S.','Poett',null,'IDAR',null,138,null,486,'dgarcia');
insert into TRANSMISSION_ORDER_LINE (TRANSMISSION_ORDER_LINE_ID,LINE_NUMBER,ORIGINAL_INVOICE_LINE,SPOT_ID,SALESCHANNELNAME,SPOT_LEGTH,SPOT_DESCRIPTION,REVENUE_TYPE,GROSS_COST,COPY_NUMBER,SCHED_AIR_DATETIME,ACTUAL_AIR_DATETIME,BOOKING_ZONE_DESCRIPTION,PRODUCT,REASON_CODE,SALES_CHANNEL_CALL_SIGN,DEL_RECONCILIATION_REASON,INVENTORY_VALUE,MAKE_GOOD_ID,TRANSMISSION_ORDER_ID,MODIFIED_BY) values (37500,32,null,35339025,'DLA Id Argentina',30,':30 Rotator','PAIDSP',138,'CAMINO DE MARIPO (R)',to_date('26/09/2014','DD/MM/RRRR'),to_date('26/09/2014','DD/MM/RRRR'),'19:00-24:00+00:00-01:00 ....F..','Poett',null,'IDAR',null,138,null,486,'dgarcia');
insert into TRANSMISSION_ORDER_LINE (TRANSMISSION_ORDER_LINE_ID,LINE_NUMBER,ORIGINAL_INVOICE_LINE,SPOT_ID,SALESCHANNELNAME,SPOT_LEGTH,SPOT_DESCRIPTION,REVENUE_TYPE,GROSS_COST,COPY_NUMBER,SCHED_AIR_DATETIME,ACTUAL_AIR_DATETIME,BOOKING_ZONE_DESCRIPTION,PRODUCT,REASON_CODE,SALES_CHANNEL_CALL_SIGN,DEL_RECONCILIATION_REASON,INVENTORY_VALUE,MAKE_GOOD_ID,TRANSMISSION_ORDER_ID,MODIFIED_BY) values (37501,31,null,35339026,'DLA Id Argentina',30,':30 Rotator','PAIDSP',138,'CAMINO DE MARIPO (R)',to_date('26/09/2014','DD/MM/RRRR'),to_date('26/09/2014','DD/MM/RRRR'),'19:00-24:00+00:00-01:00 ....F..','Poett',null,'IDAR',null,138,null,486,'dgarcia');
insert into TRANSMISSION_ORDER_LINE (TRANSMISSION_ORDER_LINE_ID,LINE_NUMBER,ORIGINAL_INVOICE_LINE,SPOT_ID,SALESCHANNELNAME,SPOT_LEGTH,SPOT_DESCRIPTION,REVENUE_TYPE,GROSS_COST,COPY_NUMBER,SCHED_AIR_DATETIME,ACTUAL_AIR_DATETIME,BOOKING_ZONE_DESCRIPTION,PRODUCT,REASON_CODE,SALES_CHANNEL_CALL_SIGN,DEL_RECONCILIATION_REASON,INVENTORY_VALUE,MAKE_GOOD_ID,TRANSMISSION_ORDER_ID,MODIFIED_BY) values (37502,30,null,35339023,'DLA Id Argentina',30,':30 Rotator','PAIDSP',138,'CAMINO DE MARIPO (R)',to_date('25/09/2014','DD/MM/RRRR'),to_date('25/09/2014','DD/MM/RRRR'),'19:00-24:00+00:00-01:00 ...T...','Poett',null,'IDAR',null,138,null,486,'dgarcia');
insert into TRANSMISSION_ORDER_LINE (TRANSMISSION_ORDER_LINE_ID,LINE_NUMBER,ORIGINAL_INVOICE_LINE,SPOT_ID,SALESCHANNELNAME,SPOT_LEGTH,SPOT_DESCRIPTION,REVENUE_TYPE,GROSS_COST,COPY_NUMBER,SCHED_AIR_DATETIME,ACTUAL_AIR_DATETIME,BOOKING_ZONE_DESCRIPTION,PRODUCT,REASON_CODE,SALES_CHANNEL_CALL_SIGN,DEL_RECONCILIATION_REASON,INVENTORY_VALUE,MAKE_GOOD_ID,TRANSMISSION_ORDER_ID,MODIFIED_BY) values (37503,29,null,35339024,'DLA Id Argentina',30,':30 Rotator','PAIDSP',138,'CAMINO DE MARIPO (R)',to_date('25/09/2014','DD/MM/RRRR'),to_date('25/09/2014','DD/MM/RRRR'),'19:00-24:00+00:00-01:00 ...T...','Poett',null,'IDAR',null,138,null,486,'dgarcia');
insert into TRANSMISSION_ORDER_LINE (TRANSMISSION_ORDER_LINE_ID,LINE_NUMBER,ORIGINAL_INVOICE_LINE,SPOT_ID,SALESCHANNELNAME,SPOT_LEGTH,SPOT_DESCRIPTION,REVENUE_TYPE,GROSS_COST,COPY_NUMBER,SCHED_AIR_DATETIME,ACTUAL_AIR_DATETIME,BOOKING_ZONE_DESCRIPTION,PRODUCT,REASON_CODE,SALES_CHANNEL_CALL_SIGN,DEL_RECONCILIATION_REASON,INVENTORY_VALUE,MAKE_GOOD_ID,TRANSMISSION_ORDER_ID,MODIFIED_BY) values (37504,28,null,35339021,'DLA Id Argentina',30,':30 Rotator','PAIDSP',138,'CAMINO DE MARIPO (R)',to_date('24/09/2014','DD/MM/RRRR'),to_date('24/09/2014','DD/MM/RRRR'),'19:00-24:00+00:00-01:00 ..W....','Poett',null,'IDAR',null,138,null,486,'dgarcia');
insert into TRANSMISSION_ORDER_LINE (TRANSMISSION_ORDER_LINE_ID,LINE_NUMBER,ORIGINAL_INVOICE_LINE,SPOT_ID,SALESCHANNELNAME,SPOT_LEGTH,SPOT_DESCRIPTION,REVENUE_TYPE,GROSS_COST,COPY_NUMBER,SCHED_AIR_DATETIME,ACTUAL_AIR_DATETIME,BOOKING_ZONE_DESCRIPTION,PRODUCT,REASON_CODE,SALES_CHANNEL_CALL_SIGN,DEL_RECONCILIATION_REASON,INVENTORY_VALUE,MAKE_GOOD_ID,TRANSMISSION_ORDER_ID,MODIFIED_BY) values (37505,27,null,35339022,'DLA Id Argentina',30,':30 Rotator','PAIDSP',138,'CAMINO DE MARIPO (R)',to_date('24/09/2014','DD/MM/RRRR'),to_date('24/09/2014','DD/MM/RRRR'),'19:00-24:00+00:00-01:00 ..W....','Poett',null,'IDAR',null,138,null,486,'dgarcia');
insert into TRANSMISSION_ORDER_LINE (TRANSMISSION_ORDER_LINE_ID,LINE_NUMBER,ORIGINAL_INVOICE_LINE,SPOT_ID,SALESCHANNELNAME,SPOT_LEGTH,SPOT_DESCRIPTION,REVENUE_TYPE,GROSS_COST,COPY_NUMBER,SCHED_AIR_DATETIME,ACTUAL_AIR_DATETIME,BOOKING_ZONE_DESCRIPTION,PRODUCT,REASON_CODE,SALES_CHANNEL_CALL_SIGN,DEL_RECONCILIATION_REASON,INVENTORY_VALUE,MAKE_GOOD_ID,TRANSMISSION_ORDER_ID,MODIFIED_BY) values (37506,26,null,35339020,'DLA Id Argentina',30,':30 Rotator','PAIDSP',138,'CAMINO DE MARIPO (R)',to_date('24/09/2014','DD/MM/RRRR'),to_date('24/09/2014','DD/MM/RRRR'),'19:00-24:00+00:00-01:00 ..W....','Poett',null,'IDAR',null,138,null,486,'dgarcia');
insert into TRANSMISSION_ORDER_LINE (TRANSMISSION_ORDER_LINE_ID,LINE_NUMBER,ORIGINAL_INVOICE_LINE,SPOT_ID,SALESCHANNELNAME,SPOT_LEGTH,SPOT_DESCRIPTION,REVENUE_TYPE,GROSS_COST,COPY_NUMBER,SCHED_AIR_DATETIME,ACTUAL_AIR_DATETIME,BOOKING_ZONE_DESCRIPTION,PRODUCT,REASON_CODE,SALES_CHANNEL_CALL_SIGN,DEL_RECONCILIATION_REASON,INVENTORY_VALUE,MAKE_GOOD_ID,TRANSMISSION_ORDER_ID,MODIFIED_BY) values (37507,25,null,35339018,'DLA Id Argentina',30,':30 Rotator','PAIDSP',138,'CAMINO DE MARIPO (R)',to_date('23/09/2014','DD/MM/RRRR'),to_date('23/09/2014','DD/MM/RRRR'),'19:00-24:00+00:00-01:00 .T.....','Poett',null,'IDAR',null,138,null,486,'dgarcia');
insert into TRANSMISSION_ORDER_LINE (TRANSMISSION_ORDER_LINE_ID,LINE_NUMBER,ORIGINAL_INVOICE_LINE,SPOT_ID,SALESCHANNELNAME,SPOT_LEGTH,SPOT_DESCRIPTION,REVENUE_TYPE,GROSS_COST,COPY_NUMBER,SCHED_AIR_DATETIME,ACTUAL_AIR_DATETIME,BOOKING_ZONE_DESCRIPTION,PRODUCT,REASON_CODE,SALES_CHANNEL_CALL_SIGN,DEL_RECONCILIATION_REASON,INVENTORY_VALUE,MAKE_GOOD_ID,TRANSMISSION_ORDER_ID,MODIFIED_BY) values (37508,24,null,35339017,'DLA Id Argentina',30,':30 Rotator','PAIDSP',138,'CAMINO DE MARIPO (R)',to_date('23/09/2014','DD/MM/RRRR'),to_date('23/09/2014','DD/MM/RRRR'),'19:00-24:00+00:00-01:00 .T.....','Poett',null,'IDAR',null,138,null,486,'dgarcia');
insert into TRANSMISSION_ORDER_LINE (TRANSMISSION_ORDER_LINE_ID,LINE_NUMBER,ORIGINAL_INVOICE_LINE,SPOT_ID,SALESCHANNELNAME,SPOT_LEGTH,SPOT_DESCRIPTION,REVENUE_TYPE,GROSS_COST,COPY_NUMBER,SCHED_AIR_DATETIME,ACTUAL_AIR_DATETIME,BOOKING_ZONE_DESCRIPTION,PRODUCT,REASON_CODE,SALES_CHANNEL_CALL_SIGN,DEL_RECONCILIATION_REASON,INVENTORY_VALUE,MAKE_GOOD_ID,TRANSMISSION_ORDER_ID,MODIFIED_BY) values (37509,23,null,35339019,'DLA Id Argentina',30,':30 Rotator','PAIDSP',138,'CAMINO DE MARIPO (R)',to_date('23/09/2014','DD/MM/RRRR'),to_date('23/09/2014','DD/MM/RRRR'),'19:00-24:00+00:00-01:00 .T.....','Poett',null,'IDAR',null,138,null,486,'dgarcia');
insert into TRANSMISSION_ORDER_LINE (TRANSMISSION_ORDER_LINE_ID,LINE_NUMBER,ORIGINAL_INVOICE_LINE,SPOT_ID,SALESCHANNELNAME,SPOT_LEGTH,SPOT_DESCRIPTION,REVENUE_TYPE,GROSS_COST,COPY_NUMBER,SCHED_AIR_DATETIME,ACTUAL_AIR_DATETIME,BOOKING_ZONE_DESCRIPTION,PRODUCT,REASON_CODE,SALES_CHANNEL_CALL_SIGN,DEL_RECONCILIATION_REASON,INVENTORY_VALUE,MAKE_GOOD_ID,TRANSMISSION_ORDER_ID,MODIFIED_BY) values (37510,22,null,35339015,'DLA Id Argentina',30,':30 Rotator','PAIDSP',138,'CAMINO DE MARIPO (R)',to_date('22/09/2014','DD/MM/RRRR'),to_date('22/09/2014','DD/MM/RRRR'),'19:00-24:00+00:00-01:00 M......','Poett',null,'IDAR',null,138,null,486,'dgarcia');
insert into TRANSMISSION_ORDER_LINE (TRANSMISSION_ORDER_LINE_ID,LINE_NUMBER,ORIGINAL_INVOICE_LINE,SPOT_ID,SALESCHANNELNAME,SPOT_LEGTH,SPOT_DESCRIPTION,REVENUE_TYPE,GROSS_COST,COPY_NUMBER,SCHED_AIR_DATETIME,ACTUAL_AIR_DATETIME,BOOKING_ZONE_DESCRIPTION,PRODUCT,REASON_CODE,SALES_CHANNEL_CALL_SIGN,DEL_RECONCILIATION_REASON,INVENTORY_VALUE,MAKE_GOOD_ID,TRANSMISSION_ORDER_ID,MODIFIED_BY) values (37670,78,null,35473496,'DLA Tlc Argentina',30,':30 Rotator','PAIDSP',42,'CAMINO DE MARIPO (R)',to_date('25/09/2014','DD/MM/RRRR'),to_date('25/09/2014','DD/MM/RRRR'),'10:00-19:00 ...T...','Poett',null,'TLCA',null,42,null,487,'dgarcia');
insert into TRANSMISSION_ORDER_LINE (TRANSMISSION_ORDER_LINE_ID,LINE_NUMBER,ORIGINAL_INVOICE_LINE,SPOT_ID,SALESCHANNELNAME,SPOT_LEGTH,SPOT_DESCRIPTION,REVENUE_TYPE,GROSS_COST,COPY_NUMBER,SCHED_AIR_DATETIME,ACTUAL_AIR_DATETIME,BOOKING_ZONE_DESCRIPTION,PRODUCT,REASON_CODE,SALES_CHANNEL_CALL_SIGN,DEL_RECONCILIATION_REASON,INVENTORY_VALUE,MAKE_GOOD_ID,TRANSMISSION_ORDER_ID,MODIFIED_BY) values (37671,77,null,35324265,'DLA Tlc Argentina',30,':30 Rotator','PAIDSP',42,'CAMINO DE MARIPO (R)',to_date('25/09/2014','DD/MM/RRRR'),to_date('25/09/2014','DD/MM/RRRR'),'10:00-19:00 ...T...','Poett',null,'TLCA',null,42,null,487,'dgarcia');
insert into TRANSMISSION_ORDER_LINE (TRANSMISSION_ORDER_LINE_ID,LINE_NUMBER,ORIGINAL_INVOICE_LINE,SPOT_ID,SALESCHANNELNAME,SPOT_LEGTH,SPOT_DESCRIPTION,REVENUE_TYPE,GROSS_COST,COPY_NUMBER,SCHED_AIR_DATETIME,ACTUAL_AIR_DATETIME,BOOKING_ZONE_DESCRIPTION,PRODUCT,REASON_CODE,SALES_CHANNEL_CALL_SIGN,DEL_RECONCILIATION_REASON,INVENTORY_VALUE,MAKE_GOOD_ID,TRANSMISSION_ORDER_ID,MODIFIED_BY) values (37672,76,null,35473494,'DLA Tlc Argentina',30,':30 Rotator','PAIDSP',42,'CAMINO DE MARIPO (R)',to_date('25/09/2014','DD/MM/RRRR'),to_date('25/09/2014','DD/MM/RRRR'),'10:00-19:00 ...T...','Poett',null,'TLCA',null,42,null,487,'dgarcia');
insert into TRANSMISSION_ORDER_LINE (TRANSMISSION_ORDER_LINE_ID,LINE_NUMBER,ORIGINAL_INVOICE_LINE,SPOT_ID,SALESCHANNELNAME,SPOT_LEGTH,SPOT_DESCRIPTION,REVENUE_TYPE,GROSS_COST,COPY_NUMBER,SCHED_AIR_DATETIME,ACTUAL_AIR_DATETIME,BOOKING_ZONE_DESCRIPTION,PRODUCT,REASON_CODE,SALES_CHANNEL_CALL_SIGN,DEL_RECONCILIATION_REASON,INVENTORY_VALUE,MAKE_GOOD_ID,TRANSMISSION_ORDER_ID,MODIFIED_BY) values (37673,75,null,35324259,'DLA Tlc Argentina',30,':30 Rotator','PAIDSP',42,'CAMINO DE MARIPO (R)',to_date('24/09/2014','DD/MM/RRRR'),to_date('24/09/2014','DD/MM/RRRR'),'10:00-19:00 ..W....','Poett',null,'TLCA',null,42,null,487,'dgarcia');
insert into TRANSMISSION_ORDER_LINE (TRANSMISSION_ORDER_LINE_ID,LINE_NUMBER,ORIGINAL_INVOICE_LINE,SPOT_ID,SALESCHANNELNAME,SPOT_LEGTH,SPOT_DESCRIPTION,REVENUE_TYPE,GROSS_COST,COPY_NUMBER,SCHED_AIR_DATETIME,ACTUAL_AIR_DATETIME,BOOKING_ZONE_DESCRIPTION,PRODUCT,REASON_CODE,SALES_CHANNEL_CALL_SIGN,DEL_RECONCILIATION_REASON,INVENTORY_VALUE,MAKE_GOOD_ID,TRANSMISSION_ORDER_ID,MODIFIED_BY) values (37674,74,null,35473492,'DLA Tlc Argentina',30,':30 Rotator','PAIDSP',42,'CAMINO DE MARIPO (R)',to_date('24/09/2014','DD/MM/RRRR'),to_date('24/09/2014','DD/MM/RRRR'),'10:00-19:00 ..W....','Poett',null,'TLCA',null,42,null,487,'dgarcia');
insert into TRANSMISSION_ORDER_LINE (TRANSMISSION_ORDER_LINE_ID,LINE_NUMBER,ORIGINAL_INVOICE_LINE,SPOT_ID,SALESCHANNELNAME,SPOT_LEGTH,SPOT_DESCRIPTION,REVENUE_TYPE,GROSS_COST,COPY_NUMBER,SCHED_AIR_DATETIME,ACTUAL_AIR_DATETIME,BOOKING_ZONE_DESCRIPTION,PRODUCT,REASON_CODE,SALES_CHANNEL_CALL_SIGN,DEL_RECONCILIATION_REASON,INVENTORY_VALUE,MAKE_GOOD_ID,TRANSMISSION_ORDER_ID,MODIFIED_BY) values (37829,66,null,35324491,'DLA Disc Home Health Argentina',30,':30 Rotator','PAIDSP',165,'CAMINO DE MARIPO (R)',to_date('23/09/2014','DD/MM/RRRR'),to_date('23/09/2014','DD/MM/RRRR'),'19:00-24:00+00:00-01:00 .T.....','Poett',null,'DHAR',null,165,null,488,'dgarcia');
insert into TRANSMISSION_ORDER_LINE (TRANSMISSION_ORDER_LINE_ID,LINE_NUMBER,ORIGINAL_INVOICE_LINE,SPOT_ID,SALESCHANNELNAME,SPOT_LEGTH,SPOT_DESCRIPTION,REVENUE_TYPE,GROSS_COST,COPY_NUMBER,SCHED_AIR_DATETIME,ACTUAL_AIR_DATETIME,BOOKING_ZONE_DESCRIPTION,PRODUCT,REASON_CODE,SALES_CHANNEL_CALL_SIGN,DEL_RECONCILIATION_REASON,INVENTORY_VALUE,MAKE_GOOD_ID,TRANSMISSION_ORDER_ID,MODIFIED_BY) values (37830,65,null,35324364,'DLA Disc Home Health Argentina',30,':30 Rotator','RECNCG',0,null,to_date('23/09/2014','DD/MM/RRRR'),to_date('30/11/2002','DD/MM/RRRR'),'10:00-19:00 .T.....','Poett',null,'DHAR','055',123,null,488,'dgarcia');
insert into TRANSMISSION_ORDER_LINE (TRANSMISSION_ORDER_LINE_ID,LINE_NUMBER,ORIGINAL_INVOICE_LINE,SPOT_ID,SALESCHANNELNAME,SPOT_LEGTH,SPOT_DESCRIPTION,REVENUE_TYPE,GROSS_COST,COPY_NUMBER,SCHED_AIR_DATETIME,ACTUAL_AIR_DATETIME,BOOKING_ZONE_DESCRIPTION,PRODUCT,REASON_CODE,SALES_CHANNEL_CALL_SIGN,DEL_RECONCILIATION_REASON,INVENTORY_VALUE,MAKE_GOOD_ID,TRANSMISSION_ORDER_ID,MODIFIED_BY) values (37831,64,null,35324363,'DLA Disc Home Health Argentina',30,':30 Rotator','RECNCG',0,null,to_date('23/09/2014','DD/MM/RRRR'),to_date('30/11/2002','DD/MM/RRRR'),'10:00-19:00 .T.....','Poett',null,'DHAR','055',123,null,488,'dgarcia');
insert into TRANSMISSION_ORDER_LINE (TRANSMISSION_ORDER_LINE_ID,LINE_NUMBER,ORIGINAL_INVOICE_LINE,SPOT_ID,SALESCHANNELNAME,SPOT_LEGTH,SPOT_DESCRIPTION,REVENUE_TYPE,GROSS_COST,COPY_NUMBER,SCHED_AIR_DATETIME,ACTUAL_AIR_DATETIME,BOOKING_ZONE_DESCRIPTION,PRODUCT,REASON_CODE,SALES_CHANNEL_CALL_SIGN,DEL_RECONCILIATION_REASON,INVENTORY_VALUE,MAKE_GOOD_ID,TRANSMISSION_ORDER_ID,MODIFIED_BY) values (37832,63,null,35324486,'DLA Disc Home Health Argentina',30,':30 Rotator','PAIDSP',165,'CAMINO DE MARIPO (R)',to_date('22/09/2014','DD/MM/RRRR'),to_date('22/09/2014','DD/MM/RRRR'),'19:00-24:00+00:00-01:00 M......','Poett',null,'DHAR',null,165,null,488,'dgarcia');
insert into TRANSMISSION_ORDER_LINE (TRANSMISSION_ORDER_LINE_ID,LINE_NUMBER,ORIGINAL_INVOICE_LINE,SPOT_ID,SALESCHANNELNAME,SPOT_LEGTH,SPOT_DESCRIPTION,REVENUE_TYPE,GROSS_COST,COPY_NUMBER,SCHED_AIR_DATETIME,ACTUAL_AIR_DATETIME,BOOKING_ZONE_DESCRIPTION,PRODUCT,REASON_CODE,SALES_CHANNEL_CALL_SIGN,DEL_RECONCILIATION_REASON,INVENTORY_VALUE,MAKE_GOOD_ID,TRANSMISSION_ORDER_ID,MODIFIED_BY) values (37833,62,null,35324485,'DLA Disc Home Health Argentina',30,':30 Rotator','PAIDSP',165,'CAMINO DE MARIPO (R)',to_date('22/09/2014','DD/MM/RRRR'),to_date('22/09/2014','DD/MM/RRRR'),'19:00-24:00+00:00-01:00 M......','Poett',null,'DHAR',null,165,null,488,'dgarcia');
insert into TRANSMISSION_ORDER_LINE (TRANSMISSION_ORDER_LINE_ID,LINE_NUMBER,ORIGINAL_INVOICE_LINE,SPOT_ID,SALESCHANNELNAME,SPOT_LEGTH,SPOT_DESCRIPTION,REVENUE_TYPE,GROSS_COST,COPY_NUMBER,SCHED_AIR_DATETIME,ACTUAL_AIR_DATETIME,BOOKING_ZONE_DESCRIPTION,PRODUCT,REASON_CODE,SALES_CHANNEL_CALL_SIGN,DEL_RECONCILIATION_REASON,INVENTORY_VALUE,MAKE_GOOD_ID,TRANSMISSION_ORDER_ID,MODIFIED_BY) values (37834,61,null,35324487,'DLA Disc Home Health Argentina',30,':30 Rotator','PAIDSP',165,'CAMINO DE MARIPO (R)',to_date('22/09/2014','DD/MM/RRRR'),to_date('22/09/2014','DD/MM/RRRR'),'19:00-24:00+00:00-01:00 M......','Poett',null,'DHAR',null,165,null,488,'dgarcia');
insert into TRANSMISSION_ORDER_LINE (TRANSMISSION_ORDER_LINE_ID,LINE_NUMBER,ORIGINAL_INVOICE_LINE,SPOT_ID,SALESCHANNELNAME,SPOT_LEGTH,SPOT_DESCRIPTION,REVENUE_TYPE,GROSS_COST,COPY_NUMBER,SCHED_AIR_DATETIME,ACTUAL_AIR_DATETIME,BOOKING_ZONE_DESCRIPTION,PRODUCT,REASON_CODE,SALES_CHANNEL_CALL_SIGN,DEL_RECONCILIATION_REASON,INVENTORY_VALUE,MAKE_GOOD_ID,TRANSMISSION_ORDER_ID,MODIFIED_BY) values (37835,60,null,35324488,'DLA Disc Home Health Argentina',30,':30 Rotator','PAIDSP',165,'CAMINO DE MARIPO (R)',to_date('22/09/2014','DD/MM/RRRR'),to_date('22/09/2014','DD/MM/RRRR'),'19:00-24:00+00:00-01:00 M......','Poett',null,'DHAR',null,165,null,488,'dgarcia');
insert into TRANSMISSION_ORDER_LINE (TRANSMISSION_ORDER_LINE_ID,LINE_NUMBER,ORIGINAL_INVOICE_LINE,SPOT_ID,SALESCHANNELNAME,SPOT_LEGTH,SPOT_DESCRIPTION,REVENUE_TYPE,GROSS_COST,COPY_NUMBER,SCHED_AIR_DATETIME,ACTUAL_AIR_DATETIME,BOOKING_ZONE_DESCRIPTION,PRODUCT,REASON_CODE,SALES_CHANNEL_CALL_SIGN,DEL_RECONCILIATION_REASON,INVENTORY_VALUE,MAKE_GOOD_ID,TRANSMISSION_ORDER_ID,MODIFIED_BY) values (37836,59,null,35324359,'DLA Disc Home Health Argentina',30,':30 Rotator','PAIDSP',123,'CAMINO DE MARIPO (R)',to_date('22/09/2014','DD/MM/RRRR'),to_date('22/09/2014','DD/MM/RRRR'),'10:00-19:00 M......','Poett',null,'DHAR',null,123,null,488,'dgarcia');
insert into TRANSMISSION_ORDER_LINE (TRANSMISSION_ORDER_LINE_ID,LINE_NUMBER,ORIGINAL_INVOICE_LINE,SPOT_ID,SALESCHANNELNAME,SPOT_LEGTH,SPOT_DESCRIPTION,REVENUE_TYPE,GROSS_COST,COPY_NUMBER,SCHED_AIR_DATETIME,ACTUAL_AIR_DATETIME,BOOKING_ZONE_DESCRIPTION,PRODUCT,REASON_CODE,SALES_CHANNEL_CALL_SIGN,DEL_RECONCILIATION_REASON,INVENTORY_VALUE,MAKE_GOOD_ID,TRANSMISSION_ORDER_ID,MODIFIED_BY) values (37837,58,null,35324360,'DLA Disc Home Health Argentina',30,':30 Rotator','PAIDSP',123,'CAMINO DE MARIPO (R)',to_date('22/09/2014','DD/MM/RRRR'),to_date('22/09/2014','DD/MM/RRRR'),'10:00-19:00 M......','Poett',null,'DHAR',null,123,null,488,'dgarcia');
insert into TRANSMISSION_ORDER_LINE (TRANSMISSION_ORDER_LINE_ID,LINE_NUMBER,ORIGINAL_INVOICE_LINE,SPOT_ID,SALESCHANNELNAME,SPOT_LEGTH,SPOT_DESCRIPTION,REVENUE_TYPE,GROSS_COST,COPY_NUMBER,SCHED_AIR_DATETIME,ACTUAL_AIR_DATETIME,BOOKING_ZONE_DESCRIPTION,PRODUCT,REASON_CODE,SALES_CHANNEL_CALL_SIGN,DEL_RECONCILIATION_REASON,INVENTORY_VALUE,MAKE_GOOD_ID,TRANSMISSION_ORDER_ID,MODIFIED_BY) values (37838,57,null,35324361,'DLA Disc Home Health Argentina',30,':30 Rotator','RECNCG',0,null,to_date('22/09/2014','DD/MM/RRRR'),to_date('30/11/2002','DD/MM/RRRR'),'10:00-19:00 M......','Poett',null,'DHAR','055',123,null,488,'dgarcia');
insert into TRANSMISSION_ORDER_LINE (TRANSMISSION_ORDER_LINE_ID,LINE_NUMBER,ORIGINAL_INVOICE_LINE,SPOT_ID,SALESCHANNELNAME,SPOT_LEGTH,SPOT_DESCRIPTION,REVENUE_TYPE,GROSS_COST,COPY_NUMBER,SCHED_AIR_DATETIME,ACTUAL_AIR_DATETIME,BOOKING_ZONE_DESCRIPTION,PRODUCT,REASON_CODE,SALES_CHANNEL_CALL_SIGN,DEL_RECONCILIATION_REASON,INVENTORY_VALUE,MAKE_GOOD_ID,TRANSMISSION_ORDER_ID,MODIFIED_BY) values (37839,56,null,35324683,'DLA Disc Home Health Argentina',30,':30 Rotator','RECNCG',0,null,to_date('21/09/2014','DD/MM/RRRR'),to_date('30/11/2002','DD/MM/RRRR'),'19:00-24:00+00:00-01:00 ......S','Poett',null,'DHAR','055',165,null,488,'dgarcia');
insert into TRANSMISSION_ORDER_LINE (TRANSMISSION_ORDER_LINE_ID,LINE_NUMBER,ORIGINAL_INVOICE_LINE,SPOT_ID,SALESCHANNELNAME,SPOT_LEGTH,SPOT_DESCRIPTION,REVENUE_TYPE,GROSS_COST,COPY_NUMBER,SCHED_AIR_DATETIME,ACTUAL_AIR_DATETIME,BOOKING_ZONE_DESCRIPTION,PRODUCT,REASON_CODE,SALES_CHANNEL_CALL_SIGN,DEL_RECONCILIATION_REASON,INVENTORY_VALUE,MAKE_GOOD_ID,TRANSMISSION_ORDER_ID,MODIFIED_BY) values (37840,55,null,35324682,'DLA Disc Home Health Argentina',30,':30 Rotator','RECNCG',0,null,to_date('21/09/2014','DD/MM/RRRR'),to_date('30/11/2002','DD/MM/RRRR'),'19:00-24:00+00:00-01:00 ......S','Poett',null,'DHAR','055',165,null,488,'dgarcia');
insert into TRANSMISSION_ORDER_LINE (TRANSMISSION_ORDER_LINE_ID,LINE_NUMBER,ORIGINAL_INVOICE_LINE,SPOT_ID,SALESCHANNELNAME,SPOT_LEGTH,SPOT_DESCRIPTION,REVENUE_TYPE,GROSS_COST,COPY_NUMBER,SCHED_AIR_DATETIME,ACTUAL_AIR_DATETIME,BOOKING_ZONE_DESCRIPTION,PRODUCT,REASON_CODE,SALES_CHANNEL_CALL_SIGN,DEL_RECONCILIATION_REASON,INVENTORY_VALUE,MAKE_GOOD_ID,TRANSMISSION_ORDER_ID,MODIFIED_BY) values (37841,54,null,35324442,'DLA Disc Home Health Argentina',30,':30 Rotator','RECNCG',0,null,to_date('21/09/2014','DD/MM/RRRR'),to_date('30/11/2002','DD/MM/RRRR'),'19:00-24:00+00:00-01:00 ......S','Poett',null,'DHAR','055',165,null,488,'dgarcia');
insert into TRANSMISSION_ORDER_LINE (TRANSMISSION_ORDER_LINE_ID,LINE_NUMBER,ORIGINAL_INVOICE_LINE,SPOT_ID,SALESCHANNELNAME,SPOT_LEGTH,SPOT_DESCRIPTION,REVENUE_TYPE,GROSS_COST,COPY_NUMBER,SCHED_AIR_DATETIME,ACTUAL_AIR_DATETIME,BOOKING_ZONE_DESCRIPTION,PRODUCT,REASON_CODE,SALES_CHANNEL_CALL_SIGN,DEL_RECONCILIATION_REASON,INVENTORY_VALUE,MAKE_GOOD_ID,TRANSMISSION_ORDER_ID,MODIFIED_BY) values (37842,53,null,35324681,'DLA Disc Home Health Argentina',30,':30 Rotator','RECNCG',0,null,to_date('21/09/2014','DD/MM/RRRR'),to_date('30/11/2002','DD/MM/RRRR'),'19:00-24:00+00:00-01:00 ......S','Poett',null,'DHAR','055',165,null,488,'dgarcia');
insert into TRANSMISSION_ORDER_LINE (TRANSMISSION_ORDER_LINE_ID,LINE_NUMBER,ORIGINAL_INVOICE_LINE,SPOT_ID,SALESCHANNELNAME,SPOT_LEGTH,SPOT_DESCRIPTION,REVENUE_TYPE,GROSS_COST,COPY_NUMBER,SCHED_AIR_DATETIME,ACTUAL_AIR_DATETIME,BOOKING_ZONE_DESCRIPTION,PRODUCT,REASON_CODE,SALES_CHANNEL_CALL_SIGN,DEL_RECONCILIATION_REASON,INVENTORY_VALUE,MAKE_GOOD_ID,TRANSMISSION_ORDER_ID,MODIFIED_BY) values (37843,52,null,35324340,'DLA Disc Home Health Argentina',30,':30 Rotator','RECNCG',0,null,to_date('21/09/2014','DD/MM/RRRR'),to_date('30/11/2002','DD/MM/RRRR'),'10:00-19:00 ......S','Poett',null,'DHAR','055',123,null,488,'dgarcia');
insert into TRANSMISSION_ORDER_LINE (TRANSMISSION_ORDER_LINE_ID,LINE_NUMBER,ORIGINAL_INVOICE_LINE,SPOT_ID,SALESCHANNELNAME,SPOT_LEGTH,SPOT_DESCRIPTION,REVENUE_TYPE,GROSS_COST,COPY_NUMBER,SCHED_AIR_DATETIME,ACTUAL_AIR_DATETIME,BOOKING_ZONE_DESCRIPTION,PRODUCT,REASON_CODE,SALES_CHANNEL_CALL_SIGN,DEL_RECONCILIATION_REASON,INVENTORY_VALUE,MAKE_GOOD_ID,TRANSMISSION_ORDER_ID,MODIFIED_BY) values (37844,51,null,35324338,'DLA Disc Home Health Argentina',30,':30 Rotator','RECNCG',0,null,to_date('21/09/2014','DD/MM/RRRR'),to_date('30/11/2002','DD/MM/RRRR'),'10:00-19:00 ......S','Poett',null,'DHAR','055',123,null,488,'dgarcia');
insert into TRANSMISSION_ORDER_LINE (TRANSMISSION_ORDER_LINE_ID,LINE_NUMBER,ORIGINAL_INVOICE_LINE,SPOT_ID,SALESCHANNELNAME,SPOT_LEGTH,SPOT_DESCRIPTION,REVENUE_TYPE,GROSS_COST,COPY_NUMBER,SCHED_AIR_DATETIME,ACTUAL_AIR_DATETIME,BOOKING_ZONE_DESCRIPTION,PRODUCT,REASON_CODE,SALES_CHANNEL_CALL_SIGN,DEL_RECONCILIATION_REASON,INVENTORY_VALUE,MAKE_GOOD_ID,TRANSMISSION_ORDER_ID,MODIFIED_BY) values (37845,50,null,35324339,'DLA Disc Home Health Argentina',30,':30 Rotator','RECNCG',0,null,to_date('21/09/2014','DD/MM/RRRR'),to_date('30/11/2002','DD/MM/RRRR'),'10:00-19:00 ......S','Poett',null,'DHAR','055',123,null,488,'dgarcia');
insert into TRANSMISSION_ORDER_LINE (TRANSMISSION_ORDER_LINE_ID,LINE_NUMBER,ORIGINAL_INVOICE_LINE,SPOT_ID,SALESCHANNELNAME,SPOT_LEGTH,SPOT_DESCRIPTION,REVENUE_TYPE,GROSS_COST,COPY_NUMBER,SCHED_AIR_DATETIME,ACTUAL_AIR_DATETIME,BOOKING_ZONE_DESCRIPTION,PRODUCT,REASON_CODE,SALES_CHANNEL_CALL_SIGN,DEL_RECONCILIATION_REASON,INVENTORY_VALUE,MAKE_GOOD_ID,TRANSMISSION_ORDER_ID,MODIFIED_BY) values (37846,49,null,35324336,'DLA Disc Home Health Argentina',30,':30 Rotator','PAIDSP',123,'CAMINO DE MARIPO (R)',to_date('20/09/2014','DD/MM/RRRR'),to_date('20/09/2014','DD/MM/RRRR'),'10:00-19:00 .....S.','Poett',null,'DHAR',null,123,null,488,'dgarcia');
insert into TRANSMISSION_ORDER_LINE (TRANSMISSION_ORDER_LINE_ID,LINE_NUMBER,ORIGINAL_INVOICE_LINE,SPOT_ID,SALESCHANNELNAME,SPOT_LEGTH,SPOT_DESCRIPTION,REVENUE_TYPE,GROSS_COST,COPY_NUMBER,SCHED_AIR_DATETIME,ACTUAL_AIR_DATETIME,BOOKING_ZONE_DESCRIPTION,PRODUCT,REASON_CODE,SALES_CHANNEL_CALL_SIGN,DEL_RECONCILIATION_REASON,INVENTORY_VALUE,MAKE_GOOD_ID,TRANSMISSION_ORDER_ID,MODIFIED_BY) values (37847,48,null,35324335,'DLA Disc Home Health Argentina',30,':30 Rotator','PAIDSP',123,'CAMINO DE MARIPO (R)',to_date('20/09/2014','DD/MM/RRRR'),to_date('20/09/2014','DD/MM/RRRR'),'10:00-19:00 .....S.','Poett',null,'DHAR',null,123,null,488,'dgarcia');
insert into TRANSMISSION_ORDER_LINE (TRANSMISSION_ORDER_LINE_ID,LINE_NUMBER,ORIGINAL_INVOICE_LINE,SPOT_ID,SALESCHANNELNAME,SPOT_LEGTH,SPOT_DESCRIPTION,REVENUE_TYPE,GROSS_COST,COPY_NUMBER,SCHED_AIR_DATETIME,ACTUAL_AIR_DATETIME,BOOKING_ZONE_DESCRIPTION,PRODUCT,REASON_CODE,SALES_CHANNEL_CALL_SIGN,DEL_RECONCILIATION_REASON,INVENTORY_VALUE,MAKE_GOOD_ID,TRANSMISSION_ORDER_ID,MODIFIED_BY) values (37848,47,null,35324679,'DLA Disc Home Health Argentina',30,':30 Rotator','RECNCG',0,null,to_date('20/09/2014','DD/MM/RRRR'),to_date('30/11/2002','DD/MM/RRRR'),'19:00-24:00+00:00-01:00 .....S.','Poett',null,'DHAR','055',165,null,488,'dgarcia');
insert into TRANSMISSION_ORDER_LINE (TRANSMISSION_ORDER_LINE_ID,LINE_NUMBER,ORIGINAL_INVOICE_LINE,SPOT_ID,SALESCHANNELNAME,SPOT_LEGTH,SPOT_DESCRIPTION,REVENUE_TYPE,GROSS_COST,COPY_NUMBER,SCHED_AIR_DATETIME,ACTUAL_AIR_DATETIME,BOOKING_ZONE_DESCRIPTION,PRODUCT,REASON_CODE,SALES_CHANNEL_CALL_SIGN,DEL_RECONCILIATION_REASON,INVENTORY_VALUE,MAKE_GOOD_ID,TRANSMISSION_ORDER_ID,MODIFIED_BY) values (37849,46,null,35324678,'DLA Disc Home Health Argentina',30,':30 Rotator','RECNCG',0,null,to_date('20/09/2014','DD/MM/RRRR'),to_date('30/11/2002','DD/MM/RRRR'),'19:00-24:00+00:00-01:00 .....S.','Poett',null,'DHAR','055',165,null,488,'dgarcia');
insert into TRANSMISSION_ORDER_LINE (TRANSMISSION_ORDER_LINE_ID,LINE_NUMBER,ORIGINAL_INVOICE_LINE,SPOT_ID,SALESCHANNELNAME,SPOT_LEGTH,SPOT_DESCRIPTION,REVENUE_TYPE,GROSS_COST,COPY_NUMBER,SCHED_AIR_DATETIME,ACTUAL_AIR_DATETIME,BOOKING_ZONE_DESCRIPTION,PRODUCT,REASON_CODE,SALES_CHANNEL_CALL_SIGN,DEL_RECONCILIATION_REASON,INVENTORY_VALUE,MAKE_GOOD_ID,TRANSMISSION_ORDER_ID,MODIFIED_BY) values (37675,73,null,35473487,'DLA Tlc Argentina',30,':30 Rotator','PAIDSP',42,'CAMINO DE MARIPO (R)',to_date('24/09/2014','DD/MM/RRRR'),to_date('24/09/2014','DD/MM/RRRR'),'10:00-19:00 ..W....','Poett',null,'TLCA',null,42,null,487,'dgarcia');
insert into TRANSMISSION_ORDER_LINE (TRANSMISSION_ORDER_LINE_ID,LINE_NUMBER,ORIGINAL_INVOICE_LINE,SPOT_ID,SALESCHANNELNAME,SPOT_LEGTH,SPOT_DESCRIPTION,REVENUE_TYPE,GROSS_COST,COPY_NUMBER,SCHED_AIR_DATETIME,ACTUAL_AIR_DATETIME,BOOKING_ZONE_DESCRIPTION,PRODUCT,REASON_CODE,SALES_CHANNEL_CALL_SIGN,DEL_RECONCILIATION_REASON,INVENTORY_VALUE,MAKE_GOOD_ID,TRANSMISSION_ORDER_ID,MODIFIED_BY) values (37676,72,null,35473485,'DLA Tlc Argentina',30,':30 Rotator','PAIDSP',42,'CAMINO DE MARIPO (R)',to_date('24/09/2014','DD/MM/RRRR'),to_date('24/09/2014','DD/MM/RRRR'),'10:00-19:00 ..W....','Poett',null,'TLCA',null,42,null,487,'dgarcia');
insert into TRANSMISSION_ORDER_LINE (TRANSMISSION_ORDER_LINE_ID,LINE_NUMBER,ORIGINAL_INVOICE_LINE,SPOT_ID,SALESCHANNELNAME,SPOT_LEGTH,SPOT_DESCRIPTION,REVENUE_TYPE,GROSS_COST,COPY_NUMBER,SCHED_AIR_DATETIME,ACTUAL_AIR_DATETIME,BOOKING_ZONE_DESCRIPTION,PRODUCT,REASON_CODE,SALES_CHANNEL_CALL_SIGN,DEL_RECONCILIATION_REASON,INVENTORY_VALUE,MAKE_GOOD_ID,TRANSMISSION_ORDER_ID,MODIFIED_BY) values (37677,71,null,35473489,'DLA Tlc Argentina',30,':30 Rotator','PAIDSP',42,'CAMINO DE MARIPO (R)',to_date('24/09/2014','DD/MM/RRRR'),to_date('24/09/2014','DD/MM/RRRR'),'10:00-19:00 ..W....','Poett',null,'TLCA',null,42,null,487,'dgarcia');
insert into TRANSMISSION_ORDER_LINE (TRANSMISSION_ORDER_LINE_ID,LINE_NUMBER,ORIGINAL_INVOICE_LINE,SPOT_ID,SALESCHANNELNAME,SPOT_LEGTH,SPOT_DESCRIPTION,REVENUE_TYPE,GROSS_COST,COPY_NUMBER,SCHED_AIR_DATETIME,ACTUAL_AIR_DATETIME,BOOKING_ZONE_DESCRIPTION,PRODUCT,REASON_CODE,SALES_CHANNEL_CALL_SIGN,DEL_RECONCILIATION_REASON,INVENTORY_VALUE,MAKE_GOOD_ID,TRANSMISSION_ORDER_ID,MODIFIED_BY) values (37678,70,null,35324257,'DLA Tlc Argentina',30,':30 Rotator','PAIDSP',42,'CAMINO DE MARIPO (R)',to_date('24/09/2014','DD/MM/RRRR'),to_date('24/09/2014','DD/MM/RRRR'),'10:00-19:00 ..W....','Poett',null,'TLCA',null,42,null,487,'dgarcia');
insert into TRANSMISSION_ORDER_LINE (TRANSMISSION_ORDER_LINE_ID,LINE_NUMBER,ORIGINAL_INVOICE_LINE,SPOT_ID,SALESCHANNELNAME,SPOT_LEGTH,SPOT_DESCRIPTION,REVENUE_TYPE,GROSS_COST,COPY_NUMBER,SCHED_AIR_DATETIME,ACTUAL_AIR_DATETIME,BOOKING_ZONE_DESCRIPTION,PRODUCT,REASON_CODE,SALES_CHANNEL_CALL_SIGN,DEL_RECONCILIATION_REASON,INVENTORY_VALUE,MAKE_GOOD_ID,TRANSMISSION_ORDER_ID,MODIFIED_BY) values (37679,69,null,35473491,'DLA Tlc Argentina',30,':30 Rotator','PAIDSP',42,'CAMINO DE MARIPO (R)',to_date('24/09/2014','DD/MM/RRRR'),to_date('24/09/2014','DD/MM/RRRR'),'10:00-19:00 ..W....','Poett',null,'TLCA',null,42,null,487,'dgarcia');
insert into TRANSMISSION_ORDER_LINE (TRANSMISSION_ORDER_LINE_ID,LINE_NUMBER,ORIGINAL_INVOICE_LINE,SPOT_ID,SALESCHANNELNAME,SPOT_LEGTH,SPOT_DESCRIPTION,REVENUE_TYPE,GROSS_COST,COPY_NUMBER,SCHED_AIR_DATETIME,ACTUAL_AIR_DATETIME,BOOKING_ZONE_DESCRIPTION,PRODUCT,REASON_CODE,SALES_CHANNEL_CALL_SIGN,DEL_RECONCILIATION_REASON,INVENTORY_VALUE,MAKE_GOOD_ID,TRANSMISSION_ORDER_ID,MODIFIED_BY) values (37680,68,null,35473486,'DLA Tlc Argentina',30,':30 Rotator','PAIDSP',42,'CAMINO DE MARIPO (R)',to_date('24/09/2014','DD/MM/RRRR'),to_date('24/09/2014','DD/MM/RRRR'),'10:00-19:00 ..W....','Poett',null,'TLCA',null,42,null,487,'dgarcia');
insert into TRANSMISSION_ORDER_LINE (TRANSMISSION_ORDER_LINE_ID,LINE_NUMBER,ORIGINAL_INVOICE_LINE,SPOT_ID,SALESCHANNELNAME,SPOT_LEGTH,SPOT_DESCRIPTION,REVENUE_TYPE,GROSS_COST,COPY_NUMBER,SCHED_AIR_DATETIME,ACTUAL_AIR_DATETIME,BOOKING_ZONE_DESCRIPTION,PRODUCT,REASON_CODE,SALES_CHANNEL_CALL_SIGN,DEL_RECONCILIATION_REASON,INVENTORY_VALUE,MAKE_GOOD_ID,TRANSMISSION_ORDER_ID,MODIFIED_BY) values (37681,67,null,35473488,'DLA Tlc Argentina',30,':30 Rotator','PAIDSP',42,'CAMINO DE MARIPO (R)',to_date('24/09/2014','DD/MM/RRRR'),to_date('24/09/2014','DD/MM/RRRR'),'10:00-19:00 ..W....','Poett',null,'TLCA',null,42,null,487,'dgarcia');
insert into TRANSMISSION_ORDER_LINE (TRANSMISSION_ORDER_LINE_ID,LINE_NUMBER,ORIGINAL_INVOICE_LINE,SPOT_ID,SALESCHANNELNAME,SPOT_LEGTH,SPOT_DESCRIPTION,REVENUE_TYPE,GROSS_COST,COPY_NUMBER,SCHED_AIR_DATETIME,ACTUAL_AIR_DATETIME,BOOKING_ZONE_DESCRIPTION,PRODUCT,REASON_CODE,SALES_CHANNEL_CALL_SIGN,DEL_RECONCILIATION_REASON,INVENTORY_VALUE,MAKE_GOOD_ID,TRANSMISSION_ORDER_ID,MODIFIED_BY) values (37682,66,null,35324260,'DLA Tlc Argentina',30,':30 Rotator','PAIDSP',42,'CAMINO DE MARIPO (R)',to_date('24/09/2014','DD/MM/RRRR'),to_date('24/09/2014','DD/MM/RRRR'),'10:00-19:00 ..W....','Poett',null,'TLCA',null,42,null,487,'dgarcia');
insert into TRANSMISSION_ORDER_LINE (TRANSMISSION_ORDER_LINE_ID,LINE_NUMBER,ORIGINAL_INVOICE_LINE,SPOT_ID,SALESCHANNELNAME,SPOT_LEGTH,SPOT_DESCRIPTION,REVENUE_TYPE,GROSS_COST,COPY_NUMBER,SCHED_AIR_DATETIME,ACTUAL_AIR_DATETIME,BOOKING_ZONE_DESCRIPTION,PRODUCT,REASON_CODE,SALES_CHANNEL_CALL_SIGN,DEL_RECONCILIATION_REASON,INVENTORY_VALUE,MAKE_GOOD_ID,TRANSMISSION_ORDER_ID,MODIFIED_BY) values (37683,65,null,35473490,'DLA Tlc Argentina',30,':30 Rotator','PAIDSP',42,'CAMINO DE MARIPO (R)',to_date('24/09/2014','DD/MM/RRRR'),to_date('24/09/2014','DD/MM/RRRR'),'10:00-19:00 ..W....','Poett',null,'TLCA',null,42,null,487,'dgarcia');
insert into TRANSMISSION_ORDER_LINE (TRANSMISSION_ORDER_LINE_ID,LINE_NUMBER,ORIGINAL_INVOICE_LINE,SPOT_ID,SALESCHANNELNAME,SPOT_LEGTH,SPOT_DESCRIPTION,REVENUE_TYPE,GROSS_COST,COPY_NUMBER,SCHED_AIR_DATETIME,ACTUAL_AIR_DATETIME,BOOKING_ZONE_DESCRIPTION,PRODUCT,REASON_CODE,SALES_CHANNEL_CALL_SIGN,DEL_RECONCILIATION_REASON,INVENTORY_VALUE,MAKE_GOOD_ID,TRANSMISSION_ORDER_ID,MODIFIED_BY) values (37684,64,null,35324258,'DLA Tlc Argentina',30,':30 Rotator','PAIDSP',42,'CAMINO DE MARIPO (R)',to_date('24/09/2014','DD/MM/RRRR'),to_date('24/09/2014','DD/MM/RRRR'),'10:00-19:00 ..W....','Poett',null,'TLCA',null,42,null,487,'dgarcia');
insert into TRANSMISSION_ORDER_LINE (TRANSMISSION_ORDER_LINE_ID,LINE_NUMBER,ORIGINAL_INVOICE_LINE,SPOT_ID,SALESCHANNELNAME,SPOT_LEGTH,SPOT_DESCRIPTION,REVENUE_TYPE,GROSS_COST,COPY_NUMBER,SCHED_AIR_DATETIME,ACTUAL_AIR_DATETIME,BOOKING_ZONE_DESCRIPTION,PRODUCT,REASON_CODE,SALES_CHANNEL_CALL_SIGN,DEL_RECONCILIATION_REASON,INVENTORY_VALUE,MAKE_GOOD_ID,TRANSMISSION_ORDER_ID,MODIFIED_BY) values (37685,63,null,35324261,'DLA Tlc Argentina',30,':30 Rotator','PAIDSP',42,'CAMINO DE MARIPO (R)',to_date('24/09/2014','DD/MM/RRRR'),to_date('24/09/2014','DD/MM/RRRR'),'10:00-19:00 ..W....','Poett',null,'TLCA',null,42,null,487,'dgarcia');
insert into TRANSMISSION_ORDER_LINE (TRANSMISSION_ORDER_LINE_ID,LINE_NUMBER,ORIGINAL_INVOICE_LINE,SPOT_ID,SALESCHANNELNAME,SPOT_LEGTH,SPOT_DESCRIPTION,REVENUE_TYPE,GROSS_COST,COPY_NUMBER,SCHED_AIR_DATETIME,ACTUAL_AIR_DATETIME,BOOKING_ZONE_DESCRIPTION,PRODUCT,REASON_CODE,SALES_CHANNEL_CALL_SIGN,DEL_RECONCILIATION_REASON,INVENTORY_VALUE,MAKE_GOOD_ID,TRANSMISSION_ORDER_ID,MODIFIED_BY) values (37686,62,null,35324256,'DLA Tlc Argentina',30,':30 Rotator','PAIDSP',42,'CAMINO DE MARIPO (R)',to_date('23/09/2014','DD/MM/RRRR'),to_date('23/09/2014','DD/MM/RRRR'),'10:00-19:00 .T.....','Poett',null,'TLCA',null,42,null,487,'dgarcia');
insert into TRANSMISSION_ORDER_LINE (TRANSMISSION_ORDER_LINE_ID,LINE_NUMBER,ORIGINAL_INVOICE_LINE,SPOT_ID,SALESCHANNELNAME,SPOT_LEGTH,SPOT_DESCRIPTION,REVENUE_TYPE,GROSS_COST,COPY_NUMBER,SCHED_AIR_DATETIME,ACTUAL_AIR_DATETIME,BOOKING_ZONE_DESCRIPTION,PRODUCT,REASON_CODE,SALES_CHANNEL_CALL_SIGN,DEL_RECONCILIATION_REASON,INVENTORY_VALUE,MAKE_GOOD_ID,TRANSMISSION_ORDER_ID,MODIFIED_BY) values (37687,61,null,35473484,'DLA Tlc Argentina',30,':30 Rotator','PAIDSP',42,'CAMINO DE MARIPO (R)',to_date('23/09/2014','DD/MM/RRRR'),to_date('23/09/2014','DD/MM/RRRR'),'10:00-19:00 .T.....','Poett',null,'TLCA',null,42,null,487,'dgarcia');
insert into TRANSMISSION_ORDER_LINE (TRANSMISSION_ORDER_LINE_ID,LINE_NUMBER,ORIGINAL_INVOICE_LINE,SPOT_ID,SALESCHANNELNAME,SPOT_LEGTH,SPOT_DESCRIPTION,REVENUE_TYPE,GROSS_COST,COPY_NUMBER,SCHED_AIR_DATETIME,ACTUAL_AIR_DATETIME,BOOKING_ZONE_DESCRIPTION,PRODUCT,REASON_CODE,SALES_CHANNEL_CALL_SIGN,DEL_RECONCILIATION_REASON,INVENTORY_VALUE,MAKE_GOOD_ID,TRANSMISSION_ORDER_ID,MODIFIED_BY) values (37688,60,null,35324252,'DLA Tlc Argentina',30,':30 Rotator','PAIDSP',42,'CAMINO DE MARIPO (R)',to_date('23/09/2014','DD/MM/RRRR'),to_date('23/09/2014','DD/MM/RRRR'),'10:00-19:00 .T.....','Poett',null,'TLCA',null,42,null,487,'dgarcia');
insert into TRANSMISSION_ORDER_LINE (TRANSMISSION_ORDER_LINE_ID,LINE_NUMBER,ORIGINAL_INVOICE_LINE,SPOT_ID,SALESCHANNELNAME,SPOT_LEGTH,SPOT_DESCRIPTION,REVENUE_TYPE,GROSS_COST,COPY_NUMBER,SCHED_AIR_DATETIME,ACTUAL_AIR_DATETIME,BOOKING_ZONE_DESCRIPTION,PRODUCT,REASON_CODE,SALES_CHANNEL_CALL_SIGN,DEL_RECONCILIATION_REASON,INVENTORY_VALUE,MAKE_GOOD_ID,TRANSMISSION_ORDER_ID,MODIFIED_BY) values (37689,59,null,35473477,'DLA Tlc Argentina',30,':30 Rotator','PAIDSP',42,'CAMINO DE MARIPO (R)',to_date('23/09/2014','DD/MM/RRRR'),to_date('23/09/2014','DD/MM/RRRR'),'10:00-19:00 .T.....','Poett',null,'TLCA',null,42,null,487,'dgarcia');
insert into TRANSMISSION_ORDER_LINE (TRANSMISSION_ORDER_LINE_ID,LINE_NUMBER,ORIGINAL_INVOICE_LINE,SPOT_ID,SALESCHANNELNAME,SPOT_LEGTH,SPOT_DESCRIPTION,REVENUE_TYPE,GROSS_COST,COPY_NUMBER,SCHED_AIR_DATETIME,ACTUAL_AIR_DATETIME,BOOKING_ZONE_DESCRIPTION,PRODUCT,REASON_CODE,SALES_CHANNEL_CALL_SIGN,DEL_RECONCILIATION_REASON,INVENTORY_VALUE,MAKE_GOOD_ID,TRANSMISSION_ORDER_ID,MODIFIED_BY) values (37690,58,null,35473483,'DLA Tlc Argentina',30,':30 Rotator','PAIDSP',42,'CAMINO DE MARIPO (R)',to_date('23/09/2014','DD/MM/RRRR'),to_date('23/09/2014','DD/MM/RRRR'),'10:00-19:00 .T.....','Poett',null,'TLCA',null,42,null,487,'dgarcia');
insert into TRANSMISSION_ORDER_LINE (TRANSMISSION_ORDER_LINE_ID,LINE_NUMBER,ORIGINAL_INVOICE_LINE,SPOT_ID,SALESCHANNELNAME,SPOT_LEGTH,SPOT_DESCRIPTION,REVENUE_TYPE,GROSS_COST,COPY_NUMBER,SCHED_AIR_DATETIME,ACTUAL_AIR_DATETIME,BOOKING_ZONE_DESCRIPTION,PRODUCT,REASON_CODE,SALES_CHANNEL_CALL_SIGN,DEL_RECONCILIATION_REASON,INVENTORY_VALUE,MAKE_GOOD_ID,TRANSMISSION_ORDER_ID,MODIFIED_BY) values (37691,57,null,35473478,'DLA Tlc Argentina',30,':30 Rotator','PAIDSP',42,'CAMINO DE MARIPO (R)',to_date('23/09/2014','DD/MM/RRRR'),to_date('23/09/2014','DD/MM/RRRR'),'10:00-19:00 .T.....','Poett',null,'TLCA',null,42,null,487,'dgarcia');
insert into TRANSMISSION_ORDER_LINE (TRANSMISSION_ORDER_LINE_ID,LINE_NUMBER,ORIGINAL_INVOICE_LINE,SPOT_ID,SALESCHANNELNAME,SPOT_LEGTH,SPOT_DESCRIPTION,REVENUE_TYPE,GROSS_COST,COPY_NUMBER,SCHED_AIR_DATETIME,ACTUAL_AIR_DATETIME,BOOKING_ZONE_DESCRIPTION,PRODUCT,REASON_CODE,SALES_CHANNEL_CALL_SIGN,DEL_RECONCILIATION_REASON,INVENTORY_VALUE,MAKE_GOOD_ID,TRANSMISSION_ORDER_ID,MODIFIED_BY) values (37692,56,null,35473482,'DLA Tlc Argentina',30,':30 Rotator','PAIDSP',42,'CAMINO DE MARIPO (R)',to_date('23/09/2014','DD/MM/RRRR'),to_date('23/09/2014','DD/MM/RRRR'),'10:00-19:00 .T.....','Poett',null,'TLCA',null,42,null,487,'dgarcia');
insert into TRANSMISSION_ORDER_LINE (TRANSMISSION_ORDER_LINE_ID,LINE_NUMBER,ORIGINAL_INVOICE_LINE,SPOT_ID,SALESCHANNELNAME,SPOT_LEGTH,SPOT_DESCRIPTION,REVENUE_TYPE,GROSS_COST,COPY_NUMBER,SCHED_AIR_DATETIME,ACTUAL_AIR_DATETIME,BOOKING_ZONE_DESCRIPTION,PRODUCT,REASON_CODE,SALES_CHANNEL_CALL_SIGN,DEL_RECONCILIATION_REASON,INVENTORY_VALUE,MAKE_GOOD_ID,TRANSMISSION_ORDER_ID,MODIFIED_BY) values (37693,55,null,35324255,'DLA Tlc Argentina',30,':30 Rotator','PAIDSP',42,'CAMINO DE MARIPO (R)',to_date('23/09/2014','DD/MM/RRRR'),to_date('23/09/2014','DD/MM/RRRR'),'10:00-19:00 .T.....','Poett',null,'TLCA',null,42,null,487,'dgarcia');
insert into TRANSMISSION_ORDER_LINE (TRANSMISSION_ORDER_LINE_ID,LINE_NUMBER,ORIGINAL_INVOICE_LINE,SPOT_ID,SALESCHANNELNAME,SPOT_LEGTH,SPOT_DESCRIPTION,REVENUE_TYPE,GROSS_COST,COPY_NUMBER,SCHED_AIR_DATETIME,ACTUAL_AIR_DATETIME,BOOKING_ZONE_DESCRIPTION,PRODUCT,REASON_CODE,SALES_CHANNEL_CALL_SIGN,DEL_RECONCILIATION_REASON,INVENTORY_VALUE,MAKE_GOOD_ID,TRANSMISSION_ORDER_ID,MODIFIED_BY) values (37694,54,null,35473481,'DLA Tlc Argentina',30,':30 Rotator','PAIDSP',42,'CAMINO DE MARIPO (R)',to_date('23/09/2014','DD/MM/RRRR'),to_date('23/09/2014','DD/MM/RRRR'),'10:00-19:00 .T.....','Poett',null,'TLCA',null,42,null,487,'dgarcia');
insert into TRANSMISSION_ORDER_LINE (TRANSMISSION_ORDER_LINE_ID,LINE_NUMBER,ORIGINAL_INVOICE_LINE,SPOT_ID,SALESCHANNELNAME,SPOT_LEGTH,SPOT_DESCRIPTION,REVENUE_TYPE,GROSS_COST,COPY_NUMBER,SCHED_AIR_DATETIME,ACTUAL_AIR_DATETIME,BOOKING_ZONE_DESCRIPTION,PRODUCT,REASON_CODE,SALES_CHANNEL_CALL_SIGN,DEL_RECONCILIATION_REASON,INVENTORY_VALUE,MAKE_GOOD_ID,TRANSMISSION_ORDER_ID,MODIFIED_BY) values (37695,53,null,35473480,'DLA Tlc Argentina',30,':30 Rotator','PAIDSP',42,'CAMINO DE MARIPO (R)',to_date('23/09/2014','DD/MM/RRRR'),to_date('23/09/2014','DD/MM/RRRR'),'10:00-19:00 .T.....','Poett',null,'TLCA',null,42,null,487,'dgarcia');
insert into TRANSMISSION_ORDER_LINE (TRANSMISSION_ORDER_LINE_ID,LINE_NUMBER,ORIGINAL_INVOICE_LINE,SPOT_ID,SALESCHANNELNAME,SPOT_LEGTH,SPOT_DESCRIPTION,REVENUE_TYPE,GROSS_COST,COPY_NUMBER,SCHED_AIR_DATETIME,ACTUAL_AIR_DATETIME,BOOKING_ZONE_DESCRIPTION,PRODUCT,REASON_CODE,SALES_CHANNEL_CALL_SIGN,DEL_RECONCILIATION_REASON,INVENTORY_VALUE,MAKE_GOOD_ID,TRANSMISSION_ORDER_ID,MODIFIED_BY) values (37696,52,null,35324253,'DLA Tlc Argentina',30,':30 Rotator','PAIDSP',42,'CAMINO DE MARIPO (R)',to_date('23/09/2014','DD/MM/RRRR'),to_date('23/09/2014','DD/MM/RRRR'),'10:00-19:00 .T.....','Poett',null,'TLCA',null,42,null,487,'dgarcia');
insert into TRANSMISSION_ORDER_LINE (TRANSMISSION_ORDER_LINE_ID,LINE_NUMBER,ORIGINAL_INVOICE_LINE,SPOT_ID,SALESCHANNELNAME,SPOT_LEGTH,SPOT_DESCRIPTION,REVENUE_TYPE,GROSS_COST,COPY_NUMBER,SCHED_AIR_DATETIME,ACTUAL_AIR_DATETIME,BOOKING_ZONE_DESCRIPTION,PRODUCT,REASON_CODE,SALES_CHANNEL_CALL_SIGN,DEL_RECONCILIATION_REASON,INVENTORY_VALUE,MAKE_GOOD_ID,TRANSMISSION_ORDER_ID,MODIFIED_BY) values (37697,51,null,35473479,'DLA Tlc Argentina',30,':30 Rotator','PAIDSP',42,'CAMINO DE MARIPO (R)',to_date('23/09/2014','DD/MM/RRRR'),to_date('23/09/2014','DD/MM/RRRR'),'10:00-19:00 .T.....','Poett',null,'TLCA',null,42,null,487,'dgarcia');
insert into TRANSMISSION_ORDER_LINE (TRANSMISSION_ORDER_LINE_ID,LINE_NUMBER,ORIGINAL_INVOICE_LINE,SPOT_ID,SALESCHANNELNAME,SPOT_LEGTH,SPOT_DESCRIPTION,REVENUE_TYPE,GROSS_COST,COPY_NUMBER,SCHED_AIR_DATETIME,ACTUAL_AIR_DATETIME,BOOKING_ZONE_DESCRIPTION,PRODUCT,REASON_CODE,SALES_CHANNEL_CALL_SIGN,DEL_RECONCILIATION_REASON,INVENTORY_VALUE,MAKE_GOOD_ID,TRANSMISSION_ORDER_ID,MODIFIED_BY) values (37698,50,null,35324254,'DLA Tlc Argentina',30,':30 Rotator','PAIDSP',42,'CAMINO DE MARIPO (R)',to_date('23/09/2014','DD/MM/RRRR'),to_date('23/09/2014','DD/MM/RRRR'),'10:00-19:00 .T.....','Poett',null,'TLCA',null,42,null,487,'dgarcia');
insert into TRANSMISSION_ORDER_LINE (TRANSMISSION_ORDER_LINE_ID,LINE_NUMBER,ORIGINAL_INVOICE_LINE,SPOT_ID,SALESCHANNELNAME,SPOT_LEGTH,SPOT_DESCRIPTION,REVENUE_TYPE,GROSS_COST,COPY_NUMBER,SCHED_AIR_DATETIME,ACTUAL_AIR_DATETIME,BOOKING_ZONE_DESCRIPTION,PRODUCT,REASON_CODE,SALES_CHANNEL_CALL_SIGN,DEL_RECONCILIATION_REASON,INVENTORY_VALUE,MAKE_GOOD_ID,TRANSMISSION_ORDER_ID,MODIFIED_BY) values (37699,49,null,35324247,'DLA Tlc Argentina',30,':30 Rotator','PAIDSP',42,'CAMINO DE MARIPO (R)',to_date('22/09/2014','DD/MM/RRRR'),to_date('22/09/2014','DD/MM/RRRR'),'10:00-19:00 M......','Poett',null,'TLCA',null,42,null,487,'dgarcia');
insert into TRANSMISSION_ORDER_LINE (TRANSMISSION_ORDER_LINE_ID,LINE_NUMBER,ORIGINAL_INVOICE_LINE,SPOT_ID,SALESCHANNELNAME,SPOT_LEGTH,SPOT_DESCRIPTION,REVENUE_TYPE,GROSS_COST,COPY_NUMBER,SCHED_AIR_DATETIME,ACTUAL_AIR_DATETIME,BOOKING_ZONE_DESCRIPTION,PRODUCT,REASON_CODE,SALES_CHANNEL_CALL_SIGN,DEL_RECONCILIATION_REASON,INVENTORY_VALUE,MAKE_GOOD_ID,TRANSMISSION_ORDER_ID,MODIFIED_BY) values (37700,48,null,35324249,'DLA Tlc Argentina',30,':30 Rotator','PAIDSP',42,'CAMINO DE MARIPO (R)',to_date('22/09/2014','DD/MM/RRRR'),to_date('22/09/2014','DD/MM/RRRR'),'10:00-19:00 M......','Poett',null,'TLCA',null,42,null,487,'dgarcia');
insert into TRANSMISSION_ORDER_LINE (TRANSMISSION_ORDER_LINE_ID,LINE_NUMBER,ORIGINAL_INVOICE_LINE,SPOT_ID,SALESCHANNELNAME,SPOT_LEGTH,SPOT_DESCRIPTION,REVENUE_TYPE,GROSS_COST,COPY_NUMBER,SCHED_AIR_DATETIME,ACTUAL_AIR_DATETIME,BOOKING_ZONE_DESCRIPTION,PRODUCT,REASON_CODE,SALES_CHANNEL_CALL_SIGN,DEL_RECONCILIATION_REASON,INVENTORY_VALUE,MAKE_GOOD_ID,TRANSMISSION_ORDER_ID,MODIFIED_BY) values (37701,47,null,35324250,'DLA Tlc Argentina',30,':30 Rotator','PAIDSP',42,'CAMINO DE MARIPO (R)',to_date('22/09/2014','DD/MM/RRRR'),to_date('22/09/2014','DD/MM/RRRR'),'10:00-19:00 M......','Poett',null,'TLCA',null,42,null,487,'dgarcia');
insert into TRANSMISSION_ORDER_LINE (TRANSMISSION_ORDER_LINE_ID,LINE_NUMBER,ORIGINAL_INVOICE_LINE,SPOT_ID,SALESCHANNELNAME,SPOT_LEGTH,SPOT_DESCRIPTION,REVENUE_TYPE,GROSS_COST,COPY_NUMBER,SCHED_AIR_DATETIME,ACTUAL_AIR_DATETIME,BOOKING_ZONE_DESCRIPTION,PRODUCT,REASON_CODE,SALES_CHANNEL_CALL_SIGN,DEL_RECONCILIATION_REASON,INVENTORY_VALUE,MAKE_GOOD_ID,TRANSMISSION_ORDER_ID,MODIFIED_BY) values (37702,46,null,35324248,'DLA Tlc Argentina',30,':30 Rotator','PAIDSP',42,'CAMINO DE MARIPO (R)',to_date('22/09/2014','DD/MM/RRRR'),to_date('22/09/2014','DD/MM/RRRR'),'10:00-19:00 M......','Poett',null,'TLCA',null,42,null,487,'dgarcia');
insert into TRANSMISSION_ORDER_LINE (TRANSMISSION_ORDER_LINE_ID,LINE_NUMBER,ORIGINAL_INVOICE_LINE,SPOT_ID,SALESCHANNELNAME,SPOT_LEGTH,SPOT_DESCRIPTION,REVENUE_TYPE,GROSS_COST,COPY_NUMBER,SCHED_AIR_DATETIME,ACTUAL_AIR_DATETIME,BOOKING_ZONE_DESCRIPTION,PRODUCT,REASON_CODE,SALES_CHANNEL_CALL_SIGN,DEL_RECONCILIATION_REASON,INVENTORY_VALUE,MAKE_GOOD_ID,TRANSMISSION_ORDER_ID,MODIFIED_BY) values (37703,45,null,35324251,'DLA Tlc Argentina',30,':30 Rotator','PAIDSP',42,'CAMINO DE MARIPO (R)',to_date('22/09/2014','DD/MM/RRRR'),to_date('22/09/2014','DD/MM/RRRR'),'10:00-19:00 M......','Poett',null,'TLCA',null,42,null,487,'dgarcia');
insert into TRANSMISSION_ORDER_LINE (TRANSMISSION_ORDER_LINE_ID,LINE_NUMBER,ORIGINAL_INVOICE_LINE,SPOT_ID,SALESCHANNELNAME,SPOT_LEGTH,SPOT_DESCRIPTION,REVENUE_TYPE,GROSS_COST,COPY_NUMBER,SCHED_AIR_DATETIME,ACTUAL_AIR_DATETIME,BOOKING_ZONE_DESCRIPTION,PRODUCT,REASON_CODE,SALES_CHANNEL_CALL_SIGN,DEL_RECONCILIATION_REASON,INVENTORY_VALUE,MAKE_GOOD_ID,TRANSMISSION_ORDER_ID,MODIFIED_BY) values (37704,44,null,35324222,'DLA Tlc Argentina',30,':30 Rotator','PAIDSP',42,'CAMINO DE MARIPO (R)',to_date('21/09/2014','DD/MM/RRRR'),to_date('21/09/2014','DD/MM/RRRR'),'10:00-19:00 ......S','Poett',null,'TLCA',null,42,null,487,'dgarcia');
insert into TRANSMISSION_ORDER_LINE (TRANSMISSION_ORDER_LINE_ID,LINE_NUMBER,ORIGINAL_INVOICE_LINE,SPOT_ID,SALESCHANNELNAME,SPOT_LEGTH,SPOT_DESCRIPTION,REVENUE_TYPE,GROSS_COST,COPY_NUMBER,SCHED_AIR_DATETIME,ACTUAL_AIR_DATETIME,BOOKING_ZONE_DESCRIPTION,PRODUCT,REASON_CODE,SALES_CHANNEL_CALL_SIGN,DEL_RECONCILIATION_REASON,INVENTORY_VALUE,MAKE_GOOD_ID,TRANSMISSION_ORDER_ID,MODIFIED_BY) values (37705,43,null,35324223,'DLA Tlc Argentina',30,':30 Rotator','PAIDSP',42,'CAMINO DE MARIPO (R)',to_date('21/09/2014','DD/MM/RRRR'),to_date('21/09/2014','DD/MM/RRRR'),'10:00-19:00 ......S','Poett',null,'TLCA',null,42,null,487,'dgarcia');
insert into TRANSMISSION_ORDER_LINE (TRANSMISSION_ORDER_LINE_ID,LINE_NUMBER,ORIGINAL_INVOICE_LINE,SPOT_ID,SALESCHANNELNAME,SPOT_LEGTH,SPOT_DESCRIPTION,REVENUE_TYPE,GROSS_COST,COPY_NUMBER,SCHED_AIR_DATETIME,ACTUAL_AIR_DATETIME,BOOKING_ZONE_DESCRIPTION,PRODUCT,REASON_CODE,SALES_CHANNEL_CALL_SIGN,DEL_RECONCILIATION_REASON,INVENTORY_VALUE,MAKE_GOOD_ID,TRANSMISSION_ORDER_ID,MODIFIED_BY) values (37706,42,null,35324224,'DLA Tlc Argentina',30,':30 Rotator','PAIDSP',42,'CAMINO DE MARIPO (R)',to_date('21/09/2014','DD/MM/RRRR'),to_date('21/09/2014','DD/MM/RRRR'),'10:00-19:00 ......S','Poett',null,'TLCA',null,42,null,487,'dgarcia');
insert into TRANSMISSION_ORDER_LINE (TRANSMISSION_ORDER_LINE_ID,LINE_NUMBER,ORIGINAL_INVOICE_LINE,SPOT_ID,SALESCHANNELNAME,SPOT_LEGTH,SPOT_DESCRIPTION,REVENUE_TYPE,GROSS_COST,COPY_NUMBER,SCHED_AIR_DATETIME,ACTUAL_AIR_DATETIME,BOOKING_ZONE_DESCRIPTION,PRODUCT,REASON_CODE,SALES_CHANNEL_CALL_SIGN,DEL_RECONCILIATION_REASON,INVENTORY_VALUE,MAKE_GOOD_ID,TRANSMISSION_ORDER_ID,MODIFIED_BY) values (37707,41,null,35324221,'DLA Tlc Argentina',30,':30 Rotator','PAIDSP',42,'CAMINO DE MARIPO (R)',to_date('21/09/2014','DD/MM/RRRR'),to_date('21/09/2014','DD/MM/RRRR'),'10:00-19:00 ......S','Poett',null,'TLCA',null,42,null,487,'dgarcia');
insert into TRANSMISSION_ORDER_LINE (TRANSMISSION_ORDER_LINE_ID,LINE_NUMBER,ORIGINAL_INVOICE_LINE,SPOT_ID,SALESCHANNELNAME,SPOT_LEGTH,SPOT_DESCRIPTION,REVENUE_TYPE,GROSS_COST,COPY_NUMBER,SCHED_AIR_DATETIME,ACTUAL_AIR_DATETIME,BOOKING_ZONE_DESCRIPTION,PRODUCT,REASON_CODE,SALES_CHANNEL_CALL_SIGN,DEL_RECONCILIATION_REASON,INVENTORY_VALUE,MAKE_GOOD_ID,TRANSMISSION_ORDER_ID,MODIFIED_BY) values (37708,40,null,35324225,'DLA Tlc Argentina',30,':30 Rotator','PAIDSP',42,'CAMINO DE MARIPO (R)',to_date('21/09/2014','DD/MM/RRRR'),to_date('21/09/2014','DD/MM/RRRR'),'10:00-19:00 ......S','Poett',null,'TLCA',null,42,null,487,'dgarcia');
insert into TRANSMISSION_ORDER_LINE (TRANSMISSION_ORDER_LINE_ID,LINE_NUMBER,ORIGINAL_INVOICE_LINE,SPOT_ID,SALESCHANNELNAME,SPOT_LEGTH,SPOT_DESCRIPTION,REVENUE_TYPE,GROSS_COST,COPY_NUMBER,SCHED_AIR_DATETIME,ACTUAL_AIR_DATETIME,BOOKING_ZONE_DESCRIPTION,PRODUCT,REASON_CODE,SALES_CHANNEL_CALL_SIGN,DEL_RECONCILIATION_REASON,INVENTORY_VALUE,MAKE_GOOD_ID,TRANSMISSION_ORDER_ID,MODIFIED_BY) values (37709,39,null,35324218,'DLA Tlc Argentina',30,':30 Rotator','PAIDSP',42,'CAMINO DE MARIPO (R)',to_date('20/09/2014','DD/MM/RRRR'),to_date('20/09/2014','DD/MM/RRRR'),'10:00-19:00 .....S.','Poett',null,'TLCA',null,42,null,487,'dgarcia');
insert into TRANSMISSION_ORDER_LINE (TRANSMISSION_ORDER_LINE_ID,LINE_NUMBER,ORIGINAL_INVOICE_LINE,SPOT_ID,SALESCHANNELNAME,SPOT_LEGTH,SPOT_DESCRIPTION,REVENUE_TYPE,GROSS_COST,COPY_NUMBER,SCHED_AIR_DATETIME,ACTUAL_AIR_DATETIME,BOOKING_ZONE_DESCRIPTION,PRODUCT,REASON_CODE,SALES_CHANNEL_CALL_SIGN,DEL_RECONCILIATION_REASON,INVENTORY_VALUE,MAKE_GOOD_ID,TRANSMISSION_ORDER_ID,MODIFIED_BY) values (37710,38,null,35324216,'DLA Tlc Argentina',30,':30 Rotator','PAIDSP',42,'CAMINO DE MARIPO (R)',to_date('20/09/2014','DD/MM/RRRR'),to_date('20/09/2014','DD/MM/RRRR'),'10:00-19:00 .....S.','Poett',null,'TLCA',null,42,null,487,'dgarcia');
insert into TRANSMISSION_ORDER_LINE (TRANSMISSION_ORDER_LINE_ID,LINE_NUMBER,ORIGINAL_INVOICE_LINE,SPOT_ID,SALESCHANNELNAME,SPOT_LEGTH,SPOT_DESCRIPTION,REVENUE_TYPE,GROSS_COST,COPY_NUMBER,SCHED_AIR_DATETIME,ACTUAL_AIR_DATETIME,BOOKING_ZONE_DESCRIPTION,PRODUCT,REASON_CODE,SALES_CHANNEL_CALL_SIGN,DEL_RECONCILIATION_REASON,INVENTORY_VALUE,MAKE_GOOD_ID,TRANSMISSION_ORDER_ID,MODIFIED_BY) values (37711,37,null,35324219,'DLA Tlc Argentina',30,':30 Rotator','PAIDSP',42,'CAMINO DE MARIPO (R)',to_date('20/09/2014','DD/MM/RRRR'),to_date('20/09/2014','DD/MM/RRRR'),'10:00-19:00 .....S.','Poett',null,'TLCA',null,42,null,487,'dgarcia');
insert into TRANSMISSION_ORDER_LINE (TRANSMISSION_ORDER_LINE_ID,LINE_NUMBER,ORIGINAL_INVOICE_LINE,SPOT_ID,SALESCHANNELNAME,SPOT_LEGTH,SPOT_DESCRIPTION,REVENUE_TYPE,GROSS_COST,COPY_NUMBER,SCHED_AIR_DATETIME,ACTUAL_AIR_DATETIME,BOOKING_ZONE_DESCRIPTION,PRODUCT,REASON_CODE,SALES_CHANNEL_CALL_SIGN,DEL_RECONCILIATION_REASON,INVENTORY_VALUE,MAKE_GOOD_ID,TRANSMISSION_ORDER_ID,MODIFIED_BY) values (37712,36,null,35324215,'DLA Tlc Argentina',30,':30 Rotator','PAIDSP',42,'CAMINO DE MARIPO (R)',to_date('20/09/2014','DD/MM/RRRR'),to_date('20/09/2014','DD/MM/RRRR'),'10:00-19:00 .....S.','Poett',null,'TLCA',null,42,null,487,'dgarcia');
insert into TRANSMISSION_ORDER_LINE (TRANSMISSION_ORDER_LINE_ID,LINE_NUMBER,ORIGINAL_INVOICE_LINE,SPOT_ID,SALESCHANNELNAME,SPOT_LEGTH,SPOT_DESCRIPTION,REVENUE_TYPE,GROSS_COST,COPY_NUMBER,SCHED_AIR_DATETIME,ACTUAL_AIR_DATETIME,BOOKING_ZONE_DESCRIPTION,PRODUCT,REASON_CODE,SALES_CHANNEL_CALL_SIGN,DEL_RECONCILIATION_REASON,INVENTORY_VALUE,MAKE_GOOD_ID,TRANSMISSION_ORDER_ID,MODIFIED_BY) values (37713,35,null,35324220,'DLA Tlc Argentina',30,':30 Rotator','PAIDSP',42,'CAMINO DE MARIPO (R)',to_date('20/09/2014','DD/MM/RRRR'),to_date('20/09/2014','DD/MM/RRRR'),'10:00-19:00 .....S.','Poett',null,'TLCA',null,42,null,487,'dgarcia');
insert into TRANSMISSION_ORDER_LINE (TRANSMISSION_ORDER_LINE_ID,LINE_NUMBER,ORIGINAL_INVOICE_LINE,SPOT_ID,SALESCHANNELNAME,SPOT_LEGTH,SPOT_DESCRIPTION,REVENUE_TYPE,GROSS_COST,COPY_NUMBER,SCHED_AIR_DATETIME,ACTUAL_AIR_DATETIME,BOOKING_ZONE_DESCRIPTION,PRODUCT,REASON_CODE,SALES_CHANNEL_CALL_SIGN,DEL_RECONCILIATION_REASON,INVENTORY_VALUE,MAKE_GOOD_ID,TRANSMISSION_ORDER_ID,MODIFIED_BY) values (37714,34,null,35324217,'DLA Tlc Argentina',30,':30 Rotator','PAIDSP',42,'CAMINO DE MARIPO (R)',to_date('20/09/2014','DD/MM/RRRR'),to_date('20/09/2014','DD/MM/RRRR'),'10:00-19:00 .....S.','Poett',null,'TLCA',null,42,null,487,'dgarcia');
insert into TRANSMISSION_ORDER_LINE (TRANSMISSION_ORDER_LINE_ID,LINE_NUMBER,ORIGINAL_INVOICE_LINE,SPOT_ID,SALESCHANNELNAME,SPOT_LEGTH,SPOT_DESCRIPTION,REVENUE_TYPE,GROSS_COST,COPY_NUMBER,SCHED_AIR_DATETIME,ACTUAL_AIR_DATETIME,BOOKING_ZONE_DESCRIPTION,PRODUCT,REASON_CODE,SALES_CHANNEL_CALL_SIGN,DEL_RECONCILIATION_REASON,INVENTORY_VALUE,MAKE_GOOD_ID,TRANSMISSION_ORDER_ID,MODIFIED_BY) values (37715,33,null,35324214,'DLA Tlc Argentina',30,':30 Rotator','PAIDSP',42,'CAMINO DE MARIPO (R)',to_date('19/09/2014','DD/MM/RRRR'),to_date('19/09/2014','DD/MM/RRRR'),'10:00-19:00 ....F..','Poett',null,'TLCA',null,42,null,487,'dgarcia');
insert into TRANSMISSION_ORDER_LINE (TRANSMISSION_ORDER_LINE_ID,LINE_NUMBER,ORIGINAL_INVOICE_LINE,SPOT_ID,SALESCHANNELNAME,SPOT_LEGTH,SPOT_DESCRIPTION,REVENUE_TYPE,GROSS_COST,COPY_NUMBER,SCHED_AIR_DATETIME,ACTUAL_AIR_DATETIME,BOOKING_ZONE_DESCRIPTION,PRODUCT,REASON_CODE,SALES_CHANNEL_CALL_SIGN,DEL_RECONCILIATION_REASON,INVENTORY_VALUE,MAKE_GOOD_ID,TRANSMISSION_ORDER_ID,MODIFIED_BY) values (37716,32,null,35324210,'DLA Tlc Argentina',30,':30 Rotator','PAIDSP',42,'CAMINO DE MARIPO (R)',to_date('19/09/2014','DD/MM/RRRR'),to_date('19/09/2014','DD/MM/RRRR'),'10:00-19:00 ....F..','Poett',null,'TLCA',null,42,null,487,'dgarcia');
insert into TRANSMISSION_ORDER_LINE (TRANSMISSION_ORDER_LINE_ID,LINE_NUMBER,ORIGINAL_INVOICE_LINE,SPOT_ID,SALESCHANNELNAME,SPOT_LEGTH,SPOT_DESCRIPTION,REVENUE_TYPE,GROSS_COST,COPY_NUMBER,SCHED_AIR_DATETIME,ACTUAL_AIR_DATETIME,BOOKING_ZONE_DESCRIPTION,PRODUCT,REASON_CODE,SALES_CHANNEL_CALL_SIGN,DEL_RECONCILIATION_REASON,INVENTORY_VALUE,MAKE_GOOD_ID,TRANSMISSION_ORDER_ID,MODIFIED_BY) values (37717,31,null,35324212,'DLA Tlc Argentina',30,':30 Rotator','PAIDSP',42,'CAMINO DE MARIPO (R)',to_date('19/09/2014','DD/MM/RRRR'),to_date('19/09/2014','DD/MM/RRRR'),'10:00-19:00 ....F..','Poett',null,'TLCA',null,42,null,487,'dgarcia');
insert into TRANSMISSION_ORDER_LINE (TRANSMISSION_ORDER_LINE_ID,LINE_NUMBER,ORIGINAL_INVOICE_LINE,SPOT_ID,SALESCHANNELNAME,SPOT_LEGTH,SPOT_DESCRIPTION,REVENUE_TYPE,GROSS_COST,COPY_NUMBER,SCHED_AIR_DATETIME,ACTUAL_AIR_DATETIME,BOOKING_ZONE_DESCRIPTION,PRODUCT,REASON_CODE,SALES_CHANNEL_CALL_SIGN,DEL_RECONCILIATION_REASON,INVENTORY_VALUE,MAKE_GOOD_ID,TRANSMISSION_ORDER_ID,MODIFIED_BY) values (37718,30,null,35324213,'DLA Tlc Argentina',30,':30 Rotator','PAIDSP',42,'CAMINO DE MARIPO (R)',to_date('19/09/2014','DD/MM/RRRR'),to_date('19/09/2014','DD/MM/RRRR'),'10:00-19:00 ....F..','Poett',null,'TLCA',null,42,null,487,'dgarcia');
insert into TRANSMISSION_ORDER_LINE (TRANSMISSION_ORDER_LINE_ID,LINE_NUMBER,ORIGINAL_INVOICE_LINE,SPOT_ID,SALESCHANNELNAME,SPOT_LEGTH,SPOT_DESCRIPTION,REVENUE_TYPE,GROSS_COST,COPY_NUMBER,SCHED_AIR_DATETIME,ACTUAL_AIR_DATETIME,BOOKING_ZONE_DESCRIPTION,PRODUCT,REASON_CODE,SALES_CHANNEL_CALL_SIGN,DEL_RECONCILIATION_REASON,INVENTORY_VALUE,MAKE_GOOD_ID,TRANSMISSION_ORDER_ID,MODIFIED_BY) values (37719,29,null,35324211,'DLA Tlc Argentina',30,':30 Rotator','PAIDSP',42,'CAMINO DE MARIPO (R)',to_date('19/09/2014','DD/MM/RRRR'),to_date('19/09/2014','DD/MM/RRRR'),'10:00-19:00 ....F..','Poett',null,'TLCA',null,42,null,487,'dgarcia');
insert into TRANSMISSION_ORDER_LINE (TRANSMISSION_ORDER_LINE_ID,LINE_NUMBER,ORIGINAL_INVOICE_LINE,SPOT_ID,SALESCHANNELNAME,SPOT_LEGTH,SPOT_DESCRIPTION,REVENUE_TYPE,GROSS_COST,COPY_NUMBER,SCHED_AIR_DATETIME,ACTUAL_AIR_DATETIME,BOOKING_ZONE_DESCRIPTION,PRODUCT,REASON_CODE,SALES_CHANNEL_CALL_SIGN,DEL_RECONCILIATION_REASON,INVENTORY_VALUE,MAKE_GOOD_ID,TRANSMISSION_ORDER_ID,MODIFIED_BY) values (37720,28,null,35324208,'DLA Tlc Argentina',30,':30 Rotator','PAIDSP',42,'CAMINO DE MARIPO (R)',to_date('18/09/2014','DD/MM/RRRR'),to_date('18/09/2014','DD/MM/RRRR'),'10:00-19:00 ...T...','Poett',null,'TLCA',null,42,null,487,'dgarcia');
insert into TRANSMISSION_ORDER_LINE (TRANSMISSION_ORDER_LINE_ID,LINE_NUMBER,ORIGINAL_INVOICE_LINE,SPOT_ID,SALESCHANNELNAME,SPOT_LEGTH,SPOT_DESCRIPTION,REVENUE_TYPE,GROSS_COST,COPY_NUMBER,SCHED_AIR_DATETIME,ACTUAL_AIR_DATETIME,BOOKING_ZONE_DESCRIPTION,PRODUCT,REASON_CODE,SALES_CHANNEL_CALL_SIGN,DEL_RECONCILIATION_REASON,INVENTORY_VALUE,MAKE_GOOD_ID,TRANSMISSION_ORDER_ID,MODIFIED_BY) values (37721,27,null,35324205,'DLA Tlc Argentina',30,':30 Rotator','PAIDSP',42,'CAMINO DE MARIPO (R)',to_date('18/09/2014','DD/MM/RRRR'),to_date('18/09/2014','DD/MM/RRRR'),'10:00-19:00 ...T...','Poett',null,'TLCA',null,42,null,487,'dgarcia');
insert into TRANSMISSION_ORDER_LINE (TRANSMISSION_ORDER_LINE_ID,LINE_NUMBER,ORIGINAL_INVOICE_LINE,SPOT_ID,SALESCHANNELNAME,SPOT_LEGTH,SPOT_DESCRIPTION,REVENUE_TYPE,GROSS_COST,COPY_NUMBER,SCHED_AIR_DATETIME,ACTUAL_AIR_DATETIME,BOOKING_ZONE_DESCRIPTION,PRODUCT,REASON_CODE,SALES_CHANNEL_CALL_SIGN,DEL_RECONCILIATION_REASON,INVENTORY_VALUE,MAKE_GOOD_ID,TRANSMISSION_ORDER_ID,MODIFIED_BY) values (37850,45,null,35324337,'DLA Disc Home Health Argentina',30,':30 Rotator','RECNCG',0,null,to_date('20/09/2014','DD/MM/RRRR'),to_date('30/11/2002','DD/MM/RRRR'),'10:00-19:00 .....S.','Poett',null,'DHAR','055',123,null,488,'dgarcia');
insert into TRANSMISSION_ORDER_LINE (TRANSMISSION_ORDER_LINE_ID,LINE_NUMBER,ORIGINAL_INVOICE_LINE,SPOT_ID,SALESCHANNELNAME,SPOT_LEGTH,SPOT_DESCRIPTION,REVENUE_TYPE,GROSS_COST,COPY_NUMBER,SCHED_AIR_DATETIME,ACTUAL_AIR_DATETIME,BOOKING_ZONE_DESCRIPTION,PRODUCT,REASON_CODE,SALES_CHANNEL_CALL_SIGN,DEL_RECONCILIATION_REASON,INVENTORY_VALUE,MAKE_GOOD_ID,TRANSMISSION_ORDER_ID,MODIFIED_BY) values (37851,44,null,35324680,'DLA Disc Home Health Argentina',30,':30 Rotator','RECNCG',0,null,to_date('20/09/2014','DD/MM/RRRR'),to_date('30/11/2002','DD/MM/RRRR'),'19:00-24:00+00:00-01:00 .....S.','Poett',null,'DHAR','055',165,null,488,'dgarcia');
insert into TRANSMISSION_ORDER_LINE (TRANSMISSION_ORDER_LINE_ID,LINE_NUMBER,ORIGINAL_INVOICE_LINE,SPOT_ID,SALESCHANNELNAME,SPOT_LEGTH,SPOT_DESCRIPTION,REVENUE_TYPE,GROSS_COST,COPY_NUMBER,SCHED_AIR_DATETIME,ACTUAL_AIR_DATETIME,BOOKING_ZONE_DESCRIPTION,PRODUCT,REASON_CODE,SALES_CHANNEL_CALL_SIGN,DEL_RECONCILIATION_REASON,INVENTORY_VALUE,MAKE_GOOD_ID,TRANSMISSION_ORDER_ID,MODIFIED_BY) values (37852,43,null,35324677,'DLA Disc Home Health Argentina',30,':30 Rotator','RECNCG',0,null,to_date('20/09/2014','DD/MM/RRRR'),to_date('30/11/2002','DD/MM/RRRR'),'19:00-24:00+00:00-01:00 .....S.','Poett',null,'DHAR','055',165,null,488,'dgarcia');
insert into TRANSMISSION_ORDER_LINE (TRANSMISSION_ORDER_LINE_ID,LINE_NUMBER,ORIGINAL_INVOICE_LINE,SPOT_ID,SALESCHANNELNAME,SPOT_LEGTH,SPOT_DESCRIPTION,REVENUE_TYPE,GROSS_COST,COPY_NUMBER,SCHED_AIR_DATETIME,ACTUAL_AIR_DATETIME,BOOKING_ZONE_DESCRIPTION,PRODUCT,REASON_CODE,SALES_CHANNEL_CALL_SIGN,DEL_RECONCILIATION_REASON,INVENTORY_VALUE,MAKE_GOOD_ID,TRANSMISSION_ORDER_ID,MODIFIED_BY) values (37853,42,null,35324676,'DLA Disc Home Health Argentina',30,':30 Rotator','RECNCG',0,null,to_date('19/09/2014','DD/MM/RRRR'),to_date('30/11/2002','DD/MM/RRRR'),'19:00-24:00+00:00-01:00 ....F..','Poett',null,'DHAR','055',165,null,488,'dgarcia');
insert into TRANSMISSION_ORDER_LINE (TRANSMISSION_ORDER_LINE_ID,LINE_NUMBER,ORIGINAL_INVOICE_LINE,SPOT_ID,SALESCHANNELNAME,SPOT_LEGTH,SPOT_DESCRIPTION,REVENUE_TYPE,GROSS_COST,COPY_NUMBER,SCHED_AIR_DATETIME,ACTUAL_AIR_DATETIME,BOOKING_ZONE_DESCRIPTION,PRODUCT,REASON_CODE,SALES_CHANNEL_CALL_SIGN,DEL_RECONCILIATION_REASON,INVENTORY_VALUE,MAKE_GOOD_ID,TRANSMISSION_ORDER_ID,MODIFIED_BY) values (37854,41,null,35324333,'DLA Disc Home Health Argentina',30,':30 Rotator','RECNCG',0,null,to_date('19/09/2014','DD/MM/RRRR'),to_date('30/11/2002','DD/MM/RRRR'),'10:00-19:00 ....F..','Poett',null,'DHAR','055',123,null,488,'dgarcia');
insert into TRANSMISSION_ORDER_LINE (TRANSMISSION_ORDER_LINE_ID,LINE_NUMBER,ORIGINAL_INVOICE_LINE,SPOT_ID,SALESCHANNELNAME,SPOT_LEGTH,SPOT_DESCRIPTION,REVENUE_TYPE,GROSS_COST,COPY_NUMBER,SCHED_AIR_DATETIME,ACTUAL_AIR_DATETIME,BOOKING_ZONE_DESCRIPTION,PRODUCT,REASON_CODE,SALES_CHANNEL_CALL_SIGN,DEL_RECONCILIATION_REASON,INVENTORY_VALUE,MAKE_GOOD_ID,TRANSMISSION_ORDER_ID,MODIFIED_BY) values (37855,40,null,35324334,'DLA Disc Home Health Argentina',30,':30 Rotator','RECNCG',0,null,to_date('19/09/2014','DD/MM/RRRR'),to_date('30/11/2002','DD/MM/RRRR'),'10:00-19:00 ....F..','Poett',null,'DHAR','055',123,null,488,'dgarcia');
insert into TRANSMISSION_ORDER_LINE (TRANSMISSION_ORDER_LINE_ID,LINE_NUMBER,ORIGINAL_INVOICE_LINE,SPOT_ID,SALESCHANNELNAME,SPOT_LEGTH,SPOT_DESCRIPTION,REVENUE_TYPE,GROSS_COST,COPY_NUMBER,SCHED_AIR_DATETIME,ACTUAL_AIR_DATETIME,BOOKING_ZONE_DESCRIPTION,PRODUCT,REASON_CODE,SALES_CHANNEL_CALL_SIGN,DEL_RECONCILIATION_REASON,INVENTORY_VALUE,MAKE_GOOD_ID,TRANSMISSION_ORDER_ID,MODIFIED_BY) values (37856,39,null,35324332,'DLA Disc Home Health Argentina',30,':30 Rotator','RECNCG',0,null,to_date('19/09/2014','DD/MM/RRRR'),to_date('30/11/2002','DD/MM/RRRR'),'10:00-19:00 ....F..','Poett',null,'DHAR','055',123,null,488,'dgarcia');
insert into TRANSMISSION_ORDER_LINE (TRANSMISSION_ORDER_LINE_ID,LINE_NUMBER,ORIGINAL_INVOICE_LINE,SPOT_ID,SALESCHANNELNAME,SPOT_LEGTH,SPOT_DESCRIPTION,REVENUE_TYPE,GROSS_COST,COPY_NUMBER,SCHED_AIR_DATETIME,ACTUAL_AIR_DATETIME,BOOKING_ZONE_DESCRIPTION,PRODUCT,REASON_CODE,SALES_CHANNEL_CALL_SIGN,DEL_RECONCILIATION_REASON,INVENTORY_VALUE,MAKE_GOOD_ID,TRANSMISSION_ORDER_ID,MODIFIED_BY) values (37857,38,null,35324673,'DLA Disc Home Health Argentina',30,':30 Rotator','RECNCG',0,null,to_date('19/09/2014','DD/MM/RRRR'),to_date('30/11/2002','DD/MM/RRRR'),'19:00-24:00+00:00-01:00 ....F..','Poett',null,'DHAR','055',165,null,488,'dgarcia');
insert into TRANSMISSION_ORDER_LINE (TRANSMISSION_ORDER_LINE_ID,LINE_NUMBER,ORIGINAL_INVOICE_LINE,SPOT_ID,SALESCHANNELNAME,SPOT_LEGTH,SPOT_DESCRIPTION,REVENUE_TYPE,GROSS_COST,COPY_NUMBER,SCHED_AIR_DATETIME,ACTUAL_AIR_DATETIME,BOOKING_ZONE_DESCRIPTION,PRODUCT,REASON_CODE,SALES_CHANNEL_CALL_SIGN,DEL_RECONCILIATION_REASON,INVENTORY_VALUE,MAKE_GOOD_ID,TRANSMISSION_ORDER_ID,MODIFIED_BY) values (37858,37,null,35324675,'DLA Disc Home Health Argentina',30,':30 Rotator','RECNCG',0,null,to_date('19/09/2014','DD/MM/RRRR'),to_date('30/11/2002','DD/MM/RRRR'),'19:00-24:00+00:00-01:00 ....F..','Poett',null,'DHAR','055',165,null,488,'dgarcia');
insert into TRANSMISSION_ORDER_LINE (TRANSMISSION_ORDER_LINE_ID,LINE_NUMBER,ORIGINAL_INVOICE_LINE,SPOT_ID,SALESCHANNELNAME,SPOT_LEGTH,SPOT_DESCRIPTION,REVENUE_TYPE,GROSS_COST,COPY_NUMBER,SCHED_AIR_DATETIME,ACTUAL_AIR_DATETIME,BOOKING_ZONE_DESCRIPTION,PRODUCT,REASON_CODE,SALES_CHANNEL_CALL_SIGN,DEL_RECONCILIATION_REASON,INVENTORY_VALUE,MAKE_GOOD_ID,TRANSMISSION_ORDER_ID,MODIFIED_BY) values (37859,36,null,35324674,'DLA Disc Home Health Argentina',30,':30 Rotator','RECNCG',0,null,to_date('19/09/2014','DD/MM/RRRR'),to_date('30/11/2002','DD/MM/RRRR'),'19:00-24:00+00:00-01:00 ....F..','Poett',null,'DHAR','055',165,null,488,'dgarcia');
insert into TRANSMISSION_ORDER_LINE (TRANSMISSION_ORDER_LINE_ID,LINE_NUMBER,ORIGINAL_INVOICE_LINE,SPOT_ID,SALESCHANNELNAME,SPOT_LEGTH,SPOT_DESCRIPTION,REVENUE_TYPE,GROSS_COST,COPY_NUMBER,SCHED_AIR_DATETIME,ACTUAL_AIR_DATETIME,BOOKING_ZONE_DESCRIPTION,PRODUCT,REASON_CODE,SALES_CHANNEL_CALL_SIGN,DEL_RECONCILIATION_REASON,INVENTORY_VALUE,MAKE_GOOD_ID,TRANSMISSION_ORDER_ID,MODIFIED_BY) values (37860,35,null,35324330,'DLA Disc Home Health Argentina',30,':30 Rotator','PAIDSP',123,'CAMINO DE MARIPO (R)',to_date('18/09/2014','DD/MM/RRRR'),to_date('18/09/2014','DD/MM/RRRR'),'10:00-19:00 ...T...','Poett',null,'DHAR',null,123,null,488,'dgarcia');
insert into TRANSMISSION_ORDER_LINE (TRANSMISSION_ORDER_LINE_ID,LINE_NUMBER,ORIGINAL_INVOICE_LINE,SPOT_ID,SALESCHANNELNAME,SPOT_LEGTH,SPOT_DESCRIPTION,REVENUE_TYPE,GROSS_COST,COPY_NUMBER,SCHED_AIR_DATETIME,ACTUAL_AIR_DATETIME,BOOKING_ZONE_DESCRIPTION,PRODUCT,REASON_CODE,SALES_CHANNEL_CALL_SIGN,DEL_RECONCILIATION_REASON,INVENTORY_VALUE,MAKE_GOOD_ID,TRANSMISSION_ORDER_ID,MODIFIED_BY) values (37861,34,null,35324329,'DLA Disc Home Health Argentina',30,':30 Rotator','PAIDSP',123,'CAMINO DE MARIPO (R)',to_date('18/09/2014','DD/MM/RRRR'),to_date('18/09/2014','DD/MM/RRRR'),'10:00-19:00 ...T...','Poett',null,'DHAR',null,123,null,488,'dgarcia');
insert into TRANSMISSION_ORDER_LINE (TRANSMISSION_ORDER_LINE_ID,LINE_NUMBER,ORIGINAL_INVOICE_LINE,SPOT_ID,SALESCHANNELNAME,SPOT_LEGTH,SPOT_DESCRIPTION,REVENUE_TYPE,GROSS_COST,COPY_NUMBER,SCHED_AIR_DATETIME,ACTUAL_AIR_DATETIME,BOOKING_ZONE_DESCRIPTION,PRODUCT,REASON_CODE,SALES_CHANNEL_CALL_SIGN,DEL_RECONCILIATION_REASON,INVENTORY_VALUE,MAKE_GOOD_ID,TRANSMISSION_ORDER_ID,MODIFIED_BY) values (37862,33,null,35324670,'DLA Disc Home Health Argentina',30,':30 Rotator','RECNCG',0,null,to_date('18/09/2014','DD/MM/RRRR'),to_date('30/11/2002','DD/MM/RRRR'),'19:00-24:00+00:00-01:00 ...T...','Poett',null,'DHAR','055',165,null,488,'dgarcia');
insert into TRANSMISSION_ORDER_LINE (TRANSMISSION_ORDER_LINE_ID,LINE_NUMBER,ORIGINAL_INVOICE_LINE,SPOT_ID,SALESCHANNELNAME,SPOT_LEGTH,SPOT_DESCRIPTION,REVENUE_TYPE,GROSS_COST,COPY_NUMBER,SCHED_AIR_DATETIME,ACTUAL_AIR_DATETIME,BOOKING_ZONE_DESCRIPTION,PRODUCT,REASON_CODE,SALES_CHANNEL_CALL_SIGN,DEL_RECONCILIATION_REASON,INVENTORY_VALUE,MAKE_GOOD_ID,TRANSMISSION_ORDER_ID,MODIFIED_BY) values (37863,32,null,35324672,'DLA Disc Home Health Argentina',30,':30 Rotator','RECNCG',0,null,to_date('18/09/2014','DD/MM/RRRR'),to_date('30/11/2002','DD/MM/RRRR'),'19:00-24:00+00:00-01:00 ...T...','Poett',null,'DHAR','055',165,null,488,'dgarcia');
insert into TRANSMISSION_ORDER_LINE (TRANSMISSION_ORDER_LINE_ID,LINE_NUMBER,ORIGINAL_INVOICE_LINE,SPOT_ID,SALESCHANNELNAME,SPOT_LEGTH,SPOT_DESCRIPTION,REVENUE_TYPE,GROSS_COST,COPY_NUMBER,SCHED_AIR_DATETIME,ACTUAL_AIR_DATETIME,BOOKING_ZONE_DESCRIPTION,PRODUCT,REASON_CODE,SALES_CHANNEL_CALL_SIGN,DEL_RECONCILIATION_REASON,INVENTORY_VALUE,MAKE_GOOD_ID,TRANSMISSION_ORDER_ID,MODIFIED_BY) values (37864,31,null,35324438,'DLA Disc Home Health Argentina',30,':30 Rotator','RECNCG',0,null,to_date('18/09/2014','DD/MM/RRRR'),to_date('30/11/2002','DD/MM/RRRR'),'19:00-24:00+00:00-01:00 ...T...','Poett',null,'DHAR','055',165,null,488,'dgarcia');
insert into TRANSMISSION_ORDER_LINE (TRANSMISSION_ORDER_LINE_ID,LINE_NUMBER,ORIGINAL_INVOICE_LINE,SPOT_ID,SALESCHANNELNAME,SPOT_LEGTH,SPOT_DESCRIPTION,REVENUE_TYPE,GROSS_COST,COPY_NUMBER,SCHED_AIR_DATETIME,ACTUAL_AIR_DATETIME,BOOKING_ZONE_DESCRIPTION,PRODUCT,REASON_CODE,SALES_CHANNEL_CALL_SIGN,DEL_RECONCILIATION_REASON,INVENTORY_VALUE,MAKE_GOOD_ID,TRANSMISSION_ORDER_ID,MODIFIED_BY) values (37865,30,null,35324331,'DLA Disc Home Health Argentina',30,':30 Rotator','RECNCG',0,null,to_date('18/09/2014','DD/MM/RRRR'),to_date('30/11/2002','DD/MM/RRRR'),'10:00-19:00 ...T...','Poett',null,'DHAR','055',123,null,488,'dgarcia');
insert into TRANSMISSION_ORDER_LINE (TRANSMISSION_ORDER_LINE_ID,LINE_NUMBER,ORIGINAL_INVOICE_LINE,SPOT_ID,SALESCHANNELNAME,SPOT_LEGTH,SPOT_DESCRIPTION,REVENUE_TYPE,GROSS_COST,COPY_NUMBER,SCHED_AIR_DATETIME,ACTUAL_AIR_DATETIME,BOOKING_ZONE_DESCRIPTION,PRODUCT,REASON_CODE,SALES_CHANNEL_CALL_SIGN,DEL_RECONCILIATION_REASON,INVENTORY_VALUE,MAKE_GOOD_ID,TRANSMISSION_ORDER_ID,MODIFIED_BY) values (37866,29,null,35324671,'DLA Disc Home Health Argentina',30,':30 Rotator','RECNCG',0,null,to_date('18/09/2014','DD/MM/RRRR'),to_date('30/11/2002','DD/MM/RRRR'),'19:00-24:00+00:00-01:00 ...T...','Poett',null,'DHAR','055',165,null,488,'dgarcia');
insert into TRANSMISSION_ORDER_LINE (TRANSMISSION_ORDER_LINE_ID,LINE_NUMBER,ORIGINAL_INVOICE_LINE,SPOT_ID,SALESCHANNELNAME,SPOT_LEGTH,SPOT_DESCRIPTION,REVENUE_TYPE,GROSS_COST,COPY_NUMBER,SCHED_AIR_DATETIME,ACTUAL_AIR_DATETIME,BOOKING_ZONE_DESCRIPTION,PRODUCT,REASON_CODE,SALES_CHANNEL_CALL_SIGN,DEL_RECONCILIATION_REASON,INVENTORY_VALUE,MAKE_GOOD_ID,TRANSMISSION_ORDER_ID,MODIFIED_BY) values (37867,28,null,35324328,'DLA Disc Home Health Argentina',30,':30 Rotator','PAIDSP',123,'CAMINO DE MARIPO (R)',to_date('17/09/2014','DD/MM/RRRR'),to_date('17/09/2014','DD/MM/RRRR'),'10:00-19:00 ..W....','Poett',null,'DHAR',null,123,null,488,'dgarcia');
insert into TRANSMISSION_ORDER_LINE (TRANSMISSION_ORDER_LINE_ID,LINE_NUMBER,ORIGINAL_INVOICE_LINE,SPOT_ID,SALESCHANNELNAME,SPOT_LEGTH,SPOT_DESCRIPTION,REVENUE_TYPE,GROSS_COST,COPY_NUMBER,SCHED_AIR_DATETIME,ACTUAL_AIR_DATETIME,BOOKING_ZONE_DESCRIPTION,PRODUCT,REASON_CODE,SALES_CHANNEL_CALL_SIGN,DEL_RECONCILIATION_REASON,INVENTORY_VALUE,MAKE_GOOD_ID,TRANSMISSION_ORDER_ID,MODIFIED_BY) values (37868,27,null,35324326,'DLA Disc Home Health Argentina',30,':30 Rotator','PAIDSP',123,'CAMINO DE MARIPO (R)',to_date('17/09/2014','DD/MM/RRRR'),to_date('17/09/2014','DD/MM/RRRR'),'10:00-19:00 ..W....','Poett',null,'DHAR',null,123,null,488,'dgarcia');
insert into TRANSMISSION_ORDER_LINE (TRANSMISSION_ORDER_LINE_ID,LINE_NUMBER,ORIGINAL_INVOICE_LINE,SPOT_ID,SALESCHANNELNAME,SPOT_LEGTH,SPOT_DESCRIPTION,REVENUE_TYPE,GROSS_COST,COPY_NUMBER,SCHED_AIR_DATETIME,ACTUAL_AIR_DATETIME,BOOKING_ZONE_DESCRIPTION,PRODUCT,REASON_CODE,SALES_CHANNEL_CALL_SIGN,DEL_RECONCILIATION_REASON,INVENTORY_VALUE,MAKE_GOOD_ID,TRANSMISSION_ORDER_ID,MODIFIED_BY) values (37869,26,null,35324327,'DLA Disc Home Health Argentina',30,':30 Rotator','PAIDSP',123,'CAMINO DE MARIPO (R)',to_date('17/09/2014','DD/MM/RRRR'),to_date('17/09/2014','DD/MM/RRRR'),'10:00-19:00 ..W....','Poett',null,'DHAR',null,123,null,488,'dgarcia');
insert into TRANSMISSION_ORDER_LINE (TRANSMISSION_ORDER_LINE_ID,LINE_NUMBER,ORIGINAL_INVOICE_LINE,SPOT_ID,SALESCHANNELNAME,SPOT_LEGTH,SPOT_DESCRIPTION,REVENUE_TYPE,GROSS_COST,COPY_NUMBER,SCHED_AIR_DATETIME,ACTUAL_AIR_DATETIME,BOOKING_ZONE_DESCRIPTION,PRODUCT,REASON_CODE,SALES_CHANNEL_CALL_SIGN,DEL_RECONCILIATION_REASON,INVENTORY_VALUE,MAKE_GOOD_ID,TRANSMISSION_ORDER_ID,MODIFIED_BY) values (37870,25,null,35324667,'DLA Disc Home Health Argentina',30,':30 Rotator','RECNCG',0,null,to_date('17/09/2014','DD/MM/RRRR'),to_date('30/11/2002','DD/MM/RRRR'),'19:00-24:00+00:00-01:00 ..W....','Poett',null,'DHAR','055',165,null,488,'dgarcia');
insert into TRANSMISSION_ORDER_LINE (TRANSMISSION_ORDER_LINE_ID,LINE_NUMBER,ORIGINAL_INVOICE_LINE,SPOT_ID,SALESCHANNELNAME,SPOT_LEGTH,SPOT_DESCRIPTION,REVENUE_TYPE,GROSS_COST,COPY_NUMBER,SCHED_AIR_DATETIME,ACTUAL_AIR_DATETIME,BOOKING_ZONE_DESCRIPTION,PRODUCT,REASON_CODE,SALES_CHANNEL_CALL_SIGN,DEL_RECONCILIATION_REASON,INVENTORY_VALUE,MAKE_GOOD_ID,TRANSMISSION_ORDER_ID,MODIFIED_BY) values (37871,24,null,35324668,'DLA Disc Home Health Argentina',30,':30 Rotator','RECNCG',0,null,to_date('17/09/2014','DD/MM/RRRR'),to_date('30/11/2002','DD/MM/RRRR'),'19:00-24:00+00:00-01:00 ..W....','Poett',null,'DHAR','055',165,null,488,'dgarcia');
insert into TRANSMISSION_ORDER_LINE (TRANSMISSION_ORDER_LINE_ID,LINE_NUMBER,ORIGINAL_INVOICE_LINE,SPOT_ID,SALESCHANNELNAME,SPOT_LEGTH,SPOT_DESCRIPTION,REVENUE_TYPE,GROSS_COST,COPY_NUMBER,SCHED_AIR_DATETIME,ACTUAL_AIR_DATETIME,BOOKING_ZONE_DESCRIPTION,PRODUCT,REASON_CODE,SALES_CHANNEL_CALL_SIGN,DEL_RECONCILIATION_REASON,INVENTORY_VALUE,MAKE_GOOD_ID,TRANSMISSION_ORDER_ID,MODIFIED_BY) values (37872,23,null,35324669,'DLA Disc Home Health Argentina',30,':30 Rotator','RECNCG',0,null,to_date('17/09/2014','DD/MM/RRRR'),to_date('30/11/2002','DD/MM/RRRR'),'19:00-24:00+00:00-01:00 ..W....','Poett',null,'DHAR','055',165,null,488,'dgarcia');
insert into TRANSMISSION_ORDER_LINE (TRANSMISSION_ORDER_LINE_ID,LINE_NUMBER,ORIGINAL_INVOICE_LINE,SPOT_ID,SALESCHANNELNAME,SPOT_LEGTH,SPOT_DESCRIPTION,REVENUE_TYPE,GROSS_COST,COPY_NUMBER,SCHED_AIR_DATETIME,ACTUAL_AIR_DATETIME,BOOKING_ZONE_DESCRIPTION,PRODUCT,REASON_CODE,SALES_CHANNEL_CALL_SIGN,DEL_RECONCILIATION_REASON,INVENTORY_VALUE,MAKE_GOOD_ID,TRANSMISSION_ORDER_ID,MODIFIED_BY) values (37873,22,null,35324666,'DLA Disc Home Health Argentina',30,':30 Rotator','RECNCG',0,null,to_date('17/09/2014','DD/MM/RRRR'),to_date('30/11/2002','DD/MM/RRRR'),'19:00-24:00+00:00-01:00 ..W....','Poett',null,'DHAR','055',165,null,488,'dgarcia');
insert into TRANSMISSION_ORDER_LINE (TRANSMISSION_ORDER_LINE_ID,LINE_NUMBER,ORIGINAL_INVOICE_LINE,SPOT_ID,SALESCHANNELNAME,SPOT_LEGTH,SPOT_DESCRIPTION,REVENUE_TYPE,GROSS_COST,COPY_NUMBER,SCHED_AIR_DATETIME,ACTUAL_AIR_DATETIME,BOOKING_ZONE_DESCRIPTION,PRODUCT,REASON_CODE,SALES_CHANNEL_CALL_SIGN,DEL_RECONCILIATION_REASON,INVENTORY_VALUE,MAKE_GOOD_ID,TRANSMISSION_ORDER_ID,MODIFIED_BY) values (37874,21,null,35324325,'DLA Disc Home Health Argentina',30,':30 Rotator','PAIDSP',123,'CAMINO DE MARIPO (R)',to_date('16/09/2014','DD/MM/RRRR'),to_date('16/09/2014','DD/MM/RRRR'),'10:00-19:00 .T.....','Poett',null,'DHAR',null,123,null,488,'dgarcia');
insert into TRANSMISSION_ORDER_LINE (TRANSMISSION_ORDER_LINE_ID,LINE_NUMBER,ORIGINAL_INVOICE_LINE,SPOT_ID,SALESCHANNELNAME,SPOT_LEGTH,SPOT_DESCRIPTION,REVENUE_TYPE,GROSS_COST,COPY_NUMBER,SCHED_AIR_DATETIME,ACTUAL_AIR_DATETIME,BOOKING_ZONE_DESCRIPTION,PRODUCT,REASON_CODE,SALES_CHANNEL_CALL_SIGN,DEL_RECONCILIATION_REASON,INVENTORY_VALUE,MAKE_GOOD_ID,TRANSMISSION_ORDER_ID,MODIFIED_BY) values (37875,20,null,35324324,'DLA Disc Home Health Argentina',30,':30 Rotator','PAIDSP',123,'CAMINO DE MARIPO (R)',to_date('16/09/2014','DD/MM/RRRR'),to_date('16/09/2014','DD/MM/RRRR'),'10:00-19:00 .T.....','Poett',null,'DHAR',null,123,null,488,'dgarcia');
insert into TRANSMISSION_ORDER_LINE (TRANSMISSION_ORDER_LINE_ID,LINE_NUMBER,ORIGINAL_INVOICE_LINE,SPOT_ID,SALESCHANNELNAME,SPOT_LEGTH,SPOT_DESCRIPTION,REVENUE_TYPE,GROSS_COST,COPY_NUMBER,SCHED_AIR_DATETIME,ACTUAL_AIR_DATETIME,BOOKING_ZONE_DESCRIPTION,PRODUCT,REASON_CODE,SALES_CHANNEL_CALL_SIGN,DEL_RECONCILIATION_REASON,INVENTORY_VALUE,MAKE_GOOD_ID,TRANSMISSION_ORDER_ID,MODIFIED_BY) values (37876,19,null,35324434,'DLA Disc Home Health Argentina',30,':30 Rotator','RECNCG',0,null,to_date('16/09/2014','DD/MM/RRRR'),to_date('30/11/2002','DD/MM/RRRR'),'19:00-24:00+00:00-01:00 .T.....','Poett',null,'DHAR','055',165,null,488,'dgarcia');
insert into TRANSMISSION_ORDER_LINE (TRANSMISSION_ORDER_LINE_ID,LINE_NUMBER,ORIGINAL_INVOICE_LINE,SPOT_ID,SALESCHANNELNAME,SPOT_LEGTH,SPOT_DESCRIPTION,REVENUE_TYPE,GROSS_COST,COPY_NUMBER,SCHED_AIR_DATETIME,ACTUAL_AIR_DATETIME,BOOKING_ZONE_DESCRIPTION,PRODUCT,REASON_CODE,SALES_CHANNEL_CALL_SIGN,DEL_RECONCILIATION_REASON,INVENTORY_VALUE,MAKE_GOOD_ID,TRANSMISSION_ORDER_ID,MODIFIED_BY) values (37877,18,null,35324435,'DLA Disc Home Health Argentina',30,':30 Rotator','RECNCG',0,null,to_date('16/09/2014','DD/MM/RRRR'),to_date('30/11/2002','DD/MM/RRRR'),'19:00-24:00+00:00-01:00 .T.....','Poett',null,'DHAR','055',165,null,488,'dgarcia');
insert into TRANSMISSION_ORDER_LINE (TRANSMISSION_ORDER_LINE_ID,LINE_NUMBER,ORIGINAL_INVOICE_LINE,SPOT_ID,SALESCHANNELNAME,SPOT_LEGTH,SPOT_DESCRIPTION,REVENUE_TYPE,GROSS_COST,COPY_NUMBER,SCHED_AIR_DATETIME,ACTUAL_AIR_DATETIME,BOOKING_ZONE_DESCRIPTION,PRODUCT,REASON_CODE,SALES_CHANNEL_CALL_SIGN,DEL_RECONCILIATION_REASON,INVENTORY_VALUE,MAKE_GOOD_ID,TRANSMISSION_ORDER_ID,MODIFIED_BY) values (37878,17,null,35324664,'DLA Disc Home Health Argentina',30,':30 Rotator','RECNCG',0,null,to_date('16/09/2014','DD/MM/RRRR'),to_date('30/11/2002','DD/MM/RRRR'),'19:00-24:00+00:00-01:00 .T.....','Poett',null,'DHAR','055',165,null,488,'dgarcia');
insert into TRANSMISSION_ORDER_LINE (TRANSMISSION_ORDER_LINE_ID,LINE_NUMBER,ORIGINAL_INVOICE_LINE,SPOT_ID,SALESCHANNELNAME,SPOT_LEGTH,SPOT_DESCRIPTION,REVENUE_TYPE,GROSS_COST,COPY_NUMBER,SCHED_AIR_DATETIME,ACTUAL_AIR_DATETIME,BOOKING_ZONE_DESCRIPTION,PRODUCT,REASON_CODE,SALES_CHANNEL_CALL_SIGN,DEL_RECONCILIATION_REASON,INVENTORY_VALUE,MAKE_GOOD_ID,TRANSMISSION_ORDER_ID,MODIFIED_BY) values (37879,16,null,35324323,'DLA Disc Home Health Argentina',30,':30 Rotator','RECNCG',0,null,to_date('16/09/2014','DD/MM/RRRR'),to_date('30/11/2002','DD/MM/RRRR'),'10:00-19:00 .T.....','Poett',null,'DHAR','055',123,null,488,'dgarcia');
insert into TRANSMISSION_ORDER_LINE (TRANSMISSION_ORDER_LINE_ID,LINE_NUMBER,ORIGINAL_INVOICE_LINE,SPOT_ID,SALESCHANNELNAME,SPOT_LEGTH,SPOT_DESCRIPTION,REVENUE_TYPE,GROSS_COST,COPY_NUMBER,SCHED_AIR_DATETIME,ACTUAL_AIR_DATETIME,BOOKING_ZONE_DESCRIPTION,PRODUCT,REASON_CODE,SALES_CHANNEL_CALL_SIGN,DEL_RECONCILIATION_REASON,INVENTORY_VALUE,MAKE_GOOD_ID,TRANSMISSION_ORDER_ID,MODIFIED_BY) values (37880,15,null,35324665,'DLA Disc Home Health Argentina',30,':30 Rotator','RECNCG',0,null,to_date('16/09/2014','DD/MM/RRRR'),to_date('30/11/2002','DD/MM/RRRR'),'19:00-24:00+00:00-01:00 .T.....','Poett',null,'DHAR','055',165,null,488,'dgarcia');
insert into TRANSMISSION_ORDER_LINE (TRANSMISSION_ORDER_LINE_ID,LINE_NUMBER,ORIGINAL_INVOICE_LINE,SPOT_ID,SALESCHANNELNAME,SPOT_LEGTH,SPOT_DESCRIPTION,REVENUE_TYPE,GROSS_COST,COPY_NUMBER,SCHED_AIR_DATETIME,ACTUAL_AIR_DATETIME,BOOKING_ZONE_DESCRIPTION,PRODUCT,REASON_CODE,SALES_CHANNEL_CALL_SIGN,DEL_RECONCILIATION_REASON,INVENTORY_VALUE,MAKE_GOOD_ID,TRANSMISSION_ORDER_ID,MODIFIED_BY) values (37881,14,null,35324322,'DLA Disc Home Health Argentina',30,':30 Rotator','PAIDSP',123,'CAMINO DE MARIPO (R)',to_date('15/09/2014','DD/MM/RRRR'),to_date('15/09/2014','DD/MM/RRRR'),'10:00-19:00 M......','Poett',null,'DHAR',null,123,null,488,'dgarcia');
insert into TRANSMISSION_ORDER_LINE (TRANSMISSION_ORDER_LINE_ID,LINE_NUMBER,ORIGINAL_INVOICE_LINE,SPOT_ID,SALESCHANNELNAME,SPOT_LEGTH,SPOT_DESCRIPTION,REVENUE_TYPE,GROSS_COST,COPY_NUMBER,SCHED_AIR_DATETIME,ACTUAL_AIR_DATETIME,BOOKING_ZONE_DESCRIPTION,PRODUCT,REASON_CODE,SALES_CHANNEL_CALL_SIGN,DEL_RECONCILIATION_REASON,INVENTORY_VALUE,MAKE_GOOD_ID,TRANSMISSION_ORDER_ID,MODIFIED_BY) values (37882,13,null,35324321,'DLA Disc Home Health Argentina',30,':30 Rotator','PAIDSP',123,'CAMINO DE MARIPO (R)',to_date('15/09/2014','DD/MM/RRRR'),to_date('15/09/2014','DD/MM/RRRR'),'10:00-19:00 M......','Poett',null,'DHAR',null,123,null,488,'dgarcia');
insert into TRANSMISSION_ORDER_LINE (TRANSMISSION_ORDER_LINE_ID,LINE_NUMBER,ORIGINAL_INVOICE_LINE,SPOT_ID,SALESCHANNELNAME,SPOT_LEGTH,SPOT_DESCRIPTION,REVENUE_TYPE,GROSS_COST,COPY_NUMBER,SCHED_AIR_DATETIME,ACTUAL_AIR_DATETIME,BOOKING_ZONE_DESCRIPTION,PRODUCT,REASON_CODE,SALES_CHANNEL_CALL_SIGN,DEL_RECONCILIATION_REASON,INVENTORY_VALUE,MAKE_GOOD_ID,TRANSMISSION_ORDER_ID,MODIFIED_BY) values (37883,12,null,35324320,'DLA Disc Home Health Argentina',30,':30 Rotator','PAIDSP',123,'CAMINO DE MARIPO (R)',to_date('15/09/2014','DD/MM/RRRR'),to_date('15/09/2014','DD/MM/RRRR'),'10:00-19:00 M......','Poett',null,'DHAR',null,123,null,488,'dgarcia');
insert into TRANSMISSION_ORDER_LINE (TRANSMISSION_ORDER_LINE_ID,LINE_NUMBER,ORIGINAL_INVOICE_LINE,SPOT_ID,SALESCHANNELNAME,SPOT_LEGTH,SPOT_DESCRIPTION,REVENUE_TYPE,GROSS_COST,COPY_NUMBER,SCHED_AIR_DATETIME,ACTUAL_AIR_DATETIME,BOOKING_ZONE_DESCRIPTION,PRODUCT,REASON_CODE,SALES_CHANNEL_CALL_SIGN,DEL_RECONCILIATION_REASON,INVENTORY_VALUE,MAKE_GOOD_ID,TRANSMISSION_ORDER_ID,MODIFIED_BY) values (37884,11,null,35324663,'DLA Disc Home Health Argentina',30,':30 Rotator','PAIDSP',165,'CAMINO DE MARIPO (R)',to_date('15/09/2014','DD/MM/RRRR'),to_date('15/09/2014','DD/MM/RRRR'),'19:00-24:00+00:00-01:00 M......','Poett',null,'DHAR',null,165,null,488,'dgarcia');
insert into TRANSMISSION_ORDER_LINE (TRANSMISSION_ORDER_LINE_ID,LINE_NUMBER,ORIGINAL_INVOICE_LINE,SPOT_ID,SALESCHANNELNAME,SPOT_LEGTH,SPOT_DESCRIPTION,REVENUE_TYPE,GROSS_COST,COPY_NUMBER,SCHED_AIR_DATETIME,ACTUAL_AIR_DATETIME,BOOKING_ZONE_DESCRIPTION,PRODUCT,REASON_CODE,SALES_CHANNEL_CALL_SIGN,DEL_RECONCILIATION_REASON,INVENTORY_VALUE,MAKE_GOOD_ID,TRANSMISSION_ORDER_ID,MODIFIED_BY) values (37885,10,null,35324662,'DLA Disc Home Health Argentina',30,':30 Rotator','RECNCG',0,null,to_date('15/09/2014','DD/MM/RRRR'),to_date('30/11/2002','DD/MM/RRRR'),'19:00-24:00+00:00-01:00 M......','Poett',null,'DHAR','055',165,null,488,'dgarcia');
insert into TRANSMISSION_ORDER_LINE (TRANSMISSION_ORDER_LINE_ID,LINE_NUMBER,ORIGINAL_INVOICE_LINE,SPOT_ID,SALESCHANNELNAME,SPOT_LEGTH,SPOT_DESCRIPTION,REVENUE_TYPE,GROSS_COST,COPY_NUMBER,SCHED_AIR_DATETIME,ACTUAL_AIR_DATETIME,BOOKING_ZONE_DESCRIPTION,PRODUCT,REASON_CODE,SALES_CHANNEL_CALL_SIGN,DEL_RECONCILIATION_REASON,INVENTORY_VALUE,MAKE_GOOD_ID,TRANSMISSION_ORDER_ID,MODIFIED_BY) values (37886,9,null,35324432,'DLA Disc Home Health Argentina',30,':30 Rotator','RECNCG',0,null,to_date('15/09/2014','DD/MM/RRRR'),to_date('30/11/2002','DD/MM/RRRR'),'19:00-24:00+00:00-01:00 M......','Poett',null,'DHAR','055',165,null,488,'dgarcia');
insert into TRANSMISSION_ORDER_LINE (TRANSMISSION_ORDER_LINE_ID,LINE_NUMBER,ORIGINAL_INVOICE_LINE,SPOT_ID,SALESCHANNELNAME,SPOT_LEGTH,SPOT_DESCRIPTION,REVENUE_TYPE,GROSS_COST,COPY_NUMBER,SCHED_AIR_DATETIME,ACTUAL_AIR_DATETIME,BOOKING_ZONE_DESCRIPTION,PRODUCT,REASON_CODE,SALES_CHANNEL_CALL_SIGN,DEL_RECONCILIATION_REASON,INVENTORY_VALUE,MAKE_GOOD_ID,TRANSMISSION_ORDER_ID,MODIFIED_BY) values (37887,8,null,35324431,'DLA Disc Home Health Argentina',30,':30 Rotator','RECNCG',0,null,to_date('15/09/2014','DD/MM/RRRR'),to_date('30/11/2002','DD/MM/RRRR'),'19:00-24:00+00:00-01:00 M......','Poett',null,'DHAR','055',165,null,488,'dgarcia');
insert into TRANSMISSION_ORDER_LINE (TRANSMISSION_ORDER_LINE_ID,LINE_NUMBER,ORIGINAL_INVOICE_LINE,SPOT_ID,SALESCHANNELNAME,SPOT_LEGTH,SPOT_DESCRIPTION,REVENUE_TYPE,GROSS_COST,COPY_NUMBER,SCHED_AIR_DATETIME,ACTUAL_AIR_DATETIME,BOOKING_ZONE_DESCRIPTION,PRODUCT,REASON_CODE,SALES_CHANNEL_CALL_SIGN,DEL_RECONCILIATION_REASON,INVENTORY_VALUE,MAKE_GOOD_ID,TRANSMISSION_ORDER_ID,MODIFIED_BY) values (37888,7,null,35324416,'DLA Disc Home Health Argentina',30,':30 Rotator','PAIDSP',165,'CAMINO DE MARIPO (R)',to_date('14/09/2014','DD/MM/RRRR'),to_date('14/09/2014','DD/MM/RRRR'),'19:00-24:00+00:00-01:00 ......S','Poett',null,'DHAR',null,165,null,488,'dgarcia');
insert into TRANSMISSION_ORDER_LINE (TRANSMISSION_ORDER_LINE_ID,LINE_NUMBER,ORIGINAL_INVOICE_LINE,SPOT_ID,SALESCHANNELNAME,SPOT_LEGTH,SPOT_DESCRIPTION,REVENUE_TYPE,GROSS_COST,COPY_NUMBER,SCHED_AIR_DATETIME,ACTUAL_AIR_DATETIME,BOOKING_ZONE_DESCRIPTION,PRODUCT,REASON_CODE,SALES_CHANNEL_CALL_SIGN,DEL_RECONCILIATION_REASON,INVENTORY_VALUE,MAKE_GOOD_ID,TRANSMISSION_ORDER_ID,MODIFIED_BY) values (37889,6,null,35324417,'DLA Disc Home Health Argentina',30,':30 Rotator','PAIDSP',165,'CAMINO DE MARIPO (R)',to_date('14/09/2014','DD/MM/RRRR'),to_date('14/09/2014','DD/MM/RRRR'),'19:00-24:00+00:00-01:00 ......S','Poett',null,'DHAR',null,165,null,488,'dgarcia');
insert into TRANSMISSION_ORDER_LINE (TRANSMISSION_ORDER_LINE_ID,LINE_NUMBER,ORIGINAL_INVOICE_LINE,SPOT_ID,SALESCHANNELNAME,SPOT_LEGTH,SPOT_DESCRIPTION,REVENUE_TYPE,GROSS_COST,COPY_NUMBER,SCHED_AIR_DATETIME,ACTUAL_AIR_DATETIME,BOOKING_ZONE_DESCRIPTION,PRODUCT,REASON_CODE,SALES_CHANNEL_CALL_SIGN,DEL_RECONCILIATION_REASON,INVENTORY_VALUE,MAKE_GOOD_ID,TRANSMISSION_ORDER_ID,MODIFIED_BY) values (37890,5,null,35324414,'DLA Disc Home Health Argentina',30,':30 Rotator','PAIDSP',165,'CAMINO DE MARIPO (R)',to_date('14/09/2014','DD/MM/RRRR'),to_date('14/09/2014','DD/MM/RRRR'),'19:00-24:00+00:00-01:00 ......S','Poett',null,'DHAR',null,165,null,488,'dgarcia');
insert into TRANSMISSION_ORDER_LINE (TRANSMISSION_ORDER_LINE_ID,LINE_NUMBER,ORIGINAL_INVOICE_LINE,SPOT_ID,SALESCHANNELNAME,SPOT_LEGTH,SPOT_DESCRIPTION,REVENUE_TYPE,GROSS_COST,COPY_NUMBER,SCHED_AIR_DATETIME,ACTUAL_AIR_DATETIME,BOOKING_ZONE_DESCRIPTION,PRODUCT,REASON_CODE,SALES_CHANNEL_CALL_SIGN,DEL_RECONCILIATION_REASON,INVENTORY_VALUE,MAKE_GOOD_ID,TRANSMISSION_ORDER_ID,MODIFIED_BY) values (37891,4,null,35324415,'DLA Disc Home Health Argentina',30,':30 Rotator','PAIDSP',165,'CAMINO DE MARIPO (R)',to_date('14/09/2014','DD/MM/RRRR'),to_date('14/09/2014','DD/MM/RRRR'),'19:00-24:00+00:00-01:00 ......S','Poett',null,'DHAR',null,165,null,488,'dgarcia');
insert into TRANSMISSION_ORDER_LINE (TRANSMISSION_ORDER_LINE_ID,LINE_NUMBER,ORIGINAL_INVOICE_LINE,SPOT_ID,SALESCHANNELNAME,SPOT_LEGTH,SPOT_DESCRIPTION,REVENUE_TYPE,GROSS_COST,COPY_NUMBER,SCHED_AIR_DATETIME,ACTUAL_AIR_DATETIME,BOOKING_ZONE_DESCRIPTION,PRODUCT,REASON_CODE,SALES_CHANNEL_CALL_SIGN,DEL_RECONCILIATION_REASON,INVENTORY_VALUE,MAKE_GOOD_ID,TRANSMISSION_ORDER_ID,MODIFIED_BY) values (37892,3,null,35324262,'DLA Disc Home Health Argentina',30,':30 Rotator','PAIDSP',123,'CAMINO DE MARIPO (R)',to_date('14/09/2014','DD/MM/RRRR'),to_date('14/09/2014','DD/MM/RRRR'),'10:00-19:00 ......S','Poett',null,'DHAR',null,123,null,488,'dgarcia');
insert into TRANSMISSION_ORDER_LINE (TRANSMISSION_ORDER_LINE_ID,LINE_NUMBER,ORIGINAL_INVOICE_LINE,SPOT_ID,SALESCHANNELNAME,SPOT_LEGTH,SPOT_DESCRIPTION,REVENUE_TYPE,GROSS_COST,COPY_NUMBER,SCHED_AIR_DATETIME,ACTUAL_AIR_DATETIME,BOOKING_ZONE_DESCRIPTION,PRODUCT,REASON_CODE,SALES_CHANNEL_CALL_SIGN,DEL_RECONCILIATION_REASON,INVENTORY_VALUE,MAKE_GOOD_ID,TRANSMISSION_ORDER_ID,MODIFIED_BY) values (37893,2,null,35324286,'DLA Disc Home Health Argentina',30,':30 Rotator','PAIDSP',123,'CAMINO DE MARIPO (R)',to_date('14/09/2014','DD/MM/RRRR'),to_date('14/09/2014','DD/MM/RRRR'),'10:00-19:00 ......S','Poett',null,'DHAR',null,123,null,488,'dgarcia');
insert into TRANSMISSION_ORDER_LINE (TRANSMISSION_ORDER_LINE_ID,LINE_NUMBER,ORIGINAL_INVOICE_LINE,SPOT_ID,SALESCHANNELNAME,SPOT_LEGTH,SPOT_DESCRIPTION,REVENUE_TYPE,GROSS_COST,COPY_NUMBER,SCHED_AIR_DATETIME,ACTUAL_AIR_DATETIME,BOOKING_ZONE_DESCRIPTION,PRODUCT,REASON_CODE,SALES_CHANNEL_CALL_SIGN,DEL_RECONCILIATION_REASON,INVENTORY_VALUE,MAKE_GOOD_ID,TRANSMISSION_ORDER_ID,MODIFIED_BY) values (37933,1,null,35325139,'DLA Animal Planet Argentina',30,':30 Rotator','PAIDSP',189,'EMBARAZADA RED (R)',to_date('15/09/2014','DD/MM/RRRR'),to_date('15/09/2014','DD/MM/RRRR'),'19:00-24:00+00:00-02:00 M......','Farmacity',null,'APAR',null,189,null,489,'dgarcia');

-- COMMISSIONS
insert into COMMISSION(COMMISSION_ID,TRANSMISSION_ORDER_HEADER_ID,COMMISSION_TYPE,PERCENTAGE,COMMISSION_AMOUNT,NAME,INVOICE_LINE_ID) values (111,1,'AGYCOM',3.33,5,'ComissionType',11);
insert into COMMISSION(COMMISSION_ID,TRANSMISSION_ORDER_HEADER_ID,COMMISSION_TYPE,PERCENTAGE,COMMISSION_AMOUNT,NAME,INVOICE_LINE_ID) values (112,1,'AGYINC',3.33,5,'ComissionType2',11);
insert into COMMISSION(COMMISSION_ID,TRANSMISSION_ORDER_HEADER_ID,COMMISSION_TYPE,PERCENTAGE,COMMISSION_AMOUNT,NAME,INVOICE_LINE_ID) values (113,3,'AGYCOM',3.33,10,'ComissionType6',11);
insert into COMMISSION(COMMISSION_ID,TRANSMISSION_ORDER_HEADER_ID,COMMISSION_TYPE,PERCENTAGE,COMMISSION_AMOUNT,NAME,INVOICE_LINE_ID) values (121,2,'AGYINC',3.33,5,'ComissionType3',12);
insert into COMMISSION(COMMISSION_ID,TRANSMISSION_ORDER_HEADER_ID,COMMISSION_TYPE,PERCENTAGE,COMMISSION_AMOUNT,NAME,INVOICE_LINE_ID) values (321,null,'AGYINC',2.5,1.5,'ComissionType11',32);
insert into COMMISSION(COMMISSION_ID,TRANSMISSION_ORDER_HEADER_ID,COMMISSION_TYPE,PERCENTAGE,COMMISSION_AMOUNT,NAME,INVOICE_LINE_ID) values (331,null,'AGYCOM',0,0,'ZERO COMMISION 12',33);
insert into COMMISSION(COMMISSION_ID,TRANSMISSION_ORDER_HEADER_ID,COMMISSION_TYPE,PERCENTAGE,COMMISSION_AMOUNT,NAME,INVOICE_LINE_ID) values (1021,null,'AGYCOM',10,5,'ComissionType10',102);
insert into COMMISSION(COMMISSION_ID,COMMISSION_TYPE,PERCENTAGE,COMMISSION_AMOUNT,NAME,TRANSMISSION_ORDER_HEADER_ID,MODIFIED_BY,INVOICE_LINE_ID) values (100011,'AGYCOM',10,552,null,null,'jsalgado',10001);
insert into COMMISSION(COMMISSION_ID,COMMISSION_TYPE,PERCENTAGE,COMMISSION_AMOUNT,NAME,TRANSMISSION_ORDER_HEADER_ID,MODIFIED_BY,INVOICE_LINE_ID) values (100021,'AGYCOM',10,907.20,null,null,'jsalgado',10002);
insert into COMMISSION(COMMISSION_ID,COMMISSION_TYPE,PERCENTAGE,COMMISSION_AMOUNT,NAME,TRANSMISSION_ORDER_HEADER_ID,MODIFIED_BY,INVOICE_LINE_ID) values (160111,'AGYCOM',10,5,null,null,'jsalgado',16011);
insert into COMMISSION(COMMISSION_ID,COMMISSION_TYPE,PERCENTAGE,COMMISSION_AMOUNT,NAME,TRANSMISSION_ORDER_HEADER_ID,MODIFIED_BY,INVOICE_LINE_ID) values (160121,'AGYCOM',0,0,null,null,'jsalgado',16012);
insert into COMMISSION(COMMISSION_ID,COMMISSION_TYPE,PERCENTAGE,COMMISSION_AMOUNT,NAME,TRANSMISSION_ORDER_HEADER_ID,MODIFIED_BY,INVOICE_LINE_ID) values (160131,'AGYCOM',0,0,null,null,'jsalgado',16013);
insert into COMMISSION(COMMISSION_ID,TRANSMISSION_ORDER_HEADER_ID,COMMISSION_TYPE,PERCENTAGE,COMMISSION_AMOUNT,NAME,INVOICE_LINE_ID) values (1311,null,'AGYCOM',10,5,'ComissionType7',131);
insert into COMMISSION(COMMISSION_ID,TRANSMISSION_ORDER_HEADER_ID,COMMISSION_TYPE,PERCENTAGE,COMMISSION_AMOUNT,NAME,INVOICE_LINE_ID) values (1321,null,'AGYINC',2.5,1.5,'ComissionType8',132);
insert into COMMISSION(COMMISSION_ID,TRANSMISSION_ORDER_HEADER_ID,COMMISSION_TYPE,PERCENTAGE,COMMISSION_AMOUNT,NAME,INVOICE_LINE_ID) values (1331,null,'AGYCOM',0,0,'ZERO COMMISION 9',133);

insert into COMMISSION(COMMISSION_ID,TRANSMISSION_ORDER_HEADER_ID,COMMISSION_TYPE,PERCENTAGE,COMMISSION_AMOUNT,NAME,INVOICE_LINE_ID) values (1,2,'AGYCOM',3.33,5,'ComissionType4',null);
insert into COMMISSION(COMMISSION_ID,TRANSMISSION_ORDER_HEADER_ID,COMMISSION_TYPE,PERCENTAGE,COMMISSION_AMOUNT,NAME,INVOICE_LINE_ID) values (2,3,'AGYVOL',3.33,5,'ComissionType5',null);
insert into COMMISSION(COMMISSION_ID,TRANSMISSION_ORDER_HEADER_ID,COMMISSION_TYPE,PERCENTAGE,COMMISSION_AMOUNT,NAME,INVOICE_LINE_ID) values (3,4,'AGYCOM',10,5,'ComissionType',null);
insert into COMMISSION(COMMISSION_ID,TRANSMISSION_ORDER_HEADER_ID,COMMISSION_TYPE,PERCENTAGE,COMMISSION_AMOUNT,NAME,INVOICE_LINE_ID) values (4,4,'AGYINC',10,5,'ComissionType2',null);
insert into COMMISSION(COMMISSION_ID,COMMISSION_TYPE,PERCENTAGE,COMMISSION_AMOUNT,NAME,TRANSMISSION_ORDER_HEADER_ID,MODIFIED_BY,INVOICE_LINE_ID) values (5,'AGYCOM',10,552,'Comisión: Agencia',486,'dgarcia',null);
insert into COMMISSION(COMMISSION_ID,COMMISSION_TYPE,PERCENTAGE,COMMISSION_AMOUNT,NAME,TRANSMISSION_ORDER_HEADER_ID,MODIFIED_BY,INVOICE_LINE_ID) values (6,'AGYCOM',10,907.2,'Comisión: Agencia',487,'dgarcia',null);
insert into COMMISSION(COMMISSION_ID,COMMISSION_TYPE,PERCENTAGE,COMMISSION_AMOUNT,NAME,TRANSMISSION_ORDER_HEADER_ID,MODIFIED_BY,INVOICE_LINE_ID) values (7,'AGYCOM',10,5,'Comisión: Agencia',488,'dgarcia',null);
insert into COMMISSION(COMMISSION_ID,COMMISSION_TYPE,PERCENTAGE,COMMISSION_AMOUNT,NAME,TRANSMISSION_ORDER_HEADER_ID,MODIFIED_BY,INVOICE_LINE_ID) values (8,'AGYCOM',10,5,'Comisión: Agencia',489,'dgarcia',null);
insert into COMMISSION(COMMISSION_ID,COMMISSION_TYPE,PERCENTAGE,COMMISSION_AMOUNT,NAME,TRANSMISSION_ORDER_HEADER_ID,MODIFIED_BY,INVOICE_LINE_ID) values (9,'AGYINC',10,5,'Incentivo de Agencia',489,'dgarcia',null);
insert into COMMISSION(COMMISSION_ID,COMMISSION_TYPE,PERCENTAGE,COMMISSION_AMOUNT,NAME,TRANSMISSION_ORDER_HEADER_ID,MODIFIED_BY,INVOICE_LINE_ID) values (10,'AGYCOM',10,200.83,'Comisión: Agencia',10776,null,null);
insert into COMMISSION(COMMISSION_ID,COMMISSION_TYPE,PERCENTAGE,COMMISSION_AMOUNT,NAME,TRANSMISSION_ORDER_HEADER_ID,MODIFIED_BY,INVOICE_LINE_ID) values (11,'AGYCOM',10,161.16,'Comisión: Agencia',10785,null,null);
insert into COMMISSION(COMMISSION_ID,COMMISSION_TYPE,PERCENTAGE,COMMISSION_AMOUNT,NAME,TRANSMISSION_ORDER_HEADER_ID,MODIFIED_BY,INVOICE_LINE_ID) values (12,'AGYCOM',10,122.66,'Comisión: Agencia',10891,null,null);
insert into COMMISSION(COMMISSION_ID,COMMISSION_TYPE,PERCENTAGE,COMMISSION_AMOUNT,NAME,TRANSMISSION_ORDER_HEADER_ID,MODIFIED_BY,INVOICE_LINE_ID) values (13,'AGYCOM',10,86.73,'Comisión: Agencia',10892,null,null);

insert into REPORT_NOTIFICATION(REPORT_NOTIFICATION_ID,COMPANY_ID,REPORT_NAME,REPORT_MAIL_FROM,REPORT_MAIL_TO,REPORT_MAIL_CC,REPORT_MAIL_SUBJECT,REPORT_MAIL_BODY,ACTIVE) values (199,1,'affidavits','from@gmail.com','to@gmail.com','cc@gmail.com','subhet 1','body 1', 1);
insert into REPORT_NOTIFICATION(REPORT_NOTIFICATION_ID,COMPANY_ID,REPORT_NAME,REPORT_MAIL_FROM,REPORT_MAIL_TO,REPORT_MAIL_CC,REPORT_MAIL_SUBJECT,REPORT_MAIL_BODY,ACTIVE) values (299,2,'affidavits','from2@gmail.com','to2@gmail.com','cc2@gmail.com','subhet 2','body 2', 1);

-- test Tax
insert into INVOICE (INVOICE_ID,INVOICE_TYPE_ID,INVOICE_DATE,DUE_DATE,INVOICE_SOURCE,SERVICE_RECEIVED_TYPE_ID,BILLING_SCENARIO_ID,CUSTOMER_ID,INVOICE_STATUS,TRANSACTION_CURRENCY_ID,BASE_CURRENCY_ID,EXCHANGE_RATE,TRANSACTION_NET_AMOUNT,BASE_NET_AMOUNT,TRANSACTION_VAT_AMOUNT,BASE_VAT_AMOUNT,TRANSACTION_GROSS_AMOUNT,BASE_GROSS_AMOUNT,DESCRIPTION,PREBILL,COMPANY_ID,ADVERTISER_CUSTOMER_ID,MODIFIED_BY,INVOICE_SUBTYPE_CODE,AGENCY_ID,BARTER,SINGLE_LINE_TRANSMISSION,PREBILL_INVOICE_ID) values (9902,1,to_date('22/10/2016','DD/MM/RRRR'),to_date('21/11/2016','DD/MM/RRRR'),'AUTO',2,9,2483,'POSTED',1,1,1.00,2400000.00,2400000.00,0.00,0.00,2400000.00,2400000.00,'Descripcion Caso Consumo - Billing Scenario 09 - ARG',2483,1,2169,'jsalgado','COMMISSION_FREE',2168,0,0,14);
insert into INVOICE_LINE (INVOICE_LINE_ID,INVOICE_ID,LINE_NUMBER,QUANTITY,ITEM_CODE,ITEM_DESCRIPTION,UNIT_PRICE,TRANSACTION_CURRENCY_ID,BASE_CURRENCY_ID,EXCHANGE_RATE,TRANSACTION_NET_AMOUNT,BASE_NET_AMOUNT,VAT_PERCENTAGE,TRANSACTION_VAT_AMOUNT,BASE_VAT_AMOUNT,TRANSACTION_GROSS_AMOUNT,BASE_GROSS_AMOUNT,EDITABLE,START_PERIOD,SCHEDULE_GROUP_TYPE,CHANNEL_CODE) values (19021,9902,1,1,'ITEM_CODE','ITEM_DESCRIPTION',1000000.00,1,1,1.00,1000000.00,1000000.00,0.00,0.00,0.00,1000000.00,1000000.00,'12',0,'INT','DHAR');

Insert into TAX (TAX_ID,COMPANY_ID,TAX_CODE,DESCRIPTION,INVOICE_TYPE_ID,PARAMETER_VALUE,CALCULATION_TYPE,CALCULATION_BASE,ACTIVE,MODIFIED_BY,ERP_WTHD_CREDIT_CODE,ERP_WTHD_DEBIT_CODE) values (20,3,'FTE','Retención en la Fuente 11% / Factura',1,11,'PERCENTAGE','NET_AMOUNT',1,'jsalgado','RC3','RD3');
Insert into TAX (TAX_ID,COMPANY_ID,TAX_CODE,DESCRIPTION,INVOICE_TYPE_ID,PARAMETER_VALUE,CALCULATION_TYPE,CALCULATION_BASE,ACTIVE,MODIFIED_BY,ERP_WTHD_CREDIT_CODE,ERP_WTHD_DEBIT_CODE) values (21,3,'FTE','Retención en la Fuente 11% / Notas Credito',4,11,'PERCENTAGE','NET_AMOUNT',1,'jsalgado','RC4','RD4');
Insert into TAX (TAX_ID,COMPANY_ID,TAX_CODE,DESCRIPTION,INVOICE_TYPE_ID,PARAMETER_VALUE,CALCULATION_TYPE,CALCULATION_BASE,ACTIVE,MODIFIED_BY,ERP_WTHD_CREDIT_CODE,ERP_WTHD_DEBIT_CODE) values (7,3,'CREE','Retención CREE 1.6% / Facturas',1,1.6,'PERCENTAGE','NET_AMOUNT',1,'jsalgado','RC','RD');
Insert into TAX (TAX_ID,COMPANY_ID,TAX_CODE,DESCRIPTION,INVOICE_TYPE_ID,PARAMETER_VALUE,CALCULATION_TYPE,CALCULATION_BASE,ACTIVE,MODIFIED_BY,ERP_WTHD_CREDIT_CODE,ERP_WTHD_DEBIT_CODE) values (14,3,'CREE','Retención CREE 1.6% / Notas Credito',4,1.6,'PERCENTAGE','NET_AMOUNT',1,'jsalgado','RC2','RD2');



-- Test Billing Scnenario 03
insert into INVOICE (INVOICE_ID, COMPANY_ID, INVOICE_NUMBER, INVOICE_TYPE_ID, ISSUE_DATE, INVOICE_DATE, DUE_DATE, INVOICE_SOURCE, SERVICE_RECEIVED_TYPE_ID, BILLING_SCENARIO_ID, CUSTOMER_ID, INVOICE_STATUS, TRANSACTION_CURRENCY_ID, BASE_CURRENCY_ID, EXCHANGE_RATE, TRANSACTION_NET_AMOUNT, BASE_NET_AMOUNT, TRANSACTION_VAT_AMOUNT, BASE_VAT_AMOUNT, TRANSACTION_GROSS_AMOUNT, BASE_GROSS_AMOUNT, DESCRIPTION, TERMS_OF_SALE, INSERTION_ORDER_REF, PURCHASE_ORDER_REF, INTERNAL_NOTE, ERP_INVOICE_NUMBER, PARENT_INVOICE_ID, RELATED_INVOICE_ID, ADVERTISER_CUSTOMER_ID, AGENCY_ID, SUBMITTED_BY,BARTER) values (5000,3,'0001-000000099',1,TO_DATE('2015-04-01 7:00:00','YYYY-MM-DD HH24:MI:SS'),TO_DATE('2015-04-01 7:00:00','YYYY-MM-DD HH24:MI:SS'),TO_DATE('2015-04-01 7:00:00','YYYY-MM-DD HH24:MI:SS'),'MANUAL',2,303,5000,'CREATED',2,9,2,150,300,31.5,63,181.5,363,'DESCRIPTION','TERMS_OF_SALE','INSERTION_ORDER_REF','PURCHASE_ORDER_REF','INTERNAL_NOTE','ERP_INVOICE_NUMBER',null,null,5000,null,'admin',0);
insert into INVOICE_LINE (INVOICE_LINE_ID,INVOICE_ID,LINE_NUMBER,QUANTITY,ITEM_CODE,ITEM_DESCRIPTION,UNIT_PRICE,TRANSACTION_CURRENCY_ID,BASE_CURRENCY_ID,EXCHANGE_RATE,TRANSACTION_NET_AMOUNT,BASE_NET_AMOUNT,VAT_PERCENTAGE,TRANSACTION_VAT_AMOUNT,BASE_VAT_AMOUNT,TRANSACTION_GROSS_AMOUNT,BASE_GROSS_AMOUNT,EDITABLE,SCHEDULE_GROUP_TYPE,CHANNEL_CODE) values (50001,5000,1,1,'ITEM_CODE','ITEM_DESCRIPTION',50,2,1,2,50,100,21,10.5,21,60.5,121,0,'LOC','DHAR');
insert into INVOICE_LINE (INVOICE_LINE_ID,INVOICE_ID,LINE_NUMBER,QUANTITY,ITEM_CODE,ITEM_DESCRIPTION,UNIT_PRICE,TRANSACTION_CURRENCY_ID,BASE_CURRENCY_ID,EXCHANGE_RATE,TRANSACTION_NET_AMOUNT,BASE_NET_AMOUNT,VAT_PERCENTAGE,TRANSACTION_VAT_AMOUNT,BASE_VAT_AMOUNT,TRANSACTION_GROSS_AMOUNT,BASE_GROSS_AMOUNT,EDITABLE,SCHEDULE_GROUP_TYPE,CHANNEL_CODE) values (50002,5000,2,1,'ITEM_CODE','ITEM_DESCRIPTION',50,2,1,2,50,100,21,10.5,21,60.5,121,0,'REG','DHAR');
insert into INVOICE_LINE (INVOICE_LINE_ID,INVOICE_ID,LINE_NUMBER,QUANTITY,ITEM_CODE,ITEM_DESCRIPTION,UNIT_PRICE,TRANSACTION_CURRENCY_ID,BASE_CURRENCY_ID,EXCHANGE_RATE,TRANSACTION_NET_AMOUNT,BASE_NET_AMOUNT,VAT_PERCENTAGE,TRANSACTION_VAT_AMOUNT,BASE_VAT_AMOUNT,TRANSACTION_GROSS_AMOUNT,BASE_GROSS_AMOUNT,EDITABLE,SCHEDULE_GROUP_TYPE,CHANNEL_CODE) values (50003,5000,3,1,'ITEM_CODE','ITEM_DESCRIPTION',50,2,1,2,50,100,21,10.5,21,60.5,121,0,'INT','DHAR');

insert into INVOICE_LINE_TAX (INVOICE_LINE_TAX_ID,INVOICE_LINE_ID,TAX_ID,TAX_AMOUNT,BASE_TAX_AMOUNT) values (99101,50001,20,15,30);
insert into INVOICE_LINE_TAX (INVOICE_LINE_TAX_ID,INVOICE_LINE_ID,TAX_ID,TAX_AMOUNT,BASE_TAX_AMOUNT) values (99102,50001,7,15,30);
insert into INVOICE_LINE_TAX (INVOICE_LINE_TAX_ID,INVOICE_LINE_ID,TAX_ID,TAX_AMOUNT,BASE_TAX_AMOUNT) values (99201,50002,20,15,30);
insert into INVOICE_LINE_TAX (INVOICE_LINE_TAX_ID,INVOICE_LINE_ID,TAX_ID,TAX_AMOUNT,BASE_TAX_AMOUNT) values (99202,50002,7,15,30);
insert into INVOICE_LINE_TAX (INVOICE_LINE_TAX_ID,INVOICE_LINE_ID,TAX_ID,TAX_AMOUNT,BASE_TAX_AMOUNT) values (99301,50003,20,15,30);
insert into INVOICE_LINE_TAX (INVOICE_LINE_TAX_ID,INVOICE_LINE_ID,TAX_ID,TAX_AMOUNT,BASE_TAX_AMOUNT) values (99302,50003,7,15,30);


insert into JOURNAL (JOURNAL_ID,JOURNAL_JOURNAL_ID,JOURNAL_DATE,SERVICE_RECEIVED_TYPE_ID,TRANSACTION_CURRENCY_ID,TOTAL_TRANS_DEBIT_AMOUNT,TOTAL_TRANS_CREDIT_AMOUNT,BASE_CURRENCY_ID,TOTAL_BASE_DEBIT_AMOUNT,TOTAL_BASE_CREDIT_AMOUNT,DESCRIPTION,COMPANY_ID,INVOICE_ID,MODIFIED_BY) values (50001,null,TO_DATE('17/07/2015 18:18:11','DD/MM/YYYY HH24:MI:SS'),'2','2','8512.99','8512.99','9','8512.99','8512.99',null,'3','5000',null);



Insert into INVOICE (INVOICE_ID,INVOICE_NUMBER,INVOICE_TYPE_ID,ISSUE_DATE,INVOICE_DATE,DUE_DATE,INVOICE_SOURCE,SERVICE_RECEIVED_TYPE_ID,BILLING_SCENARIO_ID,CUSTOMER_ID,INVOICE_STATUS,TRANSACTION_CURRENCY_ID,BASE_CURRENCY_ID,EXCHANGE_RATE,TRANSACTION_NET_AMOUNT,BASE_NET_AMOUNT,TRANSACTION_VAT_AMOUNT,BASE_VAT_AMOUNT,TRANSACTION_GROSS_AMOUNT,BASE_GROSS_AMOUNT,DESCRIPTION,TERMS_OF_SALE,INSERTION_ORDER_REF,PURCHASE_ORDER_REF,INTERNAL_NOTE,ERP_INVOICE_NUMBER,PARENT_INVOICE_ID,SALES_CHANNEL_CALL_SIGN,PREBILL,COMPANY_ID,ADVERTISER_CUSTOMER_ID,MODIFIED_BY,SUBMITTED_BY,INVOICE_SUBTYPE_CODE,AGENCY_ID,CAE,BARTER,SINGLE_LINE_TRANSMISSION,ADDITIONAL_COMMENTS,PREBILL_INVOICE_ID,RELATED_INVOICE_ID,PREBILL_STATUS,PAYMENT_METHOD_ID,PAYMENT_TERM_ID,CUST_BANK_ACCNT_NBR_LAST_DIGS,SALES_PERSON) values (5757,null,4,null,to_date('09-JAN-17','DD-MON-RR'),to_date('09-JAN-17','DD-MON-RR'),'MANUAL',1,310,5000,'APPROVED',9,9,1,364,364,4.37,4.37,368.37,368.37,'AS',null,null,null,'A',null,null,null,0,3,5000,'jsalgado',null,null,null,null,0,0,'ADDITIONAL COMMENTS 1 ',null,null,null,303,31,'0987','SalesPerson1');

Insert into INVOICE_LINE (INVOICE_LINE_ID,LINE_NUMBER,QUANTITY,ITEM_CODE,ITEM_DESCRIPTION,UNIT_PRICE,TRANSACTION_CURRENCY_ID,BASE_CURRENCY_ID,EXCHANGE_RATE,TRANSACTION_NET_AMOUNT,BASE_NET_AMOUNT,VAT_PERCENTAGE,TRANSACTION_VAT_AMOUNT,BASE_VAT_AMOUNT,TRANSACTION_GROSS_AMOUNT,BASE_GROSS_AMOUNT,EDITABLE,INVOICE_ID,MODIFIED_BY,SCHEDULE_GROUP_TYPE,CHANNEL_CODE,SERVICE_RECEIVED_TYPE_ID,PRODUCT,START_PERIOD,END_PERIOD) values (6320,1,1,'ItemCode','D1',341,9,9,1,341,341,0,0,0,341,341,1,5757,'jsalgado','INT','APAR',1,null,null,null);
Insert into INVOICE_LINE (INVOICE_LINE_ID,LINE_NUMBER,QUANTITY,ITEM_CODE,ITEM_DESCRIPTION,UNIT_PRICE,TRANSACTION_CURRENCY_ID,BASE_CURRENCY_ID,EXCHANGE_RATE,TRANSACTION_NET_AMOUNT,BASE_NET_AMOUNT,VAT_PERCENTAGE,TRANSACTION_VAT_AMOUNT,BASE_VAT_AMOUNT,TRANSACTION_GROSS_AMOUNT,BASE_GROSS_AMOUNT,EDITABLE,INVOICE_ID,MODIFIED_BY,SCHEDULE_GROUP_TYPE,CHANNEL_CODE,SERVICE_RECEIVED_TYPE_ID,PRODUCT,START_PERIOD,END_PERIOD) values (6321,2,1,'ItemCode','D2',23,9,9,1,23,23,19,4.37,4.37,27.37,27.37,1,5757,'jsalgado','REG','APBR',1,null,null,null);

Insert into INVOICE_LINE_TAX (INVOICE_LINE_TAX_ID,INVOICE_LINE_ID,TAX_ID,TAX_AMOUNT,BASE_TAX_AMOUNT,MODIFIED_BY) values (305,6321,14,0.368,0.368,'jsalgado');
Insert into INVOICE_LINE_TAX (INVOICE_LINE_TAX_ID,INVOICE_LINE_ID,TAX_ID,TAX_AMOUNT,BASE_TAX_AMOUNT,MODIFIED_BY) values (306,6321,21,2.53,2.53,'jsalgado');
Insert into INVOICE_LINE_TAX (INVOICE_LINE_TAX_ID,INVOICE_LINE_ID,TAX_ID,TAX_AMOUNT,BASE_TAX_AMOUNT,MODIFIED_BY) values (307,6320,21,37.51,37.51,'jsalgado');
Insert into INVOICE_LINE_TAX (INVOICE_LINE_TAX_ID,INVOICE_LINE_ID,TAX_ID,TAX_AMOUNT,BASE_TAX_AMOUNT,MODIFIED_BY) values (308,6320,14,5.456,5.456,'jsalgado');

Insert into JOURNAL (JOURNAL_ID,JOURNAL_JOURNAL_ID,JOURNAL_DATE,SERVICE_RECEIVED_TYPE_ID,TRANSACTION_CURRENCY_ID,TOTAL_TRANS_DEBIT_AMOUNT,TOTAL_TRANS_CREDIT_AMOUNT,BASE_CURRENCY_ID,TOTAL_BASE_DEBIT_AMOUNT,TOTAL_BASE_CREDIT_AMOUNT,DESCRIPTION,COMPANY_ID,INVOICE_ID,MODIFIED_BY) values (6345,null,TO_DATE('2017-01-17 12:00:00','YYYY-MM-DD HH24:MI:SS'),1,9,414.23,414.23,9,414.23,414.23,'AS',3,5757,'jsalgado');

Insert into JOURNAL_LINE (JOURNAL_LINE_ID,JOURNAL_ID,LINE_NUMBER,ENTRY_TYPE,ACCOUNT_ID,PROFIT_CENTER_ID,GEOGRAPHY_ID,PLATFORM_ID,TRANSACTION_CURRENCY_ID,TRANSACTION_AMOUNT,EXCHANGE_RATE,BASE_CURRENCY_ID,BASE_AMOUNT,DESCRIPTION,MODIFIED_BY,COST_CENTER_ID,INVOICE_LINE_ID,JOURNAL_ENTRY_LINE_TYPE,LINE_SUBTYPE) values (19248,6345,1,'DEBIT',305,309,3,31,9,23,1,9,23,'Regional Ad. Revenue','jsalgado',null,6321,'REVENUE','REG');
Insert into JOURNAL_LINE (JOURNAL_LINE_ID,JOURNAL_ID,LINE_NUMBER,ENTRY_TYPE,ACCOUNT_ID,PROFIT_CENTER_ID,GEOGRAPHY_ID,PLATFORM_ID,TRANSACTION_CURRENCY_ID,TRANSACTION_AMOUNT,EXCHANGE_RATE,BASE_CURRENCY_ID,BASE_AMOUNT,DESCRIPTION,MODIFIED_BY,COST_CENTER_ID,INVOICE_LINE_ID,JOURNAL_ENTRY_LINE_TYPE,LINE_SUBTYPE) values (19249,6345,2,'DEBIT',303,301,3,31,9,4.37,1,9,4.37,'VAT Output','jsalgado',null,6321,'VAT',null);
Insert into JOURNAL_LINE (JOURNAL_LINE_ID,JOURNAL_ID,LINE_NUMBER,ENTRY_TYPE,ACCOUNT_ID,PROFIT_CENTER_ID,GEOGRAPHY_ID,PLATFORM_ID,TRANSACTION_CURRENCY_ID,TRANSACTION_AMOUNT,EXCHANGE_RATE,BASE_CURRENCY_ID,BASE_AMOUNT,DESCRIPTION,MODIFIED_BY,COST_CENTER_ID,INVOICE_LINE_ID,JOURNAL_ENTRY_LINE_TYPE,LINE_SUBTYPE) values (19250,6345,3,'CREDIT',304,301,3,31,9,27.37,1,9,27.37,'AR Trade','jsalgado',null,6321,'AR',null);
Insert into JOURNAL_LINE (JOURNAL_LINE_ID,JOURNAL_ID,LINE_NUMBER,ENTRY_TYPE,ACCOUNT_ID,PROFIT_CENTER_ID,GEOGRAPHY_ID,PLATFORM_ID,TRANSACTION_CURRENCY_ID,TRANSACTION_AMOUNT,EXCHANGE_RATE,BASE_CURRENCY_ID,BASE_AMOUNT,DESCRIPTION,MODIFIED_BY,COST_CENTER_ID,INVOICE_LINE_ID,JOURNAL_ENTRY_LINE_TYPE,LINE_SUBTYPE) values (19252,6345,6,'CREDIT',304,301,3,31,9,341,1,9,341,'AR Trade','jsalgado',null,6320,'AR',null);
Insert into JOURNAL_LINE (JOURNAL_LINE_ID,JOURNAL_ID,LINE_NUMBER,ENTRY_TYPE,ACCOUNT_ID,PROFIT_CENTER_ID,GEOGRAPHY_ID,PLATFORM_ID,TRANSACTION_CURRENCY_ID,TRANSACTION_AMOUNT,EXCHANGE_RATE,BASE_CURRENCY_ID,BASE_AMOUNT,DESCRIPTION,MODIFIED_BY,COST_CENTER_ID,INVOICE_LINE_ID,JOURNAL_ENTRY_LINE_TYPE,LINE_SUBTYPE) values (19253,6345,7,'CREDIT',318,301,3,31,9,5.46,1,9,5.46,'Autoretención CREE Crédito','jsalgado',null,6320,'WITHHOLDING_CREDIT','CREE');
Insert into JOURNAL_LINE (JOURNAL_LINE_ID,JOURNAL_ID,LINE_NUMBER,ENTRY_TYPE,ACCOUNT_ID,PROFIT_CENTER_ID,GEOGRAPHY_ID,PLATFORM_ID,TRANSACTION_CURRENCY_ID,TRANSACTION_AMOUNT,EXCHANGE_RATE,BASE_CURRENCY_ID,BASE_AMOUNT,DESCRIPTION,MODIFIED_BY,COST_CENTER_ID,INVOICE_LINE_ID,JOURNAL_ENTRY_LINE_TYPE,LINE_SUBTYPE) values (19254,6345,8,'DEBIT',317,301,3,31,9,37.51,1,9,37.51,'Autoretención FTE Débito','jsalgado',null,6320,'WITHHOLDING_DEBIT','FTE');
Insert into JOURNAL_LINE (JOURNAL_LINE_ID,JOURNAL_ID,LINE_NUMBER,ENTRY_TYPE,ACCOUNT_ID,PROFIT_CENTER_ID,GEOGRAPHY_ID,PLATFORM_ID,TRANSACTION_CURRENCY_ID,TRANSACTION_AMOUNT,EXCHANGE_RATE,BASE_CURRENCY_ID,BASE_AMOUNT,DESCRIPTION,MODIFIED_BY,COST_CENTER_ID,INVOICE_LINE_ID,JOURNAL_ENTRY_LINE_TYPE,LINE_SUBTYPE) values (19255,6345,9,'CREDIT',318,301,3,31,9,37.51,1,9,37.51,'Autoretención FTE Crédito','jsalgado',null,6320,'WITHHOLDING_CREDIT','FTE');
Insert into JOURNAL_LINE (JOURNAL_LINE_ID,JOURNAL_ID,LINE_NUMBER,ENTRY_TYPE,ACCOUNT_ID,PROFIT_CENTER_ID,GEOGRAPHY_ID,PLATFORM_ID,TRANSACTION_CURRENCY_ID,TRANSACTION_AMOUNT,EXCHANGE_RATE,BASE_CURRENCY_ID,BASE_AMOUNT,DESCRIPTION,MODIFIED_BY,COST_CENTER_ID,INVOICE_LINE_ID,JOURNAL_ENTRY_LINE_TYPE,LINE_SUBTYPE) values (19256,6345,10,'DEBIT',317,301,3,31,9,0.37,1,9,0.37,'Autoretención CREE Débito','jsalgado',null,6321,'WITHHOLDING_DEBIT','CREE');
Insert into JOURNAL_LINE (JOURNAL_LINE_ID,JOURNAL_ID,LINE_NUMBER,ENTRY_TYPE,ACCOUNT_ID,PROFIT_CENTER_ID,GEOGRAPHY_ID,PLATFORM_ID,TRANSACTION_CURRENCY_ID,TRANSACTION_AMOUNT,EXCHANGE_RATE,BASE_CURRENCY_ID,BASE_AMOUNT,DESCRIPTION,MODIFIED_BY,COST_CENTER_ID,INVOICE_LINE_ID,JOURNAL_ENTRY_LINE_TYPE,LINE_SUBTYPE) values (19257,6345,11,'CREDIT',318,301,3,31,9,0.37,1,9,0.37,'Autoretención CREE Crédito','jsalgado',null,6321,'WITHHOLDING_CREDIT','CREE');
Insert into JOURNAL_LINE (JOURNAL_LINE_ID,JOURNAL_ID,LINE_NUMBER,ENTRY_TYPE,ACCOUNT_ID,PROFIT_CENTER_ID,GEOGRAPHY_ID,PLATFORM_ID,TRANSACTION_CURRENCY_ID,TRANSACTION_AMOUNT,EXCHANGE_RATE,BASE_CURRENCY_ID,BASE_AMOUNT,DESCRIPTION,MODIFIED_BY,COST_CENTER_ID,INVOICE_LINE_ID,JOURNAL_ENTRY_LINE_TYPE,LINE_SUBTYPE) values (19258,6345,12,'DEBIT',317,301,3,31,9,2.53,1,9,2.53,'Autoretención FTE Débito','jsalgado',null,6321,'WITHHOLDING_DEBIT','FTE');
Insert into JOURNAL_LINE (JOURNAL_LINE_ID,JOURNAL_ID,LINE_NUMBER,ENTRY_TYPE,ACCOUNT_ID,PROFIT_CENTER_ID,GEOGRAPHY_ID,PLATFORM_ID,TRANSACTION_CURRENCY_ID,TRANSACTION_AMOUNT,EXCHANGE_RATE,BASE_CURRENCY_ID,BASE_AMOUNT,DESCRIPTION,MODIFIED_BY,COST_CENTER_ID,INVOICE_LINE_ID,JOURNAL_ENTRY_LINE_TYPE,LINE_SUBTYPE) values (19259,6345,13,'CREDIT',318,301,3,31,9,2.53,1,9,2.53,'Autoretención FTE Crédito','jsalgado',null,6321,'WITHHOLDING_CREDIT','FTE');
Insert into JOURNAL_LINE (JOURNAL_LINE_ID,JOURNAL_ID,LINE_NUMBER,ENTRY_TYPE,ACCOUNT_ID,PROFIT_CENTER_ID,GEOGRAPHY_ID,PLATFORM_ID,TRANSACTION_CURRENCY_ID,TRANSACTION_AMOUNT,EXCHANGE_RATE,BASE_CURRENCY_ID,BASE_AMOUNT,DESCRIPTION,MODIFIED_BY,COST_CENTER_ID,INVOICE_LINE_ID,JOURNAL_ENTRY_LINE_TYPE,LINE_SUBTYPE) values (19251,6345,4,'DEBIT',305,302,3,31,9,341,1,9,341,'Intl. Advertising Revenue','jsalgado',null,6320,'REVENUE','INT');


-- insert into EXCLUDING_CUSTOMER_TAX(TAX_ID,CUSTOMER_ID) VALUES (7,5000);
-- insert into EXCLUDING_CUSTOMER_TAX(TAX_ID,CUSTOMER_ID) VALUES (14,5000);
-- insert into EXCLUDING_CUSTOMER_TAX(TAX_ID,CUSTOMER_ID) VALUES (20,5000);
-- insert into EXCLUDING_CUSTOMER_TAX(TAX_ID,CUSTOMER_ID) VALUES (21,5000);


-- insert into INVOICE (INVOICE_ID, COMPANY_ID, INVOICE_NUMBER, INVOICE_TYPE_ID, ISSUE_DATE, INVOICE_DATE, DUE_DATE, INVOICE_SOURCE, SERVICE_RECEIVED_TYPE_ID, BILLING_SCENARIO_ID, CUSTOMER_ID, INVOICE_STATUS, TRANSACTION_CURRENCY_ID, BASE_CURRENCY_ID, EXCHANGE_RATE, TRANSACTION_NET_AMOUNT, BASE_NET_AMOUNT, TRANSACTION_VAT_AMOUNT, BASE_VAT_AMOUNT, TRANSACTION_GROSS_AMOUNT, BASE_GROSS_AMOUNT, DESCRIPTION, TERMS_OF_SALE, INSERTION_ORDER_REF, PURCHASE_ORDER_REF, INTERNAL_NOTE, ERP_INVOICE_NUMBER, PARENT_INVOICE_ID, RELATED_INVOICE_ID, ADVERTISER_CUSTOMER_ID, AGENCY_ID, SUBMITTED_BY,BARTER) values (5000,2,null,7,TO_DATE('2015-04-01 7:00:00','YYYY-MM-DD HH24:MI:SS'),TO_DATE('2015-04-01 7:00:00','YYYY-MM-DD HH24:MI:SS'),TO_DATE('2015-04-01 7:00:00','YYYY-MM-DD HH24:MI:SS'),'MANUAL',2,1,4,'POSTED',1,2,9,50,21,10.5,10.5,60.5,60.5,'NOTA DEBITO ON AIR','TERMS_OF_SALE','INSERTION_ORDER_REF','PURCHASE_ORDER_REF','INTERNAL_NOTE','ERP_INVOICE_NUMBER',null,null,4,null,'admin',0);
-- insert into INVOICE_LINE (INVOICE_LINE_ID,INVOICE_ID,LINE_NUMBER,QUANTITY,ITEM_CODE,ITEM_DESCRIPTION,UNIT_PRICE,TRANSACTION_CURRENCY_ID,BASE_CURRENCY_ID,EXCHANGE_RATE,TRANSACTION_NET_AMOUNT,BASE_NET_AMOUNT,VAT_PERCENTAGE,TRANSACTION_VAT_AMOUNT,BASE_VAT_AMOUNT,TRANSACTION_GROSS_AMOUNT,BASE_GROSS_AMOUNT,EDITABLE,SCHEDULE_GROUP_TYPE,CHANNEL_CODE,SERVICE_RECEIVED_TYPE_ID) values 50001,26,1,1,'ITEM_CODE','ITEM_DESCRIPTION',1000000,1,1,1,1000000,1000000,10.50,105000,105000,1105000,1105000,0,'INT','DHAR',1);
-- insert into INVOICE_LINE (INVOICE_LINE_ID,INVOICE_ID,LINE_NUMBER,QUANTITY,ITEM_CODE,ITEM_DESCRIPTION,UNIT_PRICE,TRANSACTION_CURRENCY_ID,BASE_CURRENCY_ID,EXCHANGE_RATE,TRANSACTION_NET_AMOUNT,BASE_NET_AMOUNT,VAT_PERCENTAGE,TRANSACTION_VAT_AMOUNT,BASE_VAT_AMOUNT,TRANSACTION_GROSS_AMOUNT,BASE_GROSS_AMOUNT,EDITABLE,SCHEDULE_GROUP_TYPE,CHANNEL_CODE,SERVICE_RECEIVED_TYPE_ID) values (50002,26,1,1,'ITEM_CODE','ITEM_DESCRIPTION',1000000,1,1,1,1000000,1000000,10.50,105000,105000,1105000,1105000,0,'INT','DHAR',2);

